application_id,annual_income,monthly_debt,fico_score,requested_amount,property_value,employment_length,loan_purpose,home_type,marital_status,num_dependents,education_level,loan_term_years,down_payment_pct,existing_mortgages,loan_approved
HL00001,127998.53,1432.6,639,126584.14,156857.67,24,Purchase,Condo,Married,5,Bachelor,30,0.193,0,1
HL00002,286446.43,4013.2,724,155778.41,186115.18,3,Refinance,Single Family,Single,2,High School,20,0.163,1,1
HL00003,226298.33,4986.19,601,479928.99,542906.1,31,Purchase,Single Family,Single,5,High School,30,0.116,1,1
HL00004,189631.08,150.13,569,395115.14,418554.17,16,Refinance,Single Family,Single,5,High School,30,0.056,3,1
HL00005,67905.13,4486.83,546,800000.0,1116237.37,0,Purchase,Townhouse,Married,0,PhD,30,0.202,0,0
HL00006,67898.49,3113.15,550,442925.44,497669.03,32,Purchase,Single Family,Married,2,Bachelor,30,0.11,2,0
HL00007,40972.99,4866.91,608,749493.04,927590.39,29,Purchase,Single Family,Married,5,High School,30,0.192,3,0
HL00008,263198.44,2325.05,650,575499.9,671528.47,4,Purchase,Multi Family,Single,3,High School,30,0.143,3,1
HL00009,190306.63,4236.94,602,699746.78,867096.38,11,Purchase,Single Family,Single,1,Bachelor,30,0.193,2,0
HL00010,219719.96,311.97,629,283075.47,367630.48,37,Purchase,Condo,Divorced,5,Bachelor,30,0.23,1,1
HL00011,30660.74,1676.4,621,800000.0,1134643.09,31,Refinance,Townhouse,Divorced,0,High School,30,0.233,2,0
HL00012,291725.21,335.08,696,571989.83,671349.56,37,Purchase,Single Family,Married,3,High School,30,0.148,3,1
HL00013,253921.73,4876.72,667,800000.0,1010239.58,16,Purchase,Multi Family,Single,0,Bachelor,30,0.143,1,1
HL00014,83393.26,4084.87,586,442936.89,485676.41,39,Purchase,Condo,Divorced,4,Bachelor,30,0.088,3,0
HL00015,75001.87,4262.74,652,143431.66,187737.77,31,Refinance,Single Family,Single,5,High School,30,0.236,0,0
HL00016,75436.24,4689.83,550,723812.35,832925.6,23,Purchase,Single Family,Married,1,High School,30,0.131,1,0
HL00017,108666.62,425.52,670,78873.28,83729.6,11,Purchase,Single Family,Single,1,Bachelor,30,0.058,3,1
HL00018,169308.02,1927.99,645,533491.52,609704.6,30,Purchase,Townhouse,Married,3,High School,30,0.125,3,1
HL00019,143784.88,355.17,613,274971.82,291902.14,18,Refinance,Single Family,Married,3,High School,30,0.058,0,0
HL00020,105088.01,1053.97,727,670705.0,780797.44,28,Refinance,Condo,Divorced,3,Bachelor,30,0.141,2,1
HL00021,193259.55,1146.83,593,800000.0,1176847.36,20,Purchase,Single Family,Married,1,Bachelor,30,0.153,1,1
HL00022,63360.81,2345.54,563,535318.13,597453.27,25,Purchase,Condo,Divorced,5,Bachelor,15,0.104,3,0
HL00023,105339.78,1342.81,541,800000.0,994685.54,27,Purchase,Single Family,Married,4,Bachelor,30,0.046,3,0
HL00024,125749.51,504.89,660,492447.99,646257.21,16,Purchase,Single Family,Married,1,Bachelor,15,0.238,3,1
HL00025,150419.25,837.46,709,506256.02,632820.03,8,Purchase,Single Family,Single,3,High School,30,0.2,3,1
HL00026,240923.39,736.38,753,800000.0,1121726.43,20,Purchase,Townhouse,Single,2,High School,30,0.215,2,1
HL00027,79910.29,4865.38,651,800000.0,1076211.6,33,Purchase,Single Family,Married,5,High School,15,0.111,2,0
HL00028,166414.47,3796.46,623,770097.49,959025.52,10,Purchase,Condo,Divorced,4,Master,30,0.197,2,1
HL00029,187914.01,4838.81,625,352352.3,408287.72,19,Purchase,Single Family,Single,1,Bachelor,15,0.137,1,0
HL00030,37773.86,2198.7,485,637212.52,688134.47,38,Purchase,Condo,Single,2,High School,30,0.074,2,0
HL00031,192074.83,1391.84,747,308251.98,326884.39,15,Purchase,Condo,Single,5,High School,20,0.057,1,1
HL00032,71894.13,3991.47,609,513519.22,574406.29,28,Purchase,Single Family,Divorced,4,Bachelor,20,0.106,2,0
HL00033,42889.19,1631.27,546,582555.32,619739.7,0,Refinance,Condo,Single,1,High School,30,0.06,3,0
HL00034,285943.52,1496.92,759,757946.29,1010595.05,17,Refinance,Single Family,Single,5,Bachelor,15,0.25,0,1
HL00035,290548.81,1162.53,646,800000.0,1083031.91,21,Purchase,Townhouse,Single,5,Master,30,0.041,1,1
HL00036,247309.27,648.39,693,472683.73,541447.57,7,Purchase,Single Family,Single,3,High School,15,0.127,0,1
HL00037,108768.79,1282.32,595,82673.14,94917.5,6,Purchase,Single Family,Married,1,High School,30,0.129,0,0
HL00038,51859.83,1776.6,607,800000.0,1044495.57,24,Purchase,Condo,Divorced,5,High School,30,0.096,3,0
HL00039,213164.08,3369.97,653,228777.6,271063.51,29,Home Improvement,Condo,Single,4,High School,30,0.156,3,1
HL00040,146041.94,312.82,550,725816.33,774617.21,33,Purchase,Single Family,Single,3,Bachelor,30,0.063,1,1
HL00041,58560.51,1052.53,583,82267.62,103092.26,40,Refinance,Multi Family,Divorced,5,High School,30,0.202,1,0
HL00042,161173.65,4045.12,683,470426.97,524444.78,10,Purchase,Single Family,Divorced,0,Bachelor,30,0.103,1,1
HL00043,34456.84,734.61,565,800000.0,1184205.34,14,Refinance,Multi Family,Single,2,Bachelor,20,0.16,2,0
HL00044,275063.11,1713.23,726,153071.88,188280.3,34,Refinance,Single Family,Single,5,Master,30,0.187,2,1
HL00045,96164.49,4323.29,545,426980.82,551654.8,22,Refinance,Single Family,Divorced,3,Bachelor,30,0.226,0,0
HL00046,207193.63,774.63,652,330547.34,420543.69,20,Purchase,Single Family,Married,3,High School,30,0.214,1,1
HL00047,110720.55,413.68,574,800000.0,1093224.14,27,Refinance,Multi Family,Divorced,4,High School,15,0.164,0,0
HL00048,168018.71,2422.69,671,800000.0,1053007.62,12,Purchase,Single Family,Single,5,Bachelor,30,0.115,2,1
HL00049,175345.33,1512.1,639,294131.14,342411.11,33,Home Improvement,Multi Family,Married,5,High School,30,0.141,0,1
HL00050,75834.98,2817.04,622,133235.34,166336.26,37,Refinance,Condo,Married,4,High School,30,0.199,0,1
HL00051,291635.77,4019.02,750,606472.35,780530.69,5,Purchase,Single Family,Divorced,2,PhD,30,0.223,1,1
HL00052,238161.53,685.74,703,429383.82,453414.8,3,Home Improvement,Single Family,Divorced,4,High School,20,0.053,1,1
HL00053,283362.21,2903.5,705,735519.02,831094.94,4,Refinance,Single Family,Single,3,High School,30,0.115,0,1
HL00054,271077.52,2527.54,635,88796.65,111134.73,39,Refinance,Single Family,Married,2,Master,15,0.201,2,1
HL00055,189422.49,720.39,644,196939.87,225074.14,5,Purchase,Single Family,Single,2,High School,20,0.125,0,1
HL00056,278515.41,3119.99,662,759910.38,847168.76,20,Home Improvement,Townhouse,Married,1,High School,30,0.103,2,1
HL00057,49335.44,1368.2,557,276246.95,313916.99,27,Refinance,Single Family,Married,3,High School,15,0.12,0,0
HL00058,78895.29,2439.17,570,800000.0,1039786.14,2,Refinance,Townhouse,Divorced,3,Bachelor,30,0.163,0,0
HL00059,37437.5,411.36,519,105686.06,140914.75,22,Home Improvement,Single Family,Single,4,PhD,30,0.25,1,0
HL00060,114465.84,2297.92,509,273613.65,317417.23,7,Purchase,Single Family,Single,3,Bachelor,30,0.138,0,0
HL00061,131886.25,1532.32,582,800000.0,1198380.28,18,Purchase,Single Family,Single,5,High School,30,0.076,2,1
HL00062,99620.98,4111.91,609,525104.72,562210.62,10,Purchase,Condo,Single,4,High School,30,0.066,0,0
HL00063,252902.82,284.89,609,800000.0,865836.37,9,Purchase,Single Family,Single,3,Bachelor,30,0.039,0,1
HL00064,123107.16,2093.04,612,237580.05,280495.93,27,Refinance,Multi Family,Divorced,5,Bachelor,15,0.153,2,1
HL00065,102256.99,2292.16,696,646936.98,761102.33,19,Purchase,Single Family,Married,1,Bachelor,30,0.15,0,1
HL00066,174241.42,3625.03,688,800000.0,891869.33,27,Purchase,Multi Family,Married,3,Bachelor,30,0.075,0,1
HL00067,63754.16,2871.44,664,350318.34,428786.22,28,Purchase,Townhouse,Divorced,1,PhD,30,0.183,0,1
HL00068,245604.17,3336.06,692,800000.0,1007509.25,7,Purchase,Condo,Divorced,3,High School,15,0.193,0,1
HL00069,45501.43,3885.25,631,688260.28,753844.78,18,Purchase,Single Family,Married,3,High School,30,0.087,2,0
HL00070,296393.91,4311.01,661,458410.47,512763.39,20,Purchase,Single Family,Single,0,Master,15,0.106,3,1
HL00071,237367.31,1569.38,636,528165.46,702347.69,17,Purchase,Condo,Single,5,High School,30,0.248,2,1
HL00072,79646.81,2690.11,452,642784.08,723855.95,8,Refinance,Single Family,Married,3,High School,30,0.112,2,0
HL00073,26518.58,4200.54,622,209765.44,261227.2,3,Refinance,Condo,Married,1,Bachelor,30,0.197,3,0
HL00074,249251.89,4947.26,751,459424.31,528073.92,40,Purchase,Condo,Married,2,High School,30,0.13,2,1
HL00075,219385.77,4447.6,632,366780.73,461359.41,24,Purchase,Single Family,Married,1,High School,15,0.205,0,1
HL00076,225476.97,1857.34,650,421338.46,526015.56,33,Purchase,Single Family,Divorced,5,Master,30,0.199,2,1
HL00077,237099.35,975.83,630,766418.26,931249.41,8,Purchase,Single Family,Married,3,High School,30,0.177,0,1
HL00078,45362.28,2446.96,591,483163.17,617855.71,8,Home Improvement,Single Family,Divorced,4,Bachelor,15,0.218,1,0
HL00079,123578.08,3708.21,668,800000.0,1132855.67,17,Purchase,Townhouse,Divorced,0,High School,30,0.237,0,1
HL00080,56863.99,2462.85,491,341334.99,405385.97,10,Purchase,Condo,Single,4,Master,30,0.158,0,0
HL00081,262353.44,2415.9,701,498167.87,542666.53,12,Purchase,Single Family,Single,0,High School,30,0.082,2,1
HL00082,196406.98,4191.15,634,800000.0,960326.41,37,Home Improvement,Townhouse,Married,0,Bachelor,30,0.118,2,1
HL00083,115996.96,1807.02,613,553489.97,689277.67,8,Purchase,Single Family,Married,4,High School,20,0.197,2,1
HL00084,42478.55,4298.97,594,570966.31,690406.66,15,Purchase,Single Family,Married,5,Bachelor,20,0.173,1,0
HL00085,110520.14,2034.02,595,125692.15,135007.68,3,Purchase,Single Family,Single,3,Bachelor,30,0.069,3,0
HL00086,114425.41,1641.17,602,501964.21,523424.62,33,Purchase,Multi Family,Divorced,1,High School,20,0.041,0,1
HL00087,225641.7,2269.95,652,311251.87,379575.45,6,Refinance,Multi Family,Single,4,High School,30,0.18,3,1
HL00088,200328.3,3812.23,698,800000.0,1199252.01,14,Purchase,Single Family,Divorced,2,Bachelor,20,0.085,3,1
HL00089,268983.5,630.01,705,362833.53,421899.45,37,Refinance,Single Family,Married,0,High School,30,0.14,1,1
HL00090,154859.1,982.1,638,800000.0,1070058.6,10,Purchase,Single Family,Single,1,PhD,15,0.194,0,1
HL00091,57888.42,4757.22,515,707055.46,835762.95,31,Purchase,Condo,Single,2,High School,30,0.154,0,0
HL00092,221142.32,877.46,641,436521.47,458530.96,26,Purchase,Single Family,Single,1,Bachelor,15,0.048,1,1
HL00093,234215.89,2838.64,712,637736.37,686476.18,29,Refinance,Single Family,Single,3,Master,30,0.071,1,1
HL00094,179351.23,2896.57,641,800000.0,1020602.86,16,Purchase,Condo,Married,2,High School,30,0.078,0,1
HL00095,237015.97,2448.12,701,800000.0,1068789.34,35,Purchase,Single Family,Single,5,High School,30,0.087,1,1
HL00096,160793.79,3223.73,718,216104.87,255443.11,18,Purchase,Single Family,Married,5,High School,30,0.154,2,1
HL00097,168751.53,1149.13,686,392579.99,457019.78,6,Refinance,Single Family,Single,4,PhD,30,0.141,0,1
HL00098,142573.78,2763.31,625,418216.62,452126.08,20,Refinance,Condo,Single,1,Bachelor,30,0.075,3,1
HL00099,31990.26,1860.87,540,116796.88,122300.4,27,Refinance,Multi Family,Married,5,Bachelor,30,0.045,2,0
HL00100,54670.14,3308.34,449,697152.29,748017.48,2,Purchase,Single Family,Married,5,High School,30,0.068,3,0
HL00101,33643.03,706.12,558,780614.44,1036672.56,13,Purchase,Single Family,Married,4,High School,30,0.247,1,0
HL00102,200012.86,2854.39,633,437203.12,504271.19,1,Purchase,Single Family,Single,4,Bachelor,15,0.133,3,1
HL00103,111447.89,926.35,625,706974.0,907540.44,28,Purchase,Single Family,Single,5,PhD,30,0.221,2,1
HL00104,164856.94,1393.22,624,611650.61,781162.97,17,Refinance,Single Family,Single,1,High School,20,0.217,1,1
HL00105,274580.78,1093.55,671,426447.34,497604.83,36,Refinance,Single Family,Married,1,Bachelor,30,0.143,2,1
HL00106,93555.36,914.19,507,190459.2,233692.27,23,Refinance,Single Family,Single,0,High School,30,0.185,1,0
HL00107,137855.3,4128.55,571,800000.0,872989.33,11,Purchase,Condo,Married,0,Bachelor,30,0.072,0,0
HL00108,232776.56,1428.54,690,800000.0,1036385.82,31,Refinance,Single Family,Divorced,2,High School,20,0.181,3,1
HL00109,87919.5,4635.62,679,770393.53,846586.3,17,Home Improvement,Multi Family,Single,2,Bachelor,30,0.09,3,1
HL00110,46169.48,4849.63,568,74854.16,95113.29,12,Purchase,Single Family,Divorced,2,Master,30,0.213,0,0
HL00111,104681.65,2856.3,618,302985.43,318262.01,3,Purchase,Single Family,Single,0,Bachelor,30,0.048,0,0
HL00112,69335.85,715.01,632,122531.98,153164.98,22,Purchase,Single Family,Married,4,Master,20,0.2,3,1
HL00113,280666.85,1872.74,649,679416.77,716684.36,9,Purchase,Single Family,Married,5,High School,15,0.052,0,1
HL00114,247233.1,3988.66,691,718605.01,926037.39,4,Refinance,Townhouse,Single,3,PhD,30,0.224,1,1
HL00115,199186.03,1836.95,612,180059.64,199401.59,39,Purchase,Condo,Divorced,3,Master,30,0.097,3,1
HL00116,264651.66,435.09,725,800000.0,1018130.05,13,Purchase,Single Family,Married,5,High School,30,0.174,2,1
HL00117,246009.82,2783.92,680,604054.78,699947.6,33,Purchase,Condo,Single,1,Bachelor,30,0.137,0,1
HL00118,76306.77,4225.6,603,756730.26,851215.14,27,Purchase,Multi Family,Married,0,Master,15,0.111,1,0
HL00119,270453.72,3979.63,646,800000.0,1167827.08,7,Purchase,Single Family,Divorced,1,High School,30,0.172,3,1
HL00120,173319.12,875.62,672,128885.53,169141.11,15,Home Improvement,Single Family,Divorced,3,Bachelor,20,0.238,3,1
HL00121,247046.04,3363.82,777,800000.0,1088877.03,30,Purchase,Single Family,Single,1,Bachelor,15,0.039,1,1
HL00122,271425.11,1102.52,635,166552.73,216865.53,6,Refinance,Townhouse,Married,0,High School,30,0.232,0,1
HL00123,112450.96,1091.04,589,432277.76,517078.66,2,Refinance,Single Family,Single,0,Bachelor,30,0.164,3,0
HL00124,55264.28,4370.36,589,800000.0,1032868.53,28,Purchase,Single Family,Married,0,High School,30,0.208,0,0
HL00125,87682.17,1248.34,633,800000.0,1094536.02,35,Home Improvement,Single Family,Married,3,High School,30,0.114,1,1
HL00126,142454.64,1316.24,593,558282.6,644668.13,38,Purchase,Single Family,Single,0,Bachelor,30,0.134,2,1
HL00127,249954.06,3.27,533,579083.45,743367.72,3,Refinance,Condo,Married,2,Bachelor,30,0.221,1,1
HL00128,261700.91,4353.35,748,766194.19,871665.75,8,Refinance,Single Family,Divorced,2,Master,30,0.121,0,1
HL00129,26911.84,3962.97,601,800000.0,1011853.5,16,Purchase,Single Family,Married,5,Bachelor,30,0.148,3,0
HL00130,165455.51,3136.64,545,204502.27,211700.07,19,Purchase,Multi Family,Married,0,Bachelor,30,0.034,0,0
HL00131,139788.03,3751.33,589,800000.0,986327.97,13,Refinance,Single Family,Single,2,Bachelor,20,0.065,0,0
HL00132,86079.65,760.24,671,511025.17,616435.67,28,Purchase,Single Family,Divorced,0,Bachelor,30,0.171,2,1
HL00133,57962.98,2291.62,651,472544.5,581951.35,12,Purchase,Condo,Single,3,Master,30,0.188,3,0
HL00134,117844.17,1756.1,655,464689.04,551887.22,35,Refinance,Condo,Married,2,Bachelor,30,0.158,2,1
HL00135,284300.17,468.88,683,607695.52,647863.03,16,Refinance,Single Family,Married,3,Bachelor,30,0.062,2,1
HL00136,113880.81,2430.65,611,800000.0,1138181.87,3,Purchase,Single Family,Married,2,High School,20,0.128,1,0
HL00137,167667.42,4603.7,627,617022.48,691729.24,19,Purchase,Condo,Single,4,Master,30,0.108,1,0
HL00138,218330.21,200.3,715,800000.0,1147324.73,10,Purchase,Single Family,Married,4,Bachelor,15,0.139,3,1
HL00139,124998.14,1457.3,568,216426.77,277826.4,21,Purchase,Townhouse,Married,5,High School,30,0.221,2,1
HL00140,292240.07,1037.7,655,710832.73,889652.98,7,Purchase,Condo,Single,5,Bachelor,30,0.201,2,1
HL00141,289673.01,1190.73,745,800000.0,988769.48,27,Home Improvement,Single Family,Married,5,Bachelor,15,0.048,0,1
HL00142,94240.13,4542.17,594,649401.43,839019.94,40,Purchase,Condo,Single,3,High School,30,0.226,0,1
HL00143,161743.34,2340.35,699,656244.04,757787.57,29,Purchase,Single Family,Single,2,Bachelor,30,0.134,1,1
HL00144,107741.54,2331.5,570,572593.99,710414.38,32,Refinance,Townhouse,Single,4,High School,30,0.194,2,0
HL00145,103331.14,3802.88,598,800000.0,1043546.79,32,Purchase,Condo,Single,0,Bachelor,15,0.061,3,0
HL00146,35143.91,772.46,521,800000.0,999352.42,35,Purchase,Single Family,Married,1,High School,30,0.178,2,0
HL00147,192630.19,2436.33,646,195143.68,212574.81,26,Refinance,Single Family,Married,4,High School,30,0.082,1,1
HL00148,163236.73,2149.93,557,800000.0,1029661.11,19,Refinance,Single Family,Married,4,High School,20,0.126,3,1
HL00149,39156.66,2984.55,545,522439.08,540827.2,32,Refinance,Single Family,Single,0,Bachelor,15,0.034,2,0
HL00150,101627.78,4997.79,529,337703.17,360408.93,24,Refinance,Single Family,Single,4,High School,30,0.063,0,0
HL00151,274773.12,3847.24,722,800000.0,1053489.64,18,Purchase,Condo,Married,4,Master,15,0.05,2,1
HL00152,90879.52,1989.33,631,514462.58,561027.9,20,Refinance,Single Family,Single,4,High School,30,0.083,1,1
HL00153,64846.09,4137.77,495,800000.0,984410.28,32,Purchase,Single Family,Married,5,Master,30,0.052,1,0
HL00154,159599.51,853.54,696,303747.17,371329.06,2,Purchase,Condo,Divorced,5,Bachelor,30,0.182,2,1
HL00155,296053.87,152.32,822,76561.35,79420.49,13,Purchase,Single Family,Divorced,2,Master,30,0.036,1,1
HL00156,91565.2,1022.24,598,527414.59,632391.59,14,Purchase,Condo,Married,5,High School,30,0.166,0,0
HL00157,209837.28,1702.06,622,176303.63,187756.79,32,Purchase,Single Family,Married,4,High School,30,0.061,0,1
HL00158,234445.39,2552.9,808,703838.79,923672.95,21,Purchase,Single Family,Divorced,1,Bachelor,30,0.238,0,1
HL00159,90350.32,3075.65,529,294972.17,385584.53,0,Purchase,Single Family,Married,5,Bachelor,30,0.235,2,0
HL00160,225259.5,4553.03,663,528173.24,574101.35,30,Purchase,Townhouse,Married,2,High School,30,0.08,1,1
HL00161,126140.36,2549.27,622,144382.15,172912.76,34,Refinance,Single Family,Married,2,High School,30,0.165,0,1
HL00162,198884.1,2506.38,716,383181.95,397491.65,19,Refinance,Single Family,Married,3,Bachelor,15,0.036,3,1
HL00163,199220.67,251.22,667,729945.04,954176.52,31,Purchase,Single Family,Married,4,High School,30,0.235,1,1
HL00164,172338.04,174.56,611,209933.62,245536.4,11,Purchase,Townhouse,Married,1,High School,30,0.145,1,1
HL00165,49829.69,2755.8,527,770932.33,803054.51,15,Purchase,Single Family,Married,1,Bachelor,30,0.04,3,0
HL00166,254708.19,2190.89,660,800000.0,1107104.08,7,Purchase,Condo,Married,3,Bachelor,30,0.105,1,1
HL00167,113214.52,4195.9,556,800000.0,839816.35,13,Refinance,Condo,Married,1,PhD,30,0.047,0,0
HL00168,76292.59,803.4,590,800000.0,987399.4,17,Purchase,Single Family,Married,2,High School,20,0.116,1,0
HL00169,36213.16,124.86,539,162619.1,197593.08,29,Purchase,Single Family,Single,0,Bachelor,30,0.177,0,0
HL00170,187495.56,2245.19,569,309582.55,357073.3,32,Purchase,Single Family,Divorced,2,High School,20,0.133,0,1
HL00171,211330.2,1187.39,718,800000.0,1081356.21,33,Refinance,Single Family,Single,5,High School,15,0.114,0,1
HL00172,29561.65,248.07,539,800000.0,879493.82,33,Purchase,Single Family,Married,0,Bachelor,15,0.056,2,0
HL00173,165825.59,3622.99,569,727760.21,794498.05,6,Refinance,Single Family,Married,1,Bachelor,30,0.084,1,0
HL00174,87286.34,557.96,585,779007.23,821737.58,5,Purchase,Single Family,Married,4,PhD,30,0.052,3,0
HL00175,202422.52,3041.6,654,428452.69,540975.62,5,Refinance,Single Family,Single,0,Bachelor,30,0.208,2,1
HL00176,72950.77,1405.25,499,117618.64,125126.21,21,Home Improvement,Single Family,Single,2,High School,30,0.06,2,0
HL00177,215007.88,867.48,674,800000.0,957496.73,7,Purchase,Single Family,Divorced,2,High School,30,0.161,2,1
HL00178,131352.22,1898.76,563,750504.39,838552.39,36,Refinance,Townhouse,Single,5,Bachelor,30,0.105,2,1
HL00179,282600.75,4007.23,776,558352.62,606905.02,14,Refinance,Single Family,Single,2,Bachelor,30,0.08,0,1
HL00180,62818.26,1960.47,607,800000.0,1087229.57,25,Refinance,Single Family,Married,5,High School,15,0.171,0,0
HL00181,118793.25,3753.85,589,393813.09,453179.62,38,Refinance,Single Family,Married,2,Bachelor,30,0.131,3,0
HL00182,56205.22,627.43,540,358190.75,406111.96,2,Purchase,Single Family,Married,3,Master,30,0.118,1,0
HL00183,279290.75,3863.86,684,800000.0,1056895.87,9,Purchase,Single Family,Married,1,Bachelor,20,0.16,3,1
HL00184,266268.32,1184.67,713,800000.0,971611.11,2,Home Improvement,Single Family,Divorced,4,Bachelor,30,0.138,1,1
HL00185,95933.95,3386.97,596,590880.12,654352.29,29,Purchase,Single Family,Divorced,5,PhD,30,0.097,0,1
HL00186,206495.61,2828.91,642,188098.86,222076.58,21,Home Improvement,Condo,Married,3,Bachelor,30,0.153,1,1
HL00187,249736.11,4645.72,677,260854.3,316955.41,2,Purchase,Townhouse,Single,1,High School,30,0.177,1,1
HL00188,177680.22,1936.61,608,783979.26,813256.49,0,Purchase,Single Family,Married,5,High School,30,0.036,2,0
HL00189,170653.91,330.83,618,441092.77,508171.39,32,Refinance,Condo,Married,0,Bachelor,30,0.132,3,1
HL00190,91509.38,95.78,491,800000.0,1016032.34,18,Refinance,Single Family,Married,3,High School,15,0.043,2,0
HL00191,50603.26,4134.29,623,800000.0,1143699.39,35,Purchase,Single Family,Single,5,Master,30,0.071,2,0
HL00192,271734.33,2623.68,700,800000.0,981341.54,33,Purchase,Single Family,Married,3,Master,20,0.153,2,1
HL00193,272614.97,3876.22,647,389296.37,499738.6,30,Refinance,Single Family,Divorced,3,High School,20,0.221,2,1
HL00194,199102.9,1172.13,744,746723.25,962272.23,23,Home Improvement,Single Family,Married,3,Bachelor,15,0.224,0,1
HL00195,118233.19,1725.42,613,449205.15,470371.88,11,Refinance,Condo,Married,0,Bachelor,30,0.045,3,0
HL00196,121032.63,150.52,558,230903.11,262987.6,12,Purchase,Single Family,Married,2,High School,30,0.122,2,0
HL00197,224637.81,4807.46,705,94781.72,112567.36,15,Purchase,Single Family,Single,3,Bachelor,20,0.158,3,1
HL00198,271705.32,3339.34,705,477377.56,508931.3,15,Home Improvement,Single Family,Married,1,Bachelor,20,0.062,2,1
HL00199,268948.77,4666.03,704,800000.0,1091504.22,19,Purchase,Single Family,Single,2,Bachelor,30,0.198,0,1
HL00200,239465.78,1327.48,648,277151.09,343859.91,40,Purchase,Single Family,Married,0,High School,30,0.194,2,1
HL00201,201558.7,3057.32,673,236949.36,307327.31,26,Purchase,Single Family,Married,4,Bachelor,30,0.229,1,1
HL00202,48138.49,3392.5,560,800000.0,1166048.38,38,Purchase,Single Family,Married,0,High School,15,0.032,0,0
HL00203,69447.9,1587.75,612,95085.52,103129.63,12,Purchase,Single Family,Single,4,Bachelor,15,0.078,3,0
HL00204,272102.4,4240.55,590,755695.88,959004.92,3,Purchase,Single Family,Single,1,High School,20,0.212,1,0
HL00205,191767.99,4735.81,624,358836.87,436541.2,31,Refinance,Single Family,Married,4,Bachelor,30,0.178,1,1
HL00206,27529.19,4424.28,649,90575.46,117173.95,39,Purchase,Single Family,Single,5,High School,30,0.227,0,0
HL00207,52904.67,3695.33,538,800000.0,1107527.86,33,Purchase,Single Family,Single,3,High School,30,0.043,3,0
HL00208,207462.99,1387.32,623,194729.9,232097.62,38,Purchase,Single Family,Married,2,High School,30,0.161,0,1
HL00209,26391.94,1408.08,540,587910.18,695751.69,16,Home Improvement,Single Family,Married,5,Master,30,0.155,2,0
HL00210,69222.21,4816.8,523,368745.16,383310.98,23,Refinance,Single Family,Married,2,High School,30,0.038,0,0
HL00211,175901.79,51.42,527,127129.01,148341.9,28,Purchase,Single Family,Divorced,3,Bachelor,15,0.143,0,0
HL00212,215271.18,3580.25,646,109652.1,131162.8,27,Purchase,Condo,Single,2,High School,15,0.164,2,1
HL00213,204289.35,3531.23,658,190241.2,205001.29,21,Purchase,Single Family,Single,0,Bachelor,30,0.072,2,1
HL00214,86674.06,3113.45,590,141311.98,155287.89,27,Refinance,Multi Family,Married,3,Bachelor,30,0.09,3,0
HL00215,220849.29,4950.54,653,771490.51,930627.88,24,Purchase,Single Family,Married,3,High School,20,0.171,0,1
HL00216,90243.5,1559.4,597,538634.14,621261.98,40,Purchase,Condo,Single,2,High School,30,0.133,2,1
HL00217,114484.92,1699.86,658,359848.56,460753.6,2,Refinance,Condo,Married,5,High School,15,0.219,3,0
HL00218,230285.14,394.7,655,488370.19,545665.02,12,Refinance,Townhouse,Married,4,Bachelor,30,0.105,3,1
HL00219,203649.05,2213.99,623,800000.0,1120065.08,30,Purchase,Multi Family,Married,1,High School,30,0.089,2,1
HL00220,258536.44,1305.24,665,800000.0,1099595.79,12,Purchase,Single Family,Single,4,Bachelor,15,0.247,2,1
HL00221,205843.55,1716.93,681,677704.75,880136.04,40,Purchase,Single Family,Divorced,0,High School,15,0.23,3,1
HL00222,181284.87,4172.86,711,800000.0,1070267.67,17,Purchase,Single Family,Married,3,Bachelor,30,0.036,1,1
HL00223,50760.56,4677.42,543,347683.22,434604.03,36,Purchase,Single Family,Single,3,Bachelor,30,0.2,2,0
HL00224,126121.85,928.67,618,476545.6,503747.99,33,Home Improvement,Condo,Single,0,High School,15,0.054,1,1
HL00225,97930.65,1862.54,615,737870.86,765426.2,16,Purchase,Single Family,Single,1,Master,30,0.036,3,0
HL00226,92097.15,4643.15,546,706687.06,776579.19,20,Refinance,Condo,Married,3,Master,15,0.09,0,0
HL00227,292577.9,309.04,697,562007.12,616912.32,35,Purchase,Single Family,Married,4,High School,20,0.089,1,1
HL00228,133101.87,461.8,543,415334.66,525740.08,39,Purchase,Single Family,Single,0,Bachelor,30,0.21,1,1
HL00229,270312.8,813.95,596,800000.0,1184452.85,18,Refinance,Multi Family,Married,3,High School,30,0.186,1,1
HL00230,198563.12,2976.06,667,753068.12,998764.08,11,Refinance,Single Family,Married,4,Bachelor,30,0.246,1,1
HL00231,243573.11,752.36,652,458818.76,564352.72,27,Home Improvement,Single Family,Single,0,High School,15,0.187,1,1
HL00232,163225.2,4840.38,641,784233.15,893204.04,10,Purchase,Single Family,Married,0,Master,30,0.122,1,1
HL00233,183648.57,2233.57,640,308657.63,378256.9,36,Purchase,Townhouse,Single,0,High School,30,0.184,0,1
HL00234,160442.37,2507.59,581,140767.87,187690.49,27,Purchase,Condo,Single,1,Master,30,0.25,0,1
HL00235,78691.82,1233.29,587,383788.71,471484.9,34,Purchase,Condo,Married,0,Bachelor,30,0.186,0,1
HL00236,223674.33,2354.8,600,423732.21,528344.4,14,Purchase,Single Family,Single,5,High School,30,0.198,1,1
HL00237,102212.4,3309.57,670,71513.66,93604.27,15,Refinance,Single Family,Married,2,High School,30,0.236,3,1
HL00238,31686.89,3755.89,498,800000.0,991641.0,6,Purchase,Single Family,Divorced,2,Bachelor,30,0.055,2,0
HL00239,202504.88,3769.34,641,390460.45,479092.58,2,Home Improvement,Single Family,Single,0,High School,30,0.185,1,0
HL00240,73705.44,2889.46,534,570000.85,727970.44,30,Purchase,Single Family,Single,3,Master,30,0.217,0,0
HL00241,283626.11,4521.8,720,120238.53,158208.59,11,Refinance,Single Family,Married,2,Master,15,0.24,3,1
HL00242,287330.36,4087.04,677,251209.2,271871.43,7,Purchase,Single Family,Single,4,Bachelor,30,0.076,3,1
HL00243,276587.71,3785.24,662,800000.0,1075905.44,24,Purchase,Single Family,Single,4,Bachelor,15,0.141,1,1
HL00244,126793.64,278.03,656,623014.25,759773.47,34,Refinance,Single Family,Married,3,High School,30,0.18,0,1
HL00245,29250.57,34.39,566,800000.0,1144069.56,11,Purchase,Single Family,Divorced,4,Master,30,0.084,2,0
HL00246,280287.6,1062.24,715,800000.0,1198593.79,20,Refinance,Single Family,Single,5,High School,30,0.162,2,1
HL00247,142750.64,3317.62,572,450421.82,493342.63,25,Purchase,Single Family,Divorced,3,High School,20,0.087,0,0
HL00248,290830.08,2055.99,625,368804.64,411153.45,1,Refinance,Single Family,Married,4,High School,15,0.103,0,1
HL00249,289995.49,2012.03,700,800000.0,1040650.56,13,Refinance,Townhouse,Married,0,PhD,30,0.127,3,1
HL00250,259577.6,4422.93,663,800000.0,1198437.86,3,Purchase,Single Family,Married,4,High School,30,0.146,1,1
HL00251,105973.45,4477.81,634,682294.71,783346.39,16,Purchase,Condo,Single,0,Master,30,0.129,1,0
HL00252,130901.88,4545.88,611,800000.0,969533.31,4,Purchase,Single Family,Single,4,Bachelor,30,0.139,1,0
HL00253,259062.58,1569.39,689,800000.0,954464.09,23,Purchase,Single Family,Single,4,High School,30,0.096,2,1
HL00254,112153.55,3455.28,524,443897.95,474757.17,6,Purchase,Single Family,Single,4,Bachelor,20,0.065,2,0
HL00255,71610.51,1358.17,680,692212.01,721054.18,22,Purchase,Single Family,Divorced,0,High School,30,0.04,2,1
HL00256,178120.35,953.05,630,800000.0,1012189.06,16,Purchase,Single Family,Married,4,High School,20,0.073,1,1
HL00257,282442.56,923.16,726,714965.87,849128.11,11,Home Improvement,Single Family,Married,4,Bachelor,15,0.158,0,1
HL00258,216408.19,1710.54,616,78751.0,98809.29,10,Purchase,Townhouse,Married,5,High School,30,0.203,0,1
HL00259,181766.82,2149.79,656,423389.69,453793.88,10,Home Improvement,Single Family,Divorced,1,High School,30,0.067,1,1
HL00260,51723.54,4154.75,510,224708.26,237535.16,33,Purchase,Single Family,Divorced,0,High School,30,0.054,1,0
HL00261,194126.99,599.46,669,271360.46,337093.74,36,Refinance,Single Family,Married,5,Bachelor,15,0.195,0,1
HL00262,297264.81,3674.63,680,800000.0,1093675.66,28,Purchase,Single Family,Single,2,Bachelor,30,0.097,0,1
HL00263,63523.1,2657.27,583,88660.27,116504.95,35,Purchase,Condo,Single,3,High School,15,0.239,2,0
HL00264,167540.65,1439.73,668,262010.23,322275.8,26,Refinance,Single Family,Single,1,High School,30,0.187,3,1
HL00265,266277.59,2464.1,621,380092.44,423265.52,21,Home Improvement,Single Family,Single,5,High School,30,0.102,3,1
HL00266,228711.37,1499.71,630,696709.09,768994.58,1,Purchase,Single Family,Single,5,High School,30,0.094,1,0
HL00267,216679.33,2980.41,681,577864.06,675864.4,35,Home Improvement,Single Family,Divorced,4,Bachelor,30,0.145,3,1
HL00268,218183.12,2169.22,764,305487.17,320553.17,29,Refinance,Single Family,Divorced,2,High School,15,0.047,3,1
HL00269,123860.07,822.03,605,245224.01,259771.2,6,Home Improvement,Single Family,Married,2,Bachelor,30,0.056,3,0
HL00270,105737.76,582.92,632,317841.34,341397.79,11,Purchase,Condo,Married,4,Master,30,0.069,2,1
HL00271,247574.32,2733.48,668,512276.66,640345.83,2,Home Improvement,Single Family,Married,5,Master,30,0.2,2,1
HL00272,247781.18,4512.07,771,325724.28,380075.01,16,Refinance,Single Family,Single,5,High School,30,0.143,0,1
HL00273,263444.89,1719.79,594,800000.0,1141052.81,40,Purchase,Townhouse,Divorced,4,Bachelor,30,0.032,1,1
HL00274,276141.15,3665.0,692,490609.36,596848.37,31,Purchase,Single Family,Single,1,Master,30,0.178,3,1
HL00275,165619.16,3293.31,551,123784.62,141145.52,7,Purchase,Single Family,Married,0,High School,30,0.123,0,0
HL00276,162916.98,4657.77,506,768274.4,895424.71,22,Purchase,Townhouse,Single,1,Master,30,0.142,2,0
HL00277,244531.17,4104.91,687,410689.73,444950.95,37,Refinance,Single Family,Divorced,0,Master,30,0.077,3,1
HL00278,203740.08,2833.03,658,687838.62,810175.05,29,Refinance,Single Family,Married,2,High School,30,0.151,1,1
HL00279,218040.89,3285.15,644,294105.47,389543.67,14,Refinance,Single Family,Married,3,Bachelor,30,0.245,3,1
HL00280,243842.98,4491.93,666,684100.72,717086.71,9,Purchase,Condo,Single,4,High School,30,0.046,2,1
HL00281,269751.47,1997.59,839,800000.0,943671.57,37,Purchase,Single Family,Married,1,High School,30,0.092,3,1
HL00282,117948.67,1633.97,596,800000.0,1119009.83,14,Purchase,Condo,Married,2,Master,20,0.083,3,1
HL00283,128285.31,54.06,639,337422.76,368768.04,29,Refinance,Single Family,Single,1,PhD,30,0.085,3,1
HL00284,50845.03,4132.76,542,400670.38,451714.07,25,Purchase,Single Family,Divorced,5,Master,30,0.113,3,0
HL00285,184027.04,4004.9,656,471866.78,597299.72,13,Purchase,Single Family,Married,0,High School,30,0.21,2,1
HL00286,34884.13,522.27,555,800000.0,1118071.69,2,Purchase,Single Family,Married,4,Master,30,0.231,0,0
HL00287,153039.45,2884.29,605,800000.0,1089060.21,35,Purchase,Townhouse,Single,5,Master,30,0.074,3,0
HL00288,174227.27,2319.91,728,149872.22,176113.07,25,Purchase,Townhouse,Married,0,Master,30,0.149,1,1
HL00289,103798.84,593.55,660,185439.47,223421.05,13,Purchase,Single Family,Single,5,Master,15,0.17,3,1
HL00290,187479.15,4902.84,650,540742.89,632447.82,30,Home Improvement,Single Family,Single,0,Bachelor,15,0.145,1,1
HL00291,33387.57,1073.48,451,170578.34,194946.68,13,Purchase,Single Family,Single,0,High School,30,0.125,1,0
HL00292,35270.75,336.17,549,430386.43,463778.48,39,Refinance,Single Family,Single,5,High School,30,0.072,3,0
HL00293,251215.15,2974.24,810,208788.65,241933.55,9,Purchase,Single Family,Married,2,High School,15,0.137,3,1
HL00294,124052.43,3694.33,600,697261.04,790545.4,8,Refinance,Condo,Single,4,Bachelor,30,0.118,1,0
HL00295,59941.64,162.22,635,800000.0,1143182.36,39,Purchase,Single Family,Married,3,High School,15,0.205,2,1
HL00296,168616.9,3293.59,706,800000.0,1196325.49,17,Refinance,Single Family,Married,1,Bachelor,20,0.198,0,1
HL00297,236748.23,2661.46,679,467814.64,497146.27,35,Refinance,Condo,Married,0,High School,30,0.059,1,1
HL00298,84350.78,516.33,550,712193.65,748889.22,35,Purchase,Single Family,Single,4,PhD,30,0.049,2,1
HL00299,196294.88,862.62,526,799491.85,1038301.11,11,Home Improvement,Condo,Divorced,1,High School,30,0.23,0,0
HL00300,48470.55,2839.87,608,176487.4,207144.83,39,Purchase,Condo,Married,4,Bachelor,15,0.148,0,0
HL00301,39212.47,1481.79,528,664443.53,850759.96,2,Refinance,Single Family,Single,5,Bachelor,30,0.219,0,0
HL00302,171122.52,4691.58,644,511946.31,534949.12,17,Purchase,Single Family,Married,1,High School,30,0.043,3,1
HL00303,173674.66,4093.7,574,262104.92,306914.43,6,Home Improvement,Single Family,Single,4,Bachelor,30,0.146,3,0
HL00304,200293.22,4917.84,636,449411.24,528097.82,30,Refinance,Townhouse,Single,3,Bachelor,30,0.149,1,1
HL00305,224675.12,1298.35,664,125315.6,160455.32,0,Purchase,Single Family,Divorced,4,Bachelor,30,0.219,3,1
HL00306,293359.32,4848.62,710,800000.0,857333.04,30,Purchase,Condo,Single,4,Master,15,0.051,2,1
HL00307,166982.6,2156.17,577,329510.65,359335.5,12,Refinance,Single Family,Married,0,High School,15,0.083,0,0
HL00308,113813.03,1737.59,666,374716.92,425331.35,28,Refinance,Single Family,Single,0,Master,15,0.119,0,1
HL00309,243676.2,251.75,641,164748.84,211216.46,2,Home Improvement,Multi Family,Divorced,0,Master,30,0.22,0,1
HL00310,99478.87,263.83,516,799426.76,1047741.5,28,Purchase,Single Family,Single,5,Master,30,0.237,3,0
HL00311,145717.14,3460.06,617,473853.86,630124.81,34,Purchase,Townhouse,Single,4,High School,30,0.248,3,1
HL00312,46575.5,2289.64,575,545466.92,718665.24,14,Purchase,Single Family,Married,3,High School,30,0.241,3,0
HL00313,31971.45,1132.61,574,693427.81,715611.77,20,Purchase,Single Family,Married,1,Bachelor,30,0.031,2,0
HL00314,289728.31,3069.85,762,515332.56,536804.75,18,Purchase,Single Family,Married,0,High School,20,0.04,3,1
HL00315,254894.53,1264.29,665,273517.19,291596.15,27,Purchase,Townhouse,Married,2,High School,15,0.062,3,1
HL00316,216392.91,2888.16,652,800000.0,913274.34,3,Purchase,Townhouse,Single,4,High School,30,0.107,3,1
HL00317,137462.06,1796.04,563,171517.44,217938.3,12,Purchase,Condo,Married,3,Bachelor,30,0.213,2,0
HL00318,72655.94,4117.76,627,148498.1,191858.01,14,Purchase,Single Family,Married,3,High School,30,0.226,3,0
HL00319,68020.19,4103.48,593,800000.0,873913.17,38,Refinance,Single Family,Married,0,Master,15,0.071,1,0
HL00320,93816.8,2386.75,575,258491.34,309941.65,31,Purchase,Single Family,Single,5,Bachelor,20,0.166,3,0
HL00321,176037.33,1754.1,542,322651.66,420119.35,2,Purchase,Single Family,Married,0,High School,30,0.232,1,0
HL00322,221513.88,1812.8,732,529159.62,609630.9,29,Purchase,Condo,Divorced,5,Master,20,0.132,2,1
HL00323,206554.28,4028.57,591,549752.66,580520.23,19,Purchase,Condo,Married,2,Master,15,0.053,1,1
HL00324,101981.82,1640.9,571,757899.67,872151.52,1,Home Improvement,Single Family,Single,2,High School,30,0.131,2,0
HL00325,287587.95,1045.3,711,688632.0,776360.77,24,Purchase,Condo,Married,0,High School,20,0.113,3,1
HL00326,227921.65,423.44,604,674354.21,799945.68,10,Refinance,Condo,Married,1,High School,30,0.157,3,0
HL00327,177447.36,2333.47,564,766765.61,878311.12,0,Purchase,Townhouse,Single,0,Master,30,0.127,1,0
HL00328,193223.21,2410.66,540,390446.88,404189.32,9,Refinance,Single Family,Married,0,High School,30,0.034,3,0
HL00329,140390.02,4204.54,656,328656.36,437624.98,16,Purchase,Condo,Married,3,Bachelor,30,0.249,1,1
HL00330,93126.02,1106.19,569,482585.35,567747.47,29,Purchase,Single Family,Single,0,Bachelor,30,0.15,2,1
HL00331,122892.49,1904.96,757,364495.02,420894.94,34,Refinance,Single Family,Single,0,Bachelor,30,0.134,3,1
HL00332,233407.68,4042.03,616,800000.0,1183055.1,18,Purchase,Single Family,Single,0,Bachelor,30,0.24,3,1
HL00333,28958.21,4118.12,518,800000.0,990808.42,33,Refinance,Single Family,Single,1,High School,15,0.064,3,0
HL00334,56919.98,1923.06,550,241499.49,260236.52,31,Purchase,Single Family,Single,3,High School,30,0.072,0,0
HL00335,37650.73,2295.62,580,64384.4,81293.43,11,Refinance,Single Family,Single,4,High School,20,0.208,0,0
HL00336,36200.42,1516.43,544,112418.77,123131.18,16,Home Improvement,Townhouse,Single,4,Bachelor,30,0.087,1,0
HL00337,260251.66,4662.77,710,277559.68,349571.38,5,Home Improvement,Single Family,Divorced,4,Master,30,0.206,0,1
HL00338,218505.91,593.22,610,185255.71,203577.7,12,Purchase,Single Family,Married,4,Master,15,0.09,3,1
HL00339,155397.8,4668.75,558,650030.18,675005.38,38,Purchase,Single Family,Married,3,High School,15,0.037,0,1
HL00340,51904.39,3419.33,486,800000.0,1040244.63,21,Home Improvement,Single Family,Divorced,0,High School,15,0.144,1,0
HL00341,160194.37,2657.86,518,800000.0,903844.0,10,Refinance,Single Family,Single,4,Master,30,0.073,0,0
HL00342,155204.74,163.3,601,255000.84,317560.2,6,Purchase,Single Family,Married,0,Master,30,0.197,2,1
HL00343,72630.51,2377.98,571,434571.47,524211.66,20,Purchase,Townhouse,Single,4,High School,30,0.171,2,0
HL00344,144309.2,2038.74,590,495774.22,646380.99,0,Purchase,Condo,Married,1,Bachelor,20,0.233,0,0
HL00345,134588.8,806.09,679,787212.3,986481.58,29,Home Improvement,Single Family,Single,0,High School,20,0.202,2,1
HL00346,194358.78,3282.05,708,800000.0,1019011.8,18,Purchase,Single Family,Single,3,High School,15,0.07,2,1
HL00347,199650.75,4855.75,633,800000.0,1098433.1,28,Purchase,Single Family,Single,5,Bachelor,30,0.206,0,1
HL00348,37458.6,2810.94,479,537109.85,647900.91,34,Refinance,Single Family,Divorced,1,Master,30,0.171,2,0
HL00349,128018.47,3573.77,585,704536.63,856059.09,19,Home Improvement,Single Family,Single,5,High School,30,0.177,1,0
HL00350,197111.48,342.25,618,158010.26,200775.42,35,Refinance,Condo,Single,1,Bachelor,30,0.213,1,1
HL00351,163362.47,2088.33,598,600041.87,710950.08,38,Purchase,Single Family,Single,3,Bachelor,15,0.156,3,1
HL00352,260534.71,581.79,645,307592.78,354778.29,0,Purchase,Condo,Married,1,Bachelor,30,0.133,1,1
HL00353,206140.75,3063.98,620,465365.64,560681.5,22,Home Improvement,Single Family,Married,0,Bachelor,30,0.17,3,1
HL00354,69806.97,4692.41,565,712629.37,788306.82,30,Refinance,Single Family,Married,2,High School,30,0.096,3,0
HL00355,44406.41,3308.89,540,338621.54,364109.18,34,Refinance,Single Family,Married,2,High School,20,0.07,0,0
HL00356,201665.3,384.02,661,111512.63,133708.19,21,Refinance,Single Family,Married,4,Bachelor,30,0.166,2,1
HL00357,32290.61,1773.33,584,79505.53,86513.09,6,Purchase,Single Family,Single,4,Bachelor,30,0.081,0,0
HL00358,186088.28,2753.32,597,95132.86,99929.48,32,Refinance,Single Family,Single,0,High School,20,0.048,3,1
HL00359,283563.32,2016.04,755,81861.65,84393.45,35,Purchase,Single Family,Divorced,3,Bachelor,30,0.03,0,1
HL00360,183255.4,4168.22,592,166488.93,199149.44,6,Purchase,Single Family,Married,0,Bachelor,20,0.164,2,1
HL00361,131746.73,4073.36,534,306538.07,344424.8,26,Refinance,Single Family,Divorced,4,Bachelor,30,0.11,2,0
HL00362,201904.26,3059.16,669,260394.86,323874.2,1,Purchase,Single Family,Married,1,Bachelor,30,0.196,2,1
HL00363,151019.54,1867.29,584,800000.0,1185146.17,16,Purchase,Single Family,Married,5,Bachelor,30,0.113,3,0
HL00364,175044.62,1276.68,653,361818.68,419256.87,0,Purchase,Single Family,Married,0,High School,15,0.137,0,1
HL00365,283902.82,529.37,571,192146.57,218348.38,29,Purchase,Single Family,Married,0,Bachelor,30,0.12,0,1
HL00366,131178.23,1774.49,685,569602.75,688757.86,21,Refinance,Single Family,Single,3,High School,15,0.173,3,1
HL00367,289327.41,2065.86,728,800000.0,1040202.14,27,Refinance,Townhouse,Single,4,Bachelor,20,0.108,3,1
HL00368,273971.43,3379.11,611,635065.98,837817.92,32,Purchase,Condo,Married,0,Bachelor,30,0.242,1,1
HL00369,78842.56,3290.8,515,311782.56,408092.35,25,Purchase,Townhouse,Single,1,High School,15,0.236,0,0
HL00370,44074.36,350.54,655,553438.63,706818.18,34,Purchase,Single Family,Single,5,High School,30,0.217,2,1
HL00371,52713.95,1976.3,539,675235.56,879212.97,10,Purchase,Single Family,Divorced,1,High School,15,0.232,0,0
HL00372,30011.0,908.89,523,778776.39,894117.55,6,Refinance,Condo,Married,2,Bachelor,30,0.129,1,0
HL00373,50971.81,784.06,462,702777.11,824855.76,27,Purchase,Single Family,Married,4,High School,15,0.148,2,0
HL00374,212826.86,4136.51,638,800000.0,1054661.73,24,Refinance,Single Family,Married,1,High School,30,0.193,1,1
HL00375,44576.88,209.58,560,800000.0,1053868.64,40,Purchase,Single Family,Single,3,Bachelor,30,0.183,3,1
HL00376,112718.3,2095.91,642,562159.01,726303.63,30,Purchase,Single Family,Married,5,High School,20,0.226,3,1
HL00377,257340.71,841.02,608,453573.8,558588.42,2,Purchase,Single Family,Married,4,High School,30,0.188,0,1
HL00378,31399.78,4396.65,489,597574.93,796766.58,32,Purchase,Single Family,Married,1,Master,30,0.25,3,0
HL00379,248978.83,2785.2,697,800000.0,995488.5,33,Refinance,Single Family,Divorced,0,Master,30,0.107,3,1
HL00380,102510.06,1156.9,651,64029.23,81358.62,20,Purchase,Townhouse,Single,4,High School,30,0.213,0,1
HL00381,57495.33,2512.14,500,800000.0,1190996.64,36,Purchase,Single Family,Single,1,Bachelor,30,0.183,1,0
HL00382,216602.72,3657.43,712,229657.99,280755.49,18,Home Improvement,Single Family,Married,0,Bachelor,30,0.182,1,1
HL00383,197959.28,4790.59,650,542419.04,604030.11,36,Refinance,Townhouse,Married,2,Master,30,0.102,2,1
HL00384,266304.8,1102.23,737,800000.0,1056033.45,20,Purchase,Single Family,Single,5,Bachelor,30,0.203,2,1
HL00385,227144.54,4430.91,660,253347.59,328170.45,13,Home Improvement,Condo,Divorced,4,Bachelor,20,0.228,1,1
HL00386,245957.26,4671.52,546,563705.85,611394.63,9,Purchase,Single Family,Divorced,4,Master,20,0.078,3,0
HL00387,102559.51,4582.1,593,186496.92,224154.95,6,Refinance,Single Family,Divorced,1,High School,30,0.168,2,0
HL00388,73795.87,3177.07,639,459203.41,519460.87,28,Purchase,Townhouse,Divorced,2,Bachelor,15,0.116,1,0
HL00389,231419.06,3149.1,621,206256.6,274277.39,39,Refinance,Single Family,Divorced,3,Bachelor,30,0.248,3,1
HL00390,246879.55,2016.05,654,418730.26,484081.22,7,Purchase,Single Family,Divorced,1,Master,30,0.135,3,1
HL00391,297388.91,3761.99,689,455535.46,495147.24,38,Purchase,Single Family,Married,1,PhD,30,0.08,1,1
HL00392,138469.86,2656.47,474,800000.0,1192317.14,12,Refinance,Single Family,Single,3,High School,20,0.114,0,0
HL00393,127304.97,3387.19,697,800000.0,1194164.66,18,Refinance,Condo,Single,3,High School,30,0.174,1,1
HL00394,238513.56,2142.29,624,194540.24,204134.56,10,Refinance,Single Family,Single,3,High School,20,0.047,3,1
HL00395,118720.97,3657.48,634,746365.35,891714.88,1,Refinance,Single Family,Married,5,High School,30,0.163,2,0
HL00396,280958.26,4122.36,686,101908.45,133213.66,5,Purchase,Condo,Married,3,Bachelor,30,0.235,3,1
HL00397,261063.51,732.18,743,85320.39,108966.02,28,Purchase,Single Family,Married,3,Bachelor,30,0.217,3,1
HL00398,142973.36,4164.65,641,184793.1,193500.63,40,Refinance,Condo,Single,0,Bachelor,15,0.045,1,1
HL00399,231489.54,2701.48,653,800000.0,1161171.36,4,Refinance,Single Family,Single,0,Bachelor,30,0.249,3,1
HL00400,232499.29,4223.33,621,800000.0,1133471.49,40,Purchase,Single Family,Single,3,High School,30,0.184,0,1
HL00401,53359.06,2156.51,616,273819.66,293168.8,29,Purchase,Single Family,Single,5,Bachelor,30,0.066,2,0
HL00402,273202.05,1895.2,592,248404.29,256881.38,38,Purchase,Multi Family,Single,5,Master,30,0.033,1,1
HL00403,163944.4,4575.3,664,322101.04,345601.97,35,Home Improvement,Single Family,Single,2,Bachelor,20,0.068,0,1
HL00404,252275.8,1255.85,621,514822.43,654990.37,26,Purchase,Single Family,Single,5,High School,30,0.214,2,1
HL00405,113013.64,4221.06,669,690860.59,715917.71,17,Purchase,Single Family,Married,2,High School,30,0.035,0,1
HL00406,271268.89,2420.1,693,298024.91,324292.61,35,Purchase,Single Family,Single,3,High School,30,0.081,3,1
HL00407,132030.46,2570.48,648,743739.11,926200.64,15,Refinance,Single Family,Married,5,Bachelor,15,0.197,3,0
HL00408,27980.35,1542.34,568,355951.0,423247.32,4,Refinance,Condo,Married,0,High School,30,0.159,0,0
HL00409,273980.04,2865.21,599,800000.0,1112397.74,8,Refinance,Single Family,Single,2,Master,30,0.202,2,1
HL00410,50103.84,1626.06,532,655933.31,813813.04,33,Refinance,Single Family,Married,0,Master,30,0.194,0,0
HL00411,112811.25,196.35,640,542693.39,565895.09,33,Purchase,Single Family,Single,1,Bachelor,30,0.041,0,1
HL00412,286267.04,1359.99,701,745865.87,963651.0,35,Purchase,Single Family,Single,0,High School,30,0.226,0,1
HL00413,286416.97,31.9,752,800000.0,995153.95,30,Refinance,Townhouse,Divorced,3,Bachelor,30,0.08,2,1
HL00414,182695.42,4891.77,661,340719.45,401791.81,19,Purchase,Single Family,Married,5,Master,30,0.152,0,1
HL00415,198755.23,4828.74,601,378544.1,457178.86,16,Purchase,Condo,Married,5,High School,30,0.172,3,1
HL00416,148322.52,1975.78,584,800000.0,1127949.55,19,Refinance,Single Family,Divorced,4,PhD,20,0.067,1,1
HL00417,105632.96,3641.85,607,196551.92,260333.67,27,Refinance,Condo,Divorced,3,Bachelor,15,0.245,3,0
HL00418,115382.75,1729.03,491,105647.79,122419.22,20,Home Improvement,Single Family,Single,1,High School,20,0.137,3,0
HL00419,209942.58,3355.47,738,560622.31,585812.24,18,Home Improvement,Multi Family,Married,5,Bachelor,30,0.043,0,1
HL00420,231903.0,4027.15,688,745939.91,976361.14,2,Purchase,Single Family,Married,0,High School,20,0.236,1,1
HL00421,242684.24,4733.78,732,793169.49,943126.62,29,Home Improvement,Condo,Single,2,Bachelor,15,0.159,0,1
HL00422,242144.99,2001.06,592,800000.0,1109471.96,4,Purchase,Single Family,Married,3,Bachelor,15,0.184,1,1
HL00423,50081.68,3916.49,637,576322.54,674850.75,5,Refinance,Single Family,Single,5,High School,20,0.146,3,0
HL00424,160965.58,1329.64,742,147432.19,187572.76,2,Purchase,Single Family,Married,2,High School,20,0.214,2,1
HL00425,40828.66,4951.66,504,709995.92,737275.1,23,Purchase,Condo,Married,0,High School,15,0.037,0,0
HL00426,176120.44,128.85,676,800000.0,950695.07,0,Home Improvement,Single Family,Single,5,Bachelor,30,0.089,3,1
HL00427,146420.89,3017.64,623,156054.92,179994.14,35,Purchase,Condo,Divorced,1,High School,20,0.133,1,1
HL00428,269118.65,3297.53,607,256585.32,269239.58,14,Refinance,Single Family,Married,3,Bachelor,15,0.047,3,1
HL00429,121501.63,3440.23,635,72394.0,88826.99,40,Purchase,Multi Family,Divorced,2,High School,30,0.185,3,1
HL00430,57193.43,601.94,620,655944.63,742859.15,37,Purchase,Single Family,Single,5,High School,30,0.117,3,1
HL00431,64322.71,4692.65,552,800000.0,1072576.19,17,Purchase,Single Family,Single,3,High School,15,0.09,2,0
HL00432,234415.42,905.92,725,800000.0,829496.23,22,Refinance,Single Family,Married,5,High School,15,0.031,0,1
HL00433,195009.97,3113.77,564,800000.0,1179795.1,28,Purchase,Single Family,Single,3,High School,15,0.188,0,0
HL00434,52808.74,1113.38,501,114833.42,145912.86,40,Purchase,Single Family,Married,2,Master,30,0.213,0,0
HL00435,48129.37,1536.08,580,800000.0,1090876.22,21,Refinance,Single Family,Married,1,Bachelor,15,0.117,2,0
HL00436,217766.51,2732.29,660,800000.0,990826.82,23,Purchase,Townhouse,Single,3,PhD,30,0.154,2,1
HL00437,45009.83,2085.97,536,394239.97,428521.71,12,Purchase,Condo,Single,1,High School,30,0.08,1,0
HL00438,251011.52,801.13,715,800000.0,1170217.37,32,Home Improvement,Single Family,Married,1,Master,15,0.167,0,1
HL00439,219216.61,854.68,686,385765.28,398929.97,21,Purchase,Single Family,Single,0,Bachelor,30,0.033,1,1
HL00440,47370.91,2090.72,616,800000.0,1075467.81,34,Purchase,Single Family,Married,5,Bachelor,30,0.138,3,0
HL00441,48330.37,3786.41,568,800000.0,1065842.15,16,Refinance,Single Family,Single,2,High School,30,0.172,1,0
HL00442,296325.88,4489.82,728,712216.18,927364.82,21,Refinance,Single Family,Single,0,High School,30,0.232,1,1
HL00443,127924.47,420.64,591,628089.19,708904.28,4,Refinance,Condo,Married,4,Master,30,0.114,3,0
HL00444,126926.59,1965.52,716,168422.48,210003.09,24,Home Improvement,Multi Family,Married,5,Bachelor,30,0.198,3,1
HL00445,248519.88,501.23,633,565039.82,673468.2,5,Purchase,Single Family,Married,0,Bachelor,30,0.161,1,1
HL00446,285493.36,82.96,798,364919.18,476395.79,16,Home Improvement,Single Family,Single,3,High School,30,0.234,1,1
HL00447,296150.29,3308.59,699,800000.0,966244.16,30,Home Improvement,Single Family,Married,3,High School,30,0.118,0,1
HL00448,232179.0,3012.25,597,800000.0,927895.36,16,Refinance,Townhouse,Divorced,3,PhD,30,0.1,2,1
HL00449,128471.39,815.1,682,800000.0,1099439.07,32,Purchase,Single Family,Married,4,Bachelor,30,0.225,3,1
HL00450,47962.7,1169.06,580,87924.89,91683.93,38,Refinance,Single Family,Married,1,Bachelor,30,0.041,1,1
HL00451,238715.4,118.54,711,800000.0,985241.12,36,Purchase,Townhouse,Single,3,High School,30,0.06,2,1
HL00452,178561.17,4174.74,700,800000.0,1130769.81,3,Refinance,Single Family,Married,5,Bachelor,30,0.048,1,1
HL00453,141661.05,4873.45,637,755925.96,962963.01,13,Purchase,Single Family,Divorced,5,High School,15,0.215,0,1
HL00454,274247.46,677.3,657,214381.77,221468.77,12,Refinance,Single Family,Married,0,High School,30,0.032,1,1
HL00455,55579.31,1157.38,626,129822.41,166438.99,26,Refinance,Condo,Married,1,Bachelor,30,0.22,3,1
HL00456,160471.9,4342.05,630,85750.73,98450.89,23,Purchase,Single Family,Divorced,0,Bachelor,15,0.129,1,1
HL00457,28122.25,4632.32,598,758085.89,782338.38,26,Refinance,Multi Family,Single,0,High School,30,0.031,1,0
HL00458,153881.68,2098.14,519,690942.69,783381.73,7,Purchase,Townhouse,Married,3,Bachelor,30,0.118,3,0
HL00459,40483.4,253.11,592,800000.0,1185277.93,38,Refinance,Condo,Single,0,Bachelor,30,0.071,0,1
HL00460,57674.93,196.96,546,435491.21,522798.57,20,Purchase,Single Family,Married,4,Master,30,0.167,3,0
HL00461,57319.72,2869.75,661,368131.94,448394.57,40,Refinance,Condo,Single,5,High School,15,0.179,1,1
HL00462,203532.83,1964.48,682,670963.55,777478.04,10,Purchase,Single Family,Divorced,5,High School,15,0.137,0,1
HL00463,230162.34,143.26,677,800000.0,1003809.76,30,Purchase,Single Family,Married,5,Master,30,0.039,3,1
HL00464,185426.41,2916.26,667,800000.0,1128870.69,26,Purchase,Single Family,Single,1,Bachelor,20,0.174,2,1
HL00465,289597.45,56.51,644,768134.03,978514.69,26,Refinance,Single Family,Married,3,Bachelor,30,0.215,2,1
HL00466,128089.41,3936.86,695,450666.68,555008.23,7,Refinance,Condo,Married,3,High School,15,0.188,2,1
HL00467,103570.82,1532.16,701,621162.19,789278.51,32,Purchase,Townhouse,Single,0,Master,30,0.213,3,1
HL00468,263864.76,201.29,701,800000.0,1038336.74,11,Purchase,Single Family,Single,0,Bachelor,20,0.074,0,1
HL00469,86488.86,2941.76,672,485248.39,626935.9,34,Purchase,Condo,Single,2,Bachelor,30,0.226,3,1
HL00470,289886.2,1988.42,666,286576.45,318772.47,33,Home Improvement,Townhouse,Single,2,Master,30,0.101,1,1
HL00471,28342.48,4869.0,524,257162.89,265938.87,15,Refinance,Townhouse,Married,3,Bachelor,30,0.033,3,0
HL00472,291716.68,2720.99,697,58939.13,75177.46,35,Purchase,Single Family,Married,3,High School,30,0.216,2,1
HL00473,36868.98,1376.2,590,673742.54,883017.74,1,Purchase,Single Family,Married,0,Bachelor,30,0.237,2,0
HL00474,270064.36,3547.19,665,165187.08,199984.36,11,Purchase,Single Family,Married,4,Bachelor,30,0.174,1,1
HL00475,170117.8,1357.46,661,321024.15,349318.99,26,Refinance,Single Family,Divorced,4,Bachelor,30,0.081,3,1
HL00476,298065.32,4521.22,714,375251.45,410110.87,16,Purchase,Single Family,Married,5,Bachelor,30,0.085,2,1
HL00477,45294.06,1873.61,522,611605.5,705427.34,19,Refinance,Multi Family,Married,0,High School,30,0.133,3,0
HL00478,177309.93,2749.34,664,403525.9,522701.94,20,Purchase,Townhouse,Single,2,Master,15,0.228,2,1
HL00479,291558.2,252.87,738,781465.72,834008.24,29,Purchase,Single Family,Single,2,Bachelor,30,0.063,1,1
HL00480,168851.91,2130.61,642,108423.67,137593.49,19,Purchase,Single Family,Single,4,High School,30,0.212,0,1
HL00481,198084.63,4161.82,706,194275.02,214431.59,7,Refinance,Single Family,Married,3,Bachelor,30,0.094,0,1
HL00482,216330.89,4028.24,597,504197.45,636612.94,17,Home Improvement,Single Family,Single,0,PhD,30,0.208,2,1
HL00483,149998.79,1121.59,648,348737.58,454085.39,17,Purchase,Single Family,Single,5,High School,30,0.232,2,1
HL00484,197578.47,1130.4,590,357224.07,407790.03,17,Purchase,Townhouse,Divorced,5,High School,30,0.124,3,1
HL00485,185686.44,4086.53,587,133861.87,150406.59,1,Purchase,Single Family,Married,3,High School,30,0.11,0,0
HL00486,272818.45,4651.99,654,800000.0,1082684.07,11,Refinance,Single Family,Divorced,2,High School,20,0.206,3,1
HL00487,37497.75,476.8,521,728714.71,853295.91,31,Refinance,Single Family,Divorced,4,High School,15,0.146,2,0
HL00488,102264.88,2250.29,573,173480.93,211820.43,7,Purchase,Single Family,Single,3,Master,30,0.181,0,0
HL00489,286363.16,1687.27,682,123431.19,148176.7,9,Purchase,Townhouse,Divorced,2,High School,20,0.167,3,1
HL00490,269822.54,4353.44,726,800000.0,1171731.6,10,Refinance,Condo,Single,2,Master,20,0.064,2,1
HL00491,150305.61,417.62,609,659594.19,841319.12,13,Refinance,Single Family,Divorced,5,High School,20,0.216,3,1
HL00492,195536.46,1055.63,568,504879.5,544638.08,25,Purchase,Townhouse,Married,2,Master,15,0.073,3,1
HL00493,101279.83,3762.34,657,661302.28,864447.42,29,Refinance,Single Family,Married,3,High School,30,0.235,2,1
HL00494,76733.32,256.47,546,800000.0,925873.26,3,Refinance,Single Family,Married,1,Bachelor,20,0.085,3,0
HL00495,152517.06,2462.68,623,770538.1,952457.48,38,Purchase,Single Family,Married,4,High School,30,0.191,3,1
HL00496,122171.86,2210.54,633,555639.06,612611.97,10,Purchase,Single Family,Married,2,High School,30,0.093,0,1
HL00497,185505.43,1672.01,652,502756.29,558618.1,23,Purchase,Single Family,Divorced,3,High School,30,0.1,3,1
HL00498,46377.03,1972.86,627,78840.74,87406.59,21,Refinance,Single Family,Divorced,5,Bachelor,30,0.098,1,0
HL00499,292958.57,2649.7,720,800000.0,1117376.75,2,Refinance,Single Family,Married,0,High School,30,0.195,2,1
HL00500,296207.95,806.84,655,639155.71,753721.36,36,Home Improvement,Single Family,Married,5,Master,30,0.152,3,1
HL00501,216994.47,2859.98,767,235553.39,303548.18,1,Purchase,Townhouse,Single,4,High School,15,0.224,2,1
HL00502,172426.5,4027.16,645,800000.0,1109553.85,11,Refinance,Single Family,Married,0,High School,15,0.098,1,0
HL00503,110120.09,3800.8,597,800000.0,1104298.39,20,Purchase,Townhouse,Married,0,High School,30,0.182,2,0
HL00504,248793.63,769.5,722,800000.0,1187832.18,4,Purchase,Single Family,Married,5,Bachelor,15,0.196,1,1
HL00505,213301.07,746.25,669,800000.0,1058313.63,6,Refinance,Condo,Married,3,High School,15,0.063,1,1
HL00506,69719.66,1340.87,604,800000.0,1197507.44,3,Home Improvement,Single Family,Single,5,High School,30,0.118,0,0
HL00507,275504.98,1805.37,812,302634.97,350271.96,40,Purchase,Single Family,Single,1,Bachelor,30,0.136,1,1
HL00508,251197.74,2042.28,661,800000.0,1022530.78,35,Home Improvement,Single Family,Single,3,High School,30,0.108,0,1
HL00509,286194.98,3398.49,677,800000.0,1000906.85,21,Purchase,Single Family,Married,3,Bachelor,30,0.101,3,1
HL00510,224572.86,283.4,668,274207.67,334807.9,28,Purchase,Condo,Single,4,High School,15,0.181,0,1
HL00511,193689.18,173.36,700,171440.09,185742.24,8,Purchase,Multi Family,Married,3,Bachelor,30,0.077,0,1
HL00512,140016.83,1959.55,544,800000.0,1176848.08,25,Refinance,Single Family,Single,4,PhD,30,0.186,3,1
HL00513,281500.33,3485.82,592,311733.1,408027.62,11,Purchase,Single Family,Single,2,High School,15,0.236,2,0
HL00514,263167.57,967.18,652,800000.0,1054753.26,0,Purchase,Single Family,Single,4,High School,30,0.154,2,1
HL00515,37435.13,3207.52,487,66501.95,79643.05,7,Purchase,Single Family,Single,3,Master,30,0.165,3,0
HL00516,32250.92,1299.14,544,94213.53,98652.91,32,Refinance,Townhouse,Single,2,Bachelor,15,0.045,1,0
HL00517,128527.43,4430.43,639,467302.07,599105.22,3,Purchase,Single Family,Married,2,Bachelor,15,0.22,0,1
HL00518,247902.17,4478.45,629,311603.5,343554.02,13,Purchase,Single Family,Single,1,Bachelor,30,0.093,2,1
HL00519,296500.94,1486.44,626,710644.65,851071.44,28,Refinance,Single Family,Single,5,High School,30,0.165,2,1
HL00520,66364.65,1149.97,586,537001.2,711259.87,13,Refinance,Single Family,Divorced,3,Master,30,0.245,1,1
HL00521,188385.95,2056.52,687,136061.91,162171.52,8,Purchase,Condo,Single,0,Bachelor,20,0.161,2,1
HL00522,129744.99,1202.66,530,209202.99,257956.83,8,Purchase,Single Family,Married,5,Bachelor,30,0.189,2,0
HL00523,291726.46,3361.92,736,446076.33,511555.43,25,Refinance,Single Family,Divorced,3,Master,20,0.128,2,1
HL00524,256582.7,4130.32,719,271600.97,283804.57,16,Purchase,Single Family,Married,0,Bachelor,30,0.043,3,1
HL00525,255540.39,3365.46,725,768168.86,966250.14,40,Refinance,Single Family,Married,5,Bachelor,30,0.205,2,1
HL00526,153890.62,4121.75,687,522442.01,543079.01,3,Purchase,Single Family,Single,1,PhD,30,0.038,2,1
HL00527,139075.36,1984.96,729,146970.45,180110.85,2,Purchase,Multi Family,Married,3,High School,30,0.184,3,1
HL00528,100186.94,781.58,582,598189.77,619885.77,28,Purchase,Townhouse,Married,5,High School,30,0.035,2,1
HL00529,40503.26,3689.75,575,138210.5,177192.95,24,Home Improvement,Townhouse,Single,1,High School,15,0.22,1,0
HL00530,262798.65,1802.37,660,205750.93,220054.47,20,Home Improvement,Multi Family,Single,0,PhD,30,0.065,0,1
HL00531,248547.78,3356.35,674,295288.83,344561.06,11,Home Improvement,Single Family,Married,4,Bachelor,30,0.143,3,1
HL00532,299922.36,1353.22,776,800000.0,1041968.67,0,Purchase,Single Family,Single,3,High School,30,0.161,3,1
HL00533,299075.13,406.15,632,800000.0,1115189.1,0,Refinance,Single Family,Married,2,High School,30,0.131,2,1
HL00534,177743.72,4962.91,595,800000.0,1004539.95,6,Purchase,Townhouse,Married,2,High School,30,0.105,0,0
HL00535,236471.54,781.01,737,390875.57,450836.87,9,Refinance,Condo,Single,1,High School,30,0.133,1,1
HL00536,284810.58,4942.1,743,343733.53,381502.25,14,Purchase,Single Family,Single,4,Master,30,0.099,1,1
HL00537,258653.03,4886.4,661,605507.33,692800.15,39,Refinance,Townhouse,Single,2,Bachelor,15,0.126,0,1
HL00538,93020.73,3969.09,639,790392.57,887084.81,10,Home Improvement,Single Family,Married,2,Master,30,0.109,0,0
HL00539,148899.64,3297.11,641,800000.0,1192544.39,22,Purchase,Single Family,Single,3,Bachelor,30,0.155,1,1
HL00540,60518.84,2889.04,655,204729.65,223017.05,12,Purchase,Single Family,Married,2,Bachelor,20,0.082,2,0
HL00541,287364.03,4330.51,697,98101.03,130453.5,26,Purchase,Single Family,Married,0,Bachelor,30,0.248,0,1
HL00542,191698.02,1447.2,697,736289.33,856150.38,40,Purchase,Single Family,Married,1,Master,15,0.14,0,1
HL00543,87876.77,2338.41,726,800000.0,1011254.01,16,Purchase,Single Family,Single,5,PhD,30,0.073,2,1
HL00544,209717.69,3096.95,684,800000.0,1027142.38,12,Refinance,Condo,Married,2,Master,30,0.135,3,1
HL00545,194985.27,2055.95,649,653013.49,838271.49,11,Purchase,Single Family,Single,3,Bachelor,30,0.221,0,1
HL00546,123494.75,2137.43,647,800000.0,1148267.78,28,Refinance,Condo,Single,5,High School,30,0.035,2,1
HL00547,56228.34,1651.42,559,532901.9,649880.36,20,Purchase,Single Family,Single,0,Bachelor,30,0.18,1,0
HL00548,209682.63,2821.16,774,800000.0,1103041.65,19,Purchase,Multi Family,Married,5,High School,30,0.151,3,1
HL00549,168084.62,4252.87,643,800000.0,1163788.65,19,Purchase,Condo,Divorced,2,High School,20,0.067,0,1
HL00550,237387.56,1007.64,655,800000.0,1028052.14,30,Purchase,Multi Family,Single,1,High School,30,0.21,2,1
HL00551,168044.96,4672.17,592,376472.28,423478.38,7,Refinance,Single Family,Married,1,High School,30,0.111,3,0
HL00552,259349.91,3445.44,734,267647.06,295742.61,23,Purchase,Single Family,Single,1,Bachelor,15,0.095,2,1
HL00553,176774.38,4116.37,681,545008.44,691635.07,10,Refinance,Single Family,Married,2,High School,30,0.212,1,1
HL00554,179257.94,2780.95,614,485252.52,584641.59,38,Purchase,Single Family,Single,0,Bachelor,20,0.17,0,1
HL00555,266079.74,3897.58,711,800000.0,1062478.13,32,Home Improvement,Single Family,Married,4,High School,15,0.228,2,1
HL00556,135957.79,81.0,542,155842.11,187535.63,14,Refinance,Single Family,Married,5,Bachelor,30,0.169,0,0
HL00557,61854.19,4091.9,590,294520.76,364957.57,3,Purchase,Single Family,Married,1,Bachelor,30,0.193,2,0
HL00558,32915.24,200.69,589,723728.21,920773.81,0,Purchase,Townhouse,Single,0,High School,15,0.214,0,0
HL00559,232662.75,4449.57,751,174221.86,181859.98,31,Purchase,Single Family,Married,3,Bachelor,30,0.042,0,1
HL00560,195585.13,4959.81,609,348252.12,435859.97,10,Refinance,Multi Family,Married,3,Bachelor,15,0.201,3,0
HL00561,218621.94,1470.34,595,426309.1,510549.82,29,Purchase,Single Family,Single,0,Bachelor,30,0.165,2,1
HL00562,83565.14,1051.59,547,740524.21,775418.02,36,Refinance,Single Family,Single,3,Bachelor,30,0.045,2,0
HL00563,62502.16,3826.82,514,216987.54,252899.23,18,Purchase,Single Family,Divorced,3,Bachelor,30,0.142,0,0
HL00564,28999.78,1265.13,631,800000.0,1043180.05,35,Purchase,Condo,Divorced,1,High School,30,0.048,0,0
HL00565,121411.58,4327.81,688,467415.89,578485.01,33,Purchase,Condo,Single,2,Bachelor,30,0.192,3,1
HL00566,187227.36,514.21,659,800000.0,1106649.43,6,Purchase,Condo,Married,2,Bachelor,30,0.15,1,1
HL00567,132867.11,629.78,677,457028.77,601353.65,19,Refinance,Single Family,Married,2,High School,30,0.24,2,1
HL00568,145305.6,4895.76,629,357510.87,384420.29,11,Purchase,Single Family,Divorced,2,Bachelor,15,0.07,0,0
HL00569,273643.64,3369.19,682,196324.57,234557.43,31,Refinance,Single Family,Divorced,0,Bachelor,30,0.163,3,1
HL00570,120770.25,4234.44,593,73113.81,79213.23,1,Refinance,Single Family,Married,1,High School,30,0.077,0,0
HL00571,166347.11,1621.65,617,562520.44,673677.17,21,Purchase,Multi Family,Single,0,Bachelor,30,0.165,2,1
HL00572,240504.58,3382.42,592,158592.09,195551.28,40,Purchase,Townhouse,Married,5,Bachelor,30,0.189,3,1
HL00573,134049.27,2971.21,630,418227.62,515693.73,39,Purchase,Single Family,Married,5,High School,30,0.189,3,1
HL00574,196073.84,3015.75,646,583703.21,737930.73,23,Refinance,Condo,Divorced,3,Bachelor,30,0.209,0,1
HL00575,262150.02,3412.66,718,301184.66,385146.63,30,Purchase,Single Family,Single,1,Bachelor,30,0.218,0,1
HL00576,286118.17,2876.8,697,259337.35,272127.33,3,Purchase,Single Family,Married,4,High School,30,0.047,1,1
HL00577,65445.21,2145.31,574,800000.0,946561.83,23,Purchase,Single Family,Married,2,Master,30,0.106,1,0
HL00578,279811.6,1379.61,646,800000.0,1140140.07,16,Purchase,Single Family,Single,5,Master,30,0.181,2,1
HL00579,160331.98,3842.91,633,161676.1,187995.47,39,Home Improvement,Single Family,Married,5,Master,30,0.14,2,1
HL00580,96017.21,1131.36,634,232036.29,250039.11,18,Refinance,Single Family,Single,3,High School,30,0.072,3,0
HL00581,151262.33,3461.77,568,800000.0,1155014.24,39,Purchase,Townhouse,Married,2,Master,30,0.152,2,1
HL00582,294508.96,1166.66,701,103406.38,117507.25,37,Refinance,Single Family,Married,2,Master,30,0.12,1,1
HL00583,160469.98,3126.65,641,800000.0,1174836.38,33,Home Improvement,Single Family,Divorced,2,PhD,30,0.116,1,1
HL00584,115406.69,3735.39,571,63538.23,80225.04,32,Purchase,Single Family,Divorced,5,PhD,30,0.208,1,0
HL00585,199185.23,1093.57,620,800000.0,1057877.24,5,Refinance,Condo,Single,4,High School,30,0.12,0,0
HL00586,91040.05,299.72,607,405594.16,420740.83,35,Purchase,Single Family,Single,3,High School,30,0.036,1,1
HL00587,45862.42,654.87,516,800000.0,1130912.47,12,Refinance,Condo,Married,2,High School,30,0.043,1,0
HL00588,60441.92,3029.98,597,337482.62,431563.45,8,Refinance,Single Family,Married,2,Bachelor,20,0.218,2,0
HL00589,60212.61,4247.23,535,615620.81,811094.61,34,Home Improvement,Single Family,Married,1,Master,30,0.241,1,0
HL00590,66773.24,224.98,636,135165.01,165036.64,33,Purchase,Single Family,Single,2,Bachelor,15,0.181,1,1
HL00591,63177.47,3670.76,698,309382.73,347621.04,15,Refinance,Single Family,Married,1,Bachelor,30,0.11,0,0
HL00592,201240.55,1706.59,607,722277.39,945389.26,17,Purchase,Single Family,Married,3,High School,15,0.236,1,1
HL00593,75017.02,2392.64,614,551891.79,669771.59,17,Purchase,Single Family,Single,3,High School,15,0.176,2,0
HL00594,120058.5,4644.3,573,800000.0,1118965.19,37,Home Improvement,Single Family,Single,3,High School,30,0.216,0,1
HL00595,271616.81,1659.86,737,446990.95,557345.33,31,Refinance,Single Family,Divorced,1,Bachelor,30,0.198,3,1
HL00596,155339.45,2326.68,564,800000.0,1053538.91,6,Purchase,Single Family,Married,5,Bachelor,30,0.113,1,0
HL00597,208578.38,68.41,678,501764.76,580074.87,22,Refinance,Condo,Divorced,5,Master,20,0.135,1,1
HL00598,72387.96,407.99,542,800000.0,1176654.31,22,Purchase,Condo,Married,4,Bachelor,30,0.071,1,0
HL00599,77879.48,1292.96,578,800000.0,1154813.68,17,Purchase,Condo,Single,4,Master,30,0.094,3,0
HL00600,36238.87,139.26,516,355777.75,445278.79,6,Refinance,Single Family,Married,5,High School,30,0.201,0,0
HL00601,71457.14,3156.88,626,800000.0,1071664.13,39,Purchase,Single Family,Single,5,Bachelor,30,0.227,0,0
HL00602,101612.34,2131.99,558,800000.0,1028562.8,23,Purchase,Condo,Married,2,High School,20,0.189,1,1
HL00603,73677.88,2740.73,614,270829.41,312015.45,13,Refinance,Single Family,Single,3,High School,30,0.132,3,0
HL00604,49393.2,873.24,557,739237.69,777326.7,4,Purchase,Condo,Married,5,PhD,30,0.049,2,0
HL00605,58174.86,1479.66,573,150026.6,156767.61,21,Purchase,Condo,Married,0,Master,30,0.043,3,0
HL00606,151714.16,3319.12,633,800000.0,1016299.56,21,Purchase,Single Family,Single,5,High School,30,0.112,1,1
HL00607,81741.77,4826.51,552,235544.06,271364.12,9,Home Improvement,Single Family,Single,2,High School,30,0.132,3,0
HL00608,125174.21,252.08,623,129301.23,154666.54,25,Refinance,Multi Family,Married,5,High School,20,0.164,0,1
HL00609,163439.75,4451.92,708,508963.84,525246.48,14,Purchase,Condo,Divorced,4,High School,15,0.031,0,1
HL00610,214858.58,2884.41,618,544476.13,724037.41,37,Purchase,Condo,Married,4,Bachelor,15,0.248,0,1
HL00611,35810.84,2819.6,626,800000.0,1036781.58,40,Refinance,Single Family,Married,3,Bachelor,30,0.11,2,0
HL00612,244837.86,2501.39,747,800000.0,1171022.84,0,Refinance,Single Family,Single,1,Bachelor,15,0.217,3,1
HL00613,197672.61,346.97,608,485153.58,569429.08,13,Purchase,Single Family,Single,2,High School,30,0.148,1,0
HL00614,47483.73,449.38,500,134565.63,143002.79,35,Purchase,Single Family,Married,1,High School,30,0.059,1,0
HL00615,265234.12,3004.56,697,729615.25,917755.03,30,Home Improvement,Single Family,Married,4,High School,30,0.205,0,1
HL00616,278239.91,1704.79,661,578607.41,710819.91,27,Purchase,Townhouse,Married,3,Bachelor,30,0.186,1,1
HL00617,41796.44,4586.34,664,494361.61,578877.76,33,Purchase,Single Family,Married,4,PhD,20,0.146,2,0
HL00618,101141.35,2032.95,602,362448.86,422927.49,34,Refinance,Single Family,Married,3,High School,30,0.143,3,1
HL00619,246705.35,716.41,633,608828.62,640198.34,38,Purchase,Single Family,Single,5,High School,30,0.049,2,1
HL00620,230771.41,3573.59,608,376668.03,456014.56,22,Purchase,Single Family,Single,0,High School,20,0.174,3,0
HL00621,75743.28,1466.77,642,713511.53,926638.35,18,Home Improvement,Townhouse,Single,1,High School,30,0.23,3,1
HL00622,82571.06,2627.35,562,651849.51,686880.41,17,Purchase,Condo,Single,2,High School,30,0.051,3,0
HL00623,126879.83,3489.16,615,800000.0,1061453.75,14,Purchase,Single Family,Divorced,3,Master,15,0.088,1,0
HL00624,158243.82,4501.32,676,529281.4,686486.9,0,Purchase,Single Family,Married,5,Master,30,0.229,1,1
HL00625,195020.06,3960.96,623,311142.01,343045.22,24,Refinance,Single Family,Married,5,High School,30,0.093,1,1
HL00626,126451.25,3381.81,610,800000.0,1032478.37,25,Refinance,Single Family,Divorced,0,High School,30,0.174,1,0
HL00627,152197.05,3398.17,625,597994.46,701871.43,34,Purchase,Single Family,Divorced,5,High School,30,0.148,1,0
HL00628,230554.51,4729.62,699,258157.09,307696.17,14,Refinance,Single Family,Married,5,High School,20,0.161,1,1
HL00629,35087.88,1479.12,597,682496.29,776446.29,3,Purchase,Condo,Divorced,0,Bachelor,15,0.121,0,0
HL00630,94420.16,5.56,586,431597.95,477431.36,14,Purchase,Single Family,Single,1,Bachelor,30,0.096,0,0
HL00631,221171.14,1359.77,663,800000.0,1024956.31,37,Refinance,Single Family,Divorced,5,Bachelor,30,0.041,0,1
HL00632,271181.88,1089.46,667,471479.54,584962.21,38,Purchase,Single Family,Single,3,Master,15,0.194,2,1
HL00633,165711.3,3309.17,558,719150.7,892246.53,0,Home Improvement,Townhouse,Married,2,Bachelor,20,0.194,2,0
HL00634,171331.21,3168.56,648,149997.11,182478.23,21,Refinance,Multi Family,Single,2,High School,15,0.178,2,1
HL00635,54472.3,2967.31,671,430996.68,520527.39,10,Purchase,Condo,Divorced,2,High School,30,0.172,3,0
HL00636,148038.4,81.22,579,800000.0,1181146.62,37,Refinance,Single Family,Single,4,High School,30,0.084,3,1
HL00637,171469.75,3643.89,597,800000.0,984517.83,36,Purchase,Single Family,Married,4,Bachelor,30,0.035,2,1
HL00638,91679.39,1617.65,552,201907.25,254933.4,25,Refinance,Townhouse,Married,3,Bachelor,15,0.208,0,0
HL00639,99041.89,3325.28,635,334011.69,387484.56,26,Purchase,Townhouse,Married,5,Master,15,0.138,1,0
HL00640,128753.14,2782.89,636,402330.59,446042.78,12,Purchase,Single Family,Married,5,Master,30,0.098,1,1
HL00641,30519.58,1713.65,557,764714.87,806661.26,6,Refinance,Single Family,Married,2,Master,30,0.052,1,0
HL00642,113571.77,672.88,560,800000.0,926619.1,7,Refinance,Single Family,Married,0,Bachelor,30,0.044,3,0
HL00643,83148.2,472.09,596,800000.0,918217.43,22,Purchase,Townhouse,Single,5,Bachelor,20,0.107,2,1
HL00644,115061.77,4157.59,529,514346.39,648608.31,25,Purchase,Single Family,Single,2,Bachelor,15,0.207,0,0
HL00645,57934.59,4591.99,586,758148.95,987173.11,26,Purchase,Single Family,Single,3,High School,30,0.232,1,0
HL00646,269895.0,3248.94,728,438069.03,566712.84,8,Purchase,Multi Family,Divorced,2,High School,30,0.227,2,1
HL00647,188237.92,517.17,581,164632.81,214365.64,37,Purchase,Condo,Married,1,High School,15,0.232,2,1
HL00648,211753.14,2010.14,579,546697.74,709997.07,12,Refinance,Single Family,Single,2,Bachelor,30,0.23,3,0
HL00649,242022.09,3644.7,749,800000.0,1146339.06,6,Purchase,Single Family,Married,5,Master,30,0.146,3,1
HL00650,162071.6,3899.1,600,800000.0,967117.86,10,Home Improvement,Single Family,Married,5,High School,30,0.078,3,0
HL00651,48903.08,591.09,631,576474.35,726038.23,9,Purchase,Single Family,Single,0,Bachelor,30,0.206,3,0
HL00652,172704.3,0.15,628,740851.83,802656.37,32,Refinance,Single Family,Married,3,Bachelor,30,0.077,2,1
HL00653,186381.31,3560.69,635,800000.0,1121882.28,38,Purchase,Single Family,Single,3,Master,30,0.089,3,1
HL00654,229995.86,1782.98,686,511777.9,556885.64,2,Refinance,Single Family,Married,0,Bachelor,30,0.081,1,0
HL00655,143706.38,1272.41,577,383780.38,447818.41,40,Purchase,Single Family,Married,3,PhD,15,0.143,0,1
HL00656,60084.58,64.49,586,800000.0,1174396.76,28,Refinance,Multi Family,Single,2,High School,30,0.101,3,1
HL00657,103038.37,2701.5,582,800000.0,1046373.53,36,Purchase,Condo,Divorced,3,Master,30,0.064,1,0
HL00658,124847.63,4255.75,546,381428.91,438424.03,15,Purchase,Single Family,Single,2,High School,30,0.13,0,0
HL00659,202627.24,4788.16,668,464273.97,596753.17,15,Purchase,Townhouse,Single,3,Bachelor,30,0.222,3,1
HL00660,181964.03,2828.72,627,457416.69,541962.9,6,Purchase,Single Family,Divorced,5,High School,30,0.156,3,1
HL00661,122926.6,2572.31,603,188603.26,242732.64,14,Refinance,Condo,Single,2,Bachelor,30,0.223,0,0
HL00662,296291.69,425.28,637,800000.0,1152546.74,37,Purchase,Single Family,Single,2,PhD,20,0.073,1,1
HL00663,191588.08,2744.36,725,494351.44,529851.49,5,Refinance,Condo,Single,5,Bachelor,30,0.067,1,1
HL00664,90237.37,1899.9,638,800000.0,1059745.22,17,Purchase,Single Family,Married,0,Bachelor,30,0.157,2,1
HL00665,52990.18,3035.68,624,250006.36,288025.76,18,Purchase,Single Family,Single,0,Bachelor,30,0.132,2,0
HL00666,67036.26,1943.63,568,570367.59,691354.66,1,Refinance,Condo,Married,5,High School,30,0.175,3,0
HL00667,92638.38,1201.5,509,81055.47,101956.56,2,Refinance,Single Family,Single,4,Bachelor,30,0.205,1,0
HL00668,69187.38,474.83,682,752472.17,934748.04,24,Purchase,Single Family,Single,0,High School,30,0.195,1,1
HL00669,76305.93,1574.59,585,555866.97,728528.14,35,Refinance,Single Family,Married,2,Master,30,0.237,3,1
HL00670,103401.17,483.22,564,686891.26,778788.28,27,Refinance,Single Family,Single,2,Master,30,0.118,0,1
HL00671,72677.74,884.48,607,123197.04,133185.99,37,Refinance,Single Family,Married,3,Master,15,0.075,0,1
HL00672,271610.49,4936.68,744,265242.98,312418.12,27,Purchase,Single Family,Married,3,Bachelor,30,0.151,2,1
HL00673,47064.28,2220.52,572,150056.63,158622.23,31,Refinance,Single Family,Divorced,4,Bachelor,15,0.054,3,0
HL00674,169240.63,2659.36,698,362425.92,400028.61,40,Purchase,Single Family,Single,2,Bachelor,15,0.094,0,1
HL00675,137859.13,4368.09,673,721522.85,780868.88,35,Refinance,Townhouse,Married,4,Bachelor,15,0.076,3,1
HL00676,295154.12,4977.84,643,628660.0,711959.23,38,Purchase,Single Family,Single,2,High School,30,0.117,1,1
HL00677,55810.7,2913.57,544,722430.45,763668.55,35,Refinance,Single Family,Married,0,Master,30,0.054,0,0
HL00678,134410.29,4062.37,665,667270.1,692907.68,22,Refinance,Single Family,Divorced,3,High School,30,0.037,0,1
HL00679,291604.37,1634.71,560,315662.01,382157.4,1,Purchase,Condo,Divorced,5,Bachelor,30,0.174,0,0
HL00680,263014.46,1528.72,674,292659.3,350070.93,9,Purchase,Condo,Single,5,Master,20,0.164,1,1
HL00681,249694.82,2013.52,603,186562.4,229192.14,5,Refinance,Single Family,Single,4,PhD,30,0.186,2,1
HL00682,95923.28,3362.54,574,800000.0,1030204.73,7,Purchase,Townhouse,Married,1,Bachelor,15,0.175,3,0
HL00683,71994.09,3410.96,571,726269.62,768539.28,14,Purchase,Condo,Single,5,High School,30,0.055,0,0
HL00684,208876.89,1576.2,636,258051.35,284824.89,28,Purchase,Townhouse,Married,2,High School,15,0.094,1,1
HL00685,280578.4,666.05,662,258447.64,274360.55,27,Refinance,Single Family,Single,0,High School,30,0.058,0,1
HL00686,178109.8,3161.98,584,800000.0,1057165.05,21,Refinance,Single Family,Married,1,PhD,30,0.215,3,1
HL00687,182193.49,641.63,755,733921.21,910572.22,33,Refinance,Single Family,Divorced,0,High School,30,0.194,3,1
HL00688,101994.25,2892.46,694,756378.99,816823.96,19,Purchase,Single Family,Single,0,Master,15,0.074,0,1
HL00689,236610.56,3467.11,610,476786.3,532722.12,32,Purchase,Single Family,Married,2,Master,30,0.105,1,1
HL00690,76437.03,3503.06,667,279879.94,369722.51,14,Purchase,Single Family,Single,0,Master,30,0.243,0,0
HL00691,114011.79,3767.36,587,800000.0,1176882.11,6,Home Improvement,Condo,Single,4,High School,30,0.161,1,0
HL00692,141995.02,4364.3,627,771684.25,971894.52,23,Purchase,Single Family,Single,1,High School,20,0.206,2,1
HL00693,164592.85,2499.79,629,378025.49,414501.63,25,Purchase,Single Family,Single,0,Bachelor,30,0.088,0,1
HL00694,91662.68,3651.25,562,800000.0,1028510.4,9,Refinance,Townhouse,Single,5,Master,20,0.076,1,0
HL00695,56580.13,3095.86,627,741181.16,928798.44,14,Refinance,Single Family,Married,5,PhD,15,0.202,0,0
HL00696,192920.51,933.2,652,335147.59,409215.62,36,Purchase,Single Family,Married,0,High School,15,0.181,3,1
HL00697,104373.4,128.45,578,454995.01,554871.96,23,Purchase,Single Family,Single,3,Bachelor,20,0.18,3,1
HL00698,184840.51,1422.71,577,240999.59,284197.63,10,Purchase,Multi Family,Divorced,3,Bachelor,30,0.152,0,0
HL00699,67449.75,2215.17,539,169144.16,199934.0,39,Refinance,Townhouse,Married,4,High School,20,0.154,0,0
HL00700,157313.53,3085.53,546,717590.69,888107.29,20,Purchase,Single Family,Married,5,Bachelor,30,0.192,1,0
HL00701,171462.09,4249.8,636,342491.22,375950.84,39,Refinance,Townhouse,Married,3,Bachelor,20,0.089,1,1
HL00702,39251.47,981.23,509,800000.0,997566.79,37,Purchase,Single Family,Single,0,High School,30,0.108,3,0
HL00703,117566.18,627.75,595,800000.0,1195059.8,14,Refinance,Single Family,Married,5,High School,30,0.222,1,1
HL00704,61964.04,4817.4,649,145399.96,161197.29,14,Purchase,Single Family,Divorced,0,Bachelor,30,0.098,3,0
HL00705,42428.12,540.22,631,516089.84,607164.52,36,Purchase,Single Family,Single,1,Bachelor,30,0.15,2,1
HL00706,297239.06,2392.46,697,796516.11,977320.38,13,Refinance,Single Family,Married,5,High School,15,0.185,0,1
HL00707,113647.31,2927.82,602,721927.32,962569.76,20,Refinance,Single Family,Single,3,High School,15,0.25,1,1
HL00708,247715.47,2706.87,767,800000.0,929996.8,19,Refinance,Single Family,Married,2,PhD,30,0.126,3,1
HL00709,95026.18,430.16,623,409634.51,467619.3,32,Refinance,Single Family,Single,3,Master,30,0.124,3,1
HL00710,212413.25,285.13,639,459684.15,585584.91,2,Purchase,Single Family,Married,0,Master,20,0.215,0,1
HL00711,234062.66,527.42,595,590261.14,744339.4,39,Purchase,Condo,Married,1,High School,30,0.207,0,1
HL00712,188800.65,2927.94,664,800000.0,1170683.16,22,Purchase,Single Family,Single,3,High School,30,0.191,0,1
HL00713,154683.45,2721.72,668,384949.91,443490.68,22,Home Improvement,Single Family,Single,1,Master,30,0.132,1,1
HL00714,138256.25,1168.7,587,800000.0,1113536.87,26,Purchase,Single Family,Divorced,3,High School,30,0.101,2,1
HL00715,120938.77,3188.87,625,316030.18,378026.53,34,Purchase,Townhouse,Married,4,Bachelor,30,0.164,2,1
HL00716,280620.51,4100.34,672,800000.0,1187708.77,24,Purchase,Single Family,Married,0,High School,15,0.223,2,1
HL00717,253420.34,207.89,667,643340.2,829046.65,31,Refinance,Single Family,Married,0,High School,30,0.224,2,1
HL00718,290382.4,2490.65,570,564242.1,596450.42,21,Refinance,Single Family,Divorced,2,Master,30,0.054,3,0
HL00719,59181.74,3446.55,568,670196.27,765064.23,7,Home Improvement,Single Family,Single,0,Master,30,0.124,1,0
HL00720,225988.56,1261.56,711,331226.69,381597.57,37,Purchase,Single Family,Divorced,2,PhD,15,0.132,2,1
HL00721,283043.63,1538.85,659,289501.42,383445.59,17,Refinance,Single Family,Single,0,Master,30,0.245,2,1
HL00722,74839.09,3068.19,590,166456.81,202748.86,27,Purchase,Condo,Single,3,Bachelor,20,0.179,1,0
HL00723,43286.47,4489.68,533,178909.79,203306.58,27,Purchase,Single Family,Married,3,Bachelor,30,0.12,1,0
HL00724,228808.18,4049.62,682,449350.0,466130.71,10,Purchase,Condo,Divorced,4,High School,30,0.036,0,1
HL00725,182980.11,2915.65,630,789497.7,933212.41,11,Purchase,Single Family,Single,3,Bachelor,30,0.154,0,1
HL00726,256502.91,3651.11,631,720260.21,758967.56,1,Refinance,Single Family,Married,1,High School,30,0.051,2,0
HL00727,63437.4,1824.11,648,149660.4,190407.63,36,Home Improvement,Single Family,Married,3,Master,30,0.214,3,1
HL00728,243698.51,3204.83,718,800000.0,1033766.09,3,Purchase,Single Family,Single,2,Bachelor,30,0.196,0,1
HL00729,80447.51,2330.91,559,653087.03,751538.58,40,Home Improvement,Single Family,Divorced,5,Bachelor,30,0.131,1,0
HL00730,70005.38,949.68,609,800000.0,1155962.52,33,Purchase,Condo,Married,4,Bachelor,30,0.124,0,0
HL00731,70173.09,3508.69,611,640785.04,828958.65,22,Purchase,Condo,Married,5,High School,30,0.227,0,0
HL00732,249008.05,2782.32,706,246769.05,272071.72,12,Purchase,Condo,Married,5,Bachelor,30,0.093,1,1
HL00733,207929.24,1793.11,569,556325.75,608006.28,6,Purchase,Single Family,Single,1,Master,30,0.085,2,1
HL00734,168842.99,4556.7,684,613879.13,804559.8,31,Purchase,Single Family,Married,1,Bachelor,30,0.237,0,1
HL00735,123678.38,104.67,583,84583.85,106797.79,22,Refinance,Condo,Married,0,Bachelor,30,0.208,0,1
HL00736,266230.15,1578.87,665,72409.73,91774.05,7,Refinance,Single Family,Married,2,High School,30,0.211,2,1
HL00737,132922.4,284.41,748,204476.16,220578.38,36,Refinance,Condo,Single,5,Master,30,0.073,0,1
HL00738,249564.85,3832.64,689,335918.9,358122.49,33,Purchase,Condo,Married,3,Bachelor,30,0.062,3,1
HL00739,145762.1,3510.54,603,538146.02,558242.76,28,Refinance,Condo,Divorced,3,Master,30,0.036,2,0
HL00740,128659.72,1656.76,504,572254.15,623370.53,36,Refinance,Single Family,Married,0,Master,30,0.082,3,0
HL00741,152236.94,3378.31,695,184224.85,230281.06,22,Home Improvement,Townhouse,Single,3,High School,15,0.2,1,1
HL00742,107878.92,1979.69,536,763462.59,832565.53,37,Purchase,Single Family,Divorced,1,PhD,30,0.083,3,0
HL00743,230592.58,3781.27,615,603980.81,745655.32,28,Home Improvement,Single Family,Married,3,PhD,30,0.19,1,1
HL00744,163248.11,2270.92,615,371738.98,406272.11,4,Refinance,Single Family,Married,5,Bachelor,20,0.085,2,0
HL00745,88858.49,2061.4,665,79794.39,90367.37,39,Refinance,Single Family,Single,3,Bachelor,30,0.117,1,1
HL00746,272383.01,4673.65,724,122414.84,162353.9,10,Purchase,Single Family,Married,1,Master,20,0.246,1,1
HL00747,130570.09,1254.4,607,472341.46,515656.62,13,Purchase,Townhouse,Married,2,High School,30,0.084,1,0
HL00748,174477.04,602.24,652,220172.16,248221.15,1,Purchase,Single Family,Single,5,Master,30,0.113,1,1
HL00749,274279.83,2922.72,657,451025.54,498922.06,34,Purchase,Single Family,Single,2,Bachelor,30,0.096,3,1
HL00750,196665.45,4846.61,655,739493.34,781705.43,34,Purchase,Single Family,Single,1,Master,15,0.054,1,1
HL00751,57146.96,1889.2,582,595333.5,690642.11,27,Home Improvement,Single Family,Single,1,Bachelor,30,0.138,1,0
HL00752,283453.83,310.18,740,297209.64,335072.87,7,Purchase,Single Family,Married,5,Bachelor,30,0.113,0,1
HL00753,197619.71,1696.53,697,377290.85,461800.3,31,Purchase,Multi Family,Single,4,Master,30,0.183,0,1
HL00754,117099.04,2529.66,633,604970.23,765785.1,3,Purchase,Single Family,Single,4,Bachelor,30,0.21,0,1
HL00755,63299.82,809.62,563,800000.0,1043461.91,6,Purchase,Condo,Divorced,3,Bachelor,30,0.15,1,0
HL00756,243356.93,3290.51,708,800000.0,922365.12,38,Purchase,Condo,Married,5,Bachelor,30,0.037,0,1
HL00757,195520.01,4988.75,643,581777.58,697575.03,26,Purchase,Single Family,Single,5,Bachelor,20,0.166,3,1
HL00758,171701.8,2258.7,581,462311.28,482579.62,36,Purchase,Single Family,Married,3,Bachelor,20,0.042,2,1
HL00759,270820.46,1773.64,665,405059.36,485682.69,16,Refinance,Single Family,Single,4,High School,30,0.166,2,1
HL00760,241864.23,2003.52,675,800000.0,1064344.47,9,Purchase,Multi Family,Single,3,High School,30,0.181,2,1
HL00761,66710.59,575.73,628,110331.99,119149.02,3,Refinance,Single Family,Married,2,High School,20,0.074,0,1
HL00762,110723.57,4416.37,596,800000.0,1186480.47,22,Home Improvement,Single Family,Married,2,Bachelor,15,0.21,1,1
HL00763,93334.51,2074.13,536,633265.2,822422.34,13,Purchase,Multi Family,Divorced,0,Bachelor,30,0.23,2,0
HL00764,229585.23,1936.37,667,665452.41,841279.91,4,Refinance,Condo,Married,4,Bachelor,15,0.209,3,1
HL00765,34221.42,3298.45,572,106326.06,117747.57,1,Purchase,Single Family,Divorced,2,High School,30,0.097,0,0
HL00766,181719.66,2210.17,650,635981.38,756220.43,23,Purchase,Multi Family,Divorced,0,High School,30,0.159,0,1
HL00767,234676.14,3241.17,713,477068.62,620375.32,17,Purchase,Single Family,Married,1,Bachelor,30,0.231,3,1
HL00768,266110.55,307.23,734,174407.14,194001.27,26,Purchase,Condo,Divorced,5,Bachelor,30,0.101,1,1
HL00769,119072.48,4068.62,579,306253.19,387662.26,23,Home Improvement,Single Family,Married,2,Bachelor,30,0.21,1,0
HL00770,250845.76,4702.52,644,800000.0,1076603.76,28,Purchase,Single Family,Single,0,High School,30,0.032,3,1
HL00771,55423.73,3243.83,525,672231.12,693736.97,10,Purchase,Single Family,Single,3,Bachelor,30,0.031,3,0
HL00772,257774.38,4772.83,713,433695.2,540093.65,17,Purchase,Single Family,Single,5,Master,30,0.197,0,1
HL00773,60059.38,757.16,652,125727.48,156767.43,3,Purchase,Single Family,Divorced,0,Bachelor,30,0.198,3,1
HL00774,134254.0,2387.08,601,699195.83,878386.72,32,Home Improvement,Single Family,Married,2,High School,20,0.204,1,1
HL00775,244256.23,3009.03,660,662265.99,865707.18,13,Purchase,Single Family,Married,3,High School,30,0.235,1,1
HL00776,66227.29,2908.68,656,722914.31,765799.06,31,Purchase,Single Family,Single,3,PhD,30,0.056,1,1
HL00777,88044.13,2007.31,619,596472.8,649045.48,3,Purchase,Condo,Married,0,Bachelor,15,0.081,1,0
HL00778,223619.46,1690.42,683,434078.74,563007.45,19,Purchase,Single Family,Single,0,High School,30,0.229,1,1
HL00779,223010.05,634.12,601,691202.31,742429.98,20,Purchase,Single Family,Divorced,2,Master,20,0.069,0,1
HL00780,201315.6,1958.71,684,276807.3,337569.88,2,Purchase,Condo,Divorced,3,High School,30,0.18,3,1
HL00781,215835.82,813.3,611,800000.0,1133916.45,24,Purchase,Single Family,Married,4,Bachelor,15,0.147,3,1
HL00782,174249.22,3671.83,580,701998.95,737393.85,3,Refinance,Townhouse,Single,0,High School,30,0.048,2,0
HL00783,94244.74,1044.15,579,385557.99,425091.5,10,Purchase,Townhouse,Single,4,High School,30,0.093,0,1
HL00784,120066.4,292.83,580,497241.69,580889.83,15,Refinance,Single Family,Single,4,Bachelor,30,0.144,0,1
HL00785,74939.37,2761.83,576,767451.19,981395.39,35,Home Improvement,Multi Family,Single,3,High School,30,0.218,0,0
HL00786,274823.9,2976.15,615,209049.91,256818.07,5,Home Improvement,Single Family,Married,2,High School,30,0.186,0,1
HL00787,185432.74,4359.57,690,336898.59,404440.08,30,Purchase,Single Family,Single,4,Master,30,0.167,0,1
HL00788,135234.14,2884.91,674,722763.46,839446.53,39,Home Improvement,Single Family,Married,2,High School,20,0.139,1,1
HL00789,152051.6,1727.4,528,388652.53,429925.36,12,Refinance,Single Family,Married,0,Bachelor,30,0.096,2,0
HL00790,285502.92,4015.06,741,800000.0,966564.39,22,Refinance,Single Family,Married,3,High School,30,0.056,1,1
HL00791,67171.64,2701.39,543,195148.95,221760.17,3,Purchase,Condo,Single,1,Master,30,0.12,2,0
HL00792,186213.2,396.4,685,800000.0,933021.94,36,Purchase,Single Family,Divorced,3,PhD,30,0.036,0,1
HL00793,164119.39,2829.25,628,140351.61,151895.68,36,Home Improvement,Multi Family,Married,1,High School,15,0.076,0,1
HL00794,193149.91,4540.09,648,78020.85,89166.69,32,Purchase,Townhouse,Married,5,Bachelor,15,0.125,3,1
HL00795,29980.3,1981.56,555,800000.0,1085501.46,28,Purchase,Condo,Single,0,Bachelor,30,0.122,0,0
HL00796,264834.07,1481.63,743,699846.36,729006.62,36,Purchase,Single Family,Married,2,High School,30,0.04,0,1
HL00797,281332.53,717.35,628,395476.42,470805.26,18,Home Improvement,Single Family,Single,0,Bachelor,30,0.16,0,1
HL00798,180411.63,757.23,670,285831.96,336668.97,19,Purchase,Condo,Married,3,Master,30,0.151,0,1
HL00799,216578.98,2163.86,713,732853.67,768996.51,31,Home Improvement,Townhouse,Married,1,High School,30,0.047,0,1
HL00800,278687.33,2978.4,725,494139.75,647627.46,15,Purchase,Townhouse,Single,5,Master,20,0.237,2,1
HL00801,219490.62,403.08,775,800000.0,1190547.5,4,Purchase,Townhouse,Single,1,High School,15,0.052,3,1
HL00802,66948.24,4697.84,557,800000.0,1181117.98,11,Purchase,Single Family,Divorced,3,Bachelor,15,0.218,0,0
HL00803,183479.3,3775.67,689,765720.56,789402.64,20,Refinance,Townhouse,Single,3,High School,30,0.03,0,1
HL00804,191846.64,2933.12,640,444825.95,573229.32,13,Purchase,Single Family,Married,0,Bachelor,30,0.224,0,1
HL00805,141635.93,4142.19,682,606197.45,627533.59,36,Purchase,Single Family,Married,4,High School,30,0.034,2,1
HL00806,227522.16,400.93,663,676759.53,842788.95,21,Purchase,Single Family,Single,1,High School,20,0.197,2,1
HL00807,281950.93,2384.19,671,168451.51,189271.36,29,Purchase,Townhouse,Single,3,Bachelor,30,0.11,3,1
HL00808,279531.34,3150.47,755,359072.03,444396.08,22,Refinance,Townhouse,Single,0,High School,30,0.192,0,1
HL00809,148980.83,4143.26,599,140838.88,159681.27,4,Purchase,Single Family,Married,4,Bachelor,30,0.118,3,0
HL00810,56140.46,3917.35,507,150284.43,157530.85,28,Purchase,Single Family,Married,2,High School,30,0.046,1,0
HL00811,295831.33,1385.35,672,236550.64,295319.15,29,Purchase,Multi Family,Divorced,3,High School,30,0.199,2,1
HL00812,255696.97,4704.4,708,592348.05,620909.91,17,Purchase,Single Family,Married,4,Bachelor,30,0.046,0,1
HL00813,59282.24,621.73,649,734687.14,957871.11,0,Home Improvement,Single Family,Married,2,High School,15,0.233,2,1
HL00814,278231.52,4375.67,694,595714.38,621182.88,38,Purchase,Single Family,Single,5,Bachelor,30,0.041,3,1
HL00815,264221.5,4854.7,748,391335.68,452411.19,16,Purchase,Single Family,Married,2,Bachelor,15,0.135,1,1
HL00816,167680.47,885.77,565,135961.81,167647.11,2,Purchase,Multi Family,Single,0,Master,20,0.189,0,1
HL00817,187600.74,3610.33,621,612874.81,694082.46,6,Refinance,Single Family,Single,1,High School,30,0.117,2,0
HL00818,134725.74,201.43,602,350523.34,380177.16,26,Purchase,Single Family,Married,3,Bachelor,30,0.078,1,1
HL00819,40059.45,2027.11,564,615741.16,766800.95,27,Purchase,Single Family,Married,4,Bachelor,15,0.197,3,0
HL00820,117179.24,2581.42,612,800000.0,1174336.21,30,Refinance,Single Family,Single,5,High School,30,0.203,3,1
HL00821,245784.7,2903.23,707,153575.34,200228.61,14,Refinance,Single Family,Married,5,Bachelor,30,0.233,2,1
HL00822,26273.81,4679.69,540,278199.63,313641.07,7,Purchase,Townhouse,Married,2,Bachelor,30,0.113,2,0
HL00823,116712.27,3361.25,615,521611.74,607231.36,5,Purchase,Condo,Divorced,5,High School,30,0.141,0,0
HL00824,134496.39,2406.39,614,800000.0,1164690.54,27,Purchase,Multi Family,Single,1,Master,15,0.11,3,1
HL00825,172783.79,4048.38,590,800000.0,943286.0,3,Refinance,Townhouse,Single,2,Bachelor,30,0.087,0,0
HL00826,277960.29,4752.66,683,800000.0,1085507.84,29,Home Improvement,Single Family,Married,3,High School,15,0.195,2,1
HL00827,120245.15,110.33,602,403134.13,450429.2,16,Purchase,Single Family,Married,3,High School,30,0.105,1,1
HL00828,120412.13,4912.61,601,800000.0,1191043.28,33,Refinance,Single Family,Married,5,Bachelor,20,0.124,0,0
HL00829,227812.84,430.66,665,167995.18,190686.92,5,Purchase,Single Family,Married,0,High School,15,0.119,3,1
HL00830,149359.93,4071.93,628,109425.34,134594.52,35,Refinance,Single Family,Divorced,3,High School,20,0.187,2,1
HL00831,86766.33,1401.67,571,796840.67,1037552.96,34,Refinance,Single Family,Married,3,High School,15,0.232,2,1
HL00832,149420.87,660.9,688,800000.0,1118172.98,38,Refinance,Single Family,Married,3,High School,20,0.177,0,1
HL00833,63735.68,2199.28,523,153202.79,176908.53,38,Purchase,Single Family,Married,1,Bachelor,30,0.134,0,0
HL00834,73506.42,3219.78,550,161882.08,202605.86,15,Purchase,Single Family,Divorced,4,High School,30,0.201,2,0
HL00835,162051.14,1904.76,770,93114.05,112320.93,1,Refinance,Single Family,Single,4,High School,30,0.171,0,1
HL00836,140204.5,272.83,568,184290.46,192571.01,7,Purchase,Single Family,Married,5,High School,30,0.043,2,0
HL00837,276582.62,2997.31,620,294756.83,310597.29,14,Purchase,Single Family,Married,3,Bachelor,15,0.051,3,1
HL00838,124658.32,4512.02,649,800000.0,1166336.2,26,Purchase,Single Family,Single,4,Bachelor,30,0.038,1,0
HL00839,184661.8,1916.08,538,718918.19,826342.75,15,Purchase,Single Family,Married,5,Bachelor,30,0.13,0,0
HL00840,198872.68,1081.66,637,749287.25,950872.15,0,Refinance,Townhouse,Single,3,PhD,15,0.212,3,1
HL00841,28600.98,2212.89,671,800000.0,948156.83,9,Purchase,Single Family,Single,4,High School,30,0.099,3,0
HL00842,207472.78,241.81,576,599107.8,676957.97,6,Purchase,Single Family,Divorced,4,High School,30,0.115,0,1
HL00843,73959.89,4102.44,487,748574.83,972175.1,9,Purchase,Single Family,Single,5,Bachelor,30,0.23,3,0
HL00844,289294.34,4131.7,619,585792.81,745283.47,11,Refinance,Single Family,Married,2,High School,15,0.214,2,0
HL00845,65882.25,2940.0,627,353384.23,428864.36,16,Home Improvement,Single Family,Single,5,High School,30,0.176,0,0
HL00846,139021.63,1765.51,675,643392.72,706248.87,11,Purchase,Single Family,Married,1,High School,30,0.089,1,1
HL00847,48471.16,3998.92,548,637386.12,675197.16,14,Purchase,Single Family,Single,2,Bachelor,15,0.056,2,0
HL00848,299140.42,2773.44,733,800000.0,1001384.69,31,Purchase,Single Family,Married,2,Bachelor,30,0.034,3,1
HL00849,163103.63,4129.66,701,800000.0,1179443.12,31,Purchase,Single Family,Divorced,4,PhD,30,0.054,3,1
HL00850,188730.88,3157.29,733,486905.14,537422.89,25,Refinance,Single Family,Single,0,Bachelor,30,0.094,1,1
HL00851,43446.03,3922.03,559,792808.52,933814.51,13,Purchase,Single Family,Single,0,Bachelor,20,0.151,1,0
HL00852,231239.13,2992.81,550,178995.11,187233.38,25,Purchase,Condo,Married,1,Bachelor,20,0.044,3,1
HL00853,82724.04,2070.71,550,800000.0,948935.29,4,Purchase,Single Family,Single,3,High School,20,0.06,1,0
HL00854,271964.93,4789.73,664,458344.95,492844.03,37,Home Improvement,Single Family,Single,4,High School,15,0.07,1,1
HL00855,81413.4,2705.57,577,99149.88,119313.93,3,Refinance,Single Family,Single,1,Master,30,0.169,3,0
HL00856,77439.12,3025.45,579,403849.38,483651.95,27,Refinance,Single Family,Married,2,High School,30,0.165,2,0
HL00857,35051.16,1102.44,623,646915.15,761973.09,0,Purchase,Single Family,Married,4,High School,30,0.151,0,0
HL00858,154818.41,3128.25,691,191378.14,209156.44,12,Purchase,Single Family,Married,2,High School,30,0.085,3,1
HL00859,180331.31,2858.04,631,800000.0,1114538.8,2,Refinance,Single Family,Married,1,High School,30,0.112,1,1
HL00860,43069.88,924.19,626,154100.01,162381.46,24,Purchase,Single Family,Single,0,High School,30,0.051,1,0
HL00861,238270.09,297.94,687,800000.0,1121257.56,15,Refinance,Single Family,Divorced,1,Bachelor,30,0.08,2,1
HL00862,149654.43,3021.8,628,672919.47,870529.71,20,Purchase,Single Family,Single,5,High School,30,0.227,3,1
HL00863,169207.32,3818.46,679,336228.35,445926.2,12,Purchase,Single Family,Divorced,4,High School,30,0.246,3,1
HL00864,146209.76,2617.01,626,426083.95,514594.14,35,Purchase,Single Family,Single,4,Master,30,0.172,1,1
HL00865,135209.84,1133.86,720,697659.29,908410.54,7,Refinance,Single Family,Divorced,3,Bachelor,30,0.232,3,1
HL00866,178901.09,3332.61,567,623121.99,751654.99,18,Purchase,Single Family,Married,0,Bachelor,30,0.171,1,0
HL00867,67691.07,400.53,558,799866.15,830598.29,15,Refinance,Single Family,Single,4,Bachelor,30,0.037,1,0
HL00868,75030.24,2209.17,581,385120.45,512810.19,11,Refinance,Single Family,Divorced,0,High School,30,0.249,1,0
HL00869,261991.05,816.83,702,591353.08,623790.17,19,Home Improvement,Condo,Single,4,Bachelor,20,0.052,0,1
HL00870,285181.75,922.3,755,800000.0,1188600.92,17,Purchase,Single Family,Married,0,Bachelor,30,0.18,1,1
HL00871,127660.06,1011.47,612,288516.19,315663.23,11,Purchase,Condo,Divorced,5,Bachelor,20,0.086,2,1
HL00872,99454.79,1933.54,528,481857.98,545088.21,24,Home Improvement,Single Family,Single,1,Bachelor,30,0.116,3,0
HL00873,202099.87,255.75,693,333933.3,403301.09,10,Purchase,Single Family,Single,0,Bachelor,30,0.172,0,1
HL00874,137401.9,1988.97,656,800000.0,935750.45,21,Purchase,Single Family,Married,2,Bachelor,30,0.126,3,1
HL00875,31981.25,2558.54,468,800000.0,934514.2,33,Purchase,Townhouse,Married,5,Bachelor,15,0.085,2,0
HL00876,67941.96,2416.47,583,361985.02,404001.14,12,Purchase,Condo,Divorced,1,Bachelor,15,0.104,0,0
HL00877,221892.36,1913.92,581,149074.88,166564.11,37,Purchase,Single Family,Married,4,Bachelor,30,0.105,3,1
HL00878,206204.08,4195.73,619,66687.08,87861.76,11,Refinance,Single Family,Single,4,Bachelor,30,0.241,0,0
HL00879,32451.4,726.63,521,441370.19,555881.85,38,Refinance,Single Family,Married,3,High School,30,0.206,1,0
HL00880,86042.34,2528.48,633,466331.29,536629.79,35,Purchase,Townhouse,Divorced,5,Bachelor,30,0.131,1,1
HL00881,88545.57,310.21,600,800000.0,1186938.61,27,Refinance,Single Family,Single,2,PhD,30,0.074,3,1
HL00882,209770.5,355.78,590,477993.65,603527.34,26,Purchase,Single Family,Single,5,High School,30,0.208,2,1
HL00883,30420.4,2869.33,609,339845.08,363470.67,38,Purchase,Single Family,Married,3,Master,15,0.065,0,0
HL00884,53629.86,2830.09,505,800000.0,1077633.12,12,Home Improvement,Single Family,Divorced,5,Bachelor,30,0.076,0,0
HL00885,244976.92,4390.17,688,557804.33,627451.44,39,Purchase,Single Family,Single,1,Bachelor,30,0.111,3,1
HL00886,74099.78,2789.37,546,581280.33,749072.59,26,Refinance,Single Family,Divorced,3,Master,30,0.224,1,0
HL00887,204505.18,4798.96,633,171852.29,182627.3,30,Purchase,Single Family,Divorced,1,Bachelor,30,0.059,0,1
HL00888,90500.26,243.47,620,476951.45,505780.96,1,Refinance,Single Family,Single,3,Master,20,0.057,1,1
HL00889,52346.38,490.04,602,800000.0,1137251.63,17,Purchase,Single Family,Married,0,High School,30,0.139,1,0
HL00890,91872.35,220.33,662,671017.95,738193.56,25,Purchase,Single Family,Single,1,High School,30,0.091,2,1
HL00891,223623.41,926.38,657,390867.08,462564.59,30,Purchase,Single Family,Single,1,Bachelor,30,0.155,1,1
HL00892,260316.53,2706.35,695,678400.63,778875.58,37,Purchase,Townhouse,Married,0,Master,30,0.129,1,1
HL00893,253310.46,3227.86,654,800000.0,1099212.48,21,Purchase,Single Family,Married,0,Master,30,0.126,0,1
HL00894,134225.47,227.93,626,362161.26,383239.43,35,Refinance,Single Family,Married,2,High School,30,0.055,2,1
HL00895,208723.41,4729.85,676,604017.68,643256.31,18,Purchase,Condo,Divorced,0,High School,30,0.061,2,0
HL00896,81370.68,4210.83,585,800000.0,1153526.99,13,Refinance,Condo,Single,3,Master,15,0.211,3,0
HL00897,105615.63,1483.06,512,208432.89,268945.66,13,Purchase,Townhouse,Married,0,Bachelor,30,0.225,3,0
HL00898,271492.35,385.94,702,800000.0,884621.92,28,Purchase,Single Family,Married,0,Bachelor,20,0.082,3,1
HL00899,28575.53,849.44,582,724145.12,766291.13,16,Home Improvement,Single Family,Single,1,Master,30,0.055,2,0
HL00900,48514.85,634.72,540,800000.0,839634.52,36,Home Improvement,Single Family,Married,1,High School,15,0.042,1,1
HL00901,82168.72,616.42,526,393022.06,470122.08,8,Purchase,Single Family,Married,5,High School,20,0.164,2,0
HL00902,32296.36,2592.81,639,348056.93,428114.3,0,Refinance,Single Family,Divorced,0,Master,30,0.187,1,0
HL00903,74894.74,1229.24,612,750125.46,844735.88,3,Purchase,Single Family,Married,2,High School,30,0.112,3,0
HL00904,185336.43,1790.7,631,260338.68,317486.2,6,Purchase,Single Family,Married,1,High School,30,0.18,3,1
HL00905,140891.75,4947.53,563,444801.72,547111.59,10,Purchase,Single Family,Divorced,3,High School,30,0.187,1,0
HL00906,270484.72,3421.57,644,219036.11,286696.48,13,Home Improvement,Single Family,Single,5,High School,30,0.236,1,0
HL00907,249796.98,4744.9,740,80631.86,84342.95,18,Home Improvement,Single Family,Married,3,High School,30,0.044,3,1
HL00908,118999.77,712.78,616,800000.0,1166314.53,39,Purchase,Single Family,Married,0,Bachelor,30,0.072,1,1
HL00909,96341.44,1910.7,570,535435.89,560665.85,2,Refinance,Single Family,Single,0,PhD,20,0.045,2,0
HL00910,129415.41,2773.66,640,800000.0,1165518.32,7,Refinance,Single Family,Married,2,High School,30,0.221,3,1
HL00911,187331.11,383.79,602,185359.71,232863.96,28,Purchase,Townhouse,Single,0,Bachelor,20,0.204,2,1
HL00912,98717.5,20.94,674,621004.76,735787.63,36,Refinance,Single Family,Divorced,5,High School,30,0.156,3,1
HL00913,196640.95,3352.17,715,286643.19,301095.79,8,Purchase,Townhouse,Married,4,High School,30,0.048,0,1
HL00914,137588.2,3209.1,595,800000.0,963833.39,18,Purchase,Single Family,Single,4,Bachelor,30,0.09,2,1
HL00915,176812.97,2053.94,606,800000.0,956665.86,11,Refinance,Single Family,Single,0,PhD,30,0.095,0,1
HL00916,144934.8,2448.22,491,170825.53,201683.04,26,Purchase,Single Family,Married,5,Master,15,0.153,3,0
HL00917,105978.08,2077.22,528,800000.0,1101072.51,36,Purchase,Single Family,Single,4,High School,30,0.087,2,0
HL00918,285824.66,120.03,625,280436.27,293958.35,24,Purchase,Single Family,Married,3,High School,30,0.046,2,1
HL00919,234991.59,1676.86,674,618561.0,764599.51,37,Refinance,Single Family,Single,5,Master,15,0.191,2,1
HL00920,63531.12,885.41,565,800000.0,1183837.82,16,Purchase,Single Family,Single,5,High School,30,0.096,1,0
HL00921,263828.69,492.12,614,800000.0,1067696.1,32,Purchase,Single Family,Single,0,Bachelor,30,0.13,2,1
HL00922,159043.58,4783.6,615,800000.0,1151134.42,38,Refinance,Single Family,Single,3,High School,15,0.058,2,1
HL00923,271001.86,2996.8,710,365115.93,460423.62,13,Purchase,Single Family,Married,3,Bachelor,30,0.207,0,1
HL00924,244960.2,3643.28,698,163931.62,193772.6,27,Refinance,Single Family,Married,4,Bachelor,20,0.154,2,1
HL00925,141933.71,1576.82,525,221479.26,286890.23,17,Purchase,Condo,Married,2,Bachelor,15,0.228,1,0
HL00926,31179.06,1965.74,559,549366.87,638056.76,32,Purchase,Condo,Married,3,Master,30,0.139,2,0
HL00927,98886.27,1184.62,530,738113.53,967383.39,14,Purchase,Multi Family,Married,4,High School,20,0.237,0,0
HL00928,173949.41,484.83,682,188796.29,243922.85,10,Purchase,Single Family,Single,2,High School,30,0.226,2,1
HL00929,199206.51,895.16,688,688897.89,817197.97,35,Home Improvement,Condo,Single,5,Bachelor,30,0.157,2,1
HL00930,95919.11,3987.57,553,335853.97,439024.8,14,Purchase,Townhouse,Single,4,High School,30,0.235,0,0
HL00931,63322.92,3387.73,543,412508.24,458852.33,29,Refinance,Single Family,Married,4,High School,30,0.101,3,0
HL00932,254605.82,2734.64,654,729495.13,819657.45,14,Purchase,Single Family,Married,0,High School,15,0.11,2,1
HL00933,295710.6,2375.45,585,576359.38,600374.35,22,Refinance,Multi Family,Married,5,High School,30,0.04,3,1
HL00934,169564.8,4612.17,651,800000.0,988537.45,14,Home Improvement,Multi Family,Married,5,PhD,30,0.16,0,1
HL00935,72211.8,363.67,572,203081.15,250408.32,28,Purchase,Single Family,Single,1,Bachelor,30,0.189,0,1
HL00936,99884.51,1403.0,648,770953.44,963691.8,10,Purchase,Single Family,Divorced,2,Bachelor,30,0.2,3,0
HL00937,30057.44,1749.69,510,137986.98,147264.65,17,Home Improvement,Condo,Divorced,4,Bachelor,30,0.063,1,0
HL00938,276432.17,3912.13,657,255766.86,293310.62,39,Refinance,Single Family,Single,3,Bachelor,20,0.128,1,1
HL00939,57381.55,4962.57,503,757059.81,813168.43,30,Purchase,Single Family,Married,3,Bachelor,15,0.069,0,0
HL00940,183542.03,1203.35,591,800000.0,1036791.36,8,Purchase,Multi Family,Married,1,High School,15,0.176,1,1
HL00941,100365.19,4371.54,541,335912.38,359264.58,21,Purchase,Condo,Married,2,High School,30,0.065,1,0
HL00942,177398.95,4153.11,688,341622.82,443090.56,10,Refinance,Townhouse,Divorced,0,High School,20,0.229,0,1
HL00943,204140.61,1123.29,617,624240.71,679260.84,16,Refinance,Single Family,Married,2,Master,30,0.081,2,1
HL00944,253179.0,1996.66,682,283595.59,313019.41,32,Home Improvement,Single Family,Married,3,Bachelor,30,0.094,2,1
HL00945,81765.85,2048.36,571,773252.27,987550.79,10,Purchase,Multi Family,Married,3,Bachelor,30,0.217,2,0
HL00946,28023.85,4891.1,500,800000.0,945341.23,38,Purchase,Single Family,Single,0,High School,15,0.131,1,0
HL00947,62643.55,904.46,572,230107.32,238453.18,7,Purchase,Condo,Single,0,Bachelor,30,0.035,3,0
HL00948,272505.13,3995.79,716,513852.08,596808.45,3,Purchase,Single Family,Single,3,Bachelor,30,0.139,1,1
HL00949,265319.77,1670.96,622,800000.0,946681.24,35,Purchase,Single Family,Single,4,High School,30,0.049,2,1
HL00950,189288.6,3654.35,685,342235.28,454495.72,18,Purchase,Single Family,Divorced,4,High School,30,0.247,0,1
HL00951,190142.14,2100.06,602,662073.2,787245.18,23,Refinance,Single Family,Married,0,Master,15,0.159,0,1
HL00952,207885.09,2891.8,629,120181.64,131489.76,40,Purchase,Single Family,Divorced,5,Bachelor,15,0.086,0,1
HL00953,73227.1,4163.06,613,642769.53,759774.86,17,Purchase,Single Family,Married,4,High School,30,0.154,1,0
HL00954,276463.29,4020.83,655,235138.07,246734.6,32,Home Improvement,Single Family,Married,0,High School,30,0.047,3,1
HL00955,140161.89,4332.12,621,800000.0,1009406.24,35,Home Improvement,Single Family,Single,2,High School,20,0.206,2,1
HL00956,130363.1,298.09,599,363758.58,474880.65,9,Purchase,Condo,Married,2,Bachelor,30,0.234,0,1
HL00957,167702.37,3460.25,640,304780.02,391748.1,13,Home Improvement,Single Family,Single,2,Bachelor,15,0.222,2,1
HL00958,37915.64,699.94,449,800000.0,1021000.1,6,Purchase,Single Family,Divorced,0,Bachelor,30,0.105,2,0
HL00959,70727.93,2079.09,493,118008.0,131412.03,11,Purchase,Single Family,Divorced,0,PhD,30,0.102,1,0
HL00960,227959.24,2742.94,694,501379.87,521184.9,21,Refinance,Single Family,Single,4,Master,30,0.038,0,1
HL00961,47769.63,2013.7,625,406267.04,491253.98,26,Refinance,Single Family,Single,4,Master,15,0.173,1,1
HL00962,190866.83,2598.06,599,336881.16,395400.42,36,Refinance,Single Family,Married,4,High School,30,0.148,2,1
HL00963,92471.01,4982.63,584,800000.0,1100723.62,10,Refinance,Single Family,Single,1,Bachelor,30,0.131,2,0
HL00964,132056.29,676.09,630,708241.72,919794.44,35,Purchase,Single Family,Married,0,Bachelor,15,0.23,2,1
HL00965,104390.78,3377.28,636,137070.35,146913.56,12,Purchase,Single Family,Married,5,Bachelor,30,0.067,0,0
HL00966,122810.0,1980.0,510,800000.0,879023.38,31,Purchase,Townhouse,Married,2,Master,30,0.032,0,0
HL00967,222737.62,665.05,617,637473.79,668211.52,7,Purchase,Townhouse,Married,2,High School,20,0.046,0,1
HL00968,106708.47,793.68,586,800000.0,1088476.38,6,Purchase,Single Family,Married,1,Master,30,0.079,2,0
HL00969,180761.28,4746.37,675,411262.46,427063.82,16,Purchase,Single Family,Single,1,Bachelor,30,0.037,2,1
HL00970,155913.86,4398.01,752,619280.8,720932.25,21,Refinance,Townhouse,Married,2,High School,30,0.141,3,1
HL00971,207509.57,4535.21,642,575153.06,638349.68,33,Refinance,Single Family,Divorced,0,Bachelor,30,0.099,0,1
HL00972,282628.18,4957.66,620,581953.1,625756.02,19,Refinance,Single Family,Single,2,High School,30,0.07,2,1
HL00973,226457.33,1041.58,683,473435.45,588118.57,7,Purchase,Single Family,Single,2,High School,20,0.195,2,1
HL00974,84108.6,1777.2,658,283358.17,306333.16,21,Refinance,Multi Family,Single,5,Master,30,0.075,3,1
HL00975,33575.36,3346.1,572,757717.23,925173.66,26,Refinance,Condo,Married,1,Bachelor,20,0.181,3,0
HL00976,97122.61,2419.01,553,520398.46,582753.04,33,Home Improvement,Single Family,Single,1,High School,15,0.107,2,0
HL00977,188646.43,2091.95,692,800000.0,1153330.81,20,Purchase,Single Family,Married,4,Master,30,0.143,0,1
HL00978,39142.1,1789.06,602,281833.25,368409.48,14,Purchase,Multi Family,Single,1,High School,15,0.235,1,0
HL00979,161500.72,2968.9,579,800000.0,843086.82,4,Home Improvement,Single Family,Married,5,High School,30,0.038,1,0
HL00980,189131.78,2877.97,663,800000.0,1133306.71,37,Home Improvement,Single Family,Married,5,High School,30,0.14,1,1
HL00981,116917.07,807.29,658,642327.46,821390.61,16,Purchase,Single Family,Single,2,High School,30,0.218,0,1
HL00982,237000.86,2358.7,727,800000.0,1055182.02,7,Purchase,Condo,Single,5,High School,30,0.159,2,1
HL00983,54314.52,2767.36,573,800000.0,1005916.08,18,Refinance,Single Family,Single,4,Master,30,0.091,1,0
HL00984,45662.89,2851.43,554,423956.94,480132.43,4,Purchase,Condo,Married,2,PhD,15,0.117,1,0
HL00985,225251.91,1050.54,723,615114.33,750139.43,22,Refinance,Single Family,Married,0,Master,20,0.18,0,1
HL00986,161260.11,3711.36,570,194114.56,250794.01,18,Purchase,Single Family,Single,0,Bachelor,30,0.226,2,0
HL00987,214310.66,126.0,679,651045.42,677466.62,13,Purchase,Single Family,Married,1,Bachelor,30,0.039,2,1
HL00988,144577.52,1774.16,553,318850.38,334224.72,9,Purchase,Condo,Single,4,Bachelor,20,0.046,0,0
HL00989,92760.56,3901.06,649,800000.0,911703.92,30,Purchase,Single Family,Married,5,Bachelor,30,0.102,1,1
HL00990,250253.14,2819.46,662,614871.4,669065.72,12,Purchase,Single Family,Single,3,Bachelor,20,0.081,2,1
HL00991,244839.37,1305.81,735,490319.27,537630.78,21,Purchase,Single Family,Divorced,0,PhD,30,0.088,2,1
HL00992,216041.53,3474.77,682,347582.39,377396.73,36,Purchase,Single Family,Married,5,High School,15,0.079,1,1
HL00993,99839.91,2836.95,538,800000.0,1198535.79,38,Purchase,Condo,Married,0,High School,20,0.073,0,0
HL00994,187313.43,3981.22,714,146489.55,155674.34,9,Purchase,Single Family,Single,0,High School,30,0.059,1,1
HL00995,124267.82,3675.13,689,94864.41,124005.77,30,Purchase,Single Family,Single,0,Bachelor,30,0.235,3,1
HL00996,50185.07,3050.54,619,299610.88,319414.58,34,Home Improvement,Single Family,Married,1,Bachelor,30,0.062,2,0
HL00997,277261.23,2440.89,650,800000.0,1167456.52,12,Purchase,Single Family,Married,4,Bachelor,30,0.075,0,1
HL00998,62625.12,665.91,566,800000.0,1176642.94,29,Purchase,Townhouse,Single,0,High School,15,0.084,1,0
HL00999,286315.27,1306.67,700,621022.18,811793.7,33,Purchase,Single Family,Married,5,Bachelor,30,0.235,1,1
HL01000,147651.59,2095.5,588,800000.0,1065120.0,35,Refinance,Single Family,Married,5,Bachelor,30,0.196,0,1
HL01001,75911.56,2996.5,672,251302.73,315706.95,34,Purchase,Single Family,Single,1,Bachelor,30,0.204,2,0
HL01002,174022.76,2568.54,644,800000.0,1168547.36,3,Purchase,Single Family,Married,4,Master,15,0.053,0,1
HL01003,265060.1,1440.92,547,185207.51,235632.96,3,Purchase,Single Family,Divorced,4,High School,30,0.214,3,0
HL01004,226361.84,32.32,680,166113.94,188765.84,5,Refinance,Single Family,Single,3,High School,30,0.12,0,1
HL01005,246804.32,2481.2,655,183529.04,201237.98,27,Refinance,Townhouse,Married,2,High School,30,0.088,3,1
HL01006,206165.43,1428.13,649,606765.19,719768.91,29,Purchase,Single Family,Married,0,High School,30,0.157,2,1
HL01007,215376.06,3673.04,639,752387.4,953596.2,26,Purchase,Single Family,Divorced,1,High School,20,0.211,1,1
HL01008,258528.8,119.73,719,389512.96,487500.58,4,Purchase,Single Family,Single,4,High School,15,0.201,3,1
HL01009,93658.7,2924.14,652,800000.0,1175132.99,38,Purchase,Single Family,Divorced,3,Bachelor,30,0.226,3,1
HL01010,159591.87,4707.37,643,431811.56,563722.66,34,Refinance,Single Family,Single,2,High School,30,0.234,0,1
HL01011,85832.6,872.05,575,224225.74,244254.62,38,Purchase,Single Family,Married,4,Master,30,0.082,0,1
HL01012,296608.7,2358.25,696,525509.44,599212.59,14,Purchase,Single Family,Single,4,High School,30,0.123,1,1
HL01013,284616.32,457.11,693,800000.0,838916.81,18,Purchase,Single Family,Single,0,High School,30,0.033,2,1
HL01014,35842.37,3128.41,527,785744.36,1011254.0,29,Refinance,Condo,Married,2,High School,30,0.223,3,0
HL01015,219033.17,2752.66,688,553283.01,591114.33,37,Refinance,Single Family,Married,2,Master,30,0.064,1,1
HL01016,279443.29,2036.83,712,579389.99,742807.68,31,Home Improvement,Multi Family,Single,1,Bachelor,30,0.22,3,1
HL01017,74658.22,2606.89,664,337434.99,375762.8,39,Purchase,Single Family,Single,3,Bachelor,30,0.102,1,1
HL01018,181184.94,4482.87,703,712672.26,801656.09,28,Purchase,Single Family,Single,5,High School,30,0.111,0,1
HL01019,276759.28,981.47,654,800000.0,1184218.44,5,Purchase,Single Family,Single,1,Bachelor,15,0.039,0,1
HL01020,34335.14,112.82,608,116906.37,130185.27,25,Purchase,Single Family,Single,3,Bachelor,20,0.102,2,1
HL01021,216790.57,4308.32,610,800000.0,1072347.0,26,Purchase,Single Family,Single,1,High School,30,0.225,0,1
HL01022,106770.98,2885.59,638,682095.38,707567.82,34,Purchase,Single Family,Single,3,Bachelor,30,0.036,1,0
HL01023,279208.95,4453.29,663,315936.28,358610.99,27,Purchase,Single Family,Married,5,High School,30,0.119,3,1
HL01024,292041.02,2984.73,644,800000.0,1149250.92,4,Home Improvement,Single Family,Married,0,High School,30,0.037,1,1
HL01025,284673.28,4050.81,706,549470.95,618773.59,40,Refinance,Single Family,Single,3,Bachelor,20,0.112,2,1
HL01026,155408.91,2148.37,493,417677.23,448151.53,15,Purchase,Single Family,Single,5,PhD,30,0.068,0,0
HL01027,262061.73,3749.3,593,255454.12,279184.83,40,Purchase,Single Family,Married,1,Bachelor,30,0.085,0,1
HL01028,257251.08,4565.21,669,271956.79,350008.74,17,Purchase,Single Family,Single,2,High School,15,0.223,3,0
HL01029,112752.63,2860.61,610,800000.0,1011955.17,12,Purchase,Townhouse,Married,4,High School,30,0.126,2,0
HL01030,252951.76,903.93,658,697252.25,766211.26,24,Purchase,Condo,Divorced,5,Master,30,0.09,2,1
HL01031,35177.1,1343.99,488,800000.0,1102401.32,9,Purchase,Single Family,Married,5,High School,30,0.16,0,0
HL01032,188974.22,993.22,603,315470.67,335964.51,28,Home Improvement,Single Family,Married,5,Bachelor,30,0.061,2,1
HL01033,88252.43,1234.29,613,192899.46,211280.9,9,Purchase,Single Family,Married,3,Bachelor,15,0.087,1,0
HL01034,58155.89,1532.08,608,69571.2,81848.47,5,Purchase,Condo,Single,3,Bachelor,30,0.15,2,0
HL01035,46162.13,2775.67,572,593344.52,646344.79,15,Refinance,Condo,Married,2,High School,15,0.082,1,0
HL01036,216479.41,2939.96,716,800000.0,1198095.3,24,Purchase,Single Family,Divorced,0,High School,30,0.179,1,1
HL01037,118465.62,2132.5,629,738592.57,856835.93,3,Purchase,Condo,Divorced,1,Bachelor,30,0.138,1,1
HL01038,224310.86,3077.1,624,337555.14,421943.92,36,Purchase,Single Family,Married,0,PhD,15,0.2,0,1
HL01039,42972.99,407.87,557,800000.0,1061465.91,33,Refinance,Condo,Single,3,High School,15,0.239,1,0
HL01040,111704.84,438.94,535,800000.0,954437.55,18,Purchase,Single Family,Single,3,Bachelor,15,0.055,3,0
HL01041,173360.11,859.15,631,82738.49,92342.06,32,Purchase,Single Family,Single,5,Bachelor,30,0.104,2,1
HL01042,242448.87,2590.39,726,800000.0,993968.04,3,Home Improvement,Townhouse,Married,5,Bachelor,20,0.1,1,1
HL01043,112656.94,1069.97,640,387067.77,413092.6,33,Purchase,Single Family,Single,0,Bachelor,15,0.063,3,1
HL01044,197120.13,1416.42,718,192759.06,243382.65,11,Refinance,Multi Family,Single,1,Bachelor,20,0.208,0,1
HL01045,268643.88,2001.56,669,264686.62,329622.19,30,Refinance,Single Family,Married,3,Master,30,0.197,0,1
HL01046,194362.38,4059.33,714,519657.42,602152.28,15,Purchase,Single Family,Single,3,High School,30,0.137,0,1
HL01047,89063.86,69.31,584,471135.91,552976.42,1,Refinance,Condo,Married,0,Master,30,0.148,0,1
HL01048,31710.21,3246.89,639,382798.29,399998.21,1,Refinance,Single Family,Single,4,Bachelor,30,0.043,2,0
HL01049,264277.19,3344.38,681,227896.28,268745.61,35,Home Improvement,Single Family,Married,5,Bachelor,30,0.152,0,1
HL01050,30849.09,3993.28,600,742277.67,932509.64,5,Purchase,Single Family,Single,2,High School,30,0.204,2,0
HL01051,265542.96,4663.76,756,800000.0,1188873.51,22,Home Improvement,Multi Family,Married,3,Bachelor,15,0.156,3,1
HL01052,170457.71,100.69,625,800000.0,950015.53,38,Purchase,Condo,Married,1,High School,30,0.088,0,1
HL01053,283243.62,768.92,702,335725.64,407929.09,36,Refinance,Single Family,Married,4,High School,30,0.177,0,1
HL01054,244665.39,4430.86,736,311864.97,350410.08,15,Purchase,Single Family,Married,0,High School,30,0.11,3,1
HL01055,299431.88,2292.59,693,271892.99,319874.11,18,Purchase,Single Family,Married,0,Master,30,0.15,3,1
HL01056,121445.75,2822.95,544,197438.83,228781.96,23,Purchase,Single Family,Single,1,Bachelor,30,0.137,2,0
HL01057,235976.78,3315.14,775,615988.73,695246.87,26,Purchase,Multi Family,Married,5,Bachelor,30,0.114,1,1
HL01058,135531.0,3395.33,594,613933.24,756075.42,6,Purchase,Single Family,Single,5,Bachelor,30,0.188,2,0
HL01059,156965.8,4658.7,636,674103.82,868690.49,29,Purchase,Single Family,Single,4,Master,30,0.224,1,1
HL01060,197564.0,4984.75,706,800000.0,840240.04,40,Purchase,Single Family,Single,1,Master,30,0.031,2,1
HL01061,265261.21,3600.79,652,308964.36,403874.98,13,Purchase,Multi Family,Single,3,High School,30,0.235,1,1
HL01062,295622.95,1436.11,647,382736.1,446599.88,14,Purchase,Single Family,Divorced,4,High School,30,0.143,0,1
HL01063,236275.19,4398.76,680,686830.34,841703.85,11,Purchase,Multi Family,Single,2,Bachelor,30,0.184,1,1
HL01064,139885.87,246.1,530,366076.57,468128.6,28,Refinance,Single Family,Single,2,High School,15,0.218,3,0
HL01065,140873.18,1155.4,606,272412.35,314201.09,22,Refinance,Condo,Married,1,PhD,30,0.133,3,0
HL01066,227835.13,4486.93,676,389956.74,496128.17,12,Purchase,Single Family,Single,2,High School,30,0.214,1,1
HL01067,90663.72,1280.96,581,354799.15,381094.68,8,Purchase,Single Family,Divorced,1,Bachelor,30,0.069,0,0
HL01068,55380.38,1103.26,500,163018.94,174351.81,23,Refinance,Single Family,Divorced,3,Bachelor,30,0.065,0,0
HL01069,122521.09,690.63,690,800000.0,1008906.27,38,Purchase,Single Family,Single,5,High School,30,0.175,1,1
HL01070,103990.72,4295.56,607,800000.0,1034750.31,29,Purchase,Single Family,Single,3,High School,30,0.221,1,0
HL01071,106484.73,2500.29,674,249397.58,322219.09,0,Purchase,Townhouse,Single,1,High School,15,0.226,3,0
HL01072,89242.13,3374.47,581,122435.3,147868.72,9,Home Improvement,Single Family,Married,3,Bachelor,30,0.172,3,0
HL01073,36575.63,1195.33,524,773878.46,906180.87,37,Purchase,Multi Family,Single,2,High School,15,0.146,2,0
HL01074,29915.33,3790.2,578,280733.82,312969.7,14,Refinance,Single Family,Married,3,Bachelor,30,0.103,0,0
HL01075,296623.66,3800.03,687,390281.66,517614.93,8,Purchase,Single Family,Married,2,Bachelor,30,0.246,0,1
HL01076,142637.61,1562.99,562,132436.94,147152.16,12,Refinance,Townhouse,Married,5,Bachelor,30,0.1,0,0
HL01077,130689.83,2053.41,688,265619.94,329553.28,22,Purchase,Condo,Single,5,High School,30,0.194,2,1
HL01078,211903.0,1048.45,624,800000.0,967015.06,32,Purchase,Single Family,Single,2,High School,15,0.147,2,1
HL01079,85019.82,4882.81,500,800000.0,979946.0,8,Purchase,Single Family,Married,0,Bachelor,30,0.164,3,0
HL01080,286239.33,3228.01,759,271937.89,307970.43,2,Home Improvement,Townhouse,Married,3,High School,15,0.117,3,1
HL01081,241244.88,4672.72,645,343300.53,452903.08,29,Purchase,Condo,Single,3,Bachelor,30,0.242,1,1
HL01082,49588.03,1516.93,544,190759.38,226018.22,8,Purchase,Condo,Married,1,High School,30,0.156,2,0
HL01083,139834.71,3909.45,531,121051.38,158444.21,24,Refinance,Condo,Married,1,Bachelor,30,0.236,2,0
HL01084,266757.53,3829.29,770,800000.0,1191193.18,23,Purchase,Single Family,Single,4,Bachelor,20,0.032,2,1
HL01085,284801.31,3458.28,627,685786.46,812543.2,31,Purchase,Townhouse,Divorced,2,Bachelor,30,0.156,0,1
HL01086,153535.42,4828.19,629,556105.16,684858.57,6,Purchase,Single Family,Married,5,PhD,30,0.188,3,0
HL01087,193688.13,1967.78,692,754565.76,936185.81,35,Purchase,Single Family,Married,5,High School,30,0.194,1,1
HL01088,70934.34,653.59,606,786486.92,1020086.8,24,Purchase,Single Family,Divorced,0,Master,15,0.229,2,1
HL01089,297571.37,3358.54,695,800000.0,982554.11,19,Refinance,Single Family,Married,2,High School,15,0.031,2,1
HL01090,88709.72,3646.55,509,90798.67,93606.88,16,Purchase,Single Family,Married,3,High School,30,0.03,2,0
HL01091,284251.24,2875.3,651,246947.6,285158.89,35,Refinance,Single Family,Married,4,High School,30,0.134,0,1
HL01092,203652.83,1034.09,661,782544.8,811768.46,25,Purchase,Single Family,Married,2,Bachelor,30,0.036,1,1
HL01093,192127.62,2522.28,606,376283.33,497729.27,18,Purchase,Single Family,Single,4,Bachelor,30,0.244,1,0
HL01094,165989.34,1560.95,643,800000.0,1180292.98,36,Purchase,Single Family,Single,2,Bachelor,30,0.079,2,1
HL01095,88434.2,2137.33,628,713220.62,823580.39,2,Refinance,Single Family,Single,3,Bachelor,20,0.134,1,0
HL01096,73545.21,3226.09,634,800000.0,1151117.52,27,Purchase,Single Family,Married,3,Master,15,0.043,0,0
HL01097,85633.71,3726.07,531,257891.33,301627.29,21,Refinance,Condo,Married,2,Bachelor,30,0.145,2,0
HL01098,76270.52,1161.12,697,800000.0,1046951.66,18,Refinance,Single Family,Married,5,High School,30,0.114,3,1
HL01099,239385.73,2026.63,708,419060.49,436521.34,15,Purchase,Single Family,Married,5,High School,20,0.04,3,1
HL01100,121284.45,1345.81,610,800000.0,1188260.41,5,Purchase,Multi Family,Single,0,High School,30,0.104,1,0
HL01101,40906.74,993.16,624,223121.39,252399.76,36,Purchase,Single Family,Single,3,High School,30,0.116,3,0
HL01102,291503.22,3916.94,814,493223.49,655882.3,30,Refinance,Single Family,Single,1,High School,30,0.248,3,1
HL01103,268041.12,4546.26,612,800000.0,966950.1,33,Purchase,Single Family,Single,0,High School,15,0.076,2,1
HL01104,280131.88,1851.16,678,477464.37,561722.79,30,Refinance,Condo,Married,2,PhD,30,0.15,0,1
HL01105,298599.65,3756.39,580,453000.71,601594.57,10,Purchase,Condo,Married,0,Bachelor,30,0.247,2,1
HL01106,72821.19,4484.98,596,800000.0,1184650.27,35,Refinance,Single Family,Single,1,Master,30,0.204,0,0
HL01107,133966.56,4230.62,635,415657.22,553471.67,5,Purchase,Condo,Married,3,Master,30,0.249,2,1
HL01108,233515.58,914.07,664,571217.9,754581.11,26,Purchase,Condo,Divorced,3,Bachelor,20,0.243,3,1
HL01109,216405.67,4781.46,625,117539.84,136357.12,6,Home Improvement,Single Family,Single,5,High School,15,0.138,2,1
HL01110,67321.37,1883.38,481,800000.0,1022486.34,31,Refinance,Single Family,Married,3,Bachelor,30,0.183,1,0
HL01111,249354.11,1696.2,693,760762.85,804189.06,7,Purchase,Condo,Single,5,High School,15,0.054,1,1
HL01112,86721.16,312.16,666,462273.25,529522.62,32,Refinance,Single Family,Married,1,High School,30,0.127,0,1
HL01113,86549.84,2430.87,563,73807.06,93190.73,14,Refinance,Single Family,Single,0,High School,30,0.208,0,0
HL01114,172667.97,545.07,658,636198.95,740627.42,26,Purchase,Single Family,Married,2,High School,15,0.141,0,1
HL01115,188058.48,1242.7,565,72730.65,89240.06,29,Purchase,Single Family,Married,2,Bachelor,30,0.185,1,0
HL01116,184523.71,1584.71,665,61541.38,76354.07,21,Purchase,Single Family,Divorced,0,Master,30,0.194,2,1
HL01117,50158.88,4044.13,555,702053.34,768110.88,28,Home Improvement,Single Family,Married,3,High School,30,0.086,3,0
HL01118,266301.74,4377.44,645,223499.54,287644.2,40,Purchase,Single Family,Single,5,High School,30,0.223,0,1
HL01119,98040.01,1512.33,561,252769.06,290873.49,29,Purchase,Townhouse,Married,2,High School,30,0.131,2,0
HL01120,60616.6,4293.49,560,748375.79,809930.51,1,Purchase,Single Family,Married,3,Bachelor,20,0.076,2,0
HL01121,269405.72,4286.15,703,105619.29,135409.34,14,Purchase,Single Family,Married,4,High School,30,0.22,1,1
HL01122,287804.16,3823.25,628,375416.35,427581.26,26,Purchase,Multi Family,Divorced,4,PhD,30,0.122,1,1
HL01123,262085.09,733.48,661,195704.27,243110.89,6,Purchase,Townhouse,Married,2,High School,15,0.195,3,1
HL01124,247616.92,3451.61,671,617815.96,727698.42,26,Purchase,Single Family,Married,0,PhD,15,0.151,2,1
HL01125,205191.54,4725.12,597,726064.42,819485.8,20,Home Improvement,Single Family,Single,0,High School,30,0.114,0,0
HL01126,176485.78,3412.7,728,701932.05,886277.84,12,Home Improvement,Single Family,Single,0,Bachelor,30,0.208,1,1
HL01127,48921.36,1658.08,531,304555.64,362135.12,16,Purchase,Townhouse,Divorced,3,High School,15,0.159,2,0
HL01128,137324.63,2502.9,585,155058.88,175405.97,10,Purchase,Single Family,Divorced,4,Bachelor,15,0.116,1,1
HL01129,127489.34,3228.63,564,154689.08,163519.11,9,Refinance,Single Family,Single,3,High School,15,0.054,2,0
HL01130,96432.29,2552.85,688,428567.04,554420.49,32,Purchase,Condo,Married,1,Master,30,0.227,1,1
HL01131,223940.53,599.76,689,800000.0,1139074.96,13,Refinance,Single Family,Married,1,High School,30,0.038,0,1
HL01132,161365.83,1560.32,583,249557.22,319945.16,36,Refinance,Condo,Married,2,Bachelor,30,0.22,3,1
HL01133,47287.71,4011.98,628,324176.36,363834.3,7,Refinance,Single Family,Married,1,High School,30,0.109,0,0
HL01134,85550.38,4307.09,602,156266.42,188499.9,32,Purchase,Single Family,Single,0,High School,30,0.171,1,0
HL01135,212896.16,686.5,669,580056.45,756266.56,6,Home Improvement,Single Family,Divorced,2,High School,30,0.233,1,1
HL01136,45935.99,4761.93,555,786945.99,839856.98,33,Refinance,Single Family,Single,4,PhD,30,0.063,1,0
HL01137,259081.9,1644.11,642,674561.48,798297.61,6,Refinance,Condo,Married,5,High School,15,0.155,0,1
HL01138,161165.29,3311.57,647,800000.0,1043771.52,6,Purchase,Condo,Married,4,High School,30,0.198,1,0
HL01139,157161.31,3759.13,601,499649.94,622229.06,40,Refinance,Condo,Married,1,High School,15,0.197,0,1
HL01140,187912.14,4059.73,734,193229.6,226264.17,35,Purchase,Single Family,Married,1,Bachelor,30,0.146,1,1
HL01141,251787.27,4728.75,612,333683.78,400580.77,6,Purchase,Single Family,Married,4,High School,30,0.167,3,1
HL01142,120647.53,1564.6,687,658647.68,820233.72,19,Purchase,Single Family,Married,1,Master,30,0.197,3,1
HL01143,211454.44,4292.53,650,600338.34,764762.22,17,Home Improvement,Single Family,Married,1,Bachelor,30,0.215,1,1
HL01144,180576.29,658.43,655,539247.57,672378.52,40,Refinance,Single Family,Single,3,Bachelor,15,0.198,2,1
HL01145,98432.77,3525.2,640,752254.79,843334.97,13,Refinance,Condo,Divorced,5,High School,20,0.108,0,0
HL01146,266623.25,3709.89,651,594840.6,792064.71,39,Purchase,Single Family,Single,5,Bachelor,30,0.249,1,1
HL01147,244292.16,3388.62,715,800000.0,1066490.5,13,Purchase,Single Family,Married,4,High School,30,0.126,0,1
HL01148,206074.25,1261.57,517,708569.03,734268.42,20,Refinance,Townhouse,Single,4,High School,30,0.035,2,0
HL01149,258909.98,4365.22,643,800000.0,950926.53,26,Purchase,Single Family,Married,1,High School,30,0.11,3,1
HL01150,263505.91,844.29,635,334217.41,354795.55,25,Refinance,Single Family,Single,0,Bachelor,30,0.058,0,1
HL01151,219799.82,268.17,597,790191.95,837955.41,26,Purchase,Single Family,Divorced,3,High School,30,0.057,0,1
HL01152,255178.67,3587.32,666,800000.0,1089968.38,23,Refinance,Multi Family,Single,0,High School,30,0.092,0,1
HL01153,216804.65,2377.38,677,487573.02,508948.87,4,Refinance,Single Family,Single,1,Bachelor,20,0.042,0,1
HL01154,212038.71,4245.49,691,779272.12,951492.21,37,Purchase,Single Family,Married,4,High School,30,0.181,0,1
HL01155,195118.13,1916.99,659,800000.0,890387.96,27,Purchase,Townhouse,Single,0,Bachelor,15,0.046,3,1
HL01156,231997.08,841.39,632,131319.45,141966.97,31,Purchase,Townhouse,Married,5,Bachelor,30,0.075,0,1
HL01157,68616.4,4182.21,602,692737.01,729196.85,23,Home Improvement,Townhouse,Divorced,2,High School,30,0.05,0,0
HL01158,267239.46,2744.55,689,211718.65,221463.02,5,Refinance,Single Family,Married,0,High School,30,0.044,3,1
HL01159,264756.97,945.98,729,800000.0,1163234.07,9,Refinance,Condo,Single,4,High School,30,0.089,1,1
HL01160,33043.0,3601.92,605,800000.0,987833.44,2,Purchase,Single Family,Single,5,Bachelor,30,0.156,1,0
HL01161,252099.61,2555.57,677,150416.97,198439.28,6,Refinance,Single Family,Single,1,PhD,15,0.242,0,1
HL01162,60439.21,3021.56,535,164701.47,211971.0,28,Refinance,Single Family,Single,0,High School,30,0.223,3,0
HL01163,117157.68,2304.49,575,577919.46,743783.09,33,Purchase,Condo,Single,1,Bachelor,30,0.223,0,1
HL01164,229464.77,4143.54,637,431053.3,463000.32,6,Home Improvement,Single Family,Divorced,3,Bachelor,30,0.069,1,0
HL01165,69208.97,4147.81,568,104213.41,114269.09,16,Purchase,Single Family,Married,2,Bachelor,30,0.088,3,0
HL01166,249940.93,3546.94,688,652182.41,684346.7,12,Purchase,Single Family,Single,4,Bachelor,30,0.047,2,1
HL01167,253836.9,527.01,712,408549.27,511325.74,20,Purchase,Single Family,Single,4,High School,15,0.201,3,1
HL01168,164553.63,4194.27,629,180219.05,188711.05,30,Purchase,Single Family,Married,1,High School,30,0.045,1,1
HL01169,26756.11,3355.06,564,800000.0,977160.44,8,Refinance,Single Family,Single,2,Master,15,0.152,3,0
HL01170,103935.49,3485.12,609,800000.0,1104461.36,12,Purchase,Condo,Divorced,5,Bachelor,20,0.085,2,0
HL01171,194654.9,1814.91,621,800000.0,926168.18,16,Refinance,Single Family,Single,4,High School,15,0.084,3,1
HL01172,294826.2,4396.4,651,752169.28,1000225.1,7,Purchase,Condo,Divorced,0,High School,30,0.248,0,1
HL01173,198748.72,3626.86,561,256115.72,318551.89,8,Purchase,Single Family,Married,4,High School,20,0.196,0,0
HL01174,96445.98,562.95,563,292014.38,371519.57,8,Refinance,Single Family,Divorced,0,Master,20,0.214,1,0
HL01175,199351.57,2038.89,673,261296.9,309593.48,39,Refinance,Single Family,Single,4,Bachelor,15,0.156,3,1
HL01176,173495.98,4431.9,601,727971.77,935696.36,29,Purchase,Condo,Single,0,Bachelor,30,0.222,1,0
HL01177,239457.48,235.98,657,800000.0,1141406.71,6,Home Improvement,Single Family,Married,3,High School,30,0.172,3,1
HL01178,54419.68,4807.08,600,671658.7,881441.86,16,Refinance,Single Family,Divorced,1,High School,30,0.238,1,0
HL01179,234282.67,3395.81,693,800000.0,1066650.11,38,Purchase,Single Family,Married,5,High School,30,0.092,3,1
HL01180,173848.31,3156.88,582,665777.11,793536.48,37,Purchase,Multi Family,Married,5,Bachelor,20,0.161,0,1
HL01181,289822.8,1352.8,744,418094.03,511117.39,4,Purchase,Single Family,Single,3,High School,30,0.182,1,1
HL01182,119014.85,1243.96,665,489719.93,553981.82,16,Refinance,Single Family,Single,5,High School,20,0.116,1,1
HL01183,198971.02,4710.29,592,123955.61,159736.61,39,Purchase,Townhouse,Single,0,High School,30,0.224,2,1
HL01184,281307.73,1491.36,649,83233.56,110389.34,0,Purchase,Townhouse,Married,5,Bachelor,30,0.246,3,1
HL01185,53190.18,3877.53,636,738230.05,857410.05,15,Purchase,Single Family,Single,1,High School,30,0.139,0,0
HL01186,282737.83,1965.61,684,502317.53,568232.5,16,Purchase,Single Family,Single,2,Bachelor,30,0.116,0,1
HL01187,214168.57,696.27,546,602945.53,696241.95,29,Refinance,Single Family,Married,0,Master,30,0.134,0,0
HL01188,43655.19,53.58,501,549252.48,702368.9,30,Refinance,Condo,Divorced,5,High School,15,0.218,1,1
HL01189,107764.98,2721.29,591,320475.57,387047.79,34,Purchase,Single Family,Married,4,High School,30,0.172,0,1
HL01190,219747.32,4878.89,601,585963.91,610379.07,7,Purchase,Condo,Married,4,Master,30,0.04,1,0
HL01191,43521.42,1845.68,551,514519.07,604605.25,29,Purchase,Townhouse,Divorced,2,Bachelor,30,0.149,2,0
HL01192,185096.88,1785.96,644,494573.28,511980.62,38,Refinance,Multi Family,Single,3,Bachelor,30,0.034,0,1
HL01193,120117.84,1720.46,683,797609.59,998259.81,20,Refinance,Townhouse,Single,0,High School,30,0.201,2,1
HL01194,195751.77,2602.72,633,523138.43,582559.5,14,Purchase,Single Family,Married,4,PhD,30,0.102,3,1
HL01195,37579.06,2203.32,622,653050.68,754100.09,33,Purchase,Single Family,Married,1,High School,30,0.134,3,0
HL01196,264672.62,4399.57,753,800000.0,1082460.14,26,Purchase,Single Family,Married,2,PhD,30,0.206,2,1
HL01197,292709.47,2527.6,768,800000.0,1049512.83,1,Home Improvement,Single Family,Single,3,Master,30,0.04,3,1
HL01198,291441.41,2538.79,709,800000.0,1076724.98,9,Purchase,Single Family,Married,3,Bachelor,30,0.065,0,1
HL01199,231154.25,691.86,567,334062.46,378755.62,4,Purchase,Single Family,Married,1,Bachelor,30,0.118,0,0
HL01200,60773.72,4913.7,603,105092.52,114355.3,26,Purchase,Townhouse,Single,5,Bachelor,30,0.081,1,0
HL01201,233522.38,1249.86,719,330355.33,368700.15,3,Purchase,Townhouse,Married,1,High School,15,0.104,2,1
HL01202,31761.4,366.82,561,291409.32,388545.76,12,Refinance,Single Family,Single,5,Bachelor,15,0.25,2,0
HL01203,31083.98,3315.73,652,800000.0,1098030.37,16,Purchase,Single Family,Divorced,2,Master,30,0.212,1,0
HL01204,113992.81,2976.83,649,624988.9,805398.07,20,Purchase,Single Family,Divorced,1,High School,30,0.224,0,0
HL01205,159376.88,2075.73,658,127524.55,166916.95,22,Refinance,Townhouse,Married,4,Master,30,0.236,2,1
HL01206,236862.04,2110.96,722,203434.32,227300.92,32,Purchase,Single Family,Divorced,3,Bachelor,30,0.105,1,1
HL01207,212906.23,3925.32,673,226372.75,250135.64,14,Purchase,Multi Family,Single,5,Bachelor,30,0.095,2,1
HL01208,147623.24,978.56,499,720702.29,784224.47,13,Purchase,Condo,Married,1,High School,20,0.081,2,0
HL01209,100247.33,4101.27,575,710142.19,902340.78,8,Refinance,Multi Family,Married,0,High School,30,0.213,1,0
HL01210,299209.24,3243.74,759,800000.0,1042099.4,36,Purchase,Condo,Married,1,Master,30,0.18,2,1
HL01211,142199.86,2094.85,580,800000.0,1133216.12,29,Home Improvement,Townhouse,Single,5,High School,30,0.082,3,1
HL01212,149131.43,2290.14,613,267800.94,301917.63,28,Purchase,Condo,Married,3,Bachelor,30,0.113,1,1
HL01213,69996.55,1283.24,532,363781.39,423494.05,22,Purchase,Single Family,Single,4,Bachelor,15,0.141,1,0
HL01214,243572.63,3760.57,760,294940.21,345363.24,33,Refinance,Single Family,Single,1,High School,30,0.146,3,1
HL01215,215762.61,2564.37,741,370441.63,478606.76,6,Refinance,Townhouse,Married,4,Bachelor,30,0.226,2,1
HL01216,85711.64,1604.27,548,800000.0,1103998.25,8,Purchase,Single Family,Married,0,High School,30,0.114,3,0
HL01217,47654.79,2980.25,581,555941.26,722001.64,3,Home Improvement,Single Family,Married,5,Bachelor,15,0.23,2,0
HL01218,212137.31,4978.67,622,790471.71,905465.88,1,Purchase,Condo,Married,3,High School,30,0.127,0,1
HL01219,204990.58,2176.31,683,504865.62,626384.14,26,Refinance,Condo,Single,2,Bachelor,30,0.194,3,1
HL01220,100146.37,4603.46,625,82210.84,107465.15,32,Purchase,Single Family,Married,3,Master,30,0.235,3,0
HL01221,286487.48,1725.08,733,113359.34,147219.92,31,Purchase,Single Family,Single,5,High School,20,0.23,3,1
HL01222,66540.92,273.66,599,650916.38,680163.41,36,Purchase,Single Family,Married,2,Bachelor,15,0.043,0,1
HL01223,143892.07,1021.21,768,800000.0,883637.66,26,Purchase,Single Family,Married,2,Bachelor,20,0.075,2,1
HL01224,284494.38,2093.48,640,274418.52,317246.84,27,Purchase,Townhouse,Divorced,3,High School,30,0.135,0,1
HL01225,140425.01,1098.17,534,776254.74,887148.27,2,Purchase,Single Family,Married,5,Bachelor,15,0.125,3,0
HL01226,200594.64,1.14,630,800000.0,986999.0,35,Home Improvement,Multi Family,Married,2,Master,30,0.171,0,1
HL01227,134338.46,4575.01,538,410249.11,538384.66,7,Purchase,Single Family,Married,5,PhD,20,0.238,3,0
HL01228,100409.18,4219.4,525,800000.0,914721.64,40,Purchase,Single Family,Single,4,High School,30,0.055,1,0
HL01229,295593.85,3711.46,647,461223.84,529533.69,36,Refinance,Condo,Single,0,Bachelor,30,0.129,2,1
HL01230,137566.85,839.07,572,777798.06,838144.46,37,Purchase,Single Family,Married,1,Bachelor,30,0.072,3,1
HL01231,270877.28,601.82,637,722365.93,934496.68,21,Purchase,Single Family,Single,5,PhD,30,0.227,0,1
HL01232,88237.52,338.02,620,800000.0,1190917.45,13,Purchase,Multi Family,Married,5,High School,30,0.242,0,0
HL01233,83603.79,3620.15,566,400989.12,463571.24,14,Purchase,Townhouse,Single,2,Master,30,0.135,0,0
HL01234,33561.87,4644.04,557,508937.57,537420.88,3,Home Improvement,Single Family,Single,5,Master,20,0.053,2,0
HL01235,204208.38,2152.68,696,208274.09,261322.57,17,Purchase,Single Family,Married,5,Master,30,0.203,1,1
HL01236,126344.74,595.7,574,248843.65,304582.19,0,Purchase,Single Family,Divorced,2,Bachelor,30,0.183,2,0
HL01237,262698.52,2561.96,668,762721.89,855069.38,11,Purchase,Multi Family,Married,3,High School,20,0.108,1,1
HL01238,155132.72,1744.16,645,800000.0,1106676.29,40,Purchase,Condo,Single,5,Bachelor,30,0.225,0,1
HL01239,291253.19,1874.12,598,391792.58,518930.57,16,Purchase,Single Family,Single,4,High School,30,0.245,2,1
HL01240,76019.52,3106.65,468,234894.28,277325.0,18,Refinance,Single Family,Divorced,1,Bachelor,30,0.153,1,0
HL01241,263871.37,3593.59,699,334793.45,395736.94,35,Refinance,Condo,Married,5,Bachelor,30,0.154,0,1
HL01242,238564.13,553.02,693,531174.52,586933.17,6,Refinance,Single Family,Divorced,2,High School,20,0.095,0,1
HL01243,237003.51,177.95,771,338066.54,401981.62,8,Purchase,Townhouse,Single,4,High School,30,0.159,2,1
HL01244,257315.39,4971.65,686,294878.86,337776.47,7,Purchase,Multi Family,Divorced,1,High School,30,0.127,1,1
HL01245,234281.6,1163.64,708,800000.0,902982.55,24,Home Improvement,Townhouse,Married,3,High School,30,0.096,0,1
HL01246,197210.59,269.15,638,80053.39,83825.54,6,Purchase,Condo,Divorced,5,Bachelor,30,0.045,0,1
HL01247,61092.34,949.38,595,623013.79,681634.34,7,Home Improvement,Single Family,Single,2,High School,30,0.086,0,0
HL01248,33944.7,194.79,650,800000.0,967987.66,23,Refinance,Single Family,Married,3,Master,30,0.074,3,1
HL01249,278233.16,1959.05,582,318705.3,374506.82,16,Home Improvement,Condo,Married,5,Bachelor,30,0.149,1,1
HL01250,194578.84,4012.01,667,631603.07,753702.95,11,Purchase,Single Family,Married,3,Bachelor,30,0.162,1,1
HL01251,244047.76,1706.22,778,691800.55,827512.62,30,Purchase,Single Family,Married,2,High School,15,0.164,3,1
HL01252,157418.65,2220.92,642,718533.96,811902.78,11,Refinance,Single Family,Married,4,Master,30,0.115,0,1
HL01253,57259.75,3377.93,661,505661.4,576580.84,1,Refinance,Single Family,Divorced,4,PhD,30,0.123,3,0
HL01254,59426.09,2544.47,548,365411.59,464900.24,11,Purchase,Single Family,Married,3,High School,15,0.214,3,0
HL01255,213530.45,4307.23,655,800000.0,1015414.58,26,Refinance,Condo,Married,3,High School,30,0.135,3,1
HL01256,143334.12,4330.18,623,698973.53,928251.7,6,Purchase,Single Family,Married,5,Bachelor,30,0.247,1,0
HL01257,80144.3,49.55,479,380987.74,436412.07,12,Purchase,Single Family,Married,0,Bachelor,15,0.127,0,0
HL01258,160188.5,3890.23,571,157871.48,190896.59,35,Refinance,Single Family,Single,1,High School,30,0.173,0,0
HL01259,42657.46,2303.67,516,149396.37,155783.49,0,Purchase,Single Family,Single,5,Master,30,0.041,1,0
HL01260,185042.14,4944.2,683,149555.96,181060.48,34,Purchase,Townhouse,Married,3,Bachelor,30,0.174,1,1
HL01261,98973.19,2416.16,643,572160.05,730728.03,29,Purchase,Single Family,Single,3,Bachelor,15,0.217,3,1
HL01262,244328.75,4934.48,688,101570.52,133119.95,30,Purchase,Single Family,Married,1,High School,30,0.237,3,1
HL01263,110349.54,3772.85,646,340986.09,454042.73,16,Purchase,Single Family,Married,2,High School,30,0.249,2,1
HL01264,150185.54,1243.02,616,800000.0,922349.66,7,Purchase,Multi Family,Married,4,High School,15,0.092,2,0
HL01265,28195.65,2691.97,624,342377.44,406141.69,2,Purchase,Single Family,Divorced,2,High School,30,0.157,1,0
HL01266,44922.89,4960.68,572,800000.0,933721.59,9,Refinance,Single Family,Married,1,PhD,30,0.129,3,0
HL01267,132935.73,4287.65,619,772948.26,913650.42,33,Home Improvement,Single Family,Single,1,Bachelor,30,0.154,1,0
HL01268,156983.18,486.83,615,328704.41,351555.52,21,Purchase,Single Family,Single,0,Master,30,0.065,3,1
HL01269,190005.65,3531.86,679,699831.31,894924.95,3,Purchase,Single Family,Divorced,5,PhD,15,0.218,3,1
HL01270,105207.21,1727.9,581,705511.51,916248.72,31,Purchase,Condo,Divorced,5,High School,30,0.23,1,1
HL01271,216120.02,34.91,706,454780.17,522135.67,28,Refinance,Single Family,Married,5,High School,30,0.129,1,1
HL01272,261533.66,2017.4,624,283044.52,311723.04,10,Refinance,Condo,Single,5,Master,30,0.092,0,1
HL01273,239459.02,1173.77,614,621082.45,661429.66,12,Home Improvement,Single Family,Single,0,Bachelor,30,0.061,0,1
HL01274,35895.18,4094.35,602,800000.0,1111572.29,3,Purchase,Single Family,Married,4,Bachelor,30,0.18,2,0
HL01275,157139.41,1686.65,624,715906.51,794568.82,1,Refinance,Condo,Married,5,Bachelor,30,0.099,1,1
HL01276,53855.8,4137.62,554,207544.11,269537.81,33,Purchase,Single Family,Married,3,Master,30,0.23,2,0
HL01277,91562.38,2.99,640,693029.47,843101.54,21,Home Improvement,Condo,Married,1,Bachelor,30,0.178,1,1
HL01278,296332.21,1539.1,667,460039.62,555603.41,4,Purchase,Condo,Married,0,Master,15,0.172,1,1
HL01279,64186.27,1205.83,572,627178.01,740469.9,8,Purchase,Multi Family,Single,2,PhD,30,0.153,1,0
HL01280,162194.24,1167.84,701,800000.0,900822.04,19,Refinance,Single Family,Single,5,Bachelor,30,0.04,0,1
HL01281,194992.83,340.93,724,500551.56,654315.77,20,Refinance,Single Family,Married,0,Bachelor,15,0.235,2,1
HL01282,218177.87,935.62,737,800000.0,990731.97,16,Purchase,Single Family,Married,2,High School,30,0.168,1,1
HL01283,178903.39,2777.75,625,666456.2,887425.03,11,Purchase,Single Family,Single,0,High School,30,0.249,2,0
HL01284,27686.98,1456.81,625,653447.8,766957.51,27,Purchase,Single Family,Single,2,Bachelor,30,0.148,2,0
HL01285,114776.86,2086.97,559,199138.52,244641.92,17,Purchase,Single Family,Married,0,High School,20,0.186,0,0
HL01286,167370.7,1884.33,588,800000.0,1015442.75,2,Purchase,Single Family,Single,0,PhD,15,0.042,0,1
HL01287,49163.29,4379.52,457,800000.0,1127893.78,4,Home Improvement,Single Family,Married,5,Bachelor,30,0.169,1,0
HL01288,121422.41,4526.49,694,183726.78,229085.76,13,Purchase,Condo,Married,4,PhD,30,0.198,3,0
HL01289,34130.85,2464.78,523,498792.74,624271.27,25,Refinance,Condo,Single,3,High School,30,0.201,2,0
HL01290,46609.09,1650.78,566,293366.11,366249.83,18,Refinance,Single Family,Married,1,Master,15,0.199,0,0
HL01291,134153.9,534.0,571,800000.0,923838.72,40,Refinance,Condo,Single,3,Bachelor,30,0.08,2,1
HL01292,61496.83,4767.01,615,669559.17,886833.34,16,Home Improvement,Single Family,Single,4,Master,30,0.245,3,0
HL01293,181073.73,301.13,621,175355.32,233495.76,38,Refinance,Single Family,Single,5,High School,30,0.249,2,1
HL01294,214602.87,1488.25,592,800000.0,1061655.68,3,Purchase,Single Family,Married,2,Bachelor,30,0.047,1,0
HL01295,245161.34,1490.33,694,212846.35,278594.7,34,Purchase,Condo,Married,3,Bachelor,15,0.236,2,1
HL01296,80041.32,1602.01,518,800000.0,971916.4,23,Purchase,Single Family,Single,1,High School,30,0.094,0,0
HL01297,71057.71,821.43,543,481886.17,589102.9,40,Purchase,Single Family,Married,5,High School,30,0.182,1,1
HL01298,53756.16,3915.81,471,398098.47,444306.33,12,Purchase,Multi Family,Single,1,Master,30,0.104,1,0
HL01299,200018.32,612.49,578,191535.51,253019.17,32,Refinance,Single Family,Married,2,High School,30,0.243,3,1
HL01300,219280.82,3174.53,668,249860.61,263566.04,14,Purchase,Townhouse,Married,1,High School,30,0.052,1,1
HL01301,33686.19,619.23,468,704879.11,819626.87,14,Purchase,Single Family,Married,4,High School,15,0.14,0,0
HL01302,282458.37,352.68,617,608149.15,694234.19,30,Home Improvement,Condo,Single,3,Master,30,0.124,3,1
HL01303,39292.1,4547.15,569,190686.8,212346.1,27,Purchase,Single Family,Single,1,Bachelor,30,0.102,1,0
HL01304,173856.49,950.64,609,167078.05,201785.09,9,Purchase,Townhouse,Married,3,High School,30,0.172,3,1
HL01305,219991.64,4106.25,759,147124.79,156349.4,6,Refinance,Multi Family,Single,0,Bachelor,30,0.059,2,1
HL01306,264516.51,2723.15,773,740331.48,911738.27,32,Refinance,Townhouse,Divorced,3,Master,30,0.188,1,1
HL01307,221373.91,389.28,617,660403.98,875867.35,6,Purchase,Single Family,Single,2,High School,15,0.246,0,1
HL01308,245475.22,4777.24,700,111602.74,140734.86,4,Refinance,Condo,Married,4,High School,30,0.207,0,1
HL01309,118348.8,1234.81,646,550842.3,705303.84,25,Purchase,Condo,Married,5,High School,30,0.219,1,1
HL01310,249076.91,4298.23,644,151702.26,170260.67,15,Purchase,Single Family,Married,1,Bachelor,30,0.109,2,1
HL01311,47031.58,844.05,498,800000.0,1091713.99,7,Purchase,Townhouse,Married,5,Bachelor,30,0.101,3,0
HL01312,271074.58,4269.71,684,800000.0,1095507.1,21,Refinance,Single Family,Married,4,Bachelor,30,0.144,0,1
HL01313,175587.9,66.14,629,800000.0,860512.11,33,Purchase,Single Family,Single,3,Bachelor,30,0.04,0,1
HL01314,249756.89,2558.9,653,800000.0,1116962.54,39,Refinance,Single Family,Married,1,High School,30,0.238,3,1
HL01315,149387.53,3847.21,646,800000.0,987884.66,27,Purchase,Single Family,Single,4,High School,30,0.062,3,0
HL01316,201983.87,4673.98,613,776478.65,1007105.9,35,Refinance,Single Family,Married,2,High School,30,0.229,0,1
HL01317,169760.73,4546.01,577,681557.11,715921.33,6,Refinance,Single Family,Married,0,High School,30,0.048,3,0
HL01318,226187.12,4098.12,668,330840.8,419316.6,39,Purchase,Single Family,Single,0,High School,30,0.211,1,1
HL01319,47448.25,4440.96,593,299862.49,320024.0,27,Purchase,Single Family,Married,2,Bachelor,30,0.063,0,0
HL01320,41596.82,996.1,511,426262.22,443100.02,1,Refinance,Townhouse,Single,5,High School,15,0.038,0,0
HL01321,92953.39,1420.92,642,635030.58,782057.36,8,Purchase,Single Family,Married,0,Bachelor,30,0.188,0,1
HL01322,68874.79,1444.84,495,244468.65,269238.6,5,Purchase,Single Family,Married,2,Bachelor,30,0.092,1,0
HL01323,264740.48,1885.27,653,297533.83,365970.27,0,Purchase,Single Family,Single,3,High School,30,0.187,0,1
HL01324,85283.85,1966.6,579,510130.06,601568.47,2,Purchase,Single Family,Single,5,Bachelor,30,0.152,3,0
HL01325,293362.95,2722.78,664,318973.57,337181.36,9,Purchase,Single Family,Married,5,Bachelor,30,0.054,0,1
HL01326,117646.34,799.4,580,563976.46,737224.13,36,Purchase,Single Family,Single,2,Master,15,0.235,1,1
HL01327,75082.43,3456.23,681,800000.0,1113573.03,22,Refinance,Condo,Single,0,Master,30,0.13,1,0
HL01328,242167.09,837.83,628,740613.24,916600.54,32,Purchase,Single Family,Married,3,Bachelor,30,0.192,2,1
HL01329,206144.64,1551.54,775,709267.75,824729.94,8,Purchase,Single Family,Married,5,Bachelor,30,0.14,0,1
HL01330,162003.82,2516.73,652,611480.11,730561.66,12,Home Improvement,Single Family,Single,2,High School,30,0.163,1,1
HL01331,177724.98,3982.2,643,563419.08,623941.4,27,Refinance,Townhouse,Single,2,Bachelor,15,0.097,2,0
HL01332,222780.49,3697.35,685,263802.9,284884.34,6,Purchase,Single Family,Married,5,Master,15,0.074,0,1
HL01333,87825.05,3227.67,720,800000.0,1081549.26,25,Purchase,Single Family,Single,5,Bachelor,20,0.149,1,1
HL01334,298991.83,778.87,649,309568.42,354603.0,15,Purchase,Townhouse,Married,3,High School,20,0.127,1,1
HL01335,293068.12,2735.23,640,157106.68,177722.49,39,Purchase,Townhouse,Married,5,Bachelor,30,0.116,0,1
HL01336,203839.56,437.23,614,755226.54,918767.08,25,Home Improvement,Single Family,Single,1,Master,30,0.178,0,1
HL01337,79874.17,1886.82,591,222960.2,272567.48,38,Refinance,Single Family,Married,0,High School,15,0.182,2,1
HL01338,212062.77,2067.58,569,473647.68,493383.0,31,Home Improvement,Single Family,Married,5,Bachelor,30,0.04,0,1
HL01339,44854.56,199.06,573,95604.38,106820.54,35,Refinance,Single Family,Married,1,High School,30,0.105,0,0
HL01340,33429.44,1369.94,651,201468.07,229201.44,0,Purchase,Single Family,Married,3,High School,30,0.121,3,0
HL01341,95862.79,4778.25,605,256091.52,269854.08,20,Refinance,Single Family,Married,3,High School,30,0.051,0,0
HL01342,152221.31,4768.16,611,125042.06,136211.39,12,Refinance,Townhouse,Married,4,High School,20,0.082,1,0
HL01343,263774.94,1761.64,650,780375.78,813739.08,25,Purchase,Single Family,Single,4,High School,30,0.041,2,1
HL01344,224971.49,215.5,707,763491.96,1016633.77,8,Purchase,Single Family,Single,3,Bachelor,30,0.249,2,1
HL01345,229244.29,895.47,623,399943.7,494979.83,36,Purchase,Single Family,Single,4,Bachelor,15,0.192,2,1
HL01346,142010.67,1961.09,713,800000.0,1058898.54,22,Purchase,Single Family,Divorced,2,High School,20,0.049,1,1
HL01347,120132.12,4738.9,706,304304.39,315014.9,0,Refinance,Single Family,Divorced,1,PhD,30,0.034,0,1
HL01348,127035.66,706.0,626,358144.15,441064.23,1,Refinance,Condo,Single,3,High School,30,0.188,1,1
HL01349,296603.63,3817.58,697,213517.57,244579.12,27,Home Improvement,Townhouse,Married,2,Bachelor,30,0.127,3,1
HL01350,36030.03,543.41,619,616183.88,773129.09,35,Refinance,Multi Family,Single,0,High School,30,0.203,2,1
HL01351,263433.66,4906.29,736,419819.97,547353.29,30,Refinance,Condo,Divorced,0,High School,30,0.233,0,1
HL01352,184135.74,1908.08,601,641022.88,764943.77,40,Purchase,Townhouse,Single,4,Bachelor,30,0.162,0,1
HL01353,145619.24,3876.17,596,800000.0,931884.27,4,Purchase,Single Family,Married,4,Bachelor,20,0.071,2,1
HL01354,224445.86,1712.96,596,549754.88,688915.89,36,Home Improvement,Single Family,Single,2,Bachelor,15,0.202,3,1
HL01355,158833.96,3138.34,649,593623.95,781084.15,24,Refinance,Condo,Single,0,Bachelor,30,0.24,3,1
HL01356,265191.39,960.08,715,800000.0,1127156.6,7,Refinance,Single Family,Single,5,Bachelor,30,0.158,0,1
HL01357,272693.01,730.11,618,337386.83,411447.35,33,Purchase,Single Family,Married,3,High School,20,0.18,1,1
HL01358,140973.25,4690.32,597,429237.25,479059.43,38,Refinance,Condo,Married,5,Bachelor,30,0.104,2,0
HL01359,101127.64,4588.24,533,781820.82,882416.28,31,Refinance,Multi Family,Single,1,Bachelor,15,0.114,1,0
HL01360,187896.34,4437.34,599,616276.72,762718.71,10,Purchase,Single Family,Single,4,High School,30,0.192,0,1
HL01361,275899.92,3127.17,715,211300.73,275849.52,24,Refinance,Single Family,Married,2,High School,15,0.234,2,1
HL01362,82932.1,4041.34,554,414473.88,498165.72,2,Purchase,Single Family,Divorced,5,High School,30,0.168,3,0
HL01363,196315.81,345.18,633,478648.94,601317.76,31,Purchase,Single Family,Married,4,High School,30,0.204,3,1
HL01364,198679.06,1673.95,567,509630.25,546813.57,34,Refinance,Single Family,Married,2,Bachelor,30,0.068,3,1
HL01365,226606.08,1568.52,672,254341.1,275559.16,31,Purchase,Townhouse,Single,0,Bachelor,30,0.077,0,1
HL01366,61181.11,3178.23,578,800000.0,1114983.85,33,Purchase,Single Family,Married,4,Bachelor,30,0.147,3,0
HL01367,221851.87,1779.79,624,800000.0,932608.61,36,Refinance,Single Family,Married,5,PhD,20,0.069,2,1
HL01368,274983.94,742.53,678,511716.01,616525.31,4,Refinance,Condo,Single,2,High School,30,0.17,2,1
HL01369,74412.85,2982.34,596,761102.21,840068.66,27,Purchase,Single Family,Married,2,High School,30,0.094,2,1
HL01370,90324.41,4071.92,554,800000.0,1084443.01,27,Home Improvement,Condo,Single,5,Bachelor,30,0.204,2,0
HL01371,292133.65,1910.62,622,180731.16,228195.91,7,Purchase,Single Family,Single,4,Master,15,0.208,3,1
HL01372,74768.66,661.34,677,309589.28,356669.68,26,Home Improvement,Condo,Single,1,Bachelor,15,0.132,2,1
HL01373,259955.9,983.44,648,637551.18,685538.9,15,Refinance,Single Family,Single,3,Bachelor,30,0.07,0,1
HL01374,160376.41,1187.42,625,800000.0,973886.67,17,Purchase,Single Family,Single,0,Master,30,0.172,2,1
HL01375,92988.55,1499.49,647,87071.64,115786.76,24,Purchase,Single Family,Married,5,Bachelor,15,0.248,3,1
HL01376,264456.22,3213.98,850,800000.0,1182020.42,0,Purchase,Single Family,Married,5,Bachelor,15,0.167,3,1
HL01377,147458.95,3004.73,561,564472.67,586769.93,7,Purchase,Single Family,Divorced,4,Master,20,0.038,1,0
HL01378,166574.77,3480.4,655,462844.44,479135.03,20,Refinance,Single Family,Single,4,High School,15,0.034,2,1
HL01379,123789.18,1812.51,576,363883.49,404314.99,33,Purchase,Multi Family,Single,1,Master,15,0.1,3,0
HL01380,188061.48,4119.99,617,251357.26,271151.3,23,Purchase,Single Family,Divorced,0,High School,30,0.073,1,1
HL01381,69969.06,1020.44,548,763726.83,965520.65,36,Refinance,Condo,Married,4,Master,30,0.209,0,0
HL01382,132547.42,2345.2,559,800000.0,1149840.94,25,Purchase,Condo,Married,1,High School,30,0.216,2,0
HL01383,291588.39,4004.69,693,493339.87,540350.35,13,Purchase,Townhouse,Married,5,Bachelor,30,0.087,3,1
HL01384,95986.69,900.79,524,800000.0,1146473.28,28,Purchase,Townhouse,Married,3,Master,20,0.102,3,0
HL01385,205602.58,549.32,700,800000.0,1001772.32,29,Refinance,Single Family,Single,2,High School,15,0.082,2,1
HL01386,114427.27,4418.42,609,474460.54,616182.52,2,Refinance,Single Family,Divorced,3,Bachelor,30,0.23,1,0
HL01387,237705.11,1714.65,689,715787.05,833279.45,6,Refinance,Single Family,Single,3,High School,30,0.141,2,1
HL01388,60990.26,3419.35,557,466159.05,564357.2,35,Purchase,Single Family,Single,3,High School,30,0.174,0,0
HL01389,291700.79,126.74,677,618432.61,703563.83,10,Purchase,Single Family,Married,3,Master,15,0.121,0,1
HL01390,149792.12,3450.23,639,116591.07,140302.13,31,Purchase,Single Family,Married,2,High School,30,0.169,2,1
HL01391,89913.88,1580.51,536,759592.32,858296.41,11,Purchase,Single Family,Divorced,5,Bachelor,30,0.115,1,0
HL01392,45211.61,278.7,554,120312.82,134427.73,14,Purchase,Condo,Single,0,High School,30,0.105,0,1
HL01393,71683.42,3049.06,542,800000.0,994220.57,37,Purchase,Multi Family,Married,0,Master,30,0.17,2,0
HL01394,167937.84,1204.02,589,800000.0,1003065.3,23,Purchase,Townhouse,Married,5,Bachelor,30,0.16,1,1
HL01395,117675.87,1934.04,503,309249.31,341711.95,0,Refinance,Single Family,Single,1,Bachelor,30,0.095,1,0
HL01396,252942.93,402.9,743,411456.03,439120.63,17,Purchase,Single Family,Married,1,Master,30,0.063,3,1
HL01397,143494.07,735.82,587,548045.55,616474.18,6,Purchase,Condo,Married,4,High School,30,0.111,0,0
HL01398,93396.42,1489.89,654,655950.03,746245.77,40,Home Improvement,Single Family,Married,3,Bachelor,30,0.121,2,1
HL01399,194714.87,448.8,700,331363.03,398272.87,1,Purchase,Condo,Divorced,3,Bachelor,30,0.168,0,1
HL01400,219363.73,4554.13,595,570249.8,741547.21,39,Purchase,Condo,Married,2,High School,15,0.231,1,1
HL01401,70936.52,30.24,531,394430.06,410010.46,30,Home Improvement,Single Family,Married,3,Bachelor,15,0.038,3,0
HL01402,71095.28,2419.3,713,125883.19,137427.06,32,Home Improvement,Single Family,Married,2,Bachelor,30,0.084,0,1
HL01403,35084.64,616.24,655,72160.92,77843.49,29,Purchase,Single Family,Married,4,Bachelor,30,0.073,2,1
HL01404,227510.55,1538.4,662,162174.85,188794.94,30,Refinance,Single Family,Divorced,1,High School,30,0.141,0,1
HL01405,207546.25,4630.3,666,800000.0,966282.04,33,Purchase,Single Family,Single,1,High School,15,0.125,1,1
HL01406,155523.49,808.47,596,800000.0,1156610.23,6,Refinance,Multi Family,Married,4,High School,30,0.19,3,0
HL01407,257146.87,4829.16,700,509244.0,555336.97,24,Home Improvement,Single Family,Single,4,High School,15,0.083,0,1
HL01408,246559.29,1028.97,637,546834.57,651769.45,15,Purchase,Single Family,Married,5,High School,30,0.161,1,1
HL01409,185972.45,3707.83,541,186398.45,240204.19,21,Refinance,Single Family,Married,3,Bachelor,30,0.224,1,1
HL01410,263774.6,2733.39,615,535080.91,694910.27,35,Refinance,Single Family,Divorced,1,Bachelor,20,0.23,3,1
HL01411,81606.33,4422.39,591,180442.2,237736.76,26,Purchase,Townhouse,Divorced,0,Master,20,0.241,1,0
HL01412,55777.9,2769.97,521,610092.9,762616.12,16,Refinance,Single Family,Married,4,Bachelor,30,0.2,0,0
HL01413,99181.14,2672.8,596,800000.0,1124916.0,3,Purchase,Multi Family,Married,1,High School,30,0.229,2,0
HL01414,40698.89,977.29,516,270957.67,295160.86,34,Purchase,Townhouse,Married,1,High School,30,0.082,3,0
HL01415,171071.62,831.15,596,800000.0,935134.18,40,Home Improvement,Townhouse,Single,2,Bachelor,30,0.073,1,1
HL01416,282566.57,4582.45,733,98295.58,101440.23,21,Purchase,Single Family,Single,1,Master,30,0.031,0,1
HL01417,35819.47,1639.19,580,404911.6,497434.4,34,Purchase,Single Family,Married,4,Bachelor,30,0.186,3,0
HL01418,58580.23,1860.41,578,152488.34,199592.07,14,Refinance,Condo,Married,3,Bachelor,15,0.236,1,0
HL01419,149354.73,3799.12,668,438055.89,471534.87,39,Home Improvement,Condo,Single,1,High School,30,0.071,0,1
HL01420,281815.63,1694.12,714,224290.09,270229.03,20,Refinance,Condo,Single,0,Bachelor,30,0.17,1,1
HL01421,111942.93,4760.31,678,398944.3,494968.11,12,Purchase,Single Family,Single,4,Bachelor,15,0.194,0,0
HL01422,164489.57,3689.64,609,417250.28,544713.16,10,Purchase,Single Family,Single,3,High School,30,0.234,1,0
HL01423,36432.54,2987.15,546,342100.63,413165.01,26,Purchase,Multi Family,Single,5,Bachelor,30,0.172,3,0
HL01424,65794.38,4404.48,517,615970.67,813699.69,30,Purchase,Single Family,Single,3,High School,30,0.243,3,0
HL01425,296323.28,248.03,676,800000.0,1108708.56,31,Home Improvement,Single Family,Single,4,Bachelor,30,0.106,3,1
HL01426,290407.64,1285.31,743,469423.13,525669.8,29,Refinance,Single Family,Married,5,Bachelor,30,0.107,1,1
HL01427,26358.49,2325.18,628,247969.53,291386.05,17,Purchase,Condo,Single,3,Bachelor,30,0.149,1,0
HL01428,286748.24,1134.89,741,336292.91,379563.1,15,Purchase,Single Family,Divorced,0,Bachelor,15,0.114,3,1
HL01429,200757.98,3719.53,560,800000.0,1035750.93,34,Home Improvement,Single Family,Married,1,Bachelor,30,0.03,3,1
HL01430,263677.53,4596.04,735,580938.6,718094.69,8,Refinance,Single Family,Single,4,PhD,15,0.191,2,1
HL01431,150053.46,2118.85,533,472444.37,586887.41,38,Purchase,Single Family,Single,1,Bachelor,30,0.195,0,1
HL01432,166788.91,1710.66,678,196133.1,243341.31,36,Refinance,Condo,Married,1,Bachelor,30,0.194,2,1
HL01433,159432.81,4807.75,611,519363.24,580943.22,9,Purchase,Single Family,Single,3,High School,30,0.106,0,0
HL01434,208387.67,2224.26,689,331999.49,388303.5,11,Refinance,Single Family,Divorced,4,Bachelor,30,0.145,1,1
HL01435,63404.1,2445.24,515,800000.0,1136058.52,7,Refinance,Single Family,Married,1,High School,30,0.109,0,0
HL01436,33242.74,1758.25,625,800000.0,1069578.87,2,Refinance,Single Family,Married,2,High School,30,0.034,0,0
HL01437,109680.73,4547.74,531,143304.24,169390.36,18,Purchase,Single Family,Divorced,0,High School,30,0.154,1,0
HL01438,218787.21,2844.78,625,618829.77,656235.18,10,Purchase,Townhouse,Married,5,Bachelor,30,0.057,1,1
HL01439,80509.7,3810.87,540,312437.49,328190.64,7,Purchase,Townhouse,Divorced,3,Bachelor,15,0.048,1,0
HL01440,210193.92,4059.03,567,431847.88,537124.23,25,Home Improvement,Single Family,Divorced,4,Master,30,0.196,3,1
HL01441,291725.81,1709.25,700,800000.0,1061454.0,22,Home Improvement,Single Family,Divorced,4,Bachelor,20,0.032,3,1
HL01442,50822.7,2168.47,665,507356.46,668453.83,9,Refinance,Single Family,Married,3,High School,30,0.241,0,0
HL01443,209965.58,4242.36,788,386500.32,450992.21,17,Home Improvement,Townhouse,Single,1,Bachelor,30,0.143,1,1
HL01444,147031.31,1816.28,628,232891.3,308874.4,11,Refinance,Single Family,Single,3,Bachelor,30,0.246,3,1
HL01445,263739.12,3969.68,737,800000.0,975365.47,38,Purchase,Single Family,Single,4,Bachelor,15,0.043,1,1
HL01446,73716.19,4704.96,598,654724.69,777582.77,25,Refinance,Townhouse,Divorced,2,Bachelor,30,0.158,0,0
HL01447,215472.14,3116.05,682,537205.26,601573.64,10,Purchase,Single Family,Single,1,High School,30,0.107,3,1
HL01448,255481.7,3708.14,660,250621.2,319669.9,9,Purchase,Single Family,Single,5,Bachelor,30,0.216,3,1
HL01449,284768.91,4025.49,702,401865.21,451027.17,2,Purchase,Single Family,Married,3,Bachelor,30,0.109,2,1
HL01450,212893.21,4225.2,683,800000.0,1154823.86,6,Purchase,Single Family,Single,4,PhD,30,0.087,0,0
HL01451,161723.06,1975.27,601,515539.02,660101.18,3,Refinance,Multi Family,Married,5,High School,15,0.219,3,0
HL01452,194907.99,256.32,643,466898.58,525786.69,39,Purchase,Condo,Divorced,4,Bachelor,30,0.112,0,1
HL01453,263948.87,2009.38,679,639105.41,661599.8,7,Purchase,Single Family,Married,4,Bachelor,15,0.034,0,1
HL01454,181917.68,3368.78,682,800000.0,951362.07,37,Refinance,Single Family,Married,2,High School,15,0.116,1,1
HL01455,33356.44,2251.75,513,377996.23,457622.55,12,Refinance,Single Family,Married,1,Bachelor,15,0.174,0,0
HL01456,281010.89,3744.82,687,252304.57,276044.39,11,Purchase,Single Family,Married,3,Master,30,0.086,2,1
HL01457,214619.86,1784.91,752,641421.49,733053.13,34,Purchase,Single Family,Single,1,Bachelor,30,0.125,3,1
HL01458,211041.18,3173.72,713,788773.73,823354.62,37,Purchase,Single Family,Married,4,High School,20,0.042,0,1
HL01459,84310.67,932.1,659,737395.32,876807.75,35,Refinance,Single Family,Single,2,High School,30,0.159,0,1
HL01460,206193.5,3746.85,654,800000.0,1067236.04,1,Refinance,Single Family,Married,5,High School,30,0.196,1,1
HL01461,133312.71,2728.48,632,432969.81,492570.89,14,Purchase,Single Family,Married,2,High School,20,0.121,1,1
HL01462,204089.07,1020.32,702,140281.8,159774.26,33,Home Improvement,Single Family,Single,4,Bachelor,30,0.122,2,1
HL01463,54313.08,1459.56,655,800000.0,1153142.16,38,Purchase,Single Family,Married,1,Bachelor,30,0.049,0,1
HL01464,205907.46,3743.04,555,522623.68,564388.42,25,Purchase,Single Family,Married,5,Bachelor,30,0.074,0,0
HL01465,299838.77,2413.01,634,726490.16,776164.7,4,Purchase,Single Family,Single,1,Bachelor,20,0.064,0,1
HL01466,38258.31,1080.16,634,712448.78,824593.49,24,Purchase,Single Family,Single,2,Bachelor,20,0.136,0,1
HL01467,293722.9,4836.36,683,589113.04,689827.92,33,Home Improvement,Single Family,Married,5,Bachelor,30,0.146,3,1
HL01468,136899.69,3575.63,584,232801.1,305914.72,3,Purchase,Single Family,Married,0,High School,30,0.239,0,0
HL01469,264457.2,4785.67,619,800000.0,924535.93,33,Purchase,Single Family,Married,2,Bachelor,30,0.046,0,1
HL01470,240156.01,2135.53,642,800000.0,979220.97,26,Purchase,Single Family,Married,5,High School,30,0.162,3,1
HL01471,180929.47,2375.5,570,595321.29,697097.53,28,Purchase,Single Family,Married,2,Master,30,0.146,1,1
HL01472,228073.53,4489.78,768,534684.4,624631.31,4,Purchase,Condo,Divorced,3,Master,20,0.144,2,1
HL01473,266591.78,2625.25,682,158074.4,203180.46,17,Purchase,Single Family,Single,2,Bachelor,15,0.222,0,1
HL01474,136138.59,3536.39,615,156737.2,169445.62,3,Purchase,Multi Family,Divorced,0,Bachelor,15,0.075,3,0
HL01475,114934.12,1260.86,636,439187.04,457010.45,0,Purchase,Condo,Married,5,Bachelor,15,0.039,0,0
HL01476,208588.18,2233.63,702,349104.98,424701.92,19,Refinance,Single Family,Married,5,Bachelor,20,0.178,1,1
HL01477,247157.63,617.25,720,800000.0,1147863.51,5,Refinance,Townhouse,Married,2,High School,30,0.106,3,1
HL01478,234628.41,1029.9,720,800000.0,956575.59,19,Purchase,Single Family,Single,1,High School,15,0.034,3,1
HL01479,244398.75,4.72,640,747934.57,817414.83,19,Purchase,Single Family,Married,3,PhD,30,0.085,3,1
HL01480,144785.41,196.33,607,592933.4,657354.1,26,Refinance,Condo,Single,3,High School,20,0.098,0,1
HL01481,249904.41,4886.42,713,219582.58,263288.47,25,Purchase,Townhouse,Single,2,Bachelor,30,0.166,1,1
HL01482,58057.49,1211.77,552,800000.0,1175763.76,31,Purchase,Single Family,Married,3,Master,30,0.068,2,0
HL01483,174734.5,3316.55,637,436793.37,496920.79,9,Refinance,Single Family,Single,3,Bachelor,20,0.121,3,1
HL01484,26583.63,4195.5,583,168731.68,195291.3,17,Refinance,Condo,Single,2,Bachelor,30,0.136,0,0
HL01485,114261.1,2753.3,646,547925.15,630523.76,40,Purchase,Townhouse,Divorced,0,Master,30,0.131,2,1
HL01486,125776.92,765.72,524,800000.0,1058247.76,11,Purchase,Single Family,Divorced,5,Bachelor,30,0.244,3,0
HL01487,133947.49,3640.58,652,800000.0,1073202.38,9,Purchase,Single Family,Married,2,Bachelor,15,0.04,0,1
HL01488,216253.48,3001.26,646,66463.2,87336.66,23,Refinance,Single Family,Married,1,High School,30,0.239,2,1
HL01489,131853.48,3656.25,651,800000.0,1072082.71,23,Purchase,Single Family,Divorced,4,Bachelor,20,0.158,2,1
HL01490,148390.75,3848.73,663,302433.69,380419.74,37,Purchase,Townhouse,Married,0,High School,30,0.205,3,1
HL01491,90324.64,4877.05,675,103988.42,118843.91,24,Purchase,Single Family,Divorced,2,High School,20,0.125,0,1
HL01492,127644.24,2867.82,681,800000.0,1028764.05,7,Purchase,Townhouse,Single,0,Bachelor,30,0.13,2,1
HL01493,87499.15,1708.21,661,800000.0,1046850.1,13,Purchase,Condo,Married,4,Bachelor,30,0.223,1,1
HL01494,45128.88,3242.32,644,576472.45,745759.96,30,Purchase,Single Family,Single,3,Master,30,0.227,1,0
HL01495,190948.36,342.2,660,661375.23,721237.98,23,Purchase,Single Family,Married,3,High School,30,0.083,2,1
HL01496,208758.52,4486.99,655,800000.0,989760.31,15,Refinance,Single Family,Married,4,Bachelor,30,0.074,3,1
HL01497,195359.85,596.91,691,800000.0,959598.25,19,Purchase,Single Family,Married,3,High School,30,0.139,3,1
HL01498,152460.86,1639.21,662,800000.0,1076368.66,37,Refinance,Single Family,Married,0,Master,30,0.228,3,1
HL01499,129441.09,4078.73,599,626459.95,696840.88,14,Purchase,Single Family,Divorced,3,Bachelor,30,0.101,2,0
HL01500,262416.75,2986.56,701,800000.0,1163602.98,13,Refinance,Single Family,Divorced,4,High School,30,0.173,3,1
HL01501,167747.49,1968.18,632,800000.0,1195665.18,11,Home Improvement,Single Family,Single,4,Bachelor,30,0.186,3,1
HL01502,156775.02,2367.18,585,164684.04,206112.69,33,Purchase,Single Family,Married,5,Master,30,0.201,1,1
HL01503,32051.57,4272.74,630,800000.0,1030736.73,7,Home Improvement,Single Family,Single,4,Master,15,0.154,0,0
HL01504,118843.15,1700.02,612,561461.34,637300.04,18,Purchase,Condo,Married,1,High School,30,0.119,1,0
HL01505,129553.8,4348.25,717,386836.18,511012.13,4,Refinance,Single Family,Single,0,Bachelor,15,0.243,2,1
HL01506,134676.26,440.67,536,639294.51,764706.35,26,Purchase,Single Family,Single,4,Bachelor,20,0.164,1,1
HL01507,184547.4,3883.99,614,111748.61,137961.25,40,Purchase,Condo,Single,5,Bachelor,30,0.19,0,1
HL01508,171740.7,4237.74,637,576423.27,644768.76,12,Purchase,Condo,Married,0,Bachelor,15,0.106,1,0
HL01509,192173.9,909.09,702,800000.0,1054751.89,31,Purchase,Townhouse,Married,5,Bachelor,30,0.177,3,1
HL01510,235342.9,2151.73,687,287726.66,315144.21,30,Refinance,Single Family,Single,1,Master,30,0.087,0,1
HL01511,248571.08,827.5,689,508094.79,554688.63,40,Purchase,Single Family,Married,0,Master,30,0.084,2,1
HL01512,222483.85,3533.02,604,800000.0,1131916.0,36,Purchase,Single Family,Divorced,2,Bachelor,30,0.187,1,1
HL01513,287769.02,2676.74,636,476349.84,557134.32,1,Home Improvement,Single Family,Married,1,Bachelor,30,0.145,1,1
HL01514,30013.96,3176.62,581,392094.14,478163.59,6,Home Improvement,Single Family,Married,1,Bachelor,15,0.18,3,0
HL01515,78838.95,982.43,521,519820.0,570603.73,10,Home Improvement,Single Family,Married,3,High School,30,0.089,0,0
HL01516,27079.79,1058.73,536,552564.09,659384.36,10,Refinance,Single Family,Single,4,Bachelor,20,0.162,3,0
HL01517,203055.55,207.49,676,685383.51,785990.26,22,Purchase,Single Family,Single,1,Bachelor,30,0.128,1,1
HL01518,271958.4,1610.34,636,800000.0,975779.4,30,Purchase,Single Family,Divorced,0,High School,20,0.161,1,1
HL01519,91957.63,2798.72,676,528755.17,583614.98,7,Purchase,Single Family,Single,2,Master,20,0.094,0,0
HL01520,279934.5,4289.67,751,800000.0,994666.05,31,Home Improvement,Single Family,Divorced,0,Master,15,0.187,1,1
HL01521,41573.53,3334.64,492,535620.54,675435.74,20,Purchase,Townhouse,Single,0,Master,15,0.207,0,0
HL01522,281969.91,2176.98,644,416136.79,455790.57,30,Purchase,Condo,Single,2,Bachelor,30,0.087,2,1
HL01523,121696.24,4765.6,496,736935.99,815194.68,0,Purchase,Single Family,Single,5,Bachelor,30,0.096,1,0
HL01524,52890.73,3596.23,537,728010.97,882437.54,12,Purchase,Townhouse,Married,3,Master,30,0.175,0,0
HL01525,158614.73,4650.83,667,574191.77,702805.1,10,Purchase,Single Family,Married,4,High School,15,0.183,0,1
HL01526,95613.56,2637.94,577,113033.85,138691.84,28,Refinance,Single Family,Single,1,Bachelor,30,0.185,3,0
HL01527,103340.05,1294.52,624,218216.95,266118.23,3,Purchase,Single Family,Married,4,PhD,20,0.18,1,1
HL01528,109504.74,264.13,528,350028.59,395959.94,35,Purchase,Townhouse,Divorced,3,Bachelor,30,0.116,3,1
HL01529,245832.12,3630.42,712,346978.21,392953.81,14,Refinance,Single Family,Married,5,PhD,30,0.117,0,1
HL01530,173269.35,606.51,608,760994.94,832598.4,2,Refinance,Single Family,Single,2,Bachelor,30,0.086,2,1
HL01531,110609.62,1513.88,605,89425.49,95642.24,28,Purchase,Townhouse,Single,4,High School,30,0.065,2,1
HL01532,192841.79,2662.35,641,756766.16,925142.0,20,Home Improvement,Single Family,Married,0,High School,30,0.182,1,1
HL01533,221941.44,2822.08,597,354461.26,373510.28,1,Refinance,Condo,Married,1,Bachelor,30,0.051,2,0
HL01534,99971.6,3002.92,542,323763.78,423774.58,5,Purchase,Single Family,Divorced,1,High School,30,0.236,1,0
HL01535,138726.0,831.28,667,527092.07,668898.56,30,Refinance,Single Family,Married,5,Bachelor,15,0.212,1,1
HL01536,58518.68,1898.69,599,248292.63,317916.3,23,Refinance,Multi Family,Single,3,High School,30,0.219,0,0
HL01537,74816.07,3085.97,639,800000.0,1070030.23,39,Purchase,Single Family,Married,3,PhD,30,0.229,0,1
HL01538,212307.41,4849.09,672,150515.09,171039.88,16,Purchase,Condo,Married,2,High School,15,0.12,0,1
HL01539,74895.55,3638.16,594,450745.25,574930.16,4,Purchase,Multi Family,Single,3,Bachelor,30,0.216,3,0
HL01540,169419.93,4613.02,548,800000.0,1030600.05,1,Refinance,Single Family,Divorced,4,Bachelor,30,0.065,0,0
HL01541,219987.72,3811.06,646,740950.53,767824.38,11,Purchase,Single Family,Married,1,Master,30,0.035,1,1
HL01542,54391.15,2958.58,575,321884.96,403870.71,4,Refinance,Single Family,Married,2,Bachelor,30,0.203,0,0
HL01543,181010.86,960.12,738,523130.89,548355.23,40,Purchase,Single Family,Single,3,Master,30,0.046,3,1
HL01544,95554.77,3333.43,632,655133.48,870031.18,19,Purchase,Single Family,Single,0,Bachelor,20,0.247,0,0
HL01545,289804.89,3116.9,771,800000.0,1169918.34,7,Purchase,Townhouse,Married,1,High School,30,0.178,2,1
HL01546,157975.05,3012.35,658,800000.0,1079781.06,0,Purchase,Single Family,Married,2,Bachelor,30,0.196,1,1
HL01547,246647.95,2448.93,637,421577.01,460236.91,5,Refinance,Townhouse,Single,1,Bachelor,30,0.084,2,1
HL01548,176312.3,2643.28,644,800000.0,1197972.61,10,Refinance,Condo,Single,4,Bachelor,30,0.178,2,1
HL01549,36938.45,1672.21,580,75785.04,78942.75,2,Purchase,Multi Family,Married,5,Bachelor,30,0.04,3,0
HL01550,199116.63,2596.56,602,83381.62,106083.48,30,Purchase,Townhouse,Married,3,Bachelor,30,0.214,2,1
HL01551,286635.92,987.78,674,800000.0,1001820.58,27,Refinance,Condo,Single,5,High School,30,0.067,0,1
HL01552,190443.25,4025.87,634,244606.14,299395.52,4,Refinance,Townhouse,Married,3,High School,30,0.183,1,0
HL01553,250276.94,928.88,755,132039.56,143365.43,25,Refinance,Condo,Single,3,Master,30,0.079,2,1
HL01554,268156.78,424.83,580,326410.96,341791.58,15,Purchase,Condo,Married,0,Bachelor,30,0.045,2,1
HL01555,87721.94,2181.23,654,478969.35,554362.67,30,Home Improvement,Condo,Married,4,High School,30,0.136,1,1
HL01556,83312.33,3291.54,544,800000.0,896887.05,27,Refinance,Condo,Single,0,High School,30,0.067,0,0
HL01557,193019.77,2188.58,577,629675.75,777377.47,6,Purchase,Single Family,Married,4,High School,30,0.19,2,0
HL01558,138032.83,1383.77,678,314253.31,342323.87,37,Purchase,Single Family,Single,4,Master,30,0.082,1,1
HL01559,255961.86,2790.86,714,573855.43,641179.25,8,Purchase,Single Family,Single,4,High School,30,0.105,0,1
HL01560,272506.36,1735.01,748,800000.0,1116990.87,38,Refinance,Single Family,Married,3,Bachelor,30,0.155,0,1
HL01561,122190.88,4664.34,651,800000.0,991883.75,34,Purchase,Single Family,Married,3,High School,15,0.093,0,1
HL01562,90139.4,4613.23,698,389028.01,438588.51,26,Purchase,Townhouse,Married,3,Bachelor,30,0.113,3,1
HL01563,239644.52,2511.86,697,800000.0,1180047.63,11,Purchase,Single Family,Single,0,High School,30,0.209,0,1
HL01564,100571.66,1639.42,592,800000.0,872197.95,24,Purchase,Single Family,Married,2,High School,15,0.069,0,0
HL01565,251218.94,3685.66,692,138283.26,145255.53,28,Purchase,Condo,Single,5,Bachelor,30,0.048,1,1
HL01566,141528.02,183.56,682,102871.11,114555.8,30,Refinance,Townhouse,Single,4,Bachelor,30,0.102,3,1
HL01567,208576.22,2373.85,615,231930.49,264458.94,33,Purchase,Condo,Married,0,Bachelor,30,0.123,0,1
HL01568,51272.21,1681.62,543,760656.01,893837.85,32,Purchase,Condo,Married,3,High School,30,0.149,2,0
HL01569,196561.31,4602.68,632,250155.19,281706.29,26,Purchase,Single Family,Divorced,5,Bachelor,30,0.112,3,1
HL01570,149236.11,60.02,519,517736.41,650422.62,1,Purchase,Single Family,Married,3,High School,15,0.204,1,0
HL01571,186317.33,2764.07,650,172900.85,179917.64,13,Purchase,Single Family,Single,2,Bachelor,30,0.039,3,1
HL01572,71203.91,3703.32,491,800000.0,1110996.93,12,Purchase,Single Family,Divorced,3,High School,30,0.125,2,0
HL01573,227640.28,2425.09,666,409292.74,461955.69,23,Purchase,Single Family,Single,4,High School,30,0.114,3,1
HL01574,262269.2,427.02,724,800000.0,1096648.56,4,Refinance,Townhouse,Single,1,High School,15,0.172,2,1
HL01575,84603.45,4862.31,568,800000.0,1137985.1,33,Purchase,Condo,Married,5,Bachelor,15,0.243,0,0
HL01576,51321.5,2590.05,659,70265.68,81894.73,22,Refinance,Single Family,Divorced,3,Bachelor,20,0.142,0,0
HL01577,31500.61,3070.93,492,449655.52,597152.09,18,Purchase,Single Family,Married,2,Bachelor,15,0.247,3,0
HL01578,201542.16,1183.05,710,92875.21,102738.06,29,Purchase,Single Family,Married,5,Bachelor,30,0.096,3,1
HL01579,191950.86,2417.49,679,800000.0,1097279.36,15,Refinance,Single Family,Married,1,High School,20,0.037,1,1
HL01580,175341.79,2145.75,551,614766.73,658208.49,39,Purchase,Condo,Married,5,High School,30,0.066,1,0
HL01581,88785.45,374.48,729,140672.5,159312.01,33,Home Improvement,Single Family,Married,4,High School,30,0.117,2,1
HL01582,132499.15,530.8,613,179155.19,199061.32,10,Purchase,Condo,Single,4,High School,15,0.1,0,1
HL01583,188480.99,4187.36,600,480618.82,506447.65,13,Purchase,Condo,Single,4,High School,30,0.051,3,0
HL01584,161610.89,1199.1,560,800000.0,1132763.47,14,Purchase,Single Family,Single,2,High School,20,0.125,0,0
HL01585,296641.02,974.79,687,765652.43,854522.8,34,Refinance,Condo,Divorced,1,Master,15,0.104,3,1
HL01586,62520.93,2524.56,574,800000.0,1051071.22,6,Home Improvement,Single Family,Married,4,Bachelor,30,0.057,2,0
HL01587,216164.75,3843.74,663,440973.68,487263.73,28,Purchase,Single Family,Married,3,Bachelor,15,0.095,0,1
HL01588,136187.66,309.73,603,95801.94,123615.41,21,Purchase,Single Family,Single,1,Bachelor,30,0.225,1,1
HL01589,142754.89,2884.04,653,800000.0,1171107.34,22,Purchase,Single Family,Single,4,PhD,15,0.096,2,1
HL01590,222339.39,596.05,641,76681.84,94319.61,23,Refinance,Single Family,Married,1,Bachelor,30,0.187,0,1
HL01591,215419.94,182.31,560,800000.0,1141108.11,34,Purchase,Single Family,Single,5,High School,30,0.165,2,1
HL01592,297595.4,263.72,691,429031.6,489762.1,9,Purchase,Single Family,Married,3,PhD,15,0.124,3,1
HL01593,60308.43,4170.82,461,79184.52,86351.71,7,Purchase,Single Family,Single,0,Bachelor,30,0.083,0,0
HL01594,53630.15,589.86,594,755918.38,850301.89,11,Refinance,Condo,Married,4,Bachelor,20,0.111,0,0
HL01595,224193.17,225.76,613,800000.0,1178107.84,28,Purchase,Single Family,Married,3,Bachelor,15,0.16,0,1
HL01596,184056.4,2189.5,650,800000.0,1161328.94,28,Refinance,Condo,Married,2,Bachelor,30,0.107,1,1
HL01597,100394.18,4219.97,665,236337.97,256054.14,22,Refinance,Single Family,Married,5,Bachelor,30,0.077,2,1
HL01598,46840.33,1312.04,525,263285.17,278903.78,25,Purchase,Townhouse,Married,4,Bachelor,15,0.056,1,0
HL01599,48556.02,2108.56,627,551915.47,711231.28,36,Purchase,Single Family,Married,0,High School,30,0.224,1,0
HL01600,270902.49,199.61,663,691388.0,791967.93,31,Refinance,Single Family,Divorced,5,Bachelor,30,0.127,2,1
HL01601,77763.51,2245.39,676,754495.16,906845.15,37,Purchase,Single Family,Married,3,Master,30,0.168,2,1
HL01602,113927.18,2888.07,588,240223.59,278681.66,5,Purchase,Single Family,Single,5,Bachelor,30,0.138,0,0
HL01603,87330.51,2854.54,551,800000.0,1153882.97,7,Refinance,Single Family,Married,3,High School,30,0.222,0,0
HL01604,122623.98,1662.13,645,674544.41,793581.66,16,Home Improvement,Condo,Married,1,Bachelor,30,0.15,2,1
HL01605,44091.56,1577.67,550,800000.0,1027927.78,11,Home Improvement,Townhouse,Married,4,High School,30,0.136,0,0
HL01606,167741.44,533.12,591,523534.2,682573.93,21,Refinance,Single Family,Single,0,PhD,30,0.233,3,1
HL01607,43593.45,1833.99,547,439341.9,541061.45,13,Purchase,Single Family,Single,2,Bachelor,30,0.188,0,0
HL01608,245098.04,497.47,670,800000.0,1174330.77,33,Purchase,Single Family,Divorced,1,High School,30,0.055,2,1
HL01609,89270.82,3832.98,661,679524.37,729886.54,18,Purchase,Townhouse,Divorced,4,Bachelor,20,0.069,1,0
HL01610,173503.28,4831.37,540,800000.0,1050232.78,5,Purchase,Single Family,Married,0,Bachelor,30,0.203,2,0
HL01611,267021.75,4850.37,684,800000.0,1147453.95,17,Purchase,Single Family,Single,1,High School,30,0.214,2,1
HL01612,203991.28,4325.36,683,709557.87,834773.96,35,Purchase,Single Family,Single,0,High School,30,0.15,1,1
HL01613,171563.39,3003.96,645,587287.5,692556.01,36,Refinance,Single Family,Single,5,Bachelor,30,0.152,3,1
HL01614,114191.78,3504.33,672,65607.21,78949.71,37,Home Improvement,Single Family,Married,0,Master,30,0.169,0,1
HL01615,116575.53,1426.03,604,104779.29,120022.1,14,Home Improvement,Single Family,Single,1,High School,15,0.127,3,1
HL01616,209108.91,3153.85,645,246785.25,300957.62,37,Purchase,Single Family,Married,1,Bachelor,30,0.18,1,1
HL01617,298388.32,2278.25,728,268909.48,284259.49,39,Home Improvement,Single Family,Single,4,Bachelor,15,0.054,3,1
HL01618,207005.78,2410.09,658,274457.16,361603.64,8,Purchase,Townhouse,Married,1,High School,30,0.241,1,1
HL01619,178390.44,3788.88,619,336531.43,418051.47,5,Purchase,Townhouse,Married,5,High School,30,0.195,2,0
HL01620,225928.89,1409.59,688,398941.23,480073.68,1,Refinance,Single Family,Married,4,High School,15,0.169,3,1
HL01621,152931.54,1590.2,593,493294.41,548104.9,15,Purchase,Single Family,Married,0,Master,15,0.1,0,1
HL01622,41539.14,4623.21,540,174120.03,186224.63,0,Home Improvement,Single Family,Married,1,PhD,20,0.065,0,0
HL01623,179631.62,281.12,613,107938.31,122657.17,29,Purchase,Single Family,Married,4,High School,30,0.12,1,1
HL01624,288346.95,2428.17,761,686546.51,833187.51,32,Purchase,Single Family,Married,4,Bachelor,15,0.176,2,1
HL01625,73208.31,4564.0,425,564665.9,679501.68,0,Purchase,Single Family,Single,2,PhD,20,0.169,3,0
HL01626,214751.34,3051.82,677,509150.74,574662.23,38,Refinance,Single Family,Single,4,Bachelor,30,0.114,3,1
HL01627,80256.76,2732.04,591,658602.02,788744.93,15,Purchase,Single Family,Married,4,High School,30,0.165,1,0
HL01628,172352.61,1248.72,552,795856.21,1006139.33,16,Refinance,Single Family,Married,2,High School,30,0.209,3,1
HL01629,51586.02,1716.38,591,536132.96,556154.52,37,Refinance,Single Family,Divorced,3,Bachelor,30,0.036,0,0
HL01630,148852.01,4260.24,648,693541.94,796259.4,17,Refinance,Condo,Married,5,Bachelor,20,0.129,0,1
HL01631,232944.92,2796.09,695,800000.0,1147768.75,21,Purchase,Condo,Single,1,Bachelor,20,0.197,3,1
HL01632,120582.17,2573.71,477,800000.0,1019577.56,21,Purchase,Multi Family,Married,2,Bachelor,30,0.15,3,0
HL01633,207850.72,497.9,722,458365.5,554250.91,34,Refinance,Condo,Married,4,High School,30,0.173,2,1
HL01634,243748.74,80.14,634,685062.31,800306.44,30,Home Improvement,Single Family,Married,4,High School,30,0.144,2,1
HL01635,279973.9,4818.43,724,206202.0,274204.79,39,Refinance,Condo,Married,1,Master,30,0.248,3,1
HL01636,89526.57,1884.93,631,675952.79,705587.46,26,Purchase,Single Family,Married,5,Master,30,0.042,3,1
HL01637,134811.88,3016.07,573,800000.0,1178994.33,35,Purchase,Single Family,Single,0,Bachelor,15,0.138,1,0
HL01638,66914.4,398.58,616,625199.28,658104.5,3,Purchase,Single Family,Married,2,High School,30,0.05,2,1
HL01639,297932.96,3415.57,679,800000.0,1118593.09,4,Refinance,Single Family,Married,3,Bachelor,30,0.065,3,1
HL01640,279925.27,4662.83,586,472461.09,533251.79,24,Purchase,Multi Family,Married,1,Bachelor,30,0.114,1,1
HL01641,173488.21,2878.33,695,800000.0,1198700.43,30,Refinance,Townhouse,Married,1,Bachelor,30,0.064,2,1
HL01642,256559.16,630.58,639,550779.89,726622.54,13,Home Improvement,Single Family,Married,2,Master,20,0.242,1,1
HL01643,168263.44,2908.61,591,93385.1,122552.62,29,Purchase,Single Family,Married,4,High School,30,0.238,3,1
HL01644,196486.06,3831.74,628,658648.84,735099.15,11,Purchase,Condo,Married,4,Bachelor,30,0.104,0,1
HL01645,49509.22,2032.08,588,318248.36,383894.28,26,Home Improvement,Single Family,Married,3,High School,30,0.171,0,0
HL01646,232699.37,4399.19,663,95144.89,111541.49,23,Purchase,Single Family,Single,2,Bachelor,30,0.147,0,1
HL01647,60121.21,3243.41,607,789781.84,998459.97,29,Purchase,Single Family,Married,1,Bachelor,30,0.209,0,0
HL01648,252168.6,4496.24,609,320482.94,385195.84,17,Purchase,Condo,Married,2,Bachelor,30,0.168,3,1
HL01649,240057.72,3117.53,632,800000.0,971117.12,13,Purchase,Single Family,Single,0,High School,30,0.03,0,1
HL01650,219904.79,656.44,654,320194.31,399244.78,18,Refinance,Condo,Married,1,Bachelor,30,0.198,0,1
HL01651,34944.1,1548.46,662,236655.42,293617.15,21,Purchase,Condo,Single,3,Master,30,0.194,3,1
HL01652,108360.3,1008.97,598,800000.0,1170677.52,25,Purchase,Single Family,Single,3,Bachelor,30,0.142,2,1
HL01653,97355.96,4544.13,652,371507.11,481850.99,6,Refinance,Single Family,Married,1,High School,30,0.229,2,0
HL01654,124037.51,3802.0,613,578692.14,751548.24,27,Purchase,Single Family,Single,4,Master,30,0.23,2,1
HL01655,49101.76,3381.99,550,650850.95,761229.18,37,Purchase,Single Family,Married,1,High School,30,0.145,1,0
HL01656,282663.4,1504.83,678,589825.31,705532.67,4,Refinance,Single Family,Married,1,High School,15,0.164,2,1
HL01657,177295.62,920.22,630,800000.0,1104032.71,35,Refinance,Single Family,Single,0,Bachelor,15,0.249,3,1
HL01658,109019.19,3782.26,634,753706.57,833746.21,17,Purchase,Single Family,Divorced,1,High School,30,0.096,2,0
HL01659,134169.92,2370.79,685,475750.47,529199.63,13,Purchase,Single Family,Single,5,Bachelor,30,0.101,1,1
HL01660,147980.7,1128.95,641,800000.0,1045177.93,22,Refinance,Single Family,Married,5,Bachelor,30,0.07,1,1
HL01661,190163.44,3083.11,704,215431.82,278695.76,13,Refinance,Single Family,Married,2,High School,30,0.227,0,1
HL01662,166811.84,201.67,585,553936.68,687266.35,31,Purchase,Single Family,Married,2,Bachelor,15,0.194,3,1
HL01663,277832.79,1630.85,668,800000.0,1144369.17,4,Purchase,Condo,Divorced,3,High School,15,0.053,2,1
HL01664,161664.96,2342.78,594,587043.54,778572.33,21,Purchase,Single Family,Married,4,Bachelor,30,0.246,2,1
HL01665,297843.45,739.79,714,800000.0,994089.51,27,Refinance,Single Family,Divorced,3,High School,30,0.191,3,1
HL01666,259141.86,4923.27,661,634430.31,810255.82,11,Purchase,Single Family,Single,0,High School,30,0.217,3,1
HL01667,82340.39,1045.49,627,800000.0,1019292.22,17,Refinance,Condo,Married,1,High School,30,0.041,3,0
HL01668,280913.68,651.77,643,800000.0,1137548.86,35,Purchase,Single Family,Married,3,High School,15,0.141,3,1
HL01669,57000.76,1017.67,580,311742.14,382036.94,30,Refinance,Townhouse,Divorced,1,High School,30,0.184,3,0
HL01670,249798.67,3845.31,709,226254.28,265868.72,12,Home Improvement,Condo,Divorced,3,Bachelor,30,0.149,3,1
HL01671,129671.41,2127.53,511,509839.93,619489.59,19,Purchase,Single Family,Divorced,1,Bachelor,30,0.177,3,0
HL01672,266442.94,2827.08,789,683030.23,864595.23,35,Purchase,Single Family,Married,3,High School,30,0.21,1,1
HL01673,263715.59,105.05,667,293564.06,330590.16,6,Purchase,Single Family,Single,5,High School,30,0.112,0,1
HL01674,246629.49,172.16,572,62337.86,79614.13,22,Purchase,Single Family,Single,5,Bachelor,20,0.217,2,1
HL01675,242258.37,2229.13,679,430389.08,460802.01,33,Purchase,Single Family,Single,5,Bachelor,30,0.066,1,1
HL01676,108786.76,4083.28,606,800000.0,1164966.75,31,Purchase,Single Family,Single,2,Bachelor,15,0.09,1,1
HL01677,47252.8,4426.19,569,800000.0,856838.39,20,Home Improvement,Townhouse,Single,0,PhD,20,0.04,2,0
HL01678,135819.55,433.53,667,468577.1,526491.12,5,Refinance,Single Family,Single,3,Master,15,0.11,1,1
HL01679,72719.24,2691.82,623,258400.23,291648.11,15,Refinance,Single Family,Single,2,High School,30,0.114,3,0
HL01680,216111.55,4566.15,672,377151.5,475600.88,34,Purchase,Single Family,Divorced,4,High School,30,0.207,1,1
HL01681,120177.42,1939.86,632,219773.29,266069.36,19,Purchase,Single Family,Single,3,Master,30,0.174,2,1
HL01682,293292.81,4147.83,691,170075.2,194594.05,40,Purchase,Condo,Single,1,High School,30,0.126,0,1
HL01683,201267.32,668.48,739,800000.0,1095085.17,10,Purchase,Single Family,Married,0,Bachelor,15,0.173,2,1
HL01684,251182.15,4676.97,601,800000.0,1197356.63,31,Purchase,Condo,Married,2,PhD,30,0.042,0,1
HL01685,61444.29,3757.12,587,241454.73,259628.74,13,Purchase,Single Family,Single,2,Bachelor,30,0.07,3,0
HL01686,262053.98,4706.67,684,113433.12,136337.88,23,Refinance,Condo,Single,0,High School,30,0.168,1,1
HL01687,278758.23,3383.09,730,369690.48,445947.5,38,Purchase,Single Family,Single,3,Bachelor,20,0.171,2,1
HL01688,158942.03,1817.02,587,475493.26,594366.58,30,Purchase,Condo,Single,1,High School,20,0.2,2,1
HL01689,191719.56,4690.91,558,269078.46,305423.9,16,Purchase,Condo,Single,4,Master,30,0.119,0,0
HL01690,235322.7,1377.83,675,335837.56,414103.03,24,Home Improvement,Condo,Married,3,High School,20,0.189,1,1
HL01691,73080.62,1660.86,600,246803.26,300979.58,8,Purchase,Single Family,Married,0,Bachelor,20,0.18,2,0
HL01692,163205.67,3504.04,706,717100.7,946043.14,21,Purchase,Single Family,Married,3,Bachelor,30,0.242,2,1
HL01693,134632.33,3826.58,553,800000.0,876650.19,34,Purchase,Single Family,Married,3,High School,20,0.077,1,0
HL01694,65252.85,4647.02,640,670133.07,789320.46,36,Purchase,Multi Family,Single,0,High School,15,0.151,3,0
HL01695,126071.97,1024.01,731,427899.64,510620.09,16,Refinance,Single Family,Married,0,High School,30,0.162,0,1
HL01696,43747.39,3989.99,552,800000.0,1097671.06,27,Purchase,Condo,Married,4,Bachelor,30,0.25,2,0
HL01697,32098.27,3692.73,501,800000.0,1165724.11,0,Purchase,Single Family,Married,0,Master,30,0.074,1,0
HL01698,62170.73,318.97,560,231144.32,270344.23,8,Purchase,Single Family,Divorced,0,High School,30,0.145,3,0
HL01699,289856.66,1936.12,695,291344.96,325889.22,12,Refinance,Single Family,Single,0,High School,15,0.106,2,1
HL01700,176120.62,1413.83,666,569050.01,666334.91,31,Purchase,Single Family,Divorced,2,Bachelor,30,0.146,3,1
HL01701,290601.09,1522.45,665,163266.68,177656.89,27,Purchase,Single Family,Divorced,0,High School,20,0.081,2,1
HL01702,143936.92,4914.73,699,543364.27,566004.45,30,Purchase,Single Family,Single,0,Bachelor,20,0.04,2,0
HL01703,110749.44,3213.89,549,615710.8,729515.17,7,Purchase,Single Family,Single,0,High School,15,0.156,3,0
HL01704,164189.01,3588.38,545,593450.16,662332.77,7,Purchase,Condo,Single,4,Bachelor,15,0.104,0,0
HL01705,145865.71,4883.09,678,415963.11,447272.16,33,Purchase,Single Family,Married,3,High School,30,0.07,3,1
HL01706,54057.79,1886.01,463,616041.13,685251.53,22,Purchase,Condo,Single,0,High School,15,0.101,1,0
HL01707,201227.24,4009.2,640,800000.0,1153651.07,9,Purchase,Single Family,Single,0,Bachelor,20,0.041,2,0
HL01708,84410.5,2172.65,748,233451.65,306769.58,36,Refinance,Condo,Divorced,4,High School,30,0.239,3,1
HL01709,195386.69,4347.67,647,683439.01,811685.28,24,Purchase,Single Family,Single,3,Master,15,0.158,3,1
HL01710,203805.3,903.29,595,97942.63,123821.28,32,Purchase,Single Family,Single,4,Bachelor,20,0.209,2,1
HL01711,66806.83,4738.43,580,131303.09,149718.46,3,Purchase,Single Family,Married,5,High School,30,0.123,2,0
HL01712,41871.15,1093.86,568,536467.0,695806.75,6,Purchase,Single Family,Divorced,1,Master,30,0.229,3,0
HL01713,239709.44,1631.1,677,166800.89,193056.58,32,Purchase,Single Family,Single,1,High School,15,0.136,0,1
HL01714,151445.12,3780.96,658,84518.28,100140.14,1,Purchase,Condo,Single,1,Bachelor,15,0.156,2,1
HL01715,40995.04,1968.78,518,230974.73,267952.12,31,Purchase,Condo,Married,0,Bachelor,30,0.138,3,0
HL01716,298588.24,3041.06,783,574758.35,710455.32,4,Purchase,Single Family,Married,4,High School,30,0.191,1,1
HL01717,40889.65,2222.87,582,731988.49,866258.57,16,Purchase,Condo,Divorced,0,Master,20,0.155,0,0
HL01718,216134.69,3711.85,694,275537.43,302788.38,11,Refinance,Single Family,Single,1,PhD,20,0.09,1,1
HL01719,295511.7,1141.66,666,775530.77,826791.87,11,Purchase,Single Family,Married,3,Bachelor,20,0.062,2,1
HL01720,90774.53,292.29,659,234599.27,280285.87,34,Purchase,Single Family,Married,3,Bachelor,15,0.163,2,1
HL01721,64118.58,1499.65,569,659550.34,765139.6,20,Purchase,Condo,Divorced,5,Master,15,0.138,0,0
HL01722,58380.86,2371.54,593,510993.45,538454.64,20,Purchase,Single Family,Married,4,Bachelor,30,0.051,2,0
HL01723,108400.67,840.1,557,715693.09,810524.45,1,Purchase,Townhouse,Married,5,High School,20,0.117,1,0
HL01724,52787.6,1773.99,526,800000.0,1194434.35,20,Purchase,Single Family,Single,3,Bachelor,30,0.143,3,0
HL01725,215344.37,1999.92,692,800000.0,1130044.09,14,Purchase,Condo,Single,1,Master,30,0.212,3,1
HL01726,42130.24,286.96,548,76065.58,79816.98,10,Purchase,Condo,Married,5,Master,15,0.047,1,0
HL01727,165091.09,2916.54,589,800000.0,1071118.61,9,Purchase,Condo,Single,5,Master,30,0.107,1,0
HL01728,299091.63,4421.72,667,118193.89,149802.14,17,Purchase,Single Family,Married,5,High School,30,0.211,2,1
HL01729,248841.82,758.71,709,800000.0,1147177.41,22,Refinance,Single Family,Single,4,Bachelor,20,0.173,2,1
HL01730,194185.35,2989.04,615,355200.82,392053.89,30,Home Improvement,Single Family,Married,4,High School,20,0.094,0,1
HL01731,109219.75,3323.7,598,395754.72,504789.18,25,Refinance,Single Family,Single,1,Bachelor,30,0.216,3,0
HL01732,196571.35,2096.67,649,153338.06,178092.98,1,Purchase,Townhouse,Married,1,Bachelor,15,0.139,0,1
HL01733,169936.4,3505.49,539,173123.89,201306.85,38,Refinance,Single Family,Married,1,High School,30,0.14,1,0
HL01734,142172.93,2053.66,547,673900.27,892583.14,6,Purchase,Single Family,Single,5,Bachelor,15,0.245,1,0
HL01735,60945.35,2523.19,597,800000.0,1137373.77,23,Refinance,Single Family,Single,1,High School,30,0.238,0,0
HL01736,268816.16,36.77,647,679024.03,762092.06,38,Refinance,Single Family,Married,4,High School,20,0.109,0,1
HL01737,148690.78,3458.6,677,800000.0,880331.27,31,Refinance,Condo,Single,3,Bachelor,30,0.061,3,1
HL01738,78521.19,3306.71,637,800000.0,932215.96,25,Purchase,Single Family,Single,1,Bachelor,15,0.102,1,0
HL01739,126133.82,192.0,649,356951.42,370666.06,22,Purchase,Condo,Single,2,High School,30,0.037,0,1
HL01740,138885.68,1841.25,710,121477.41,125883.33,13,Purchase,Single Family,Married,4,High School,30,0.035,3,1
HL01741,252572.92,4895.16,672,68085.34,77106.84,28,Purchase,Single Family,Single,0,High School,30,0.117,2,1
HL01742,226743.95,2103.68,695,358213.58,469480.44,24,Purchase,Single Family,Divorced,3,Bachelor,30,0.237,2,1
HL01743,236558.85,2509.73,639,269691.57,346647.26,30,Purchase,Single Family,Divorced,4,High School,30,0.222,3,1
HL01744,28033.6,4549.65,686,124357.08,145107.44,1,Purchase,Single Family,Divorced,1,Bachelor,30,0.143,0,0
HL01745,139442.35,3586.31,718,234316.05,276969.33,1,Home Improvement,Condo,Single,5,Master,30,0.154,3,1
HL01746,157369.64,2910.35,629,208394.36,215061.26,22,Purchase,Single Family,Divorced,2,Bachelor,15,0.031,3,1
HL01747,30277.88,3989.02,584,800000.0,1104238.18,10,Purchase,Single Family,Married,0,Bachelor,30,0.077,0,0
HL01748,96448.63,4321.83,666,224652.6,232800.62,28,Refinance,Condo,Married,3,Bachelor,30,0.035,2,0
HL01749,234079.7,2284.44,659,546603.03,679854.52,34,Home Improvement,Single Family,Married,1,High School,30,0.196,3,1
HL01750,62705.17,2375.54,548,696225.06,742244.2,8,Purchase,Condo,Single,4,High School,30,0.062,2,0
HL01751,172210.29,1930.25,679,534725.57,686425.64,31,Purchase,Single Family,Divorced,4,Bachelor,20,0.221,3,1
HL01752,84180.51,4833.53,596,154371.07,186438.49,29,Purchase,Single Family,Married,3,Master,30,0.172,1,0
HL01753,28333.21,3485.83,573,398956.31,433648.16,14,Purchase,Single Family,Divorced,2,Master,30,0.08,0,0
HL01754,91330.4,416.12,553,124054.98,132679.12,13,Refinance,Single Family,Single,5,Master,30,0.065,2,1
HL01755,293365.28,4314.8,610,432747.04,520128.65,16,Refinance,Single Family,Divorced,1,PhD,30,0.168,0,1
HL01756,245422.71,2402.8,684,221698.17,287173.8,21,Purchase,Single Family,Single,3,High School,30,0.228,2,1
HL01757,288883.58,343.77,739,573951.32,706836.6,29,Refinance,Condo,Single,3,High School,30,0.188,2,1
HL01758,159159.86,2748.59,618,762987.63,854409.44,16,Refinance,Single Family,Married,4,Bachelor,30,0.107,0,0
HL01759,55177.45,2085.82,649,566526.9,673634.84,15,Home Improvement,Single Family,Married,3,Bachelor,30,0.159,3,0
HL01760,175688.86,4388.75,602,508291.68,563516.28,7,Home Improvement,Single Family,Married,0,Bachelor,30,0.098,3,0
HL01761,149953.77,1019.97,572,383062.57,510750.1,38,Purchase,Single Family,Married,0,Master,15,0.25,1,1
HL01762,257198.2,4132.32,675,800000.0,1021903.24,30,Purchase,Single Family,Single,1,Bachelor,30,0.195,2,1
HL01763,51972.71,2788.44,571,268693.87,321789.07,11,Purchase,Single Family,Married,3,Bachelor,15,0.165,0,0
HL01764,159266.31,273.05,668,790173.17,900995.63,32,Home Improvement,Townhouse,Single,4,High School,30,0.123,2,1
HL01765,66263.38,4859.23,544,773257.8,927167.62,11,Home Improvement,Single Family,Married,5,High School,30,0.166,3,0
HL01766,114285.88,2563.08,675,489207.01,546600.01,24,Purchase,Single Family,Single,1,Bachelor,30,0.105,0,1
HL01767,227773.2,1454.38,762,394722.5,409463.17,37,Purchase,Single Family,Single,2,PhD,15,0.036,0,1
HL01768,155904.99,2347.03,625,533649.15,604359.17,17,Purchase,Single Family,Divorced,4,High School,30,0.117,2,1
HL01769,128369.28,4289.29,676,137597.24,179865.67,18,Refinance,Single Family,Single,2,Bachelor,15,0.235,1,1
HL01770,133480.98,1524.52,563,105390.51,126671.29,2,Purchase,Single Family,Married,1,PhD,30,0.168,3,0
HL01771,151347.86,963.38,679,190927.03,200553.6,34,Purchase,Single Family,Single,0,High School,30,0.048,3,1
HL01772,240879.55,645.36,722,221292.07,285538.16,4,Purchase,Single Family,Single,4,High School,30,0.225,2,1
HL01773,270323.29,1489.3,728,585043.22,642198.92,34,Refinance,Condo,Married,5,Bachelor,30,0.089,2,1
HL01774,287717.04,3900.24,693,800000.0,1030278.72,26,Refinance,Single Family,Married,4,Bachelor,15,0.084,1,1
HL01775,241398.43,2358.13,522,307788.35,340097.62,36,Purchase,Multi Family,Married,1,Master,30,0.095,3,0
HL01776,111736.9,1137.41,573,800000.0,1127057.26,20,Purchase,Single Family,Divorced,4,High School,15,0.157,1,0
HL01777,214237.04,830.92,625,800000.0,1149271.4,15,Refinance,Condo,Married,4,Bachelor,30,0.15,0,1
HL01778,145340.86,1663.65,573,800000.0,1153767.68,27,Home Improvement,Townhouse,Divorced,1,High School,30,0.138,0,0
HL01779,95034.42,4699.62,603,800000.0,1017258.08,24,Purchase,Townhouse,Married,3,Bachelor,30,0.188,1,1
HL01780,256239.68,1715.13,657,435872.85,484303.17,32,Purchase,Single Family,Married,1,High School,30,0.1,1,1
HL01781,35567.25,4940.62,526,125101.98,156769.4,16,Purchase,Single Family,Married,4,Bachelor,30,0.202,2,0
HL01782,272984.55,2426.15,633,665591.52,714921.07,29,Purchase,Single Family,Married,5,Bachelor,30,0.069,3,1
HL01783,151906.3,895.82,590,561406.26,703516.62,40,Purchase,Single Family,Married,5,Bachelor,30,0.202,3,0
HL01784,200230.41,4455.7,706,800000.0,1031222.74,3,Purchase,Single Family,Single,1,Bachelor,15,0.176,3,1
HL01785,206322.33,2301.78,620,800000.0,1195489.93,1,Purchase,Single Family,Single,4,Bachelor,30,0.18,1,0
HL01786,271157.38,3548.36,659,558728.9,646676.97,8,Refinance,Single Family,Single,2,Master,20,0.136,2,1
HL01787,200084.16,4918.56,627,381340.78,463354.53,30,Purchase,Single Family,Single,2,High School,30,0.177,2,1
HL01788,193831.74,250.88,663,270500.74,284139.43,24,Purchase,Single Family,Single,0,High School,30,0.048,2,1
HL01789,43329.31,483.47,594,62953.04,80399.8,36,Purchase,Single Family,Married,1,Bachelor,30,0.217,1,1
HL01790,167562.21,3602.28,481,620547.28,647752.9,35,Purchase,Single Family,Single,1,Bachelor,30,0.042,1,0
HL01791,66296.48,1409.13,634,655861.11,699958.5,4,Purchase,Single Family,Married,2,High School,15,0.063,2,1
HL01792,227794.29,921.51,735,800000.0,1003055.79,23,Refinance,Condo,Married,2,Bachelor,30,0.157,1,1
HL01793,165861.03,196.81,580,518617.82,642649.09,23,Purchase,Single Family,Single,2,High School,30,0.193,0,1
HL01794,212062.64,109.23,607,800000.0,1106026.89,28,Purchase,Multi Family,Single,5,High School,30,0.047,3,1
HL01795,36460.05,3872.43,545,599482.53,781593.91,30,Purchase,Single Family,Single,5,High School,15,0.233,3,0
HL01796,48317.8,672.17,536,771405.97,1020378.27,36,Refinance,Townhouse,Married,0,Master,30,0.244,3,1
HL01797,221988.93,2338.6,672,202419.62,241839.45,18,Purchase,Single Family,Married,0,Master,15,0.163,0,1
HL01798,44823.19,3029.48,475,800000.0,1037253.15,22,Purchase,Townhouse,Married,3,High School,30,0.136,2,0
HL01799,44595.6,2141.76,516,673471.23,834536.84,34,Purchase,Single Family,Single,5,High School,30,0.193,3,0
HL01800,28329.83,135.53,641,239327.92,266512.16,5,Purchase,Condo,Married,1,High School,30,0.102,1,0
HL01801,288037.88,3917.51,647,248384.72,288484.0,5,Refinance,Single Family,Married,0,High School,20,0.139,0,0
HL01802,227814.8,52.57,726,800000.0,1117313.2,36,Purchase,Single Family,Single,4,Master,30,0.232,2,1
HL01803,122144.14,3809.45,628,84544.13,111242.28,29,Refinance,Single Family,Married,1,High School,30,0.24,0,1
HL01804,106547.28,4466.52,512,456039.49,595351.81,0,Purchase,Single Family,Married,3,High School,30,0.234,3,0
HL01805,121168.39,2164.2,642,390025.65,427659.7,7,Home Improvement,Single Family,Single,2,High School,30,0.088,2,1
HL01806,238029.72,2677.71,663,756531.94,823212.12,27,Purchase,Townhouse,Married,3,High School,30,0.081,3,1
HL01807,206876.92,2384.92,630,800000.0,1019583.06,24,Refinance,Single Family,Single,1,Bachelor,15,0.095,2,1
HL01808,75928.78,1946.04,600,419411.37,480425.39,32,Purchase,Single Family,Single,2,Bachelor,30,0.127,3,1
HL01809,72880.07,4437.12,610,500293.63,555264.85,37,Purchase,Single Family,Single,3,High School,30,0.099,2,0
HL01810,52058.8,4469.67,611,800000.0,1179657.51,13,Purchase,Single Family,Single,3,High School,30,0.112,0,0
HL01811,206583.25,1679.08,712,797102.76,956906.07,10,Refinance,Single Family,Single,1,Bachelor,30,0.167,2,1
HL01812,235202.48,3075.35,688,800000.0,1084354.65,1,Purchase,Condo,Married,0,Bachelor,15,0.198,2,1
HL01813,97887.77,4634.54,530,459434.86,568607.5,29,Purchase,Single Family,Divorced,4,High School,30,0.192,0,0
HL01814,30759.86,4810.29,541,267623.56,338335.73,29,Purchase,Single Family,Married,3,High School,30,0.209,2,0
HL01815,47597.21,2544.8,720,518427.58,538346.4,3,Home Improvement,Single Family,Married,4,High School,30,0.037,0,0
HL01816,291161.51,2264.12,731,800000.0,880603.41,12,Purchase,Single Family,Divorced,5,Bachelor,30,0.041,3,1
HL01817,106247.31,1393.47,721,157694.93,198109.21,6,Purchase,Single Family,Single,5,High School,30,0.204,3,1
HL01818,236536.37,4794.36,738,323523.91,379277.74,37,Home Improvement,Single Family,Single,1,High School,30,0.147,3,1
HL01819,196782.48,714.07,660,107453.32,127465.39,2,Home Improvement,Single Family,Married,1,High School,30,0.157,2,1
HL01820,130033.4,2899.15,630,537812.78,561391.21,8,Purchase,Multi Family,Married,0,Bachelor,30,0.042,1,0
HL01821,81564.0,1412.75,588,800000.0,1005876.45,13,Refinance,Single Family,Single,2,High School,15,0.086,1,1
HL01822,58381.26,1395.04,492,85279.72,102746.65,10,Purchase,Condo,Married,4,Bachelor,30,0.17,3,0
HL01823,194128.57,2024.84,647,651931.14,834738.97,36,Purchase,Single Family,Single,3,Bachelor,15,0.219,0,1
HL01824,238024.29,4993.96,729,800000.0,1124057.86,13,Refinance,Single Family,Married,2,Bachelor,30,0.232,2,1
HL01825,202073.67,274.83,621,293727.7,341543.84,18,Refinance,Single Family,Married,5,Bachelor,30,0.14,0,1
HL01826,170833.09,2892.71,656,727038.32,855339.2,7,Purchase,Single Family,Married,5,Bachelor,30,0.15,2,1
HL01827,36536.59,412.86,610,800000.0,1171989.64,6,Purchase,Single Family,Divorced,4,PhD,30,0.213,0,0
HL01828,291334.41,772.6,650,800000.0,1157562.82,6,Purchase,Single Family,Married,4,Bachelor,15,0.148,3,0
HL01829,244646.4,2197.81,649,290436.81,339295.34,2,Refinance,Multi Family,Single,2,Bachelor,30,0.144,1,1
HL01830,105526.06,2552.3,551,144849.64,187872.43,2,Home Improvement,Single Family,Married,2,Bachelor,30,0.229,0,0
HL01831,294491.84,1293.96,656,192487.02,241817.86,17,Purchase,Condo,Single,0,Bachelor,30,0.204,3,1
HL01832,190517.44,1582.29,580,665888.4,864790.13,32,Refinance,Single Family,Divorced,3,High School,30,0.23,1,1
HL01833,185166.23,434.84,597,800000.0,891478.73,36,Purchase,Single Family,Married,3,High School,30,0.078,1,1
HL01834,230720.12,1516.1,736,712656.29,833516.13,27,Refinance,Single Family,Married,3,High School,15,0.145,1,1
HL01835,248236.69,4832.79,628,355674.23,453088.19,35,Purchase,Single Family,Married,5,High School,15,0.215,0,1
HL01836,205531.62,4723.54,659,251635.11,265999.06,15,Purchase,Single Family,Married,5,High School,30,0.054,0,1
HL01837,60226.33,1674.39,554,579043.2,728356.23,14,Purchase,Single Family,Single,2,High School,30,0.205,1,0
HL01838,118023.56,2854.27,667,575800.66,619140.5,28,Home Improvement,Single Family,Married,0,PhD,30,0.07,0,1
HL01839,280223.0,4547.98,755,708791.23,894938.42,17,Purchase,Single Family,Married,1,High School,30,0.208,3,1
HL01840,86769.29,30.92,636,477227.63,571530.09,18,Purchase,Single Family,Divorced,0,Bachelor,30,0.165,2,1
HL01841,127345.93,4053.42,628,422683.87,455969.66,28,Refinance,Single Family,Single,5,Master,15,0.073,1,0
HL01842,143821.14,4741.85,610,350871.5,405163.4,5,Purchase,Condo,Married,2,Bachelor,15,0.134,2,0
HL01843,145836.37,456.63,563,256581.37,312904.11,26,Purchase,Single Family,Married,0,Bachelor,30,0.18,1,0
HL01844,193558.39,807.24,743,310764.64,373964.67,6,Purchase,Townhouse,Divorced,2,Bachelor,15,0.169,2,1
HL01845,284345.86,4803.73,654,159155.39,181684.24,26,Refinance,Single Family,Single,4,High School,30,0.124,1,1
HL01846,91190.5,2687.7,628,359145.32,465214.14,18,Purchase,Single Family,Married,4,High School,30,0.228,3,1
HL01847,58412.88,70.98,632,99416.73,116141.04,16,Purchase,Single Family,Married,1,Master,15,0.144,1,1
HL01848,79304.38,1288.16,561,244570.68,284715.58,40,Purchase,Single Family,Married,5,High School,15,0.141,3,1
HL01849,268904.35,2249.72,736,800000.0,915116.75,10,Home Improvement,Condo,Single,4,Master,30,0.044,1,1
HL01850,202597.97,3464.54,689,338364.05,441152.61,4,Purchase,Single Family,Married,1,High School,15,0.233,0,1
HL01851,103624.37,3665.8,688,769719.74,826766.64,1,Purchase,Single Family,Divorced,3,Bachelor,30,0.069,2,0
HL01852,249385.41,4977.11,651,752796.47,881494.7,11,Refinance,Single Family,Married,2,Bachelor,20,0.146,3,1
HL01853,261876.75,1437.56,616,577964.97,728833.51,10,Purchase,Single Family,Married,3,PhD,20,0.207,1,1
HL01854,257791.44,2691.1,653,800000.0,1153534.96,9,Purchase,Townhouse,Married,3,High School,30,0.077,0,0
HL01855,277704.8,2666.62,699,84648.35,99119.85,27,Home Improvement,Condo,Married,1,PhD,30,0.146,1,1
HL01856,94366.28,2028.23,600,800000.0,905984.23,6,Purchase,Single Family,Divorced,2,Bachelor,30,0.083,2,0
HL01857,232636.53,845.81,646,800000.0,1153634.97,13,Refinance,Single Family,Married,1,Bachelor,30,0.197,1,1
HL01858,151648.36,4887.28,530,800000.0,1045055.7,12,Refinance,Townhouse,Single,0,Bachelor,30,0.154,0,0
HL01859,256549.6,4266.59,701,206353.6,263879.28,4,Purchase,Single Family,Single,3,High School,20,0.218,1,1
HL01860,225334.94,2491.67,761,342186.11,442672.84,7,Purchase,Townhouse,Single,2,Bachelor,30,0.227,1,1
HL01861,238523.05,3016.23,692,222469.88,269008.32,0,Home Improvement,Single Family,Married,3,High School,30,0.173,3,1
HL01862,205444.51,1136.31,683,608692.25,751471.91,4,Refinance,Single Family,Married,0,High School,30,0.19,3,1
HL01863,73792.91,2718.94,615,743903.55,876211.48,10,Purchase,Condo,Divorced,5,Bachelor,15,0.151,1,0
HL01864,174882.4,3474.85,657,382061.57,431707.99,9,Purchase,Single Family,Divorced,0,Master,30,0.115,1,0
HL01865,295784.18,2575.84,744,563968.43,681944.9,14,Refinance,Single Family,Single,5,Bachelor,30,0.173,0,1
HL01866,282781.72,4951.43,711,656259.94,852285.64,38,Purchase,Single Family,Married,2,Bachelor,20,0.23,1,1
HL01867,36872.78,3056.71,552,482028.4,549007.29,28,Purchase,Single Family,Married,2,Bachelor,30,0.122,2,0
HL01868,70324.07,1854.87,545,800000.0,1035767.47,24,Home Improvement,Single Family,Single,0,Master,30,0.099,3,0
HL01869,61225.41,3860.76,568,800000.0,942993.68,5,Purchase,Single Family,Married,3,PhD,15,0.115,2,0
HL01870,224644.48,852.31,678,129132.4,147748.74,10,Refinance,Single Family,Single,4,Bachelor,30,0.126,1,1
HL01871,249890.97,1922.58,659,738172.73,773765.96,16,Refinance,Single Family,Single,3,High School,30,0.046,0,1
HL01872,83715.63,1734.79,607,292177.47,339741.24,14,Purchase,Single Family,Single,4,High School,30,0.14,2,0
HL01873,164109.49,2159.04,654,604601.13,702208.05,15,Refinance,Multi Family,Married,1,High School,30,0.139,1,1
HL01874,256193.33,3908.9,719,800000.0,1151499.5,1,Purchase,Condo,Married,2,Master,30,0.159,3,1
HL01875,226520.42,2420.87,727,800000.0,1063944.76,35,Purchase,Single Family,Married,0,PhD,30,0.11,1,1
HL01876,174115.23,3970.07,640,442617.59,530080.95,18,Purchase,Single Family,Married,1,Bachelor,30,0.165,3,1
HL01877,187345.61,2882.44,578,313094.55,402953.09,37,Purchase,Single Family,Single,3,PhD,15,0.223,0,1
HL01878,164799.15,1710.35,615,257416.91,338706.46,20,Refinance,Condo,Single,4,High School,15,0.24,3,1
HL01879,106825.82,4049.89,605,567574.71,674079.23,10,Home Improvement,Single Family,Single,5,Bachelor,30,0.158,1,0
HL01880,180381.05,1191.45,548,195591.86,203529.51,40,Refinance,Condo,Single,2,Bachelor,30,0.039,0,1
HL01881,214443.46,1121.91,726,524551.33,692934.38,2,Purchase,Single Family,Divorced,4,Bachelor,30,0.243,3,1
HL01882,265163.8,2522.51,689,62347.78,76500.34,33,Refinance,Single Family,Married,3,Bachelor,30,0.185,3,1
HL01883,199980.12,1304.25,669,393640.42,439330.83,17,Purchase,Single Family,Single,3,High School,30,0.104,2,1
HL01884,234308.42,45.44,735,302435.68,322426.1,14,Purchase,Single Family,Single,0,Bachelor,30,0.062,3,1
HL01885,69019.7,3241.49,553,800000.0,1167621.14,24,Purchase,Single Family,Married,1,Bachelor,30,0.062,1,0
HL01886,151928.31,2555.47,654,800000.0,893147.61,14,Purchase,Single Family,Married,2,Master,30,0.067,0,1
HL01887,27566.2,2227.59,558,449625.65,468360.05,29,Purchase,Single Family,Married,0,Bachelor,30,0.04,1,0
HL01888,92836.69,4834.84,587,138535.96,179450.72,16,Purchase,Single Family,Single,4,High School,30,0.228,3,0
HL01889,224776.97,2856.0,623,558596.97,656400.67,17,Purchase,Single Family,Married,1,Bachelor,30,0.149,1,1
HL01890,297747.74,4317.16,782,257145.16,315128.87,30,Purchase,Single Family,Single,2,High School,30,0.184,2,1
HL01891,52273.98,697.25,557,534644.79,678483.24,17,Home Improvement,Condo,Married,4,High School,30,0.212,1,1
HL01892,135410.94,2846.03,652,800000.0,1014782.65,34,Home Improvement,Single Family,Single,2,Bachelor,30,0.204,0,1
HL01893,245019.52,4339.9,578,595786.9,767766.62,12,Refinance,Townhouse,Single,2,High School,30,0.224,0,1
HL01894,81109.8,2915.53,649,596525.06,788011.97,13,Purchase,Single Family,Married,5,Bachelor,30,0.243,3,1
HL01895,177648.36,3590.07,691,596834.38,683659.08,35,Refinance,Single Family,Single,5,High School,30,0.127,0,1
HL01896,226594.61,1860.22,668,800000.0,1118173.84,17,Refinance,Single Family,Married,1,High School,30,0.239,1,1
HL01897,194396.0,462.25,635,800000.0,1123390.52,4,Refinance,Multi Family,Single,5,Bachelor,30,0.189,3,1
HL01898,76706.8,2289.5,608,621830.17,651813.6,13,Purchase,Single Family,Single,4,High School,30,0.046,1,0
HL01899,122730.76,1972.4,725,343563.12,418979.42,24,Purchase,Single Family,Divorced,5,High School,15,0.18,2,1
HL01900,240542.74,4335.3,582,484876.98,592035.38,38,Purchase,Townhouse,Single,0,High School,30,0.181,1,1
HL01901,177412.29,1219.98,677,219640.67,284877.65,11,Purchase,Single Family,Single,0,High School,15,0.229,0,1
HL01902,26438.14,4833.67,517,702307.97,790887.35,39,Purchase,Single Family,Single,0,High School,15,0.112,0,0
HL01903,234272.46,4790.69,666,536224.86,637603.88,27,Refinance,Single Family,Divorced,2,High School,30,0.159,2,1
HL01904,34710.62,1238.16,554,184903.01,191213.04,34,Refinance,Condo,Married,3,Bachelor,30,0.033,3,0
HL01905,230076.79,1740.26,643,266726.31,297353.75,0,Purchase,Single Family,Divorced,1,High School,30,0.103,0,1
HL01906,80682.15,4477.78,589,587544.17,614585.95,2,Purchase,Condo,Married,0,High School,30,0.044,0,0
HL01907,288470.21,4833.11,637,800000.0,1073537.61,6,Refinance,Single Family,Married,1,Bachelor,30,0.145,0,1
HL01908,126183.71,2217.2,664,562629.75,712189.56,8,Purchase,Townhouse,Married,5,High School,15,0.21,2,0
HL01909,114906.19,1604.99,517,778597.36,841726.88,35,Purchase,Single Family,Married,2,Bachelor,30,0.075,2,0
HL01910,65944.21,2630.47,609,389771.68,456407.12,22,Refinance,Single Family,Married,1,High School,20,0.146,0,0
HL01911,109041.16,3438.85,588,663999.98,717837.82,23,Purchase,Single Family,Married,0,PhD,15,0.075,3,0
HL01912,266078.96,1367.37,624,545339.07,578302.3,9,Refinance,Condo,Married,0,High School,30,0.057,0,1
HL01913,298991.94,3682.37,709,700575.15,816521.15,11,Refinance,Single Family,Married,2,Bachelor,30,0.142,1,1
HL01914,126285.12,258.29,535,125698.33,131897.51,18,Refinance,Single Family,Single,2,High School,30,0.047,1,0
HL01915,148367.92,246.47,626,529798.66,629962.74,31,Purchase,Single Family,Married,4,Bachelor,20,0.159,3,1
HL01916,223569.51,1931.44,590,392896.01,407991.7,23,Purchase,Single Family,Married,2,Bachelor,15,0.037,0,1
HL01917,268703.84,1767.37,707,418534.41,441958.19,21,Purchase,Multi Family,Married,3,High School,20,0.053,3,1
HL01918,188087.19,1578.17,597,800000.0,1156032.11,2,Purchase,Single Family,Divorced,3,High School,20,0.151,1,1
HL01919,132669.57,2455.1,593,235646.59,280531.66,39,Purchase,Single Family,Married,0,PhD,30,0.16,0,1
HL01920,138471.01,1603.67,633,409845.48,425150.91,26,Refinance,Single Family,Single,5,Master,30,0.036,0,1
HL01921,216294.99,961.29,619,547443.0,648629.15,18,Home Improvement,Townhouse,Married,2,Bachelor,15,0.156,1,1
HL01922,25885.02,1547.35,560,800000.0,1045905.32,8,Refinance,Condo,Married,3,Master,15,0.214,3,0
HL01923,195387.07,4874.52,572,440984.36,543753.84,12,Purchase,Townhouse,Divorced,3,High School,30,0.189,3,0
HL01924,122760.58,2055.57,642,800000.0,911848.44,1,Refinance,Single Family,Married,4,Bachelor,30,0.059,2,1
HL01925,243404.27,2223.56,759,800000.0,1038420.86,35,Purchase,Townhouse,Single,5,High School,20,0.16,2,1
HL01926,50572.43,2882.72,714,348337.62,423768.4,28,Purchase,Single Family,Single,5,Bachelor,30,0.178,2,1
HL01927,186755.62,4916.7,647,497203.89,516843.96,10,Refinance,Single Family,Single,2,Bachelor,30,0.038,3,1
HL01928,157267.54,1208.01,668,372330.34,476125.75,33,Purchase,Condo,Single,4,High School,30,0.218,0,1
HL01929,201639.52,3406.41,561,780223.3,1011962.78,3,Purchase,Single Family,Married,5,Bachelor,30,0.229,0,1
HL01930,42834.74,3579.92,646,97789.04,124890.22,3,Refinance,Townhouse,Single,5,Bachelor,30,0.217,2,0
HL01931,184495.54,3036.62,681,332937.27,421973.72,0,Purchase,Single Family,Single,1,Bachelor,30,0.211,3,1
HL01932,179408.26,442.89,615,676503.71,839334.63,24,Home Improvement,Single Family,Married,4,Master,30,0.194,2,1
HL01933,179181.53,3384.36,701,590943.99,711123.94,25,Purchase,Single Family,Married,5,Master,30,0.169,3,1
HL01934,190959.11,320.47,632,464542.76,565825.53,10,Refinance,Single Family,Single,1,High School,30,0.179,3,1
HL01935,211028.68,2980.71,632,541176.32,682441.76,22,Purchase,Single Family,Married,1,Bachelor,30,0.207,2,1
HL01936,246371.97,3697.91,696,244960.91,297282.66,1,Purchase,Single Family,Single,5,Bachelor,30,0.176,0,1
HL01937,99200.7,1054.85,546,502481.47,559556.2,18,Purchase,Townhouse,Married,2,High School,30,0.102,0,0
HL01938,251888.59,4208.11,727,567161.87,639415.86,28,Refinance,Townhouse,Married,1,Master,30,0.113,3,1
HL01939,162020.31,151.77,578,800000.0,1088837.76,39,Refinance,Single Family,Divorced,1,High School,15,0.227,1,1
HL01940,46191.03,4219.06,520,355912.61,368439.56,3,Refinance,Single Family,Single,4,High School,30,0.034,1,0
HL01941,41101.51,2301.65,525,800000.0,1051307.06,15,Home Improvement,Single Family,Single,2,High School,30,0.184,1,0
HL01942,116915.54,1087.94,646,607826.4,799771.58,36,Refinance,Single Family,Married,2,High School,30,0.24,2,1
HL01943,240846.67,668.89,639,79775.0,97883.43,26,Purchase,Single Family,Single,1,High School,20,0.185,0,1
HL01944,219612.26,4766.54,592,668547.9,890210.25,4,Refinance,Single Family,Married,4,Bachelor,30,0.249,1,0
HL01945,241869.12,363.33,640,94181.61,114995.86,14,Purchase,Single Family,Single,4,Bachelor,30,0.181,1,1
HL01946,167248.99,995.47,632,800000.0,1197053.77,22,Purchase,Condo,Married,4,Bachelor,30,0.038,1,1
HL01947,146054.72,1739.11,563,800000.0,1056716.27,2,Purchase,Single Family,Divorced,4,High School,30,0.212,1,0
HL01948,65549.44,3101.17,525,371427.13,409511.72,17,Purchase,Single Family,Divorced,0,Bachelor,30,0.093,2,0
HL01949,115253.01,2724.01,713,317920.41,364587.63,25,Refinance,Single Family,Married,5,High School,30,0.128,0,1
HL01950,144355.33,628.22,579,454213.22,504121.22,5,Purchase,Single Family,Single,1,High School,30,0.099,0,1
HL01951,49365.12,1448.64,558,433351.62,475687.84,16,Refinance,Single Family,Married,1,High School,30,0.089,0,0
HL01952,85668.29,1193.76,574,432145.04,493880.05,37,Home Improvement,Single Family,Married,1,High School,30,0.125,1,1
HL01953,189511.96,1067.71,623,384125.2,433061.11,26,Purchase,Single Family,Divorced,2,High School,30,0.113,3,1
HL01954,227307.36,2055.72,694,643007.09,773775.08,19,Refinance,Single Family,Divorced,2,Bachelor,30,0.169,2,1
HL01955,299545.57,3520.16,747,205499.13,259796.62,5,Refinance,Single Family,Divorced,4,High School,30,0.209,2,1
HL01956,281606.17,1087.26,675,800000.0,1026728.95,34,Purchase,Single Family,Divorced,5,High School,30,0.095,2,1
HL01957,201705.43,1833.39,589,800000.0,988952.79,11,Refinance,Condo,Married,2,Bachelor,30,0.077,0,0
HL01958,140843.21,1954.59,684,502888.89,611043.61,2,Purchase,Single Family,Married,3,PhD,30,0.177,0,1
HL01959,199948.78,4882.28,645,800000.0,1034321.21,3,Purchase,Single Family,Divorced,1,Master,30,0.177,2,0
HL01960,241054.19,4773.33,757,272545.49,353038.2,3,Purchase,Condo,Married,1,Master,30,0.228,1,1
HL01961,57542.45,4000.69,466,91539.26,94761.14,3,Purchase,Single Family,Married,0,Master,30,0.034,3,0
HL01962,137723.84,1208.29,628,603398.18,771608.92,38,Purchase,Single Family,Divorced,0,Bachelor,30,0.218,0,1
HL01963,255945.63,340.19,773,504576.61,590148.08,20,Purchase,Single Family,Married,3,Master,20,0.145,0,1
HL01964,130554.06,1584.52,597,593979.07,713060.11,1,Purchase,Single Family,Single,0,Bachelor,20,0.167,1,1
HL01965,182264.87,1333.97,629,800000.0,1086756.84,15,Refinance,Single Family,Single,5,High School,20,0.05,1,1
HL01966,186636.57,2529.63,658,800000.0,1166166.27,6,Refinance,Single Family,Single,4,High School,15,0.125,0,1
HL01967,75730.97,3888.64,559,725659.0,788759.78,18,Purchase,Condo,Married,4,Bachelor,30,0.08,1,0
HL01968,124614.75,4291.61,596,800000.0,934562.54,32,Purchase,Single Family,Married,1,Master,30,0.086,1,0
HL01969,116990.6,4224.32,591,145415.38,169284.49,8,Purchase,Single Family,Married,4,High School,30,0.141,1,0
HL01970,32204.09,1798.38,534,202341.78,255805.03,36,Refinance,Single Family,Married,0,High School,30,0.209,3,0
HL01971,31652.74,3436.17,627,725283.46,899855.41,16,Purchase,Single Family,Divorced,3,Bachelor,30,0.194,3,0
HL01972,253716.69,1564.17,699,470640.36,560286.14,26,Purchase,Single Family,Single,5,Bachelor,20,0.16,3,1
HL01973,100094.47,304.53,612,490781.0,576710.93,32,Purchase,Condo,Divorced,4,Master,20,0.149,1,1
HL01974,167471.66,3507.83,674,369832.87,422183.64,11,Refinance,Single Family,Single,1,PhD,30,0.124,1,1
HL01975,107149.53,49.14,590,573256.6,758275.93,10,Purchase,Single Family,Married,1,High School,15,0.244,3,1
HL01976,283686.79,2045.91,653,239964.15,283310.68,12,Purchase,Single Family,Married,5,High School,30,0.153,3,1
HL01977,96306.61,1646.9,568,713176.66,780280.81,30,Refinance,Single Family,Married,0,High School,20,0.086,2,0
HL01978,143155.62,3466.89,621,248611.29,270523.71,12,Refinance,Condo,Married,4,Master,30,0.081,0,0
HL01979,265000.82,3831.23,629,122728.39,146804.29,37,Refinance,Single Family,Single,0,High School,30,0.164,3,1
HL01980,256531.73,1520.47,653,381887.8,446652.4,25,Purchase,Single Family,Single,1,High School,30,0.145,2,1
HL01981,76177.89,4058.14,562,324311.83,335032.88,30,Refinance,Multi Family,Single,3,High School,15,0.032,2,0
HL01982,245726.91,1469.58,779,800000.0,1075115.59,21,Purchase,Single Family,Married,4,High School,20,0.213,3,1
HL01983,151001.39,2231.63,486,111510.45,136822.64,5,Purchase,Single Family,Married,3,High School,30,0.185,2,0
HL01984,157816.44,3635.09,619,225520.89,273690.4,19,Purchase,Condo,Married,5,Master,30,0.176,3,1
HL01985,61706.99,3464.6,667,661155.63,692309.56,20,Purchase,Condo,Married,4,Bachelor,20,0.045,0,0
HL01986,47165.42,4936.84,579,548418.53,616200.59,9,Purchase,Single Family,Divorced,1,Master,15,0.11,0,0
HL01987,225183.31,1125.81,700,96709.81,126583.52,18,Purchase,Single Family,Married,4,High School,20,0.236,0,1
HL01988,161526.82,3311.59,635,64864.0,83158.98,34,Purchase,Single Family,Single,1,Bachelor,30,0.22,3,1
HL01989,145133.94,3048.41,589,800000.0,1186576.43,25,Purchase,Single Family,Married,2,Bachelor,30,0.093,2,0
HL01990,225614.76,4575.49,550,763136.75,816189.04,6,Refinance,Single Family,Married,1,Bachelor,15,0.065,3,0
HL01991,235516.05,781.81,678,423377.33,486081.9,36,Purchase,Condo,Married,1,High School,30,0.129,0,1
HL01992,68699.75,3758.99,545,538978.76,604236.28,7,Home Improvement,Single Family,Married,5,Bachelor,30,0.108,2,0
HL01993,192811.92,2841.34,606,307392.49,374868.89,4,Purchase,Single Family,Married,4,Bachelor,30,0.18,1,0
HL01994,62222.37,1373.33,556,350478.14,462983.01,35,Purchase,Single Family,Divorced,3,High School,30,0.243,0,0
HL01995,231628.15,2372.17,753,716605.78,805175.03,27,Purchase,Single Family,Divorced,1,High School,15,0.11,3,1
HL01996,205662.67,1668.88,773,800000.0,1068163.27,2,Refinance,Single Family,Divorced,4,High School,30,0.044,3,1
HL01997,288069.02,2896.57,704,218099.07,282146.28,38,Refinance,Townhouse,Married,1,High School,30,0.227,3,1
HL01998,43963.45,4445.0,548,800000.0,1020406.69,7,Home Improvement,Single Family,Divorced,0,High School,30,0.038,1,0
HL01999,40690.05,2846.52,511,160930.92,211751.21,14,Purchase,Single Family,Single,0,High School,30,0.24,2,0
HL02000,102601.45,3158.61,624,261097.79,316866.25,26,Purchase,Single Family,Married,0,High School,15,0.176,3,1
HL02001,96969.06,2593.74,687,89135.34,116822.2,35,Refinance,Condo,Single,0,Bachelor,30,0.237,3,1
HL02002,92919.17,255.83,584,216140.75,233413.34,15,Refinance,Condo,Married,3,PhD,30,0.074,3,0
HL02003,274220.01,1164.29,568,800000.0,1106966.04,25,Home Improvement,Condo,Single,5,High School,30,0.039,0,1
HL02004,93625.2,2460.01,630,510782.59,591868.59,3,Purchase,Single Family,Single,1,High School,30,0.137,0,0
HL02005,99786.17,1551.18,649,141427.83,162374.09,11,Refinance,Condo,Single,0,Bachelor,15,0.129,1,0
HL02006,233834.52,908.82,587,800000.0,1154692.69,16,Purchase,Single Family,Married,4,Bachelor,15,0.103,2,0
HL02007,148678.46,2520.66,633,800000.0,1063866.35,40,Purchase,Single Family,Married,0,Bachelor,30,0.241,2,1
HL02008,238595.4,1614.05,691,729050.08,924017.84,25,Purchase,Multi Family,Single,2,Bachelor,20,0.211,3,1
HL02009,42975.69,1290.54,567,800000.0,1125156.89,30,Refinance,Condo,Married,2,Bachelor,30,0.176,3,0
HL02010,159082.08,2319.93,590,301350.99,322645.6,14,Refinance,Condo,Divorced,5,Master,30,0.066,0,1
HL02011,34243.74,666.42,617,800000.0,1015915.45,33,Purchase,Single Family,Married,3,PhD,15,0.192,0,1
HL02012,42229.63,4638.73,550,689504.48,851240.1,28,Purchase,Single Family,Married,2,Bachelor,30,0.19,0,0
HL02013,274270.3,4338.51,612,800000.0,1053479.16,8,Purchase,Townhouse,Married,4,PhD,15,0.124,0,1
HL02014,63292.48,3538.1,479,745160.07,971525.51,13,Purchase,Single Family,Divorced,0,Bachelor,30,0.233,3,0
HL02015,171415.69,531.07,698,433664.88,464806.95,35,Purchase,Single Family,Married,2,Bachelor,20,0.067,0,1
HL02016,138051.29,3879.39,649,800000.0,946198.35,3,Purchase,Condo,Married,2,Bachelor,20,0.089,2,1
HL02017,120519.41,4039.79,614,353971.75,370263.34,37,Refinance,Single Family,Divorced,3,Master,30,0.044,0,0
HL02018,272454.17,3838.82,664,353509.61,444666.18,36,Purchase,Condo,Single,2,Master,30,0.205,1,1
HL02019,31001.43,569.83,539,163596.14,196393.93,23,Purchase,Townhouse,Single,0,High School,20,0.167,0,0
HL02020,207542.16,3219.54,599,800000.0,1126961.19,16,Home Improvement,Single Family,Married,5,Bachelor,15,0.099,3,1
HL02021,289933.47,4171.62,673,375821.78,402378.78,12,Purchase,Single Family,Single,5,Master,30,0.066,3,1
HL02022,179046.25,2886.77,533,634932.96,660700.27,19,Refinance,Single Family,Married,5,High School,30,0.039,3,1
HL02023,282626.18,3232.04,654,480727.73,515249.44,16,Purchase,Townhouse,Single,1,High School,30,0.067,0,1
HL02024,39370.92,2291.82,554,800000.0,1154919.14,26,Home Improvement,Single Family,Married,0,High School,15,0.13,2,0
HL02025,140168.16,2643.54,650,413968.17,451930.32,32,Purchase,Single Family,Divorced,2,Bachelor,30,0.084,3,1
HL02026,96543.39,171.88,596,800000.0,950864.05,20,Refinance,Single Family,Single,2,Bachelor,15,0.087,2,0
HL02027,225975.77,3194.82,702,800000.0,1037343.17,16,Purchase,Single Family,Single,2,High School,30,0.223,3,1
HL02028,294856.7,407.24,764,484254.11,565057.31,21,Home Improvement,Single Family,Single,3,Bachelor,30,0.143,3,1
HL02029,95545.77,2175.07,650,405359.06,500443.29,24,Purchase,Condo,Married,4,Master,30,0.19,2,1
HL02030,204898.02,1463.28,675,800000.0,916214.05,2,Purchase,Multi Family,Married,0,High School,30,0.038,1,1
HL02031,79476.85,2727.14,590,800000.0,1102007.98,26,Purchase,Single Family,Married,5,High School,30,0.11,3,0
HL02032,180465.82,667.08,591,799517.94,924298.2,26,Home Improvement,Single Family,Single,2,Master,30,0.135,2,1
HL02033,152581.43,3458.22,663,307050.44,330517.16,11,Refinance,Single Family,Married,1,Master,30,0.071,3,1
HL02034,292301.47,3975.06,780,800000.0,1074346.22,14,Purchase,Single Family,Single,3,High School,30,0.056,0,1
HL02035,192345.0,816.77,663,398091.89,511029.38,37,Purchase,Single Family,Married,4,Bachelor,30,0.221,2,1
HL02036,121114.25,521.57,706,551845.92,723258.09,19,Purchase,Multi Family,Single,2,Bachelor,15,0.237,3,1
HL02037,56376.34,727.58,501,800000.0,1010365.07,21,Purchase,Single Family,Married,5,High School,30,0.047,1,0
HL02038,66592.88,4385.64,525,256241.09,286944.11,1,Purchase,Single Family,Single,0,Master,30,0.107,0,0
HL02039,86962.16,2640.95,636,726798.59,957573.9,3,Home Improvement,Single Family,Single,1,Bachelor,30,0.241,3,1
HL02040,94015.83,2336.3,610,709890.36,745683.15,12,Refinance,Townhouse,Single,5,Bachelor,30,0.048,0,0
HL02041,258919.42,533.56,745,800000.0,1080009.35,31,Home Improvement,Single Family,Married,3,High School,15,0.172,1,1
HL02042,179336.27,3247.78,638,202960.83,268466.7,21,Purchase,Single Family,Married,0,Master,15,0.244,2,1
HL02043,168932.5,4340.0,591,413941.98,548267.52,24,Refinance,Single Family,Divorced,0,High School,20,0.245,3,1
HL02044,56561.44,4140.93,567,800000.0,1011948.48,26,Purchase,Single Family,Single,3,High School,30,0.134,2,0
HL02045,261538.42,3130.27,604,90257.72,96635.67,16,Purchase,Single Family,Single,0,High School,30,0.066,3,1
HL02046,223773.93,376.39,605,186335.78,201226.54,5,Purchase,Single Family,Single,1,High School,30,0.074,3,1
HL02047,43608.8,561.99,620,800000.0,1189385.86,15,Purchase,Single Family,Single,1,Master,15,0.226,2,0
HL02048,219654.65,246.54,703,300251.01,390443.45,7,Home Improvement,Townhouse,Single,0,High School,30,0.231,2,1
HL02049,174473.01,1287.4,655,800000.0,1172486.09,32,Purchase,Condo,Single,2,Bachelor,30,0.164,3,1
HL02050,47474.47,678.31,487,224558.74,280347.99,9,Refinance,Single Family,Married,0,Master,30,0.199,1,0
HL02051,151032.68,1300.24,607,388353.62,481231.25,33,Refinance,Multi Family,Married,2,Bachelor,30,0.193,1,1
HL02052,158291.48,1925.29,567,759709.98,921978.13,18,Purchase,Single Family,Married,0,High School,30,0.176,3,0
HL02053,70588.0,4714.91,644,642220.56,815000.71,13,Purchase,Condo,Single,5,Bachelor,30,0.212,2,0
HL02054,285066.99,3051.88,663,596856.65,728762.7,2,Purchase,Single Family,Married,4,Bachelor,20,0.181,1,1
HL02055,258743.23,4174.87,625,572479.49,671136.57,40,Purchase,Single Family,Married,1,High School,30,0.147,3,1
HL02056,208981.14,3551.76,655,800000.0,1023870.5,22,Refinance,Single Family,Single,0,High School,30,0.082,0,1
HL02057,152131.28,562.52,594,273489.61,339317.13,39,Home Improvement,Single Family,Married,1,Bachelor,30,0.194,3,1
HL02058,138235.52,3679.6,693,496027.3,572779.79,10,Purchase,Single Family,Divorced,3,Bachelor,30,0.134,2,1
HL02059,204017.7,1375.49,615,226144.87,249883.83,5,Home Improvement,Single Family,Divorced,4,Bachelor,30,0.095,3,1
HL02060,174993.76,3195.54,567,591874.83,745434.3,33,Purchase,Single Family,Married,2,High School,15,0.206,0,1
HL02061,42125.1,1704.81,463,291556.65,356862.48,0,Purchase,Condo,Married,3,Bachelor,30,0.183,0,0
HL02062,165938.23,4988.36,631,344237.25,450572.32,34,Purchase,Single Family,Married,4,High School,30,0.236,3,1
HL02063,246760.99,1317.76,645,565216.69,605157.06,24,Purchase,Condo,Single,3,High School,30,0.066,0,1
HL02064,151290.97,1395.65,554,86931.68,105116.91,28,Purchase,Condo,Married,1,Master,30,0.173,3,1
HL02065,39288.06,4653.36,629,163442.04,178430.18,22,Purchase,Single Family,Married,5,High School,30,0.084,2,0
HL02066,241226.5,123.22,703,652782.86,846670.37,17,Purchase,Single Family,Married,4,High School,30,0.229,2,1
HL02067,80375.04,3483.44,588,528596.49,557591.23,13,Purchase,Single Family,Single,3,Master,30,0.052,2,0
HL02068,96120.73,3626.63,666,800000.0,1047889.0,16,Purchase,Townhouse,Single,2,High School,15,0.174,1,1
HL02069,70294.25,4181.89,618,681778.78,856506.0,1,Purchase,Single Family,Married,4,Bachelor,30,0.204,3,0
HL02070,115809.14,4872.2,566,75029.3,84113.56,30,Purchase,Condo,Married,4,Bachelor,20,0.108,2,0
HL02071,233106.66,4878.01,614,584289.04,768801.37,18,Purchase,Townhouse,Single,3,High School,30,0.24,3,1
HL02072,167831.11,326.38,674,141284.89,180440.47,31,Refinance,Townhouse,Married,5,Master,15,0.217,0,1
HL02073,81342.35,4109.2,610,800000.0,953549.83,27,Purchase,Single Family,Single,0,Bachelor,30,0.095,2,0
HL02074,266403.27,3231.55,691,800000.0,1190446.15,40,Purchase,Single Family,Married,2,Bachelor,30,0.032,1,1
HL02075,266885.01,3236.71,641,608701.77,672598.64,7,Refinance,Townhouse,Married,2,High School,15,0.095,2,1
HL02076,264409.07,641.75,712,765559.26,843126.94,40,Purchase,Condo,Single,3,PhD,30,0.092,1,1
HL02077,90668.96,3250.94,557,264691.3,341978.43,39,Refinance,Single Family,Married,5,Bachelor,30,0.226,0,0
HL02078,149090.82,4912.41,619,429444.18,567297.46,38,Purchase,Single Family,Single,1,Bachelor,30,0.243,3,1
HL02079,295872.16,4559.09,770,800000.0,1038107.25,21,Purchase,Single Family,Married,1,Master,30,0.045,0,1
HL02080,237303.43,2195.65,635,228061.81,263350.82,23,Purchase,Single Family,Single,0,Bachelor,15,0.134,0,1
HL02081,32471.04,199.74,487,317294.7,373727.56,37,Purchase,Condo,Married,0,Bachelor,20,0.151,0,0
HL02082,42931.26,1811.47,518,547307.24,576112.88,1,Refinance,Single Family,Single,3,Master,30,0.05,0,0
HL02083,152581.13,4131.95,676,777260.36,876280.0,40,Purchase,Single Family,Married,5,High School,30,0.113,0,1
HL02084,275035.56,3507.5,700,448082.5,497869.45,40,Home Improvement,Single Family,Married,1,Bachelor,30,0.1,3,1
HL02085,173142.99,2296.72,630,800000.0,1118698.81,18,Purchase,Townhouse,Single,2,High School,30,0.148,1,1
HL02086,161898.44,275.51,605,149542.95,181264.18,40,Home Improvement,Single Family,Single,5,Bachelor,30,0.175,0,1
HL02087,54005.27,2134.47,601,401106.1,492154.72,1,Purchase,Single Family,Single,1,Bachelor,30,0.185,2,0
HL02088,205614.53,2345.12,610,800000.0,872573.39,27,Purchase,Single Family,Single,5,High School,30,0.06,1,1
HL02089,251078.37,4642.78,690,260424.97,329235.11,31,Purchase,Single Family,Married,3,High School,30,0.209,1,1
HL02090,129615.5,3205.43,578,667854.58,813464.78,18,Purchase,Single Family,Married,1,Bachelor,30,0.179,2,1
HL02091,238293.26,1558.26,624,201041.92,259744.08,15,Refinance,Single Family,Single,4,Bachelor,15,0.226,2,1
HL02092,290231.08,2626.59,663,120178.68,137977.82,29,Purchase,Single Family,Married,3,Bachelor,15,0.129,2,1
HL02093,81035.78,330.28,571,163213.29,211142.68,21,Refinance,Single Family,Divorced,4,Master,30,0.227,2,0
HL02094,168915.65,4862.84,632,800000.0,1121232.88,13,Purchase,Townhouse,Divorced,5,High School,15,0.22,2,0
HL02095,103962.94,1800.3,613,608059.05,695719.74,0,Refinance,Single Family,Single,3,Master,15,0.126,0,0
HL02096,243034.97,2389.34,487,800000.0,970889.0,1,Purchase,Single Family,Single,2,High School,30,0.114,1,0
HL02097,183838.18,1776.42,601,343665.78,449236.31,21,Refinance,Single Family,Married,3,High School,20,0.235,2,1
HL02098,199510.16,3412.56,630,603035.42,741740.98,32,Purchase,Single Family,Single,3,High School,30,0.187,2,1
HL02099,244426.39,3311.16,747,483975.0,631821.15,14,Home Improvement,Single Family,Single,3,Master,30,0.234,3,1
HL02100,133891.88,3576.61,562,800000.0,1138955.2,40,Home Improvement,Condo,Single,3,Bachelor,30,0.205,1,1
HL02101,276649.77,1340.72,696,765793.95,916021.47,21,Refinance,Single Family,Single,0,High School,20,0.164,1,1
HL02102,171582.94,1578.34,710,800000.0,896860.46,39,Purchase,Townhouse,Married,4,Bachelor,30,0.055,0,1
HL02103,68437.58,626.26,518,115195.57,127147.43,38,Purchase,Single Family,Married,3,Bachelor,30,0.094,1,1
HL02104,216372.26,3277.55,677,524887.43,693378.38,40,Purchase,Single Family,Single,3,Master,15,0.243,2,1
HL02105,243146.87,198.99,631,540328.85,600365.39,40,Home Improvement,Multi Family,Married,5,Bachelor,30,0.1,3,1
HL02106,112109.46,2988.41,580,800000.0,1118822.55,10,Home Improvement,Single Family,Married,0,Bachelor,30,0.051,1,0
HL02107,260724.3,4348.48,640,296710.93,364509.74,3,Purchase,Single Family,Married,1,PhD,20,0.186,3,0
HL02108,274189.4,4454.16,650,306257.17,378562.63,6,Purchase,Condo,Divorced,5,PhD,20,0.191,2,1
HL02109,101148.73,2245.19,736,487752.43,537764.53,20,Refinance,Single Family,Divorced,5,High School,30,0.093,3,1
HL02110,295468.4,2296.52,739,315655.79,348790.93,6,Purchase,Single Family,Married,0,Bachelor,30,0.095,1,1
HL02111,63695.67,384.85,636,191027.77,220331.91,3,Purchase,Single Family,Married,0,High School,30,0.133,1,1
HL02112,80554.31,3353.83,614,800000.0,1039591.7,11,Home Improvement,Condo,Single,0,Bachelor,30,0.035,0,0
HL02113,75661.83,4106.3,507,559636.63,703061.09,26,Refinance,Single Family,Married,5,Bachelor,30,0.204,2,0
HL02114,270847.17,1223.28,705,800000.0,1044033.06,16,Home Improvement,Single Family,Married,5,High School,30,0.1,0,1
HL02115,204930.45,2106.5,706,789840.81,1010026.61,19,Purchase,Multi Family,Married,3,PhD,30,0.218,0,1
HL02116,66828.68,4194.2,540,311092.04,392297.65,30,Purchase,Single Family,Single,0,High School,15,0.207,2,0
HL02117,146088.94,4385.6,671,569552.61,691204.62,25,Refinance,Single Family,Single,0,Bachelor,15,0.176,1,1
HL02118,194206.96,1215.9,682,151589.31,168619.92,30,Purchase,Condo,Single,5,Master,15,0.101,3,1
HL02119,47952.62,2752.85,666,800000.0,1104658.37,34,Purchase,Single Family,Married,5,High School,15,0.144,0,0
HL02120,267664.5,962.47,662,461981.72,529795.55,8,Refinance,Single Family,Divorced,0,High School,30,0.128,1,1
HL02121,245990.97,509.39,618,463507.71,517885.71,4,Home Improvement,Single Family,Single,3,High School,30,0.105,1,0
HL02122,163931.86,4555.6,613,325414.64,415599.79,7,Purchase,Condo,Divorced,2,Bachelor,30,0.217,0,0
HL02123,290959.82,4102.54,767,512565.16,593246.71,20,Purchase,Single Family,Single,2,Master,30,0.136,0,1
HL02124,139884.27,3800.17,528,281926.47,358229.31,15,Purchase,Multi Family,Divorced,1,High School,30,0.213,0,0
HL02125,295630.34,243.83,594,470383.24,496708.81,15,Purchase,Single Family,Married,3,High School,30,0.053,1,1
HL02126,208678.0,4218.64,658,800000.0,974940.43,17,Purchase,Single Family,Single,5,Bachelor,30,0.061,2,0
HL02127,199534.6,2190.22,627,765220.77,1013537.44,27,Purchase,Single Family,Single,0,Bachelor,30,0.245,2,1
HL02128,70637.6,1711.98,585,350869.65,417205.29,17,Purchase,Single Family,Single,0,Bachelor,30,0.159,0,0
HL02129,267530.13,2732.38,731,517066.18,602641.23,13,Refinance,Single Family,Divorced,0,Bachelor,30,0.142,3,1
HL02130,142559.66,456.77,593,800000.0,1058047.25,36,Purchase,Condo,Married,2,High School,15,0.145,1,1
HL02131,69614.19,3783.23,491,123919.67,134257.5,39,Purchase,Single Family,Married,5,Bachelor,30,0.077,3,0
HL02132,28467.07,2912.18,666,800000.0,1075288.08,15,Refinance,Single Family,Single,0,High School,30,0.188,0,0
HL02133,178932.81,932.95,589,305824.85,321582.39,20,Purchase,Multi Family,Divorced,0,High School,15,0.049,1,1
HL02134,170034.9,941.16,582,707573.01,838356.65,0,Home Improvement,Single Family,Single,2,High School,30,0.156,2,0
HL02135,222822.25,921.24,716,616432.84,730370.66,10,Refinance,Multi Family,Single,0,Bachelor,15,0.156,2,1
HL02136,269820.96,285.01,665,536037.86,697058.34,10,Home Improvement,Single Family,Single,1,High School,30,0.231,3,1
HL02137,46836.81,2938.99,570,800000.0,1041780.25,1,Purchase,Single Family,Married,5,Bachelor,20,0.146,0,0
HL02138,226161.53,4201.74,687,177912.54,189268.66,31,Purchase,Condo,Single,4,Bachelor,15,0.06,3,1
HL02139,76538.28,87.49,642,392803.11,465406.53,18,Purchase,Condo,Married,1,Master,20,0.156,0,1
HL02140,260998.69,245.02,663,646507.62,680534.34,4,Home Improvement,Single Family,Single,3,Bachelor,30,0.05,2,1
HL02141,250242.47,2863.85,751,800000.0,987699.96,2,Purchase,Single Family,Married,1,High School,15,0.075,1,1
HL02142,173718.28,4097.48,530,306714.03,318498.47,27,Purchase,Single Family,Married,1,PhD,15,0.037,2,0
HL02143,220316.77,1633.69,698,800000.0,978296.07,25,Refinance,Single Family,Single,2,High School,30,0.143,3,1
HL02144,111446.28,1748.07,563,498888.22,524593.29,22,Purchase,Condo,Single,3,High School,30,0.049,1,1
HL02145,154571.17,2981.73,695,249286.85,287528.09,29,Refinance,Single Family,Married,5,Master,20,0.133,0,1
HL02146,250950.15,1371.06,682,710577.71,928859.75,7,Home Improvement,Condo,Single,5,Bachelor,30,0.235,2,1
HL02147,151297.93,133.04,592,143936.14,177261.26,35,Home Improvement,Single Family,Single,1,Bachelor,20,0.188,0,1
HL02148,123394.52,3676.14,644,623369.97,654113.3,28,Purchase,Single Family,Married,4,High School,30,0.047,2,0
HL02149,160908.42,3128.25,675,135258.3,146860.26,12,Purchase,Condo,Single,1,High School,30,0.079,0,1
HL02150,252768.54,2903.78,708,391247.41,475970.09,24,Purchase,Single Family,Married,0,High School,15,0.178,2,1
HL02151,117182.21,3708.42,557,580686.41,751211.4,21,Purchase,Condo,Single,2,Bachelor,30,0.227,2,0
HL02152,72784.44,3376.15,562,674706.67,700629.98,32,Refinance,Single Family,Single,0,High School,15,0.037,0,0
HL02153,220803.86,1029.41,660,419417.74,530237.35,36,Refinance,Single Family,Married,3,High School,30,0.209,2,1
HL02154,252144.01,1762.41,674,471796.43,557678.99,6,Refinance,Single Family,Single,3,High School,30,0.154,2,1
HL02155,52675.31,630.55,613,280598.39,330115.75,22,Purchase,Townhouse,Single,2,Bachelor,20,0.15,2,1
HL02156,90965.38,649.29,494,446191.74,587867.91,5,Refinance,Single Family,Married,1,Master,15,0.241,3,0
HL02157,64042.3,3380.98,598,800000.0,1147411.71,14,Purchase,Single Family,Single,3,Bachelor,30,0.194,2,0
HL02158,120683.89,4293.0,595,800000.0,1031759.53,14,Purchase,Single Family,Married,4,Bachelor,30,0.217,0,0
HL02159,148846.52,4813.66,582,212641.19,238386.98,39,Refinance,Single Family,Divorced,2,High School,20,0.108,0,0
HL02160,230927.24,3141.74,628,92010.87,108503.39,33,Purchase,Single Family,Married,0,High School,15,0.152,3,1
HL02161,204065.59,920.51,641,800000.0,1125214.85,13,Refinance,Single Family,Single,4,High School,30,0.165,2,1
HL02162,195755.36,528.25,467,600166.53,667593.47,28,Purchase,Single Family,Married,5,Bachelor,30,0.101,3,0
HL02163,121903.11,4064.25,575,574657.08,680067.55,15,Purchase,Single Family,Single,2,Bachelor,15,0.155,3,0
HL02164,256398.08,2893.78,634,800000.0,953307.75,28,Purchase,Condo,Single,4,Master,30,0.082,2,1
HL02165,154603.97,3091.43,653,402425.54,429025.1,22,Refinance,Condo,Married,2,Master,30,0.062,0,1
HL02166,294253.86,3907.31,656,548025.66,617146.01,9,Purchase,Single Family,Single,0,High School,30,0.112,2,1
HL02167,199389.09,3516.39,638,800000.0,1164745.78,3,Refinance,Single Family,Single,1,Master,30,0.193,3,0
HL02168,59722.8,4172.29,656,638336.46,831167.27,11,Refinance,Single Family,Single,2,Bachelor,30,0.232,1,1
HL02169,210948.83,281.07,705,215479.99,247963.16,33,Purchase,Single Family,Divorced,3,High School,15,0.131,3,1
HL02170,114403.6,3737.6,652,186425.59,224880.09,3,Refinance,Multi Family,Single,0,Bachelor,30,0.171,0,0
HL02171,213739.98,4254.26,631,288643.56,304797.85,19,Refinance,Single Family,Single,0,Bachelor,30,0.053,2,1
HL02172,44151.32,1430.68,599,722851.54,937550.63,27,Refinance,Single Family,Married,4,Bachelor,20,0.229,1,0
HL02173,73092.4,3202.24,574,344167.76,407299.13,27,Refinance,Condo,Married,3,High School,30,0.155,3,0
HL02174,260327.75,1570.81,670,79051.84,99062.45,5,Purchase,Single Family,Married,4,High School,30,0.202,3,1
HL02175,87474.38,4789.86,614,800000.0,1137196.16,13,Purchase,Single Family,Divorced,5,High School,30,0.205,3,0
HL02176,255186.31,167.12,647,243057.82,265927.59,34,Refinance,Single Family,Single,0,High School,30,0.086,2,1
HL02177,101800.92,2898.96,675,73233.03,85752.96,0,Purchase,Single Family,Single,2,PhD,30,0.146,2,1
HL02178,201792.53,832.52,642,259405.74,341773.05,18,Refinance,Single Family,Single,5,PhD,30,0.241,3,1
HL02179,215891.41,3561.1,688,322437.02,339407.39,0,Purchase,Single Family,Married,3,PhD,30,0.05,2,1
HL02180,165980.06,879.45,705,450799.85,549755.91,12,Purchase,Single Family,Single,0,High School,30,0.18,1,1
HL02181,108960.44,1176.92,656,800000.0,1110438.56,7,Purchase,Condo,Married,3,High School,30,0.242,1,1
HL02182,83477.2,2471.85,521,800000.0,1064083.03,17,Purchase,Single Family,Divorced,5,PhD,30,0.096,0,0
HL02183,34127.07,4574.17,589,459424.97,589006.37,34,Purchase,Single Family,Single,2,PhD,15,0.22,2,0
HL02184,108585.26,1058.57,646,411005.73,537262.39,22,Refinance,Single Family,Divorced,1,High School,30,0.235,2,1
HL02185,204619.77,721.2,696,563704.49,699385.22,25,Purchase,Single Family,Single,4,Bachelor,15,0.194,3,1
HL02186,283033.83,3794.88,635,320626.01,348885.76,40,Purchase,Single Family,Married,4,High School,30,0.081,1,1
HL02187,264581.23,2503.1,649,119936.18,133708.12,37,Purchase,Single Family,Married,5,Master,20,0.103,2,1
HL02188,235667.81,4558.93,717,800000.0,1131627.15,19,Purchase,Single Family,Married,0,High School,30,0.038,2,1
HL02189,241823.02,733.07,632,224323.62,285036.36,1,Purchase,Single Family,Married,0,Master,30,0.213,2,1
HL02190,207870.85,3229.64,638,233491.24,298200.82,25,Refinance,Single Family,Married,2,High School,30,0.217,3,1
HL02191,96578.89,1164.4,677,504016.35,606517.87,35,Refinance,Townhouse,Divorced,0,Bachelor,20,0.169,1,1
HL02192,274478.63,783.8,684,560233.99,628065.01,24,Refinance,Single Family,Married,0,High School,20,0.108,2,1
HL02193,209451.39,3417.15,618,91238.78,95738.49,29,Purchase,Townhouse,Single,0,Bachelor,30,0.047,2,1
HL02194,179121.17,2968.42,595,194125.06,241449.08,17,Purchase,Single Family,Divorced,3,Bachelor,30,0.196,3,0
HL02195,55522.1,3774.14,594,405343.58,500424.17,6,Refinance,Single Family,Divorced,3,Bachelor,15,0.19,0,0
HL02196,147940.27,1547.31,557,649187.52,844197.03,26,Purchase,Single Family,Married,1,High School,30,0.231,3,1
HL02197,151598.52,2239.86,613,268564.34,331970.76,10,Purchase,Townhouse,Married,3,Bachelor,15,0.191,2,1
HL02198,262754.99,2027.36,698,434102.3,550891.25,36,Refinance,Condo,Married,4,High School,30,0.212,1,1
HL02199,175328.26,4920.45,702,565822.64,702013.2,7,Refinance,Multi Family,Married,5,High School,30,0.194,1,1
HL02200,129610.15,1461.24,648,800000.0,1074666.56,10,Purchase,Condo,Single,1,Bachelor,15,0.169,2,1
HL02201,293620.09,1474.09,661,387042.48,441829.32,23,Purchase,Single Family,Married,0,High School,20,0.124,0,1
HL02202,55448.16,1772.74,636,173895.35,225253.05,29,Purchase,Multi Family,Divorced,4,PhD,30,0.228,3,1
HL02203,141200.82,2822.97,605,517231.64,625431.25,29,Purchase,Multi Family,Single,1,Bachelor,30,0.173,2,1
HL02204,36556.79,1261.61,506,800000.0,915061.8,14,Purchase,Single Family,Married,5,Bachelor,30,0.118,2,0
HL02205,228473.63,4576.45,655,189059.8,198592.23,34,Purchase,Townhouse,Married,1,High School,30,0.048,2,1
HL02206,277471.05,1328.43,760,500808.65,552768.93,38,Purchase,Single Family,Single,4,High School,15,0.094,3,1
HL02207,102010.27,4479.08,609,80757.04,95008.28,23,Refinance,Townhouse,Single,1,PhD,30,0.15,1,0
HL02208,261043.96,517.38,681,102493.46,112754.08,7,Refinance,Townhouse,Married,4,High School,15,0.091,3,1
HL02209,105360.01,3282.81,684,569475.05,618322.53,19,Refinance,Townhouse,Single,1,Master,20,0.079,2,1
HL02210,275461.79,4534.93,616,350543.05,410471.96,40,Purchase,Townhouse,Single,1,High School,30,0.146,1,1
HL02211,232339.52,843.75,601,800000.0,1025745.71,25,Purchase,Single Family,Married,1,High School,30,0.067,0,1
HL02212,246349.36,4841.63,592,597424.33,752423.59,23,Purchase,Single Family,Married,4,Bachelor,30,0.206,2,0
HL02213,29951.8,2264.42,583,505437.16,585674.58,21,Purchase,Single Family,Single,1,Master,20,0.137,1,0
HL02214,289772.85,4728.58,703,450634.63,533927.29,4,Home Improvement,Single Family,Married,5,High School,30,0.156,1,1
HL02215,224834.52,3384.1,739,595068.3,634401.17,14,Refinance,Single Family,Married,5,High School,30,0.062,1,1
HL02216,108806.55,1507.93,616,108323.83,120493.69,35,Purchase,Single Family,Single,3,Bachelor,30,0.101,2,1
HL02217,253083.53,941.51,656,800000.0,1079392.53,36,Purchase,Single Family,Married,3,High School,30,0.12,0,1
HL02218,102418.33,1518.68,601,800000.0,1198091.05,28,Purchase,Condo,Married,3,High School,15,0.208,1,1
HL02219,265007.31,465.09,688,223617.59,279173.02,14,Purchase,Condo,Single,3,High School,30,0.199,2,1
HL02220,55959.61,719.34,494,193806.8,210430.84,26,Purchase,Single Family,Divorced,3,Bachelor,30,0.079,1,0
HL02221,218513.64,523.3,794,197261.56,236524.65,7,Purchase,Single Family,Married,5,Bachelor,15,0.166,3,1
HL02222,173692.08,2114.72,662,749888.38,818655.44,28,Purchase,Single Family,Single,0,PhD,30,0.084,1,1
HL02223,51546.98,3977.89,586,616798.07,819120.94,18,Purchase,Single Family,Single,1,High School,15,0.247,2,0
HL02224,91520.8,706.92,626,783004.07,1028914.68,30,Refinance,Single Family,Married,5,High School,30,0.239,1,1
HL02225,28411.11,651.6,599,779000.77,920804.69,8,Purchase,Condo,Single,5,Bachelor,30,0.154,1,0
HL02226,153911.19,3217.14,619,474015.12,580900.88,9,Refinance,Single Family,Single,2,High School,20,0.184,3,0
HL02227,107847.95,985.91,572,606983.05,764462.28,36,Purchase,Condo,Single,0,High School,30,0.206,3,1
HL02228,189548.31,488.05,674,688798.72,849320.25,9,Refinance,Single Family,Married,4,Bachelor,30,0.189,2,1
HL02229,106740.4,834.24,622,531892.08,651828.53,32,Purchase,Single Family,Single,0,High School,30,0.184,0,1
HL02230,107477.76,4618.66,563,463071.49,610107.36,24,Purchase,Condo,Divorced,2,Bachelor,30,0.241,0,0
HL02231,229378.13,4107.36,735,671816.35,800734.63,3,Purchase,Single Family,Married,5,PhD,15,0.161,0,1
HL02232,38239.28,1770.32,583,582791.86,702158.87,4,Purchase,Single Family,Married,0,Master,30,0.17,0,0
HL02233,273296.12,3279.1,723,625957.68,799435.09,22,Purchase,Condo,Married,1,High School,15,0.217,2,1
HL02234,259372.57,2686.38,749,629151.91,764461.62,38,Purchase,Single Family,Married,3,Bachelor,30,0.177,2,1
HL02235,208646.29,3385.62,655,715233.77,884096.13,4,Refinance,Single Family,Married,1,Bachelor,30,0.191,3,1
HL02236,188135.93,3413.36,659,732705.33,798153.95,7,Purchase,Single Family,Married,0,Master,30,0.082,3,1
HL02237,270383.19,3143.67,725,585822.75,659710.3,16,Purchase,Condo,Single,5,PhD,30,0.112,0,1
HL02238,75965.8,1330.51,551,789816.08,842021.41,0,Purchase,Single Family,Married,5,Master,30,0.062,3,0
HL02239,46716.52,195.03,576,498793.13,580667.21,11,Purchase,Condo,Married,2,Bachelor,30,0.141,2,1
HL02240,90865.3,2277.83,601,301785.71,346880.13,34,Refinance,Single Family,Married,4,High School,30,0.13,0,0
HL02241,243509.03,4454.87,623,57523.22,76595.5,13,Home Improvement,Single Family,Single,1,PhD,30,0.249,1,1
HL02242,34534.32,2847.49,683,589346.28,704959.67,17,Purchase,Single Family,Single,2,Master,30,0.164,1,0
HL02243,185271.88,4161.96,572,589371.24,739487.13,9,Purchase,Single Family,Married,4,Master,30,0.203,1,0
HL02244,298745.32,4958.12,634,800000.0,1168555.09,14,Refinance,Single Family,Single,3,High School,20,0.103,3,1
HL02245,260316.43,818.08,745,379068.88,481663.13,32,Purchase,Single Family,Divorced,1,Bachelor,30,0.213,0,1
HL02246,168397.56,3458.89,669,432863.92,518399.9,18,Refinance,Single Family,Married,5,High School,30,0.165,1,1
HL02247,42501.25,3371.47,519,246754.04,302024.53,33,Home Improvement,Single Family,Single,1,Master,30,0.183,0,0
HL02248,253627.72,4899.78,707,139687.73,154351.08,24,Refinance,Townhouse,Single,5,Master,20,0.095,2,1
HL02249,189719.09,4928.0,718,800000.0,944405.05,15,Purchase,Single Family,Single,5,High School,30,0.151,1,1
HL02250,56606.57,3433.39,576,295745.59,355891.2,7,Refinance,Townhouse,Single,3,Bachelor,20,0.169,1,0
HL02251,50810.75,1218.07,705,638415.09,760017.97,34,Home Improvement,Townhouse,Divorced,3,High School,30,0.16,1,1
HL02252,275147.38,3992.78,601,652684.64,848744.66,20,Refinance,Single Family,Divorced,0,High School,30,0.231,2,1
HL02253,209030.07,535.15,689,467169.06,605141.27,18,Purchase,Single Family,Divorced,4,High School,30,0.228,0,1
HL02254,253053.87,3903.5,734,800000.0,1060896.13,10,Home Improvement,Single Family,Married,2,High School,15,0.244,1,1
HL02255,266719.2,4550.98,727,472623.55,574269.2,10,Home Improvement,Multi Family,Married,3,High School,15,0.177,1,1
HL02256,182237.4,1914.17,630,299014.78,395522.2,10,Home Improvement,Single Family,Divorced,0,High School,20,0.244,0,1
HL02257,167297.75,3153.18,619,800000.0,1083017.46,21,Purchase,Multi Family,Divorced,4,Bachelor,15,0.213,3,1
HL02258,143367.54,2150.71,643,800000.0,1044259.82,20,Refinance,Single Family,Divorced,4,High School,30,0.09,3,1
HL02259,112160.31,2188.83,646,227361.37,259544.94,26,Refinance,Townhouse,Divorced,1,Master,30,0.124,1,1
HL02260,144513.89,1551.85,652,95661.25,104206.15,17,Purchase,Single Family,Married,0,Bachelor,30,0.082,1,1
HL02261,237816.91,3810.65,720,170770.5,176233.75,39,Purchase,Townhouse,Single,0,Bachelor,20,0.031,3,1
HL02262,190528.94,4680.88,594,369152.85,397365.82,37,Refinance,Single Family,Married,1,Master,30,0.071,3,1
HL02263,270443.9,4703.75,673,800000.0,1168792.28,29,Refinance,Single Family,Married,2,High School,30,0.031,1,1
HL02264,146929.5,873.91,576,571104.5,703330.67,32,Refinance,Single Family,Married,3,High School,30,0.188,0,1
HL02265,191949.63,4373.72,626,433549.44,494919.45,20,Purchase,Single Family,Married,5,High School,15,0.124,3,1
HL02266,198609.58,3687.16,700,800000.0,1074805.61,1,Purchase,Single Family,Married,1,Bachelor,30,0.099,1,1
HL02267,187716.72,1264.19,649,468992.25,584778.37,12,Purchase,Single Family,Married,3,High School,30,0.198,2,1
HL02268,218224.29,336.42,789,338129.4,429643.46,1,Refinance,Single Family,Single,5,Bachelor,30,0.213,0,1
HL02269,90294.2,1339.99,604,800000.0,1133871.97,30,Purchase,Single Family,Single,0,Bachelor,30,0.245,1,1
HL02270,165900.04,4561.04,635,800000.0,1030707.37,9,Refinance,Single Family,Single,1,Bachelor,30,0.171,2,1
HL02271,53661.82,3165.89,582,800000.0,1024126.92,22,Refinance,Single Family,Single,5,High School,30,0.132,3,0
HL02272,130740.62,3605.27,583,588142.27,651320.34,21,Home Improvement,Condo,Married,2,High School,30,0.097,2,0
HL02273,159108.44,1285.76,626,800000.0,963118.2,28,Purchase,Single Family,Single,3,High School,30,0.079,2,1
HL02274,204361.67,3596.94,708,255461.05,276772.53,32,Refinance,Single Family,Single,3,Bachelor,20,0.077,2,1
HL02275,286396.04,140.61,698,633490.73,719875.83,30,Home Improvement,Single Family,Married,3,High School,30,0.12,3,1
HL02276,190179.04,1876.61,605,800000.0,1181826.66,13,Refinance,Townhouse,Married,0,Master,15,0.248,2,1
HL02277,229488.33,3133.77,618,390258.38,402328.23,9,Purchase,Single Family,Single,5,Bachelor,30,0.03,3,0
HL02278,164223.17,730.48,609,800000.0,968646.37,17,Purchase,Condo,Married,3,High School,15,0.073,1,1
HL02279,199378.61,4115.02,653,582286.25,626788.21,10,Refinance,Single Family,Single,4,High School,15,0.071,2,1
HL02280,44506.36,1175.16,631,97262.49,119781.39,38,Purchase,Condo,Single,3,Bachelor,30,0.188,0,1
HL02281,94957.68,3261.41,530,800000.0,933396.82,2,Refinance,Single Family,Married,0,Master,30,0.108,1,0
HL02282,124509.6,2025.99,596,229972.41,264640.29,1,Refinance,Condo,Divorced,1,PhD,20,0.131,3,0
HL02283,154935.67,2980.22,634,735927.07,785407.76,7,Home Improvement,Single Family,Married,3,High School,30,0.063,1,0
HL02284,37553.41,537.25,477,150978.93,171372.22,30,Purchase,Single Family,Married,3,Bachelor,30,0.119,2,0
HL02285,63506.63,84.56,540,800000.0,1140225.82,7,Refinance,Single Family,Married,1,High School,30,0.053,3,0
HL02286,101123.93,4547.82,566,343920.53,403189.37,1,Purchase,Townhouse,Married,5,High School,30,0.147,2,0
HL02287,292171.49,1348.15,656,312624.6,329772.78,21,Purchase,Condo,Single,5,Bachelor,15,0.052,1,1
HL02288,116120.43,4098.39,617,175341.65,220278.45,4,Purchase,Townhouse,Married,4,PhD,15,0.204,0,0
HL02289,157561.29,4996.75,620,800000.0,1139252.47,6,Refinance,Single Family,Divorced,0,High School,30,0.155,1,0
HL02290,78926.87,1057.16,561,710348.18,875891.71,19,Refinance,Single Family,Married,1,High School,30,0.189,1,0
HL02291,192964.52,1325.85,667,798425.54,909368.5,27,Purchase,Single Family,Married,0,Bachelor,30,0.122,2,1
HL02292,102187.88,3314.3,687,564231.5,636830.13,12,Purchase,Single Family,Married,5,Master,30,0.114,0,0
HL02293,81922.96,4827.24,672,577397.18,609068.76,1,Refinance,Condo,Single,1,Bachelor,30,0.052,2,0
HL02294,167057.47,4579.07,537,169951.68,198773.9,31,Refinance,Single Family,Married,2,High School,30,0.145,2,0
HL02295,26514.09,2514.38,592,604031.79,704821.23,25,Refinance,Single Family,Married,4,PhD,20,0.143,2,0
HL02296,27107.61,3975.55,554,305861.18,352781.06,2,Home Improvement,Single Family,Divorced,2,PhD,30,0.133,3,0
HL02297,85243.92,678.73,600,800000.0,1174288.5,40,Refinance,Condo,Divorced,5,Bachelor,15,0.193,2,1
HL02298,35098.37,4887.19,547,764297.85,971153.56,12,Purchase,Single Family,Married,1,Master,30,0.213,0,0
HL02299,54707.08,4821.77,583,434390.94,539616.07,20,Purchase,Multi Family,Divorced,5,Bachelor,20,0.195,2,0
HL02300,118186.68,818.64,616,230052.87,245258.92,36,Purchase,Single Family,Single,1,High School,30,0.062,2,1
HL02301,245711.06,1497.12,643,798428.96,958498.15,22,Refinance,Condo,Divorced,0,High School,30,0.167,0,1
HL02302,182313.38,500.77,596,202119.59,212310.49,6,Purchase,Single Family,Single,1,Bachelor,30,0.048,1,1
HL02303,165983.62,1358.59,610,235296.38,288000.47,16,Refinance,Single Family,Single,5,PhD,30,0.183,2,1
HL02304,105709.43,4079.78,614,277283.07,312960.58,27,Purchase,Condo,Married,0,Master,30,0.114,1,0
HL02305,281232.27,1891.58,720,660113.35,701501.97,29,Home Improvement,Single Family,Married,0,High School,30,0.059,2,1
HL02306,134179.14,441.98,659,749142.22,960438.74,4,Refinance,Single Family,Divorced,1,High School,15,0.22,2,1
HL02307,48950.51,1711.13,549,357884.54,428604.24,23,Purchase,Single Family,Married,0,Master,30,0.165,3,0
HL02308,194693.29,4906.92,661,151866.16,170253.54,6,Purchase,Single Family,Divorced,5,Bachelor,30,0.108,0,1
HL02309,56305.56,3148.42,626,575494.36,597605.77,33,Purchase,Condo,Single,4,High School,30,0.037,0,0
HL02310,119936.36,2080.8,668,780963.67,916624.02,32,Refinance,Single Family,Married,2,Bachelor,30,0.148,1,1
HL02311,164538.28,832.69,629,248793.19,324371.82,26,Refinance,Condo,Married,1,High School,15,0.233,3,1
HL02312,265411.19,4930.88,671,270506.29,322415.12,13,Refinance,Single Family,Married,0,Master,30,0.161,2,1
HL02313,160725.31,4104.25,639,800000.0,1140630.41,18,Purchase,Single Family,Single,0,Master,30,0.244,3,1
HL02314,218121.16,1407.39,601,800000.0,1148422.94,37,Purchase,Single Family,Married,5,PhD,30,0.06,0,1
HL02315,298024.63,350.34,689,800000.0,1189273.95,11,Purchase,Townhouse,Married,0,High School,30,0.155,2,1
HL02316,61159.51,283.13,617,780991.94,983617.05,2,Purchase,Townhouse,Married,0,Master,30,0.206,2,1
HL02317,100551.17,601.89,632,244847.94,286707.19,6,Purchase,Single Family,Married,4,Bachelor,30,0.146,1,1
HL02318,133508.42,2903.84,603,297805.25,313479.21,34,Purchase,Single Family,Single,1,High School,30,0.05,3,1
HL02319,141002.75,4643.82,631,385428.36,457753.4,24,Purchase,Condo,Single,1,Bachelor,30,0.158,2,0
HL02320,138030.8,2483.72,577,361470.75,432899.1,14,Refinance,Condo,Single,5,Master,30,0.165,0,1
HL02321,274593.03,4214.73,722,800000.0,1151093.72,18,Refinance,Condo,Divorced,4,Bachelor,20,0.19,1,1
HL02322,221358.98,2229.43,656,773054.71,962708.23,18,Purchase,Single Family,Married,4,High School,30,0.197,0,1
HL02323,192173.93,3542.92,632,711607.91,889509.89,22,Refinance,Single Family,Married,4,PhD,15,0.2,1,1
HL02324,110077.5,3659.36,586,234187.91,284208.63,10,Purchase,Single Family,Married,1,High School,30,0.176,3,0
HL02325,251542.36,869.82,672,800000.0,1098216.25,20,Purchase,Single Family,Divorced,3,Master,30,0.077,1,1
HL02326,287641.64,1806.08,671,800000.0,1006354.18,33,Home Improvement,Condo,Single,5,Bachelor,30,0.119,3,1
HL02327,250829.53,3186.51,708,207018.56,259097.07,38,Purchase,Single Family,Single,5,Bachelor,30,0.201,3,1
HL02328,25430.4,353.48,542,800000.0,1055066.62,6,Purchase,Condo,Married,2,Bachelor,30,0.24,2,0
HL02329,200010.38,1807.7,729,363358.39,381278.48,26,Purchase,Single Family,Married,4,High School,30,0.047,3,1
HL02330,39062.23,2674.0,642,141413.65,165978.46,22,Purchase,Single Family,Married,4,PhD,30,0.148,1,0
HL02331,95841.99,4981.12,553,733346.51,813925.09,37,Refinance,Single Family,Single,1,High School,30,0.099,1,0
HL02332,41369.29,2372.67,574,745687.82,810530.24,19,Purchase,Single Family,Single,5,Bachelor,15,0.08,2,0
HL02333,191043.75,4080.28,612,156164.92,181798.51,26,Purchase,Single Family,Married,1,High School,30,0.141,1,1
HL02334,213812.23,2160.34,640,363013.84,433708.29,7,Refinance,Single Family,Married,2,High School,30,0.163,3,1
HL02335,56484.1,3981.95,678,800000.0,1191916.27,36,Purchase,Townhouse,Married,0,Bachelor,30,0.032,1,0
HL02336,130555.69,2977.07,599,668907.54,838230.0,2,Purchase,Single Family,Married,1,Master,30,0.202,0,0
HL02337,150465.04,4432.98,643,708104.3,896334.56,1,Home Improvement,Condo,Married,2,High School,15,0.21,0,0
HL02338,126489.58,2054.71,640,238415.22,314531.95,21,Purchase,Multi Family,Single,1,High School,30,0.242,2,1
HL02339,58281.88,3021.52,529,152175.74,163629.83,5,Refinance,Condo,Married,1,Bachelor,30,0.07,3,0
HL02340,140210.64,3150.09,577,324285.58,386514.4,38,Home Improvement,Condo,Married,1,Bachelor,30,0.161,1,0
HL02341,231573.96,2086.91,605,310989.36,355010.68,39,Purchase,Single Family,Single,3,High School,30,0.124,2,1
HL02342,44527.11,721.56,527,303620.45,338862.11,35,Purchase,Single Family,Single,3,Bachelor,15,0.104,2,0
HL02343,47049.5,467.8,431,246903.92,291848.61,23,Purchase,Condo,Single,4,High School,30,0.154,3,0
HL02344,122562.11,83.36,638,575836.92,721600.15,11,Refinance,Single Family,Divorced,3,High School,30,0.202,2,1
HL02345,283974.57,4367.67,794,428572.34,444116.41,16,Purchase,Single Family,Married,2,Bachelor,30,0.035,0,1
HL02346,208857.48,1182.37,661,755401.32,997888.14,21,Refinance,Townhouse,Married,1,Bachelor,30,0.243,2,1
HL02347,211634.24,1057.53,585,223297.15,281940.85,18,Home Improvement,Single Family,Married,3,High School,15,0.208,1,1
HL02348,124528.0,3680.18,580,481152.89,597705.45,8,Refinance,Multi Family,Divorced,5,Bachelor,30,0.195,0,1
HL02349,188256.72,1600.08,621,72563.15,90365.07,11,Home Improvement,Single Family,Married,1,Bachelor,15,0.197,0,1
HL02350,27786.08,2530.22,513,545333.07,616892.61,31,Refinance,Condo,Single,0,Bachelor,30,0.116,0,0
HL02351,199926.41,812.56,692,110943.49,137818.0,30,Home Improvement,Condo,Married,4,Bachelor,15,0.195,1,1
HL02352,276153.91,4798.73,728,800000.0,1174938.95,16,Purchase,Single Family,Married,3,High School,15,0.115,3,1
HL02353,193457.7,4257.91,588,744529.26,964416.14,22,Refinance,Single Family,Married,5,Bachelor,20,0.228,2,0
HL02354,265267.11,4318.95,718,583155.51,626375.41,9,Refinance,Single Family,Single,5,Master,30,0.069,2,1
HL02355,224092.59,2033.87,738,156204.17,172410.78,29,Purchase,Single Family,Divorced,1,High School,30,0.094,0,1
HL02356,58153.56,3811.81,674,629534.45,741501.12,18,Purchase,Townhouse,Divorced,0,High School,30,0.151,0,0
HL02357,273174.66,719.38,829,800000.0,928609.22,25,Refinance,Single Family,Divorced,4,Bachelor,15,0.1,2,1
HL02358,43272.06,43.1,526,253941.41,289556.91,25,Purchase,Single Family,Single,4,Bachelor,30,0.123,1,0
HL02359,171841.05,99.86,777,615670.04,714234.38,10,Purchase,Single Family,Single,0,Bachelor,30,0.138,0,1
HL02360,64087.71,2933.01,564,774952.04,990987.26,19,Purchase,Single Family,Married,3,Bachelor,30,0.218,0,0
HL02361,28219.32,2276.97,534,800000.0,939278.75,3,Home Improvement,Single Family,Married,3,Bachelor,30,0.145,1,0
HL02362,141059.42,2590.08,636,800000.0,978366.02,11,Purchase,Multi Family,Married,1,Bachelor,30,0.11,3,1
HL02363,106136.19,37.32,573,800000.0,1064238.85,24,Refinance,Single Family,Married,2,High School,30,0.085,0,1
HL02364,158650.14,2113.43,649,800000.0,1129892.36,9,Purchase,Single Family,Divorced,1,High School,20,0.12,3,0
HL02365,183729.97,3590.34,575,455248.08,531211.3,21,Purchase,Single Family,Married,1,Master,30,0.143,1,1
HL02366,37028.24,2213.47,556,576181.38,714865.24,6,Purchase,Condo,Single,1,Master,30,0.194,2,0
HL02367,58825.91,3661.1,643,800000.0,964491.97,23,Refinance,Single Family,Single,0,Bachelor,30,0.057,2,0
HL02368,178626.66,1165.09,636,791398.99,859282.29,1,Refinance,Single Family,Single,4,High School,30,0.079,3,1
HL02369,119371.02,4065.71,616,800000.0,1194960.26,31,Refinance,Single Family,Single,4,Bachelor,30,0.114,0,1
HL02370,225522.71,2942.16,686,80535.14,90387.36,20,Refinance,Condo,Single,2,Bachelor,30,0.109,2,1
HL02371,204380.2,1053.82,710,419479.99,474524.87,6,Purchase,Single Family,Married,3,Bachelor,30,0.116,1,1
HL02372,257541.2,1183.6,596,310969.35,391156.42,7,Refinance,Single Family,Single,1,Bachelor,30,0.205,0,1
HL02373,215435.53,3140.15,686,332724.69,370105.33,37,Purchase,Single Family,Married,0,High School,30,0.101,3,1
HL02374,143231.05,4149.7,608,279797.57,325346.01,20,Purchase,Townhouse,Married,0,High School,30,0.14,3,1
HL02375,210065.82,2078.14,663,727012.68,872764.32,7,Refinance,Single Family,Single,1,Bachelor,30,0.167,3,1
HL02376,100729.82,1291.5,653,156555.7,170354.41,24,Refinance,Condo,Single,0,Master,30,0.081,3,1
HL02377,109236.21,4335.06,544,738359.67,909309.94,27,Purchase,Single Family,Single,0,Master,30,0.188,1,0
HL02378,241970.92,3346.34,620,726838.46,855104.07,27,Home Improvement,Single Family,Single,1,Bachelor,30,0.15,2,1
HL02379,147765.37,2240.43,527,311438.85,357154.65,30,Refinance,Condo,Married,2,High School,30,0.128,3,0
HL02380,244554.59,2439.5,644,284674.9,359438.01,35,Purchase,Single Family,Married,0,High School,30,0.208,2,1
HL02381,251166.15,1021.28,742,716740.83,782468.16,24,Purchase,Single Family,Married,4,High School,30,0.084,2,1
HL02382,260829.64,3134.01,674,723575.37,932442.49,40,Home Improvement,Single Family,Single,5,Bachelor,20,0.224,3,1
HL02383,277074.69,1793.71,621,800000.0,1061046.31,36,Refinance,Single Family,Married,4,Bachelor,30,0.153,0,1
HL02384,143520.94,4978.23,597,800000.0,1033657.01,37,Purchase,Townhouse,Married,5,Bachelor,30,0.164,3,1
HL02385,112688.38,2400.92,531,800000.0,1160493.37,11,Refinance,Townhouse,Single,5,PhD,30,0.223,1,0
HL02386,185104.66,2429.43,586,575955.83,729058.01,36,Purchase,Condo,Single,4,Bachelor,15,0.21,0,1
HL02387,127072.42,2829.26,632,800000.0,1097237.51,36,Purchase,Townhouse,Divorced,1,High School,30,0.162,3,1
HL02388,190295.4,4583.78,586,791600.25,984577.43,30,Refinance,Multi Family,Single,5,High School,30,0.196,2,0
HL02389,219036.11,4004.09,715,800000.0,1081501.08,17,Purchase,Condo,Married,4,High School,30,0.125,2,1
HL02390,214311.38,2255.65,653,74867.94,88079.93,25,Refinance,Single Family,Single,3,Bachelor,30,0.15,0,1
HL02391,128002.04,3593.5,618,800000.0,1161640.87,5,Home Improvement,Single Family,Single,0,Bachelor,30,0.044,1,0
HL02392,70886.56,2931.18,571,577335.36,607721.43,8,Home Improvement,Townhouse,Married,2,Bachelor,20,0.05,2,0
HL02393,143395.57,2461.84,660,766689.22,972955.86,10,Refinance,Single Family,Divorced,5,Master,30,0.212,1,1
HL02394,64213.39,961.58,621,208726.13,218104.63,30,Home Improvement,Condo,Married,4,High School,15,0.043,2,1
HL02395,269776.68,2319.68,701,485564.67,520433.73,1,Refinance,Single Family,Single,1,Bachelor,30,0.067,0,1
HL02396,120116.3,1229.09,638,302412.63,380393.25,28,Purchase,Single Family,Divorced,5,Bachelor,30,0.205,3,1
HL02397,67476.43,4574.21,573,391022.64,403116.12,4,Home Improvement,Single Family,Married,2,High School,30,0.03,2,0
HL02398,31998.13,1677.03,593,194005.61,213662.57,22,Purchase,Single Family,Single,1,High School,15,0.092,0,0
HL02399,202601.16,4761.32,634,800000.0,981484.31,35,Purchase,Townhouse,Single,2,Bachelor,15,0.158,0,1
HL02400,200148.14,2665.28,650,71648.59,85397.6,6,Refinance,Single Family,Married,2,High School,30,0.161,3,1
HL02401,118666.15,3157.72,595,340828.34,426568.64,12,Purchase,Single Family,Married,0,Master,30,0.201,3,0
HL02402,44720.77,2714.7,549,232970.99,271211.86,9,Purchase,Single Family,Single,5,High School,30,0.141,0,0
HL02403,137647.95,646.9,584,632919.84,737668.81,35,Refinance,Single Family,Divorced,5,High School,30,0.142,2,1
HL02404,110584.81,1879.11,628,292437.5,361033.95,15,Purchase,Single Family,Married,5,High School,30,0.19,1,1
HL02405,211208.18,495.73,721,315081.0,366373.26,14,Home Improvement,Multi Family,Married,2,Bachelor,30,0.14,1,1
HL02406,191589.29,3114.77,704,521982.02,624380.41,18,Purchase,Condo,Married,3,High School,20,0.164,3,1
HL02407,125263.28,2234.37,549,624760.43,809275.17,20,Home Improvement,Single Family,Married,3,Bachelor,20,0.228,2,0
HL02408,84920.45,3889.92,656,186514.59,211467.79,34,Purchase,Townhouse,Single,3,High School,20,0.118,0,0
HL02409,296709.89,1102.35,682,241118.59,272450.38,14,Refinance,Multi Family,Married,1,High School,15,0.115,1,1
HL02410,149850.45,822.83,654,342126.37,353071.59,13,Purchase,Single Family,Divorced,0,High School,30,0.031,1,1
HL02411,214275.41,2031.66,611,800000.0,1170466.74,28,Refinance,Single Family,Married,1,High School,30,0.165,2,1
HL02412,63652.07,4632.93,588,502490.09,521796.56,4,Purchase,Single Family,Single,5,Bachelor,30,0.037,0,0
HL02413,158537.17,3552.11,644,643274.05,748863.85,17,Purchase,Single Family,Single,5,Bachelor,30,0.141,3,1
HL02414,32572.6,2094.62,492,274961.38,346735.66,0,Purchase,Single Family,Divorced,4,High School,30,0.207,1,0
HL02415,164000.16,2586.36,662,532125.16,626766.97,26,Purchase,Single Family,Single,5,High School,30,0.151,2,1
HL02416,290104.79,421.07,762,144287.89,158384.07,26,Home Improvement,Single Family,Married,3,PhD,30,0.089,3,1
HL02417,130656.85,4922.88,606,90925.67,114084.91,24,Purchase,Townhouse,Married,0,Bachelor,30,0.203,2,0
HL02418,35723.9,3332.04,635,548718.28,602325.22,40,Refinance,Condo,Married,3,Master,20,0.089,0,0
HL02419,33512.84,1427.02,557,423504.79,523491.7,20,Refinance,Single Family,Married,0,High School,30,0.191,2,0
HL02420,131696.36,2929.04,658,191435.94,228990.36,13,Purchase,Condo,Single,1,High School,30,0.164,3,1
HL02421,69006.86,547.41,473,791698.65,848551.61,19,Purchase,Condo,Married,5,Bachelor,30,0.067,0,0
HL02422,31421.83,4829.18,686,800000.0,1192016.43,27,Purchase,Single Family,Single,1,High School,30,0.229,1,0
HL02423,232958.74,873.92,741,481615.07,520102.67,20,Purchase,Single Family,Married,3,Bachelor,30,0.074,3,1
HL02424,151093.83,3240.15,611,584776.61,777628.47,22,Purchase,Single Family,Single,2,High School,30,0.248,2,1
HL02425,104542.31,1227.27,503,800000.0,1158347.94,10,Purchase,Single Family,Single,0,High School,20,0.032,1,0
HL02426,272522.88,3587.81,700,800000.0,1010476.84,1,Purchase,Single Family,Married,5,High School,20,0.088,0,1
HL02427,56938.21,3884.11,506,552355.53,596496.25,19,Refinance,Single Family,Married,4,Bachelor,30,0.074,3,0
HL02428,287877.68,3367.1,716,800000.0,904675.67,23,Refinance,Single Family,Single,2,Bachelor,30,0.033,0,1
HL02429,111340.85,3072.5,626,177293.9,219151.92,24,Refinance,Single Family,Married,1,High School,15,0.191,0,1
HL02430,269311.01,4462.35,637,531962.46,651116.84,36,Purchase,Townhouse,Married,0,High School,30,0.183,2,1
HL02431,190809.29,393.13,701,309598.48,388942.81,21,Purchase,Condo,Married,2,Bachelor,30,0.204,2,1
HL02432,252344.52,1654.57,716,234266.56,256309.15,23,Purchase,Condo,Divorced,4,High School,30,0.086,2,1
HL02433,295603.62,1241.44,746,483581.57,554566.02,14,Purchase,Condo,Married,2,Bachelor,20,0.128,1,1
HL02434,104311.5,4940.07,602,183472.88,222391.37,11,Purchase,Condo,Single,4,Bachelor,15,0.175,1,0
HL02435,289312.26,1946.95,623,751965.75,861358.25,30,Home Improvement,Single Family,Married,1,High School,30,0.127,2,1
HL02436,132107.52,3663.06,664,480616.63,588270.05,30,Purchase,Townhouse,Single,0,High School,30,0.183,1,1
HL02437,131015.77,3423.63,601,558878.84,672537.71,29,Purchase,Condo,Single,1,Bachelor,30,0.169,3,1
HL02438,118606.45,1060.41,539,226490.92,239672.93,40,Refinance,Single Family,Divorced,0,High School,30,0.055,0,1
HL02439,173887.09,1194.99,704,185330.01,232243.12,19,Refinance,Single Family,Married,2,High School,15,0.202,2,1
HL02440,67389.89,1406.42,688,593118.65,731342.36,7,Purchase,Single Family,Divorced,1,High School,20,0.189,0,1
HL02441,177270.66,2055.64,636,800000.0,1183135.97,29,Purchase,Single Family,Single,0,Master,15,0.174,0,1
HL02442,173968.82,1171.63,744,171551.87,183281.91,34,Refinance,Single Family,Single,5,PhD,15,0.064,0,1
HL02443,234523.0,98.26,671,361164.0,396447.86,20,Purchase,Single Family,Single,4,Bachelor,20,0.089,3,1
HL02444,254253.74,4396.97,658,800000.0,1053141.51,39,Refinance,Townhouse,Single,0,High School,30,0.116,3,1
HL02445,146121.37,4828.05,591,141925.86,156306.01,27,Refinance,Single Family,Married,5,Bachelor,30,0.092,1,0
HL02446,108141.64,1707.85,685,800000.0,1060371.44,38,Home Improvement,Single Family,Married,1,High School,30,0.08,0,1
HL02447,96317.1,1692.53,559,527203.63,664821.73,16,Purchase,Single Family,Married,1,High School,30,0.207,1,0
HL02448,78521.56,35.46,626,443469.1,534300.12,11,Purchase,Condo,Married,2,Bachelor,30,0.17,0,1
HL02449,40853.09,3401.25,542,358188.47,423390.63,17,Purchase,Townhouse,Married,4,Bachelor,15,0.154,2,0
HL02450,119173.19,4127.2,586,376516.26,409256.8,27,Purchase,Single Family,Divorced,0,High School,30,0.08,0,1
HL02451,99318.12,733.04,651,321813.43,419027.91,2,Refinance,Single Family,Married,1,Master,15,0.232,0,1
HL02452,290764.78,798.33,676,800000.0,1070403.47,14,Home Improvement,Single Family,Married,0,High School,30,0.072,3,1
HL02453,178369.93,3950.42,618,706969.36,889269.63,15,Purchase,Condo,Married,3,Bachelor,15,0.205,2,1
HL02454,120501.19,3081.45,666,627127.85,828438.38,21,Purchase,Condo,Married,4,Bachelor,15,0.243,1,1
HL02455,184628.59,224.3,722,788610.16,973592.79,30,Purchase,Condo,Divorced,4,High School,15,0.19,2,1
HL02456,63279.09,3112.73,613,273919.01,364254.0,30,Purchase,Single Family,Single,5,High School,30,0.248,3,0
HL02457,147112.03,1544.59,590,637036.58,770298.16,0,Purchase,Single Family,Married,3,High School,30,0.173,3,1
HL02458,197214.44,1843.63,623,546353.71,592574.52,10,Purchase,Single Family,Divorced,4,Master,30,0.078,0,1
HL02459,159446.9,3848.66,633,800000.0,955246.84,5,Refinance,Multi Family,Married,3,Bachelor,30,0.075,3,0
HL02460,135489.17,4054.68,633,380198.89,422913.12,22,Purchase,Single Family,Divorced,0,High School,15,0.101,3,1
HL02461,298308.31,2001.78,649,773021.51,798575.94,8,Purchase,Condo,Single,3,Master,15,0.032,0,1
HL02462,267086.56,4735.76,719,800000.0,1067488.96,15,Purchase,Townhouse,Married,2,Bachelor,30,0.18,3,1
HL02463,196436.64,2032.31,652,480478.97,527419.29,37,Purchase,Townhouse,Divorced,5,High School,30,0.089,3,1
HL02464,181578.77,3859.18,555,118610.33,149949.85,18,Purchase,Single Family,Married,3,Bachelor,30,0.209,1,0
HL02465,195681.63,2419.39,601,584101.45,655557.18,12,Refinance,Single Family,Married,0,Bachelor,30,0.109,0,0
HL02466,80360.83,4487.66,564,401085.26,464219.05,31,Home Improvement,Townhouse,Single,4,High School,30,0.136,0,0
HL02467,133662.88,4538.81,613,630090.19,831253.55,35,Purchase,Multi Family,Single,2,Bachelor,30,0.242,1,0
HL02468,35851.37,437.08,662,800000.0,1144912.04,8,Refinance,Single Family,Married,3,High School,30,0.083,1,1
HL02469,155775.16,4682.47,639,503881.89,621309.36,36,Purchase,Townhouse,Married,5,Bachelor,30,0.189,1,1
HL02470,174331.76,4127.67,595,481969.06,599464.01,30,Purchase,Single Family,Divorced,5,High School,30,0.196,1,1
HL02471,87631.18,3956.55,604,747306.68,811407.9,30,Refinance,Single Family,Married,0,High School,30,0.079,0,0
HL02472,290107.93,1004.56,677,164633.83,191434.69,18,Purchase,Single Family,Married,2,Master,30,0.14,1,1
HL02473,275100.02,4025.6,703,321653.65,360194.46,1,Purchase,Condo,Married,2,Bachelor,30,0.107,1,1
HL02474,223589.39,4250.66,690,800000.0,1108851.74,31,Purchase,Single Family,Married,2,High School,20,0.2,3,1
HL02475,171681.32,1445.75,696,690294.97,828685.44,33,Purchase,Single Family,Married,3,Bachelor,20,0.167,0,1
HL02476,264241.52,4761.3,680,77957.74,90124.55,0,Purchase,Single Family,Married,0,Master,20,0.135,1,1
HL02477,60929.39,249.3,662,243857.72,305203.66,20,Purchase,Single Family,Married,0,High School,30,0.201,3,1
HL02478,242390.19,749.55,716,774050.18,843191.92,2,Purchase,Townhouse,Single,0,Bachelor,15,0.082,0,1
HL02479,59325.72,2687.91,544,751699.08,934949.1,26,Refinance,Single Family,Married,1,Bachelor,30,0.196,1,0
HL02480,243407.93,2878.96,782,795476.78,1019842.02,6,Purchase,Condo,Single,4,Bachelor,30,0.22,1,1
HL02481,100836.08,3225.75,616,313674.05,403698.9,32,Purchase,Condo,Single,0,Bachelor,30,0.223,3,1
HL02482,266199.91,84.85,641,800000.0,1122407.17,8,Purchase,Condo,Married,1,Bachelor,30,0.202,2,1
HL02483,284611.58,4801.83,774,613417.43,697065.26,29,Refinance,Multi Family,Divorced,1,PhD,20,0.12,0,1
HL02484,65918.89,222.94,686,647389.23,858606.4,17,Purchase,Single Family,Married,2,Master,20,0.246,3,1
HL02485,152235.79,715.31,624,661249.46,746331.22,25,Refinance,Single Family,Single,4,High School,20,0.114,1,1
HL02486,294771.53,70.07,672,176858.52,213082.56,19,Purchase,Single Family,Married,2,Master,30,0.17,2,1
HL02487,157937.04,2834.29,620,800000.0,1158503.99,37,Home Improvement,Single Family,Divorced,4,High School,30,0.065,2,1
HL02488,262475.57,4661.33,716,160779.21,213235.03,40,Purchase,Single Family,Married,2,Bachelor,15,0.246,3,1
HL02489,186901.17,3329.74,707,294819.89,361742.2,30,Purchase,Single Family,Married,5,Master,30,0.185,3,1
HL02490,128215.72,4113.29,642,796226.42,990331.37,7,Purchase,Townhouse,Married,3,Bachelor,30,0.196,3,0
HL02491,103590.48,66.41,606,737001.03,770921.58,22,Purchase,Condo,Single,4,High School,20,0.044,0,1
HL02492,80886.35,2710.08,665,800000.0,1017917.81,24,Refinance,Single Family,Divorced,5,Master,30,0.198,2,1
HL02493,234494.5,2297.81,651,524162.57,655203.21,0,Purchase,Single Family,Married,1,High School,30,0.2,0,1
HL02494,131298.64,2494.84,667,410274.49,499117.39,17,Purchase,Single Family,Married,1,High School,30,0.178,2,0
HL02495,165600.75,361.07,618,800000.0,1112076.19,18,Refinance,Single Family,Married,4,Bachelor,30,0.094,0,1
HL02496,160389.51,3422.18,651,99805.69,115783.86,5,Home Improvement,Condo,Divorced,2,High School,15,0.138,3,1
HL02497,183751.73,2516.1,636,800000.0,1038146.5,16,Home Improvement,Single Family,Single,3,Master,30,0.054,1,0
HL02498,263033.72,3825.74,678,289824.23,334670.01,7,Purchase,Single Family,Single,3,High School,15,0.134,3,1
HL02499,294703.32,2426.45,678,800000.0,1029828.37,8,Purchase,Single Family,Single,0,PhD,30,0.084,0,1
HL02500,137085.66,746.91,685,206815.4,231596.19,36,Purchase,Single Family,Married,4,Master,30,0.107,3,1
HL02501,252567.7,3241.28,639,679715.07,727746.33,26,Refinance,Single Family,Married,3,Bachelor,30,0.066,2,1
HL02502,235245.14,861.93,630,800000.0,1074121.41,35,Refinance,Single Family,Married,2,Bachelor,30,0.081,0,1
HL02503,182720.46,4361.97,747,579168.69,607732.1,5,Home Improvement,Single Family,Married,2,Bachelor,30,0.047,3,1
HL02504,287912.96,3065.58,742,702633.61,914887.51,5,Purchase,Single Family,Single,1,High School,30,0.232,3,1
HL02505,80130.49,786.02,470,800000.0,980255.57,3,Refinance,Single Family,Single,3,High School,20,0.147,1,0
HL02506,55047.66,4811.69,549,797839.93,903555.98,21,Refinance,Single Family,Single,3,Master,15,0.117,1,0
HL02507,259839.54,2591.83,589,800000.0,1115995.95,39,Purchase,Condo,Married,2,Bachelor,15,0.148,3,1
HL02508,145766.2,364.49,575,480636.84,577688.51,26,Refinance,Single Family,Married,1,Master,30,0.168,2,1
HL02509,257916.43,3134.16,522,206910.61,269766.12,36,Purchase,Single Family,Married,3,Bachelor,30,0.233,2,1
HL02510,270599.81,1265.99,678,119901.12,128787.45,1,Refinance,Single Family,Single,2,High School,20,0.069,2,1
HL02511,42175.84,4018.47,513,318801.95,352267.35,8,Home Improvement,Single Family,Single,1,High School,30,0.095,3,0
HL02512,267952.81,4089.11,686,178253.38,236097.19,10,Purchase,Single Family,Divorced,1,High School,15,0.245,1,1
HL02513,148287.74,4894.74,542,623990.79,702692.33,19,Refinance,Single Family,Single,2,Master,15,0.112,3,0
HL02514,165368.93,2509.35,636,273156.28,283063.5,38,Purchase,Single Family,Single,1,Bachelor,30,0.035,1,1
HL02515,197312.94,2274.78,627,111434.79,118800.42,13,Refinance,Single Family,Single,5,Bachelor,30,0.062,2,1
HL02516,279755.22,3767.38,764,111330.97,115488.56,25,Refinance,Single Family,Married,5,Bachelor,30,0.036,1,1
HL02517,30256.93,662.35,635,759907.8,1010515.69,37,Home Improvement,Single Family,Single,1,High School,30,0.248,3,1
HL02518,156131.95,2734.58,667,673006.48,740381.17,29,Refinance,Condo,Single,0,High School,15,0.091,3,1
HL02519,214123.56,2731.24,640,366507.85,477845.96,35,Purchase,Single Family,Married,1,High School,30,0.233,3,1
HL02520,223744.41,447.37,761,800000.0,1081006.55,37,Purchase,Single Family,Single,3,High School,30,0.249,1,1
HL02521,215446.42,2089.92,580,129027.86,153971.19,34,Refinance,Single Family,Single,1,High School,30,0.162,2,1
HL02522,61969.66,4266.42,510,800000.0,1177862.33,5,Purchase,Single Family,Married,3,High School,30,0.037,3,0
HL02523,107333.79,4280.77,599,731448.5,768328.26,2,Refinance,Condo,Married,2,Master,15,0.048,3,0
HL02524,123646.77,496.19,724,243127.26,281397.29,0,Purchase,Single Family,Single,1,Bachelor,30,0.136,1,1
HL02525,246220.23,453.6,662,739117.36,838952.74,17,Refinance,Condo,Single,2,High School,30,0.119,2,1
HL02526,101658.96,1313.48,591,781593.88,933803.92,22,Purchase,Single Family,Single,4,Bachelor,30,0.163,1,1
HL02527,82943.87,4373.83,519,487143.28,558010.63,31,Home Improvement,Single Family,Married,5,High School,30,0.127,0,0
HL02528,288298.21,644.51,741,798917.56,1044336.68,28,Refinance,Single Family,Married,1,Bachelor,30,0.235,0,1
HL02529,27437.4,3599.98,611,208377.01,244573.96,22,Purchase,Condo,Single,2,High School,20,0.148,3,0
HL02530,299400.74,505.83,739,317561.59,388692.28,35,Purchase,Single Family,Married,4,Master,30,0.183,1,1
HL02531,211125.86,3115.69,624,139278.3,180178.91,5,Home Improvement,Single Family,Single,3,High School,30,0.227,1,1
HL02532,252829.06,1780.34,641,292878.84,312237.57,16,Refinance,Single Family,Married,3,Master,30,0.062,3,1
HL02533,106020.33,3944.57,538,315740.75,343569.91,17,Purchase,Single Family,Single,5,Bachelor,30,0.081,0,0
HL02534,28936.7,1168.45,568,800000.0,1107337.34,30,Home Improvement,Multi Family,Divorced,5,Bachelor,30,0.054,2,0
HL02535,227914.12,3196.01,609,152938.12,162873.4,5,Purchase,Single Family,Married,3,Master,20,0.061,2,1
HL02536,254389.76,1178.41,618,476356.6,555842.01,33,Purchase,Single Family,Single,3,High School,30,0.143,0,1
HL02537,228630.94,3568.3,643,605879.72,673948.52,26,Refinance,Single Family,Divorced,3,High School,30,0.101,3,1
HL02538,64283.83,4368.39,557,800000.0,1086029.69,35,Purchase,Single Family,Single,0,High School,20,0.123,3,0
HL02539,232192.68,634.01,639,800000.0,1197408.25,24,Purchase,Single Family,Single,5,Master,30,0.246,2,1
HL02540,236453.77,4332.98,691,800000.0,922561.63,9,Refinance,Single Family,Divorced,2,High School,30,0.064,2,1
HL02541,206098.64,2967.88,657,800000.0,1167139.86,38,Refinance,Single Family,Single,4,High School,15,0.149,0,1
HL02542,235681.88,635.55,653,800000.0,960488.77,38,Purchase,Single Family,Divorced,4,Bachelor,30,0.052,0,1
HL02543,257628.4,2137.71,687,800000.0,1158602.97,11,Refinance,Condo,Married,1,Bachelor,30,0.1,1,1
HL02544,193741.13,804.3,597,743560.35,870679.57,10,Purchase,Single Family,Divorced,2,High School,30,0.146,0,1
HL02545,49366.3,3501.74,579,125527.19,164733.85,2,Purchase,Single Family,Married,5,Bachelor,30,0.238,0,0
HL02546,159097.65,3794.34,637,466009.63,527160.21,21,Refinance,Single Family,Single,0,High School,30,0.116,2,1
HL02547,46353.57,528.98,498,767115.37,802421.94,3,Purchase,Single Family,Divorced,0,High School,30,0.044,2,0
HL02548,137074.33,2530.7,668,415559.11,469558.32,7,Refinance,Single Family,Single,2,Bachelor,15,0.115,1,1
HL02549,136954.28,4073.13,574,358838.38,382556.91,13,Refinance,Condo,Married,3,Bachelor,30,0.062,2,0
HL02550,43152.71,4680.82,576,665883.67,724574.18,19,Refinance,Single Family,Married,3,Master,30,0.081,2,0
HL02551,120925.65,2567.59,668,800000.0,1125189.61,23,Purchase,Single Family,Married,2,Bachelor,15,0.166,2,1
HL02552,55524.48,4751.4,624,109208.65,114354.61,13,Purchase,Single Family,Married,5,High School,30,0.045,0,0
HL02553,247264.68,2678.44,675,800000.0,940385.1,27,Purchase,Single Family,Married,4,Bachelor,15,0.132,2,1
HL02554,285614.21,1970.95,674,742425.01,888068.19,15,Refinance,Single Family,Married,3,PhD,30,0.164,3,1
HL02555,44887.03,4241.02,619,800000.0,1159447.6,31,Purchase,Condo,Married,1,High School,15,0.123,0,0
HL02556,287656.68,2464.91,727,800000.0,1122050.13,11,Purchase,Townhouse,Married,5,Bachelor,30,0.034,2,1
HL02557,168708.56,2359.51,603,702181.26,932511.63,15,Refinance,Single Family,Divorced,5,Bachelor,30,0.247,0,1
HL02558,107380.56,2451.56,563,587148.82,660459.86,18,Refinance,Single Family,Married,0,High School,30,0.111,2,0
HL02559,46137.07,4233.93,469,243536.0,304801.0,4,Purchase,Single Family,Married,3,Bachelor,30,0.201,1,0
HL02560,162671.67,4159.71,639,618174.38,688390.18,11,Home Improvement,Single Family,Divorced,4,Bachelor,30,0.102,1,0
HL02561,243491.77,2017.6,667,800000.0,936020.99,28,Purchase,Single Family,Single,5,High School,30,0.135,1,1
HL02562,219448.78,1666.5,716,800000.0,1082627.86,4,Purchase,Single Family,Single,3,High School,30,0.115,2,1
HL02563,38812.15,2459.64,587,800000.0,963426.01,16,Purchase,Condo,Married,3,Master,15,0.105,1,0
HL02564,45048.0,2863.86,639,284361.66,294675.3,7,Purchase,Single Family,Single,0,High School,30,0.035,0,0
HL02565,135790.15,1191.69,583,667935.57,749647.1,39,Home Improvement,Single Family,Married,1,Bachelor,15,0.109,1,1
HL02566,106204.89,3969.78,660,347290.04,448695.14,39,Purchase,Single Family,Divorced,5,Bachelor,30,0.226,1,1
HL02567,88905.69,2432.41,568,69821.52,85356.38,29,Purchase,Condo,Single,1,High School,30,0.182,1,0
HL02568,102276.24,1670.23,640,281633.14,300248.55,9,Refinance,Single Family,Divorced,4,Master,15,0.062,1,0
HL02569,245957.75,534.1,600,169993.51,202373.23,19,Refinance,Single Family,Divorced,2,Bachelor,30,0.16,0,1
HL02570,280537.71,1194.23,702,791847.67,1023059.01,15,Home Improvement,Single Family,Single,2,Bachelor,15,0.226,3,1
HL02571,136403.24,4746.41,518,298508.74,365819.53,40,Purchase,Townhouse,Married,2,Bachelor,15,0.184,1,0
HL02572,274180.53,1525.5,673,370382.24,395285.21,15,Purchase,Single Family,Single,4,Master,30,0.063,2,1
HL02573,113411.32,844.3,628,800000.0,1154928.64,2,Purchase,Single Family,Married,5,Master,30,0.221,3,1
HL02574,156020.17,2303.36,601,453331.19,501472.56,22,Refinance,Condo,Married,3,High School,15,0.096,1,1
HL02575,87157.97,1535.44,541,74631.95,85783.85,21,Refinance,Single Family,Divorced,1,Bachelor,30,0.13,3,0
HL02576,201130.91,175.8,692,336755.19,394326.92,27,Home Improvement,Single Family,Single,1,High School,30,0.146,2,1
HL02577,294219.81,1615.73,691,163813.02,209212.03,35,Refinance,Single Family,Married,3,High School,15,0.217,2,1
HL02578,190960.6,2720.54,621,145854.62,190659.63,3,Home Improvement,Single Family,Married,5,High School,30,0.235,1,0
HL02579,123398.87,2758.56,613,124062.5,162173.2,37,Home Improvement,Single Family,Single,1,Bachelor,30,0.235,1,1
HL02580,203149.8,1782.79,783,718659.56,742416.9,23,Purchase,Condo,Married,5,PhD,30,0.032,2,1
HL02581,58803.19,2236.51,637,220908.42,288016.19,18,Purchase,Single Family,Divorced,1,Bachelor,15,0.233,0,0
HL02582,269381.25,4827.59,742,461179.42,481398.14,10,Purchase,Multi Family,Married,2,Bachelor,30,0.042,3,1
HL02583,163348.09,1886.74,653,800000.0,1044769.93,39,Purchase,Condo,Married,2,Master,30,0.088,0,1
HL02584,148571.18,1291.13,632,473390.01,552380.41,39,Purchase,Multi Family,Married,0,Master,30,0.143,1,1
HL02585,186112.82,1217.34,523,800000.0,1105152.77,38,Purchase,Single Family,Married,0,Bachelor,30,0.136,0,0
HL02586,196815.56,2288.82,614,531645.92,635180.31,17,Purchase,Single Family,Single,1,Master,20,0.163,0,1
HL02587,44738.35,3797.6,548,452992.88,523691.19,11,Purchase,Condo,Married,2,High School,15,0.135,3,0
HL02588,212719.74,1029.94,562,702259.28,919187.54,13,Purchase,Condo,Married,5,High School,30,0.236,1,1
HL02589,91531.21,3546.48,537,144264.26,157321.99,17,Purchase,Townhouse,Married,0,High School,15,0.083,3,0
HL02590,221336.97,105.75,561,159853.49,175663.18,11,Purchase,Single Family,Single,0,High School,30,0.09,2,1
HL02591,251197.07,2094.66,673,620096.82,808470.43,39,Purchase,Single Family,Single,2,Bachelor,15,0.233,3,1
HL02592,246088.59,3879.33,713,593536.31,622808.3,26,Purchase,Townhouse,Married,5,Master,30,0.047,3,1
HL02593,176937.77,1693.66,693,800000.0,964217.16,5,Refinance,Townhouse,Single,0,Bachelor,15,0.164,2,1
HL02594,168046.72,2818.69,654,800000.0,1105804.69,23,Purchase,Single Family,Married,3,Bachelor,30,0.18,0,1
HL02595,64290.89,1024.9,533,439733.04,511912.74,32,Refinance,Single Family,Single,5,High School,30,0.141,3,0
HL02596,238220.19,3709.98,572,609450.37,745961.28,15,Purchase,Single Family,Married,3,Bachelor,30,0.183,2,1
HL02597,99637.58,261.4,511,594880.42,638283.71,11,Purchase,Single Family,Divorced,2,High School,30,0.068,1,0
HL02598,161591.24,4262.71,567,800000.0,1179311.99,30,Purchase,Townhouse,Divorced,2,Bachelor,30,0.218,0,1
HL02599,103175.38,990.98,557,800000.0,1009969.96,36,Purchase,Single Family,Single,0,Bachelor,15,0.061,2,1
HL02600,61802.8,4371.99,572,800000.0,1100704.92,12,Purchase,Single Family,Single,1,Bachelor,15,0.118,0,0
HL02601,198128.37,1762.65,598,344159.37,361132.6,7,Refinance,Townhouse,Divorced,4,Bachelor,30,0.047,2,0
HL02602,39941.31,3613.42,586,800000.0,944092.23,37,Home Improvement,Single Family,Divorced,3,Master,20,0.15,3,0
HL02603,230877.44,1596.13,653,307520.02,373657.38,2,Home Improvement,Townhouse,Single,3,High School,15,0.177,0,1
HL02604,112336.37,4529.56,606,236404.37,309835.35,19,Refinance,Condo,Married,5,Bachelor,20,0.237,3,0
HL02605,25037.04,633.19,619,800000.0,1137299.43,3,Purchase,Condo,Single,5,PhD,30,0.193,2,0
HL02606,165560.51,892.6,573,82306.57,96717.47,1,Purchase,Single Family,Married,2,PhD,30,0.149,3,0
HL02607,37884.27,2465.15,589,800000.0,1161062.29,35,Refinance,Single Family,Single,1,High School,15,0.235,3,0
HL02608,100946.63,409.69,599,210125.48,242919.63,22,Refinance,Single Family,Divorced,2,Bachelor,15,0.135,2,1
HL02609,219418.53,979.9,643,800000.0,996867.84,18,Purchase,Single Family,Married,0,High School,30,0.153,3,1
HL02610,42239.65,4718.83,615,323361.4,385412.87,39,Home Improvement,Single Family,Single,1,High School,30,0.161,3,0
HL02611,255818.09,4882.45,721,413195.31,469540.12,7,Purchase,Single Family,Married,0,Bachelor,30,0.12,3,1
HL02612,26050.48,1881.3,515,250618.01,318852.43,15,Purchase,Single Family,Single,3,Bachelor,30,0.214,1,0
HL02613,92876.56,4616.43,587,681610.37,733703.3,17,Home Improvement,Single Family,Single,2,Bachelor,30,0.071,1,0
HL02614,228748.62,2724.12,678,395683.15,466607.49,35,Home Improvement,Condo,Married,5,High School,30,0.152,1,1
HL02615,111974.29,1348.71,592,660613.97,814567.17,23,Refinance,Condo,Married,2,Master,30,0.189,0,1
HL02616,53020.41,3511.99,605,71397.09,92603.23,0,Purchase,Single Family,Single,4,Bachelor,30,0.229,3,0
HL02617,124064.33,3294.51,626,114399.27,147421.74,0,Purchase,Condo,Married,1,Bachelor,15,0.224,3,0
HL02618,99358.15,4945.63,691,160547.93,187118.8,35,Purchase,Single Family,Married,3,Bachelor,30,0.142,3,1
HL02619,256745.77,1325.24,601,452938.99,546367.9,10,Refinance,Condo,Married,4,PhD,30,0.171,0,1
HL02620,111170.68,3360.3,599,800000.0,991645.69,17,Purchase,Single Family,Single,4,PhD,30,0.117,0,0
HL02621,241956.43,260.12,625,800000.0,1074200.15,15,Purchase,Single Family,Single,2,Bachelor,15,0.133,2,1
HL02622,270264.84,568.23,715,270167.71,350412.08,16,Purchase,Single Family,Single,1,Bachelor,30,0.229,3,1
HL02623,144299.79,19.59,541,551691.94,721165.94,23,Purchase,Single Family,Single,2,Bachelor,30,0.235,2,1
HL02624,275234.36,4997.3,704,726164.41,939410.62,33,Purchase,Single Family,Married,1,High School,30,0.227,2,1
HL02625,128762.46,4011.37,582,375937.12,399933.11,3,Home Improvement,Single Family,Divorced,4,High School,15,0.06,0,0
HL02626,290121.56,3933.62,658,419009.69,535133.7,34,Purchase,Single Family,Single,0,Bachelor,30,0.217,1,1
HL02627,49554.62,2548.63,502,505662.42,664470.98,14,Refinance,Single Family,Married,3,Bachelor,30,0.239,0,0
HL02628,213930.3,1500.34,633,202020.17,226734.2,1,Purchase,Single Family,Single,4,High School,30,0.109,0,1
HL02629,160798.86,756.32,684,89220.95,104230.08,30,Refinance,Single Family,Single,2,Bachelor,15,0.144,1,1
HL02630,131603.42,1423.37,614,197278.33,246906.54,8,Home Improvement,Single Family,Married,3,Bachelor,30,0.201,1,0
HL02631,198995.77,1879.86,680,660057.93,780210.32,9,Purchase,Single Family,Married,4,Bachelor,30,0.154,0,1
HL02632,218560.7,3781.55,742,118523.23,157820.54,24,Purchase,Townhouse,Divorced,1,Master,30,0.249,3,1
HL02633,26199.9,2698.31,576,250915.32,288408.41,4,Purchase,Single Family,Married,2,High School,15,0.13,2,0
HL02634,70912.1,387.42,557,369984.61,455085.62,13,Purchase,Townhouse,Single,4,Bachelor,30,0.187,3,0
HL02635,221087.66,90.15,683,129432.64,162603.82,37,Refinance,Single Family,Married,1,Bachelor,30,0.204,2,1
HL02636,208255.99,511.66,626,250259.71,290661.68,39,Purchase,Condo,Married,1,High School,30,0.139,3,1
HL02637,290663.06,2052.49,670,800000.0,1100178.51,1,Purchase,Single Family,Married,1,Bachelor,30,0.219,1,1
HL02638,234285.39,4665.96,591,82204.79,96711.52,17,Refinance,Single Family,Divorced,3,Bachelor,30,0.15,3,1
HL02639,286462.49,3187.01,739,712087.49,810110.91,28,Purchase,Single Family,Single,2,Bachelor,20,0.121,0,1
HL02640,218198.64,4009.13,639,480057.21,507460.05,19,Purchase,Single Family,Married,1,Bachelor,30,0.054,2,1
HL02641,106964.36,2331.87,612,734417.44,831729.83,7,Purchase,Single Family,Single,4,Master,30,0.117,2,1
HL02642,53975.35,1808.33,525,596458.06,737278.19,36,Refinance,Townhouse,Married,1,Master,30,0.191,3,0
HL02643,240001.56,542.0,691,250376.49,326436.1,25,Purchase,Condo,Married,2,Master,20,0.233,1,1
HL02644,202141.04,4379.67,612,800000.0,1028110.67,36,Purchase,Single Family,Single,5,Master,30,0.085,0,1
HL02645,38251.15,3915.8,562,560562.17,628432.93,3,Refinance,Multi Family,Divorced,5,High School,15,0.108,1,0
HL02646,124013.88,840.59,655,800000.0,1000353.02,32,Purchase,Multi Family,Single,3,Bachelor,30,0.064,0,1
HL02647,288119.95,2561.3,733,434983.03,531764.1,21,Refinance,Single Family,Single,1,Master,20,0.182,0,1
HL02648,162610.32,2436.87,630,800000.0,1182771.25,5,Refinance,Townhouse,Divorced,4,Bachelor,15,0.241,0,1
HL02649,144000.51,3125.46,533,780752.64,941800.53,32,Refinance,Single Family,Single,2,Bachelor,30,0.171,3,0
HL02650,150867.39,4730.93,775,800000.0,1161693.98,27,Refinance,Single Family,Single,1,Bachelor,30,0.166,0,1
HL02651,82442.75,2898.86,678,554267.46,653617.29,23,Refinance,Single Family,Married,3,High School,30,0.152,0,1
HL02652,126394.47,2701.09,649,578115.3,607902.52,3,Refinance,Condo,Married,0,Bachelor,30,0.049,0,0
HL02653,126698.65,251.61,575,749157.29,924885.54,1,Refinance,Single Family,Divorced,5,Bachelor,30,0.19,2,0
HL02654,39397.63,314.54,564,800000.0,1065327.67,12,Purchase,Single Family,Married,4,Bachelor,20,0.162,2,0
HL02655,236081.1,936.73,640,800000.0,1159664.02,10,Purchase,Single Family,Married,5,Bachelor,15,0.176,3,1
HL02656,139538.72,162.35,682,339773.33,440120.89,34,Purchase,Single Family,Divorced,1,Master,30,0.228,3,1
HL02657,251099.47,3716.76,688,776887.03,973542.65,38,Purchase,Single Family,Married,1,High School,30,0.202,2,1
HL02658,258845.7,3616.65,640,248957.09,311976.3,9,Purchase,Single Family,Single,0,Bachelor,30,0.202,2,1
HL02659,83298.37,680.28,568,527598.69,688771.14,9,Purchase,Single Family,Married,2,Bachelor,30,0.234,0,1
HL02660,205772.21,4180.39,708,208551.54,277329.17,7,Home Improvement,Single Family,Single,0,Bachelor,30,0.248,2,1
HL02661,154877.5,773.93,707,392222.15,465822.03,4,Home Improvement,Single Family,Single,2,Bachelor,15,0.158,3,1
HL02662,267043.1,1505.88,759,800000.0,1122778.16,22,Refinance,Condo,Married,1,Master,30,0.054,3,1
HL02663,84328.69,1244.88,630,207996.92,239352.04,33,Home Improvement,Multi Family,Divorced,0,Bachelor,30,0.131,0,1
HL02664,211398.63,1861.54,643,626801.45,786451.01,31,Home Improvement,Single Family,Married,5,High School,30,0.203,1,1
HL02665,192131.83,1273.32,483,715358.91,742073.56,15,Refinance,Single Family,Single,5,Bachelor,30,0.036,1,0
HL02666,106207.91,2444.75,617,201764.93,210830.65,3,Purchase,Townhouse,Married,1,High School,30,0.043,2,1
HL02667,62565.25,2037.04,581,421848.73,441726.42,27,Purchase,Single Family,Single,0,High School,15,0.045,0,0
HL02668,204200.93,4932.85,659,573058.54,708354.19,13,Purchase,Condo,Single,1,High School,15,0.191,2,1
HL02669,228114.3,279.63,666,245595.31,285575.94,11,Purchase,Single Family,Married,5,Bachelor,30,0.14,0,1
HL02670,111797.52,710.91,539,800000.0,975701.61,20,Refinance,Single Family,Single,5,High School,30,0.111,2,0
HL02671,202328.97,264.13,679,800000.0,1168676.07,15,Purchase,Single Family,Single,1,High School,20,0.053,3,1
HL02672,133661.0,3129.21,648,256132.89,316604.32,1,Purchase,Single Family,Divorced,1,Bachelor,15,0.191,3,1
HL02673,221131.89,272.55,694,256463.09,285275.96,22,Purchase,Single Family,Married,3,Bachelor,20,0.101,1,1
HL02674,79784.2,4182.2,637,535163.39,586801.96,28,Purchase,Single Family,Single,0,Bachelor,20,0.088,1,0
HL02675,269809.13,2559.69,715,756810.89,916235.94,8,Purchase,Condo,Married,3,Master,20,0.174,2,1
HL02676,104037.64,2635.04,581,331855.18,391800.69,6,Refinance,Single Family,Single,1,Bachelor,15,0.153,3,0
HL02677,126141.15,2807.97,609,86654.76,97364.9,28,Purchase,Single Family,Divorced,4,Bachelor,20,0.11,2,0
HL02678,40975.29,854.07,575,566930.89,683873.21,16,Purchase,Single Family,Single,5,High School,30,0.171,3,0
HL02679,55665.86,988.45,583,800000.0,1151175.64,8,Refinance,Single Family,Divorced,2,Bachelor,30,0.09,0,0
HL02680,166862.02,1594.09,683,409573.24,515186.46,5,Refinance,Single Family,Married,0,Bachelor,30,0.205,3,1
HL02681,98587.99,2967.48,631,503839.26,547651.37,19,Purchase,Single Family,Married,0,High School,30,0.08,1,0
HL02682,254757.06,1050.59,781,800000.0,1165014.43,9,Purchase,Single Family,Single,5,Bachelor,20,0.065,3,1
HL02683,29040.68,581.66,674,683433.98,856433.56,8,Purchase,Single Family,Divorced,2,Bachelor,30,0.202,2,1
HL02684,129250.86,4850.58,618,719631.69,884068.41,11,Refinance,Single Family,Single,3,Bachelor,30,0.186,0,1
HL02685,117770.03,109.91,417,658476.98,708039.76,32,Purchase,Multi Family,Single,2,Bachelor,15,0.07,1,0
HL02686,30315.1,4013.49,626,800000.0,1171435.36,31,Purchase,Multi Family,Single,4,High School,30,0.056,0,0
HL02687,59201.31,3940.18,552,668080.18,849974.79,33,Purchase,Condo,Married,1,Bachelor,30,0.214,1,0
HL02688,138751.74,1486.07,579,800000.0,1081911.85,18,Refinance,Multi Family,Single,2,Bachelor,15,0.201,1,0
HL02689,160537.76,678.13,610,773897.5,861801.22,32,Purchase,Single Family,Divorced,2,High School,15,0.102,0,1
HL02690,136179.68,728.14,595,744154.37,902005.3,15,Purchase,Multi Family,Single,1,Bachelor,30,0.175,0,1
HL02691,171007.86,3487.16,666,378814.69,401712.29,22,Refinance,Single Family,Married,5,Master,15,0.057,3,1
HL02692,188661.21,3214.03,566,357282.82,416413.54,25,Purchase,Single Family,Single,0,High School,30,0.142,3,1
HL02693,27729.05,3913.73,509,800000.0,955857.73,40,Purchase,Single Family,Single,5,Master,30,0.034,1,0
HL02694,152626.17,4687.41,643,361374.41,408794.58,36,Purchase,Multi Family,Single,4,High School,30,0.116,3,1
HL02695,289962.29,3459.64,726,675542.98,708116.33,8,Purchase,Single Family,Divorced,5,Master,30,0.046,3,1
HL02696,167733.88,779.26,665,307525.97,355521.35,29,Refinance,Single Family,Single,2,High School,30,0.135,1,1
HL02697,211324.12,1217.21,616,800000.0,994106.3,12,Purchase,Multi Family,Married,2,High School,15,0.123,3,1
HL02698,110762.56,4210.97,556,173801.83,199314.02,15,Refinance,Single Family,Single,0,High School,30,0.128,0,0
HL02699,237847.63,1046.53,643,800000.0,1008127.47,1,Purchase,Single Family,Married,4,Master,30,0.04,2,1
HL02700,237553.41,362.61,680,670233.22,753071.03,30,Purchase,Single Family,Single,1,Bachelor,30,0.11,0,1
HL02701,168356.41,3516.4,708,229359.68,285273.23,18,Purchase,Townhouse,Single,1,Bachelor,30,0.196,2,1
HL02702,293403.8,2012.63,594,608778.14,684789.81,10,Refinance,Multi Family,Married,3,Master,30,0.111,0,1
HL02703,59526.31,4600.2,568,319355.5,392811.19,13,Purchase,Multi Family,Single,4,High School,30,0.187,2,0
HL02704,29660.61,3251.28,498,390182.77,438900.75,24,Purchase,Single Family,Married,4,High School,15,0.111,2,0
HL02705,236793.51,452.09,585,412601.36,470469.05,6,Refinance,Single Family,Single,2,Bachelor,15,0.123,3,1
HL02706,246967.77,4739.28,721,123714.09,146234.15,14,Home Improvement,Single Family,Married,3,Bachelor,30,0.154,1,1
HL02707,58056.99,1292.79,606,800000.0,1184206.89,29,Purchase,Single Family,Married,1,High School,20,0.239,0,0
HL02708,98035.28,1686.06,621,104510.73,110476.46,30,Purchase,Single Family,Single,4,Bachelor,15,0.054,3,1
HL02709,29826.9,2011.3,610,789957.55,820308.98,23,Purchase,Single Family,Married,4,High School,30,0.037,0,0
HL02710,105659.87,256.12,578,411839.6,492631.1,24,Refinance,Condo,Single,0,High School,30,0.164,0,1
HL02711,237614.02,2482.58,647,610140.56,801761.58,7,Purchase,Townhouse,Married,1,High School,30,0.239,2,1
HL02712,167439.15,616.59,743,357786.02,475779.28,29,Purchase,Single Family,Married,0,High School,15,0.248,2,1
HL02713,120726.29,2004.85,598,718852.66,832969.48,35,Purchase,Single Family,Divorced,3,Bachelor,30,0.137,1,0
HL02714,127228.31,1753.55,650,776303.09,895389.95,13,Purchase,Single Family,Single,4,High School,15,0.133,2,1
HL02715,25372.25,3864.2,563,705349.78,851871.72,28,Purchase,Single Family,Married,3,High School,30,0.172,0,0
HL02716,107445.15,4015.85,511,172319.73,203207.23,26,Purchase,Single Family,Single,5,Bachelor,30,0.152,2,0
HL02717,202776.15,767.06,549,676438.06,814004.89,35,Purchase,Single Family,Married,0,Master,30,0.169,3,1
HL02718,292903.47,1832.76,667,303409.1,389985.99,33,Purchase,Multi Family,Married,1,Bachelor,20,0.222,3,1
HL02719,257941.73,1866.77,731,86565.64,107401.54,20,Purchase,Single Family,Single,4,Bachelor,20,0.194,2,1
HL02720,31488.62,757.05,605,466390.36,541684.51,37,Refinance,Single Family,Married,5,Bachelor,30,0.139,1,1
HL02721,272104.17,3992.27,731,488454.84,562735.99,10,Purchase,Condo,Married,5,Bachelor,15,0.132,2,1
HL02722,240379.56,3536.14,620,497873.28,600570.9,32,Purchase,Condo,Married,1,PhD,30,0.171,3,1
HL02723,239603.43,951.91,750,755096.66,867927.19,14,Purchase,Single Family,Single,3,Master,15,0.13,0,1
HL02724,150948.83,1833.61,577,367108.43,422449.29,11,Refinance,Townhouse,Single,5,Bachelor,15,0.131,0,0
HL02725,134451.46,529.03,627,415081.1,429690.58,23,Refinance,Single Family,Single,2,Bachelor,20,0.034,0,1
HL02726,108301.83,3141.03,603,133389.04,143121.29,36,Refinance,Townhouse,Single,1,Bachelor,30,0.068,3,1
HL02727,43066.09,606.86,562,731542.55,847673.87,10,Purchase,Single Family,Single,5,High School,15,0.137,3,0
HL02728,87764.72,4929.67,660,563191.63,713804.35,18,Purchase,Single Family,Married,1,Master,30,0.211,0,0
HL02729,92816.0,3903.41,561,425505.85,468103.25,0,Refinance,Condo,Married,1,Bachelor,30,0.091,1,0
HL02730,158121.19,1951.19,561,742428.65,868337.6,16,Purchase,Single Family,Single,4,Bachelor,30,0.145,1,0
HL02731,230547.21,2892.82,666,607497.56,679527.47,39,Refinance,Single Family,Married,3,High School,30,0.106,0,1
HL02732,155297.7,4556.71,607,570946.83,602900.56,15,Refinance,Condo,Divorced,3,High School,30,0.053,0,0
HL02733,40907.22,2770.5,739,493532.24,650240.11,25,Purchase,Single Family,Single,4,High School,30,0.241,3,1
HL02734,288392.2,872.49,728,618477.26,790891.64,14,Purchase,Single Family,Single,1,High School,30,0.218,2,1
HL02735,284249.19,1893.52,671,779080.29,817502.93,7,Refinance,Townhouse,Married,1,Bachelor,30,0.047,3,1
HL02736,240927.12,4215.72,617,324862.97,400077.55,29,Purchase,Townhouse,Single,2,High School,20,0.188,2,1
HL02737,297615.17,3221.07,604,208602.63,233336.28,13,Purchase,Condo,Married,5,PhD,20,0.106,2,1
HL02738,174732.64,3253.62,586,188661.3,251213.45,32,Purchase,Condo,Single,1,Bachelor,30,0.249,2,1
HL02739,289761.3,4334.11,700,717266.22,794314.75,6,Purchase,Townhouse,Single,5,High School,30,0.097,2,1
HL02740,45791.39,4469.87,644,800000.0,1056982.45,17,Purchase,Condo,Single,0,Bachelor,30,0.083,0,0
HL02741,125562.21,4598.96,668,452652.4,535683.31,11,Purchase,Single Family,Single,5,High School,30,0.155,2,1
HL02742,86979.85,474.25,604,208848.2,265710.18,1,Purchase,Single Family,Single,1,Master,30,0.214,2,1
HL02743,78854.1,2720.63,573,800000.0,926177.81,28,Refinance,Single Family,Single,2,Bachelor,30,0.072,2,1
HL02744,63720.81,3702.55,595,800000.0,1011550.66,20,Purchase,Single Family,Single,0,High School,30,0.186,3,0
HL02745,196163.75,3784.63,622,800000.0,1065655.25,6,Purchase,Single Family,Married,2,High School,30,0.044,3,0
HL02746,239863.51,3033.58,755,581902.36,757685.36,26,Purchase,Multi Family,Single,5,High School,20,0.232,3,1
HL02747,184032.06,833.94,632,800000.0,1043319.63,11,Purchase,Single Family,Married,2,Bachelor,20,0.048,1,0
HL02748,65414.75,3987.1,578,71010.87,92341.83,19,Purchase,Townhouse,Single,5,Bachelor,30,0.231,3,0
HL02749,248059.04,3600.56,563,168641.92,195640.28,13,Purchase,Single Family,Single,3,Bachelor,30,0.138,1,0
HL02750,199887.54,430.68,640,156037.98,179148.08,9,Refinance,Single Family,Single,5,Bachelor,30,0.129,3,1
HL02751,131745.57,2319.05,657,662770.28,876680.27,40,Purchase,Single Family,Married,4,Bachelor,30,0.244,1,1
HL02752,210385.83,869.89,601,115266.19,153279.51,22,Purchase,Multi Family,Married,2,Bachelor,30,0.248,3,1
HL02753,96473.87,1687.39,560,523830.0,633409.92,29,Refinance,Single Family,Single,1,Bachelor,30,0.173,0,0
HL02754,119927.86,90.41,649,571601.13,606795.26,30,Purchase,Single Family,Single,3,High School,15,0.058,3,1
HL02755,277308.61,2001.65,614,364681.11,424541.46,9,Purchase,Single Family,Divorced,0,Bachelor,30,0.141,1,1
HL02756,104888.74,2749.38,655,800000.0,1054205.82,18,Refinance,Single Family,Married,5,High School,20,0.146,2,0
HL02757,154246.77,3097.91,600,228593.91,266737.35,18,Purchase,Single Family,Single,4,High School,30,0.143,3,0
HL02758,269788.81,3317.45,665,398434.93,471520.63,22,Home Improvement,Single Family,Married,3,Bachelor,30,0.155,2,1
HL02759,219623.37,4181.46,603,800000.0,945942.94,40,Home Improvement,Townhouse,Married,2,Bachelor,15,0.034,2,1
HL02760,42105.89,1077.31,589,88909.23,109225.1,31,Purchase,Single Family,Single,3,High School,30,0.186,3,0
HL02761,65508.34,602.41,705,676472.26,832069.2,19,Refinance,Single Family,Married,1,High School,30,0.187,3,1
HL02762,27156.44,4257.69,602,800000.0,993447.44,3,Refinance,Townhouse,Married,1,PhD,30,0.055,0,0
HL02763,198503.49,783.06,606,800000.0,1123801.32,32,Home Improvement,Condo,Married,1,High School,30,0.155,1,1
HL02764,148110.19,4873.8,680,800000.0,1060833.72,0,Refinance,Townhouse,Married,4,High School,30,0.155,3,1
HL02765,61925.58,4212.69,565,356131.85,434307.13,12,Refinance,Single Family,Married,3,High School,30,0.18,1,0
HL02766,288431.88,2504.38,762,698661.34,734659.66,2,Purchase,Townhouse,Single,3,Bachelor,30,0.049,3,1
HL02767,170656.42,4907.11,675,134746.71,161955.18,11,Purchase,Single Family,Single,2,Bachelor,30,0.168,2,1
HL02768,91520.66,486.88,448,331514.2,365103.75,28,Purchase,Single Family,Married,0,High School,30,0.092,2,0
HL02769,162665.98,1515.33,581,155298.15,181000.18,30,Purchase,Single Family,Single,1,Bachelor,30,0.142,3,1
HL02770,211895.59,3191.12,703,343668.56,429585.7,40,Home Improvement,Single Family,Married,0,Bachelor,15,0.2,1,1
HL02771,45965.78,1750.03,580,800000.0,1059585.62,35,Purchase,Single Family,Single,0,Bachelor,15,0.185,1,0
HL02772,100543.55,4641.86,549,439491.18,465562.69,1,Refinance,Condo,Single,1,PhD,15,0.056,2,0
HL02773,246915.51,328.13,641,593993.71,707135.37,21,Purchase,Condo,Divorced,1,High School,30,0.16,1,1
HL02774,151407.84,2747.06,530,425852.96,562553.45,21,Purchase,Multi Family,Divorced,2,Master,20,0.243,1,0
HL02775,175308.71,2954.33,633,553439.1,591281.09,40,Purchase,Single Family,Married,4,Master,30,0.064,0,1
HL02776,144024.4,3263.64,732,800000.0,1165768.56,30,Purchase,Condo,Married,1,Bachelor,30,0.218,2,1
HL02777,37072.48,1278.33,608,332661.63,408173.78,13,Home Improvement,Single Family,Married,0,Master,30,0.185,1,0
HL02778,70581.19,1822.83,694,624592.02,780740.03,28,Purchase,Single Family,Married,2,Bachelor,30,0.2,0,1
HL02779,147523.95,4218.4,667,497194.01,547570.5,34,Purchase,Condo,Single,3,Master,20,0.092,3,1
HL02780,82526.0,974.71,642,130417.03,143789.45,8,Purchase,Condo,Married,2,Bachelor,30,0.093,0,1
HL02781,38744.23,4134.34,668,482258.33,625497.19,31,Purchase,Single Family,Married,1,High School,30,0.229,0,0
HL02782,257003.66,2813.28,697,800000.0,990011.25,26,Purchase,Single Family,Single,5,Bachelor,15,0.109,0,1
HL02783,294827.95,3810.94,688,177908.82,186097.09,9,Purchase,Single Family,Single,1,High School,30,0.044,0,1
HL02784,243114.29,3568.04,723,128457.72,153290.83,24,Purchase,Condo,Married,4,High School,30,0.162,0,1
HL02785,259790.85,1037.56,752,233708.84,247835.46,32,Purchase,Condo,Single,2,Bachelor,15,0.057,0,1
HL02786,91543.71,2844.06,571,743285.35,934950.13,10,Purchase,Single Family,Single,1,Master,20,0.205,3,0
HL02787,289172.42,4338.62,658,737391.2,889494.81,36,Refinance,Single Family,Single,0,Bachelor,30,0.171,3,1
HL02788,79154.57,2160.58,596,552881.8,710644.99,8,Purchase,Single Family,Single,0,Bachelor,15,0.222,2,0
HL02789,286643.2,4832.95,734,479598.5,601754.7,6,Purchase,Single Family,Married,2,High School,20,0.203,2,1
HL02790,298575.31,2261.08,739,800000.0,1074366.54,6,Refinance,Single Family,Married,4,Bachelor,30,0.055,3,1
HL02791,220723.77,713.93,589,800000.0,937535.05,33,Refinance,Single Family,Married,5,Bachelor,30,0.114,3,1
HL02792,294814.53,1947.17,792,790748.02,988435.03,18,Refinance,Condo,Married,2,High School,30,0.2,2,1
HL02793,181623.44,4758.51,608,800000.0,989920.09,19,Refinance,Single Family,Married,4,High School,30,0.122,0,1
HL02794,96373.99,1598.6,584,603330.94,798056.8,24,Purchase,Single Family,Married,0,Bachelor,30,0.244,1,1
HL02795,145173.87,4340.49,577,476935.29,590266.45,4,Purchase,Condo,Single,1,Bachelor,30,0.192,0,0
HL02796,188229.26,4406.25,779,800000.0,1047762.47,28,Purchase,Single Family,Married,3,Bachelor,30,0.033,3,1
HL02797,45097.43,1750.93,584,800000.0,1116758.34,26,Refinance,Condo,Married,1,Master,30,0.224,2,0
HL02798,196144.4,416.29,605,96489.15,101781.8,24,Purchase,Single Family,Divorced,0,PhD,30,0.052,2,1
HL02799,294823.91,3622.79,740,124886.28,132999.23,36,Purchase,Single Family,Divorced,5,Bachelor,30,0.061,0,1
HL02800,77279.6,1557.56,627,800000.0,1153586.21,14,Refinance,Single Family,Single,0,Bachelor,15,0.192,2,1
HL02801,242963.66,3914.62,662,301708.44,386805.69,3,Purchase,Single Family,Single,1,High School,30,0.22,3,1
HL02802,274672.17,2213.27,729,800000.0,1057540.62,13,Purchase,Condo,Married,1,High School,30,0.148,3,1
HL02803,284517.94,2426.33,650,464229.43,512394.51,16,Purchase,Single Family,Single,5,PhD,30,0.094,1,1
HL02804,289037.29,3889.55,669,186625.89,208987.56,20,Purchase,Multi Family,Single,5,Bachelor,30,0.107,3,1
HL02805,168401.4,1911.82,533,148121.25,165498.6,15,Purchase,Condo,Single,0,Bachelor,15,0.105,1,1
HL02806,293759.67,2215.64,630,225462.11,251071.39,25,Purchase,Single Family,Single,1,High School,20,0.102,1,1
HL02807,233260.31,1880.95,757,326571.06,356129.84,8,Refinance,Multi Family,Married,3,Master,15,0.083,0,1
HL02808,69459.64,1836.7,666,522151.51,624583.15,1,Refinance,Single Family,Married,3,High School,15,0.164,2,1
HL02809,156147.53,2629.73,631,667150.93,864185.14,14,Refinance,Single Family,Divorced,2,High School,20,0.228,3,1
HL02810,222541.07,4044.0,744,800000.0,1184698.4,34,Refinance,Condo,Single,3,High School,30,0.098,2,1
HL02811,93018.59,1808.84,588,531104.74,571695.09,23,Purchase,Single Family,Single,0,Bachelor,30,0.071,1,0
HL02812,201169.18,2621.27,638,517155.04,657958.06,37,Purchase,Multi Family,Married,0,Bachelor,30,0.214,3,1
HL02813,208315.13,3353.64,656,534268.43,662042.66,13,Purchase,Multi Family,Single,2,Bachelor,15,0.193,2,1
HL02814,69742.43,1347.2,578,521625.69,681863.65,36,Purchase,Townhouse,Divorced,4,High School,30,0.235,3,0
HL02815,180398.46,1387.61,629,614066.0,657458.24,36,Refinance,Townhouse,Single,2,Master,30,0.066,0,1
HL02816,237197.4,4667.07,725,79609.56,84871.6,5,Home Improvement,Single Family,Divorced,4,PhD,30,0.062,3,1
HL02817,162196.31,3617.67,638,65476.3,76940.42,17,Purchase,Single Family,Married,4,High School,15,0.149,1,1
HL02818,28328.36,2885.93,599,154370.3,184874.61,21,Purchase,Single Family,Married,1,Master,30,0.165,3,0
HL02819,27485.58,3238.6,615,163513.02,189251.18,17,Purchase,Condo,Married,5,PhD,30,0.136,0,0
HL02820,123183.07,146.5,631,727391.56,868009.02,1,Purchase,Single Family,Divorced,3,High School,30,0.162,0,1
HL02821,279703.37,3090.51,641,284143.4,305530.54,31,Refinance,Condo,Married,4,High School,15,0.07,2,1
HL02822,87886.11,2547.54,526,800000.0,1081553.37,16,Refinance,Multi Family,Married,1,PhD,30,0.136,0,0
HL02823,199450.01,2728.75,657,800000.0,1119682.12,0,Refinance,Single Family,Married,2,High School,20,0.175,1,1
HL02824,86070.86,1797.12,584,800000.0,1172880.01,8,Refinance,Single Family,Married,2,High School,30,0.125,0,0
HL02825,113459.25,407.37,611,800000.0,1131466.47,12,Purchase,Single Family,Divorced,4,Bachelor,30,0.179,2,1
HL02826,258211.57,966.7,678,331741.57,380874.36,35,Home Improvement,Condo,Single,1,Bachelor,30,0.129,0,1
HL02827,225436.9,4753.72,791,581703.56,648498.95,36,Refinance,Condo,Single,0,Bachelor,30,0.103,0,1
HL02828,51234.8,2043.5,509,245965.32,272386.84,29,Purchase,Single Family,Single,5,Bachelor,30,0.097,3,0
HL02829,142893.06,2333.42,521,800000.0,981985.86,30,Purchase,Condo,Single,5,Bachelor,15,0.12,2,0
HL02830,33021.69,263.55,583,800000.0,1074485.67,22,Refinance,Single Family,Married,3,High School,15,0.035,3,0
HL02831,157244.79,187.83,609,800000.0,1032699.94,27,Purchase,Single Family,Single,4,High School,30,0.177,2,1
HL02832,207169.35,3585.91,669,441029.65,562537.82,9,Purchase,Single Family,Married,0,Bachelor,15,0.216,2,1
HL02833,57588.22,2690.47,607,800000.0,928508.12,24,Purchase,Single Family,Married,3,Master,30,0.108,2,0
HL02834,104443.36,2543.53,666,177385.51,184776.57,35,Refinance,Single Family,Married,0,Master,15,0.04,2,1
HL02835,134405.07,1215.62,541,90567.35,120275.37,25,Purchase,Townhouse,Married,5,Bachelor,30,0.247,2,1
HL02836,277871.03,3723.75,661,800000.0,922390.97,25,Purchase,Multi Family,Single,1,High School,30,0.088,2,1
HL02837,298145.13,841.18,720,521420.25,553524.68,12,Refinance,Single Family,Divorced,4,Master,30,0.058,0,1
HL02838,37350.61,949.67,607,800000.0,1194992.92,16,Home Improvement,Townhouse,Single,0,High School,30,0.111,0,0
HL02839,234277.18,2303.56,776,149004.08,184410.99,39,Refinance,Single Family,Married,0,High School,30,0.192,0,1
HL02840,127224.12,1431.4,661,800000.0,1037581.14,3,Purchase,Multi Family,Single,0,Master,20,0.095,1,1
HL02841,132926.0,1237.31,613,519043.92,614980.95,22,Purchase,Single Family,Single,5,Bachelor,30,0.156,2,1
HL02842,232422.87,3226.19,621,800000.0,1005543.97,34,Purchase,Single Family,Divorced,4,High School,15,0.121,0,1
HL02843,277567.27,3254.86,660,800000.0,994268.19,10,Purchase,Single Family,Married,1,Master,15,0.056,2,1
HL02844,286505.36,4122.59,663,800000.0,1105491.0,11,Home Improvement,Condo,Single,1,PhD,15,0.103,3,1
HL02845,183708.71,2088.54,674,332575.9,410081.26,8,Refinance,Single Family,Married,0,High School,30,0.189,1,1
HL02846,123208.32,365.43,624,800000.0,1143524.27,14,Purchase,Single Family,Married,1,Master,30,0.165,2,1
HL02847,241576.0,1368.33,604,231870.31,245625.33,36,Purchase,Single Family,Single,3,Bachelor,15,0.056,0,1
HL02848,94025.38,4900.03,575,156178.69,167214.87,4,Purchase,Single Family,Married,1,High School,30,0.066,1,0
HL02849,180120.36,2981.29,683,464710.42,560567.46,18,Purchase,Single Family,Married,0,Master,15,0.171,3,1
HL02850,123609.08,3548.69,629,796428.9,1006863.34,10,Purchase,Single Family,Divorced,3,High School,30,0.209,2,1
HL02851,205573.55,36.79,681,542585.7,607598.77,8,Refinance,Single Family,Married,4,High School,30,0.107,1,1
HL02852,91109.7,2591.03,614,800000.0,1007947.51,34,Refinance,Single Family,Married,2,High School,30,0.161,2,1
HL02853,77688.06,187.64,670,800000.0,895897.66,26,Refinance,Single Family,Married,5,Bachelor,30,0.068,1,1
HL02854,277515.75,2846.15,700,279856.84,310606.93,12,Purchase,Single Family,Single,1,High School,30,0.099,0,1
HL02855,52996.01,4603.85,557,800000.0,1142491.83,11,Purchase,Single Family,Married,3,Master,20,0.034,2,0
HL02856,164138.42,4842.1,586,114846.43,143378.81,8,Refinance,Single Family,Divorced,2,Bachelor,15,0.199,2,0
HL02857,85734.52,2702.76,605,800000.0,1085564.67,27,Purchase,Single Family,Single,4,High School,30,0.118,2,0
HL02858,35705.74,2291.02,445,329824.12,417498.88,12,Purchase,Single Family,Single,2,Bachelor,30,0.21,0,0
HL02859,34905.18,4725.09,558,519060.6,637666.59,19,Purchase,Single Family,Married,4,Bachelor,30,0.186,1,0
HL02860,73185.99,3368.05,576,433514.94,550145.86,12,Refinance,Single Family,Single,0,High School,30,0.212,0,0
HL02861,263361.85,324.5,613,243360.69,268313.88,26,Refinance,Single Family,Divorced,0,High School,30,0.093,3,1
HL02862,102681.65,2328.63,554,443983.24,477915.22,25,Refinance,Single Family,Single,5,Bachelor,30,0.071,3,0
HL02863,286376.27,1201.23,733,220790.74,292051.24,28,Purchase,Single Family,Married,5,High School,30,0.244,3,1
HL02864,184946.13,2349.02,654,247150.29,304372.28,28,Refinance,Single Family,Single,4,Master,15,0.188,1,1
HL02865,145068.9,2277.33,627,224640.45,285438.94,21,Refinance,Single Family,Single,2,High School,15,0.213,2,1
HL02866,184524.43,2910.72,657,604514.78,625144.55,8,Purchase,Single Family,Married,5,Bachelor,30,0.033,1,0
HL02867,167092.06,1783.85,638,800000.0,972672.79,23,Home Improvement,Single Family,Married,1,Bachelor,20,0.108,3,1
HL02868,233663.47,821.35,728,577078.67,715091.29,18,Purchase,Single Family,Single,2,Bachelor,15,0.193,1,1
HL02869,102686.42,2518.6,607,800000.0,1079857.41,37,Home Improvement,Townhouse,Single,5,High School,30,0.047,2,1
HL02870,122088.86,4151.01,538,668490.1,791112.55,30,Refinance,Single Family,Single,2,High School,30,0.155,2,0
HL02871,270875.93,3320.06,766,745044.68,850507.63,38,Purchase,Single Family,Single,1,High School,30,0.124,1,1
HL02872,285275.54,1691.84,711,797972.15,826058.13,14,Purchase,Single Family,Married,2,Bachelor,30,0.034,3,1
HL02873,270453.51,4677.62,655,533028.98,580641.59,31,Purchase,Single Family,Married,2,High School,30,0.082,2,1
HL02874,140348.2,4561.04,557,771409.1,850506.17,28,Refinance,Single Family,Single,3,High School,30,0.093,3,0
HL02875,239600.51,1046.74,689,144983.04,153421.21,33,Purchase,Single Family,Single,4,High School,30,0.055,2,1
HL02876,155992.33,197.09,622,800000.0,1042332.91,8,Refinance,Condo,Married,0,Master,15,0.169,3,1
HL02877,161823.46,3706.54,709,800000.0,950038.66,34,Purchase,Condo,Single,5,PhD,30,0.083,1,1
HL02878,81287.03,4138.05,573,318953.28,350883.7,5,Refinance,Single Family,Married,5,Bachelor,30,0.091,0,0
HL02879,187560.83,4839.32,601,724936.19,939036.51,36,Purchase,Single Family,Married,5,Bachelor,30,0.228,0,1
HL02880,76187.37,4449.18,632,77356.28,89222.93,13,Purchase,Single Family,Single,4,High School,30,0.133,3,0
HL02881,116180.29,3002.67,654,282351.71,319402.39,8,Refinance,Single Family,Single,2,Bachelor,30,0.116,2,0
HL02882,260133.31,2650.26,688,120254.59,148279.39,18,Purchase,Single Family,Single,1,Bachelor,30,0.189,1,1
HL02883,81945.85,139.21,624,733621.57,952755.28,22,Purchase,Single Family,Married,1,Bachelor,20,0.23,2,1
HL02884,44568.53,1233.28,570,800000.0,925358.42,40,Purchase,Single Family,Married,0,High School,20,0.036,0,1
HL02885,43977.09,2298.07,583,800000.0,990340.53,27,Purchase,Single Family,Married,0,Bachelor,15,0.129,0,0
HL02886,283715.74,3142.52,750,66915.03,80041.9,15,Purchase,Single Family,Divorced,0,High School,30,0.164,1,1
HL02887,164403.12,2786.26,663,574998.14,638886.82,25,Refinance,Single Family,Married,1,High School,30,0.1,3,1
HL02888,137588.32,3713.18,610,694352.58,867940.72,37,Refinance,Condo,Married,2,High School,15,0.2,1,0
HL02889,247991.61,1398.83,741,188868.66,249826.27,39,Purchase,Multi Family,Single,0,High School,30,0.244,0,1
HL02890,254852.13,2824.76,559,614183.1,806014.57,24,Purchase,Townhouse,Single,0,High School,20,0.238,1,1
HL02891,116352.53,440.71,710,154527.34,169623.86,34,Purchase,Single Family,Single,1,High School,30,0.089,0,1
HL02892,215744.97,2068.33,572,256672.26,278991.59,4,Refinance,Single Family,Married,5,High School,30,0.08,2,0
HL02893,237058.77,3750.8,637,463196.01,610271.42,6,Purchase,Single Family,Single,2,High School,30,0.241,0,0
HL02894,205028.94,3467.0,650,704116.64,810260.8,22,Purchase,Single Family,Married,0,High School,30,0.131,0,1
HL02895,66688.65,4953.21,576,220930.96,239102.77,24,Purchase,Single Family,Married,2,High School,30,0.076,1,0
HL02896,265867.85,1389.46,733,230668.27,283376.25,0,Purchase,Single Family,Single,3,High School,30,0.186,1,1
HL02897,173251.0,2490.95,583,276636.96,305002.16,21,Refinance,Single Family,Married,5,Bachelor,30,0.093,1,0
HL02898,102679.92,1647.65,614,312963.49,343538.41,3,Purchase,Single Family,Single,5,PhD,30,0.089,2,0
HL02899,141937.75,2203.02,592,256311.38,329873.08,27,Purchase,Single Family,Married,0,Master,30,0.223,1,1
HL02900,35332.05,4284.75,582,485252.93,519542.75,13,Purchase,Single Family,Married,0,Bachelor,15,0.066,2,0
HL02901,60163.37,3421.05,576,774850.77,810513.36,32,Home Improvement,Single Family,Married,1,Bachelor,30,0.044,3,0
HL02902,235525.36,4412.21,672,517252.83,567785.76,3,Refinance,Condo,Single,5,High School,15,0.089,1,1
HL02903,25003.2,1017.56,535,792503.46,947970.65,10,Purchase,Single Family,Single,3,PhD,30,0.164,1,0
HL02904,139555.6,4366.81,594,800000.0,884177.07,38,Purchase,Single Family,Married,3,Bachelor,30,0.057,3,0
HL02905,168690.3,298.81,648,188218.85,217342.78,31,Refinance,Single Family,Single,3,Master,30,0.134,3,1
HL02906,40024.47,4443.0,617,108115.76,129946.83,3,Purchase,Condo,Divorced,4,High School,15,0.168,3,0
HL02907,292596.49,1645.37,666,800000.0,1062684.26,0,Home Improvement,Single Family,Single,1,Bachelor,30,0.217,0,1
HL02908,87184.47,1572.94,550,151460.34,164809.95,25,Purchase,Single Family,Divorced,1,High School,30,0.081,0,0
HL02909,108654.65,2560.44,635,191086.45,241881.58,32,Purchase,Single Family,Divorced,0,Master,30,0.21,0,1
HL02910,108584.19,4703.45,602,91708.14,99899.94,16,Refinance,Townhouse,Single,1,High School,30,0.082,3,0
HL02911,88364.58,238.91,635,641922.17,781878.41,26,Refinance,Single Family,Single,0,Bachelor,30,0.179,2,1
HL02912,25405.3,1761.15,517,638896.02,730166.88,4,Home Improvement,Single Family,Married,0,High School,30,0.125,1,0
HL02913,225569.82,4282.86,573,800000.0,1185266.62,6,Refinance,Single Family,Single,4,Master,15,0.055,0,0
HL02914,290882.51,1980.27,668,800000.0,1072798.95,24,Purchase,Multi Family,Married,1,High School,30,0.187,3,1
HL02915,86680.71,995.78,555,495297.08,537198.57,7,Refinance,Single Family,Single,1,Master,30,0.078,1,0
HL02916,207337.98,2123.97,649,459014.72,493034.07,33,Refinance,Single Family,Single,4,Bachelor,30,0.069,0,1
HL02917,229021.49,1927.76,632,364382.06,408958.54,40,Purchase,Single Family,Single,4,Bachelor,30,0.109,3,1
HL02918,258316.98,4577.08,716,203574.13,246457.79,3,Purchase,Single Family,Single,1,High School,30,0.174,1,1
HL02919,141223.03,3809.67,606,211686.24,230344.11,11,Purchase,Single Family,Married,1,Master,15,0.081,0,0
HL02920,108306.0,2525.58,611,208151.83,223819.17,30,Purchase,Single Family,Divorced,0,Bachelor,30,0.07,0,1
HL02921,114456.16,4941.85,615,196870.97,203379.1,10,Refinance,Condo,Single,2,High School,15,0.032,0,0
HL02922,220970.87,2326.39,670,299268.86,345576.05,36,Purchase,Single Family,Married,5,Bachelor,30,0.134,0,1
HL02923,249614.35,291.19,673,367921.94,420002.21,35,Purchase,Single Family,Married,0,High School,30,0.124,0,1
HL02924,74943.84,1311.37,613,800000.0,1156776.34,21,Refinance,Single Family,Single,3,High School,15,0.081,3,0
HL02925,127008.78,2180.35,573,695299.55,725782.41,0,Purchase,Single Family,Married,3,Bachelor,30,0.042,1,0
HL02926,273033.55,784.51,756,800000.0,1186045.25,3,Purchase,Single Family,Married,2,Bachelor,30,0.124,0,1
HL02927,246840.72,4737.83,661,393738.18,494025.32,35,Refinance,Single Family,Single,5,Bachelor,30,0.203,1,1
HL02928,295836.06,3834.24,632,479531.76,589829.96,7,Purchase,Single Family,Married,4,Bachelor,30,0.187,0,1
HL02929,232418.27,1341.44,675,343757.92,440150.99,24,Purchase,Single Family,Married,3,Bachelor,30,0.219,3,1
HL02930,133128.68,2954.02,574,271764.65,280748.61,27,Purchase,Multi Family,Single,4,Master,15,0.032,3,1
HL02931,187425.4,3607.25,676,178697.65,236060.3,37,Refinance,Condo,Married,4,High School,15,0.243,1,1
HL02932,206778.92,4706.39,763,800000.0,1138214.1,35,Purchase,Single Family,Single,0,Bachelor,30,0.105,0,1
HL02933,46575.35,4408.18,533,800000.0,1185162.02,35,Purchase,Single Family,Married,4,Master,30,0.248,3,0
HL02934,174736.66,2575.96,653,114728.19,125523.18,40,Purchase,Townhouse,Married,2,Bachelor,30,0.086,0,1
HL02935,220063.23,3873.26,572,211424.47,244139.11,3,Refinance,Single Family,Single,0,Bachelor,30,0.134,0,1
HL02936,71013.36,2810.72,608,491906.42,551464.6,12,Purchase,Single Family,Married,2,Bachelor,30,0.108,2,0
HL02937,239673.72,2763.52,625,253885.64,284625.16,37,Refinance,Single Family,Married,4,Master,30,0.108,3,1
HL02938,185537.51,573.71,611,380226.87,484365.44,24,Refinance,Single Family,Married,3,Bachelor,30,0.215,1,1
HL02939,286860.99,630.69,638,177508.11,220233.39,2,Purchase,Townhouse,Single,5,High School,30,0.194,1,1
HL02940,36666.13,2647.67,604,442608.95,588575.73,31,Home Improvement,Townhouse,Married,4,Bachelor,15,0.248,0,0
HL02941,97964.69,1344.31,649,317848.13,380656.44,38,Purchase,Single Family,Married,2,High School,30,0.165,0,1
HL02942,190427.32,105.18,646,408735.29,470893.19,0,Purchase,Single Family,Married,1,High School,30,0.132,0,1
HL02943,106553.98,3614.2,560,172046.64,181101.73,10,Refinance,Single Family,Married,1,Bachelor,30,0.05,2,0
HL02944,221466.65,162.43,740,418039.69,556644.06,1,Purchase,Single Family,Single,3,High School,30,0.249,0,1
HL02945,233726.45,2976.38,629,800000.0,1181164.81,4,Refinance,Single Family,Single,5,Bachelor,20,0.151,0,1
HL02946,53191.89,2695.97,468,363068.74,444937.18,21,Home Improvement,Multi Family,Married,2,Bachelor,30,0.184,1,0
HL02947,166309.98,4844.07,656,800000.0,1060982.93,12,Refinance,Single Family,Married,3,Master,30,0.119,2,1
HL02948,164944.9,2421.07,577,800000.0,1023599.03,22,Purchase,Single Family,Divorced,0,High School,15,0.15,1,0
HL02949,126552.21,318.01,662,800000.0,1146065.72,30,Refinance,Single Family,Single,4,High School,30,0.237,2,1
HL02950,281554.34,2758.44,671,800000.0,963873.2,34,Purchase,Multi Family,Married,0,Bachelor,30,0.067,2,1
HL02951,252564.24,4205.48,706,740244.07,817046.43,37,Purchase,Single Family,Married,1,High School,30,0.094,3,1
HL02952,216732.58,4984.25,728,800000.0,1038657.5,40,Purchase,Single Family,Married,4,High School,15,0.063,3,1
HL02953,221439.82,2151.72,600,127439.81,160100.27,34,Purchase,Single Family,Married,0,Master,30,0.204,3,1
HL02954,151971.94,1601.49,597,569474.37,595684.49,12,Purchase,Condo,Single,1,High School,15,0.044,1,1
HL02955,278273.49,4533.27,685,800000.0,1187913.27,6,Refinance,Single Family,Married,5,Bachelor,30,0.048,3,1
HL02956,216013.74,956.21,734,800000.0,940800.17,4,Refinance,Townhouse,Married,0,High School,30,0.096,3,1
HL02957,225469.79,3077.14,629,800000.0,1157334.8,28,Refinance,Single Family,Single,4,High School,30,0.143,1,1
HL02958,261965.0,2028.57,651,800000.0,952088.65,7,Purchase,Single Family,Married,0,High School,30,0.119,2,1
HL02959,100369.69,205.41,624,800000.0,1059242.21,7,Purchase,Condo,Married,4,Bachelor,30,0.04,2,1
HL02960,246944.5,1736.44,644,660212.99,869845.84,6,Home Improvement,Condo,Single,0,Master,30,0.241,0,1
HL02961,78691.17,1326.14,596,707229.21,930564.75,18,Refinance,Single Family,Single,3,Bachelor,15,0.24,0,0
HL02962,119969.04,3430.46,532,603189.91,663575.26,38,Refinance,Single Family,Married,5,Bachelor,30,0.091,3,0
HL02963,117292.87,4743.95,719,800000.0,1114767.41,22,Home Improvement,Multi Family,Single,0,Bachelor,20,0.191,1,1
HL02964,294094.5,1340.24,629,800000.0,1003168.77,35,Purchase,Single Family,Single,0,High School,30,0.157,2,1
HL02965,260547.74,4057.33,664,800000.0,1024370.59,31,Purchase,Single Family,Married,3,Bachelor,30,0.082,1,1
HL02966,217821.71,276.8,657,758907.34,832135.24,3,Purchase,Single Family,Single,1,Bachelor,30,0.088,0,1
HL02967,224940.61,2690.61,758,360016.4,417652.44,29,Purchase,Single Family,Married,4,Bachelor,20,0.138,3,1
HL02968,179570.02,352.75,573,101043.33,115083.52,38,Refinance,Condo,Single,2,High School,20,0.122,0,1
HL02969,285449.93,4670.16,791,800000.0,1127612.02,4,Purchase,Single Family,Married,1,Master,30,0.094,0,1
HL02970,161471.16,3831.76,668,581633.23,734385.39,2,Purchase,Single Family,Single,4,Bachelor,30,0.208,2,1
HL02971,129642.37,3289.75,635,354594.97,410410.84,21,Purchase,Single Family,Single,0,High School,20,0.136,1,1
HL02972,69834.72,4119.48,535,200533.8,242777.0,27,Purchase,Townhouse,Married,1,Bachelor,30,0.174,2,0
HL02973,241206.55,3237.6,699,800000.0,1008213.56,21,Purchase,Townhouse,Single,0,High School,30,0.072,2,1
HL02974,226972.08,4844.72,627,800000.0,1016085.22,21,Purchase,Condo,Married,1,High School,30,0.147,0,1
HL02975,130697.64,3569.79,678,800000.0,991321.46,33,Refinance,Single Family,Married,1,Bachelor,30,0.1,3,1
HL02976,31928.19,4623.29,517,683813.2,800718.03,28,Purchase,Single Family,Married,2,High School,30,0.146,0,0
HL02977,255724.27,2585.66,672,388440.31,486767.31,12,Purchase,Townhouse,Single,3,High School,30,0.202,1,1
HL02978,28139.95,585.32,536,334080.34,417079.07,6,Purchase,Condo,Married,1,High School,15,0.199,3,0
HL02979,218517.44,2640.89,609,75484.72,84624.12,9,Purchase,Condo,Married,0,High School,30,0.108,2,0
HL02980,291820.71,634.36,732,800000.0,1012808.5,27,Purchase,Single Family,Single,2,High School,30,0.183,1,1
HL02981,145356.87,2962.47,649,132275.04,173361.78,3,Home Improvement,Single Family,Single,1,High School,15,0.237,1,1
HL02982,89617.69,2412.47,655,652786.68,784599.37,31,Purchase,Condo,Married,3,High School,30,0.168,1,1
HL02983,218839.53,3112.88,570,601633.01,642084.32,21,Refinance,Single Family,Divorced,0,Master,15,0.063,1,0
HL02984,249710.24,50.23,728,547370.93,667525.53,19,Purchase,Single Family,Single,2,Master,30,0.18,0,1
HL02985,175268.34,974.2,762,800000.0,1117551.95,19,Purchase,Single Family,Divorced,4,Master,20,0.053,1,1
HL02986,290934.7,2456.65,672,86021.04,110566.89,5,Refinance,Single Family,Married,5,High School,30,0.222,0,1
HL02987,39208.9,4752.52,664,800000.0,945066.25,8,Purchase,Condo,Single,3,Bachelor,30,0.144,3,0
HL02988,163818.79,1918.05,618,118199.67,133558.95,27,Purchase,Single Family,Married,4,Bachelor,20,0.115,1,1
HL02989,222574.84,2121.86,592,112852.13,117922.81,12,Purchase,Condo,Single,4,High School,30,0.043,0,1
HL02990,262226.13,3573.48,665,494870.79,558544.91,30,Purchase,Single Family,Married,2,Master,15,0.114,1,1
HL02991,74295.29,3018.96,639,112534.83,145959.57,38,Purchase,Townhouse,Married,2,PhD,30,0.229,3,1
HL02992,245000.96,1494.63,630,800000.0,962786.95,13,Refinance,Single Family,Married,2,Bachelor,30,0.035,2,1
HL02993,176994.45,2054.08,608,580876.84,670758.48,21,Purchase,Condo,Divorced,4,High School,30,0.134,3,1
HL02994,134052.26,1088.5,646,82366.5,107668.63,36,Home Improvement,Single Family,Single,5,Bachelor,30,0.235,2,1
HL02995,61221.63,4830.11,580,106457.37,120563.27,23,Purchase,Single Family,Married,0,High School,15,0.117,0,0
HL02996,262956.33,653.17,710,669484.84,764252.1,7,Purchase,Single Family,Single,2,High School,30,0.124,3,1
HL02997,68250.13,1859.18,596,800000.0,981875.79,14,Purchase,Townhouse,Married,3,Bachelor,30,0.157,0,1
HL02998,110191.66,129.19,629,492611.24,567524.47,40,Purchase,Single Family,Married,2,High School,30,0.132,3,1
HL02999,104762.52,1108.9,580,652076.74,698903.26,5,Purchase,Single Family,Married,5,High School,30,0.067,1,1
HL03000,264638.86,3902.36,693,800000.0,974808.14,22,Purchase,Single Family,Married,2,High School,30,0.034,2,1
HL03001,209993.32,1005.88,608,636881.06,761819.45,24,Home Improvement,Single Family,Divorced,5,Bachelor,30,0.164,1,1
HL03002,244087.38,400.32,736,251464.99,327855.27,30,Refinance,Townhouse,Single,2,PhD,30,0.233,0,1
HL03003,93878.67,2372.27,565,724155.3,764683.53,28,Refinance,Single Family,Single,4,Bachelor,30,0.053,1,0
HL03004,196840.38,49.85,704,722396.5,781814.39,22,Purchase,Single Family,Single,5,High School,30,0.076,2,1
HL03005,182230.15,423.83,629,800000.0,900870.35,9,Home Improvement,Single Family,Married,0,Bachelor,20,0.111,2,1
HL03006,254028.35,4038.13,687,612598.9,773483.46,8,Purchase,Single Family,Married,2,Bachelor,15,0.208,2,1
HL03007,274173.94,3857.37,662,800000.0,1165397.4,12,Refinance,Single Family,Married,4,Master,30,0.089,2,1
HL03008,28343.11,4575.69,513,230432.7,296949.35,31,Purchase,Single Family,Married,3,Bachelor,30,0.224,2,0
HL03009,210355.48,4272.58,567,800000.0,1144977.01,40,Purchase,Single Family,Married,0,High School,15,0.042,0,1
HL03010,39254.84,3415.88,516,519322.16,680631.93,0,Home Improvement,Single Family,Single,4,High School,15,0.237,1,0
HL03011,175936.13,261.66,621,703815.21,830950.66,0,Purchase,Condo,Married,5,Master,30,0.153,3,1
HL03012,104099.0,3914.24,612,154187.8,186894.3,36,Refinance,Single Family,Single,1,High School,30,0.175,1,1
HL03013,109363.56,4227.55,655,447298.51,503147.93,39,Purchase,Single Family,Divorced,3,Bachelor,30,0.111,1,0
HL03014,122063.59,3995.41,588,750560.13,940551.54,17,Purchase,Single Family,Married,3,High School,15,0.202,0,0
HL03015,195855.42,2542.4,603,800000.0,870274.89,35,Refinance,Single Family,Married,1,Bachelor,30,0.067,0,1
HL03016,116863.74,1164.51,536,115230.38,120156.81,30,Refinance,Single Family,Married,4,High School,30,0.041,0,1
HL03017,226492.24,4226.65,687,609198.08,689918.55,0,Refinance,Single Family,Married,4,High School,30,0.117,0,1
HL03018,136245.03,3635.81,687,136312.74,174312.97,35,Purchase,Townhouse,Married,5,Bachelor,30,0.218,1,1
HL03019,43797.13,4903.81,635,800000.0,1195338.48,8,Purchase,Townhouse,Single,3,Bachelor,15,0.196,2,0
HL03020,240533.96,778.46,705,800000.0,1084458.66,21,Purchase,Condo,Single,4,High School,30,0.144,2,1
HL03021,103583.54,1128.32,633,83316.08,98715.74,27,Purchase,Single Family,Divorced,1,Bachelor,30,0.156,0,0
HL03022,144010.89,1058.99,706,800000.0,1040980.78,25,Refinance,Single Family,Married,4,High School,20,0.059,3,1
HL03023,213497.07,3962.7,673,800000.0,1109358.3,9,Purchase,Multi Family,Divorced,3,Bachelor,30,0.215,1,1
HL03024,116425.44,934.54,640,376775.17,472741.75,2,Purchase,Single Family,Divorced,4,Bachelor,30,0.203,1,0
HL03025,40561.06,333.3,554,730546.91,884439.36,1,Refinance,Single Family,Married,0,Bachelor,30,0.174,3,0
HL03026,127828.29,4992.8,545,496241.94,572366.71,36,Purchase,Single Family,Married,1,Bachelor,30,0.133,0,0
HL03027,284723.36,124.09,658,615599.5,812136.55,30,Refinance,Single Family,Single,1,Master,30,0.242,1,1
HL03028,201476.96,4176.22,650,355754.95,457857.08,32,Home Improvement,Single Family,Single,2,High School,30,0.223,3,1
HL03029,209656.77,1826.83,657,362563.93,437879.14,31,Purchase,Townhouse,Married,4,High School,30,0.172,2,1
HL03030,198877.59,4208.08,745,490609.45,552488.12,11,Purchase,Single Family,Single,5,Bachelor,30,0.112,3,1
HL03031,79722.84,2773.1,593,199128.95,238763.73,2,Purchase,Single Family,Single,1,Bachelor,30,0.166,3,0
HL03032,140041.81,4508.16,678,800000.0,1010031.33,25,Refinance,Single Family,Married,4,Bachelor,15,0.157,0,1
HL03033,231508.44,4630.96,644,412612.77,467285.13,13,Purchase,Single Family,Divorced,0,Bachelor,30,0.117,1,1
HL03034,52877.55,45.49,560,474226.93,525168.25,11,Refinance,Single Family,Divorced,3,Bachelor,15,0.097,3,0
HL03035,101409.51,377.06,534,800000.0,1080811.44,25,Purchase,Single Family,Single,3,Master,30,0.12,1,1
HL03036,100987.75,1251.79,563,534844.31,633701.79,15,Refinance,Single Family,Divorced,2,Bachelor,30,0.156,1,1
HL03037,143805.21,3346.58,648,602062.23,687285.65,7,Refinance,Single Family,Married,2,High School,30,0.124,0,0
HL03038,294601.4,4441.36,697,800000.0,1151060.39,27,Home Improvement,Single Family,Married,5,Master,20,0.088,2,1
HL03039,43563.2,2299.71,618,800000.0,1072567.18,6,Purchase,Single Family,Single,1,Master,30,0.197,1,0
HL03040,167642.77,3034.87,642,226599.49,265650.05,14,Purchase,Single Family,Married,5,High School,30,0.147,0,1
HL03041,74325.29,942.5,569,580035.4,607366.91,40,Purchase,Single Family,Married,1,High School,30,0.045,0,0
HL03042,291936.05,4024.83,803,800000.0,1167708.26,35,Purchase,Single Family,Married,1,Bachelor,30,0.111,3,1
HL03043,56158.46,4836.64,573,382781.87,493912.09,7,Purchase,Single Family,Single,0,High School,30,0.225,1,0
HL03044,135990.28,1342.99,676,396387.88,493019.75,9,Home Improvement,Single Family,Married,2,Bachelor,30,0.196,0,1
HL03045,227918.37,2474.13,643,264673.7,294409.01,14,Refinance,Single Family,Divorced,2,PhD,30,0.101,2,0
HL03046,218752.47,430.58,694,155560.71,203613.5,17,Purchase,Single Family,Divorced,3,High School,15,0.236,3,1
HL03047,141250.38,2795.68,667,800000.0,907842.89,36,Refinance,Condo,Single,2,High School,15,0.047,2,1
HL03048,120294.15,2513.92,620,714434.77,941284.28,40,Purchase,Single Family,Married,2,Bachelor,30,0.241,0,1
HL03049,134343.4,722.18,499,800000.0,1165139.58,34,Purchase,Single Family,Single,0,High School,30,0.084,3,0
HL03050,97675.97,2210.33,599,800000.0,945095.49,1,Refinance,Townhouse,Married,5,Master,30,0.032,1,0
HL03051,81466.56,1670.52,652,305175.12,348771.56,21,Home Improvement,Single Family,Married,1,High School,30,0.125,3,1
HL03052,157835.92,2609.15,655,107036.85,120131.15,14,Purchase,Single Family,Single,5,Bachelor,30,0.109,3,1
HL03053,98846.78,2928.27,621,800000.0,1183617.06,36,Refinance,Single Family,Divorced,0,High School,30,0.149,2,0
HL03054,104051.96,42.48,515,364115.59,458007.03,38,Refinance,Single Family,Married,4,Bachelor,30,0.205,1,1
HL03055,205607.92,3805.03,616,334384.87,425967.99,35,Purchase,Single Family,Single,3,Bachelor,30,0.215,0,1
HL03056,291347.77,3565.07,716,800000.0,1094199.61,4,Purchase,Condo,Single,3,Master,30,0.118,2,1
HL03057,191000.23,1831.43,666,641582.72,733237.39,14,Refinance,Single Family,Single,3,Bachelor,30,0.125,1,1
HL03058,46169.35,264.68,633,296776.08,316730.07,26,Refinance,Single Family,Married,5,Master,20,0.063,0,1
HL03059,45785.49,3774.66,565,800000.0,1075233.27,15,Purchase,Single Family,Single,1,Bachelor,15,0.04,3,0
HL03060,286641.39,4775.88,713,800000.0,1192530.96,35,Purchase,Single Family,Married,1,Master,30,0.171,1,1
HL03061,106754.97,1200.76,604,164922.79,172513.38,37,Refinance,Single Family,Married,1,High School,30,0.044,2,1
HL03062,50318.42,1617.62,525,800000.0,1045033.08,17,Refinance,Single Family,Married,3,Bachelor,30,0.191,0,0
HL03063,189737.26,919.06,532,437694.97,514330.16,34,Purchase,Single Family,Single,3,High School,15,0.149,0,0
HL03064,196503.41,2884.68,669,615402.47,664581.5,24,Purchase,Single Family,Married,5,High School,30,0.074,1,1
HL03065,203338.83,774.21,660,800000.0,1104167.97,21,Refinance,Single Family,Single,5,Bachelor,30,0.149,1,1
HL03066,98535.56,1780.97,568,800000.0,1170051.6,30,Refinance,Single Family,Divorced,3,Bachelor,30,0.07,3,1
HL03067,29155.44,3485.07,483,322952.73,369934.4,36,Refinance,Condo,Married,4,Bachelor,20,0.127,0,0
HL03068,290379.23,2800.58,726,249678.95,314457.12,33,Home Improvement,Single Family,Single,4,High School,30,0.206,3,1
HL03069,93995.59,1932.31,583,143724.42,165581.13,22,Refinance,Single Family,Married,5,High School,15,0.132,3,1
HL03070,210907.23,2101.25,683,662480.16,707022.58,15,Home Improvement,Condo,Married,3,High School,30,0.063,2,1
HL03071,219323.21,2810.55,752,73237.31,90304.94,5,Home Improvement,Townhouse,Single,1,PhD,30,0.189,2,1
HL03072,192752.04,29.32,539,500160.2,538385.58,14,Refinance,Condo,Married,1,High School,30,0.071,1,0
HL03073,111049.53,392.55,570,127306.07,157557.02,17,Refinance,Single Family,Married,4,High School,30,0.192,1,0
HL03074,99551.47,4406.29,589,459210.34,530879.01,37,Refinance,Multi Family,Single,4,Bachelor,30,0.135,1,0
HL03075,189358.78,389.39,717,104333.63,119923.71,12,Refinance,Single Family,Single,3,High School,30,0.13,2,1
HL03076,263176.3,3534.02,599,794447.01,1014619.42,23,Purchase,Single Family,Married,3,High School,30,0.217,3,1
HL03077,285351.78,4600.19,789,253118.49,310956.37,12,Purchase,Multi Family,Married,1,Bachelor,30,0.186,3,1
HL03078,54124.1,1353.42,583,427906.45,444347.3,0,Purchase,Condo,Married,5,Bachelor,30,0.037,2,0
HL03079,67577.87,1852.46,578,800000.0,1053804.0,35,Purchase,Single Family,Single,2,Master,30,0.095,1,1
HL03080,284802.47,2844.61,682,711519.37,914549.32,17,Purchase,Condo,Single,5,Master,30,0.222,1,1
HL03081,227547.19,4408.54,641,310489.94,321418.16,32,Home Improvement,Single Family,Married,1,Master,30,0.034,3,1
HL03082,267823.3,4709.53,736,132503.82,155886.85,37,Purchase,Single Family,Married,5,High School,30,0.15,0,1
HL03083,80723.97,3697.82,536,712907.73,880133.0,5,Purchase,Single Family,Married,1,High School,30,0.19,0,0
HL03084,186586.11,433.1,660,428612.13,514540.37,16,Purchase,Multi Family,Single,3,High School,30,0.167,0,1
HL03085,217813.39,3345.77,639,752282.52,936840.0,3,Purchase,Single Family,Single,2,Bachelor,20,0.197,0,1
HL03086,212030.77,2051.52,617,466524.86,575956.62,13,Refinance,Condo,Married,2,Bachelor,30,0.19,1,1
HL03087,137241.71,2353.5,747,379758.72,464252.71,29,Purchase,Single Family,Married,3,Bachelor,30,0.182,2,1
HL03088,29233.6,245.74,585,459676.2,582606.08,19,Purchase,Condo,Single,0,High School,30,0.211,2,0
HL03089,185304.67,955.31,673,759382.7,917128.86,7,Refinance,Single Family,Single,3,High School,30,0.172,0,1
HL03090,94602.92,3952.57,654,800000.0,1089997.82,1,Purchase,Single Family,Divorced,4,Bachelor,15,0.119,2,0
HL03091,148819.92,2269.79,553,113435.69,130988.1,36,Refinance,Condo,Divorced,5,High School,30,0.134,3,1
HL03092,288334.78,1508.31,781,539675.89,664625.48,3,Purchase,Single Family,Single,2,Bachelor,15,0.188,0,1
HL03093,134734.71,1920.1,491,86977.27,111939.86,9,Purchase,Single Family,Single,3,Master,20,0.223,1,0
HL03094,255945.44,4272.0,639,547784.27,601960.74,19,Purchase,Single Family,Single,1,High School,15,0.09,0,1
HL03095,76848.67,3745.0,565,800000.0,1070943.18,34,Purchase,Single Family,Single,1,Bachelor,15,0.105,3,0
HL03096,209926.64,1361.58,684,368568.62,481789.05,9,Purchase,Single Family,Married,5,Bachelor,30,0.235,2,1
HL03097,293676.91,587.51,707,800000.0,1124006.72,27,Purchase,Single Family,Single,1,High School,15,0.157,2,1
HL03098,53020.6,1259.99,568,730308.55,784434.53,14,Refinance,Single Family,Married,3,High School,30,0.069,2,0
HL03099,27287.98,4603.78,563,800000.0,1125924.76,35,Refinance,Condo,Married,0,High School,30,0.176,1,0
HL03100,144235.27,2907.94,573,696962.96,926812.45,0,Purchase,Townhouse,Married,4,Bachelor,30,0.248,0,0
HL03101,50472.01,2667.4,500,150986.64,191364.56,21,Purchase,Condo,Married,1,High School,20,0.211,1,0
HL03102,230805.7,2981.97,701,270046.5,335045.29,26,Home Improvement,Single Family,Single,3,Master,30,0.194,3,1
HL03103,276500.88,1830.14,722,479040.19,518441.76,28,Purchase,Condo,Single,0,PhD,20,0.076,1,1
HL03104,144355.77,4035.54,701,206969.68,266370.24,14,Purchase,Single Family,Divorced,2,High School,30,0.223,0,1
HL03105,96145.7,2616.43,558,539536.33,631775.56,9,Purchase,Condo,Married,2,High School,30,0.146,2,0
HL03106,144460.91,583.74,656,468493.83,605289.18,19,Refinance,Single Family,Married,5,Bachelor,30,0.226,2,1
HL03107,223948.15,645.33,647,800000.0,1150791.6,21,Purchase,Single Family,Single,4,Master,30,0.103,2,1
HL03108,27489.89,2684.3,623,538174.34,562943.87,8,Home Improvement,Single Family,Divorced,3,High School,15,0.044,2,0
HL03109,187099.85,4682.85,694,800000.0,958830.15,31,Purchase,Single Family,Single,3,Bachelor,15,0.135,1,1
HL03110,193655.21,1541.76,657,800000.0,1134649.36,16,Purchase,Townhouse,Single,1,Master,30,0.089,0,1
HL03111,200364.27,4347.71,633,800000.0,1061612.43,18,Purchase,Condo,Divorced,0,High School,20,0.187,0,1
HL03112,91556.07,3820.48,643,235101.07,309751.08,39,Purchase,Single Family,Married,4,High School,30,0.241,0,1
HL03113,221364.5,1239.06,693,517821.51,633033.63,26,Purchase,Condo,Married,0,PhD,30,0.182,1,1
HL03114,50132.66,181.7,540,361310.63,466207.26,36,Home Improvement,Single Family,Single,4,High School,30,0.225,2,1
HL03115,79799.34,509.24,523,456611.7,524841.03,33,Purchase,Single Family,Married,3,High School,30,0.13,2,0
HL03116,266304.26,3642.47,668,384726.14,480907.68,9,Refinance,Single Family,Married,3,Bachelor,15,0.2,0,1
HL03117,228148.87,998.35,739,788653.48,1004654.11,29,Purchase,Single Family,Married,4,High School,15,0.215,2,1
HL03118,28780.03,1856.35,621,475096.34,583656.44,20,Purchase,Single Family,Married,0,PhD,20,0.186,1,0
HL03119,93303.47,2508.5,541,569845.95,664156.12,20,Purchase,Single Family,Divorced,5,High School,20,0.142,3,0
HL03120,83961.78,3627.34,533,800000.0,1180253.28,33,Purchase,Single Family,Single,2,Master,20,0.168,2,0
HL03121,99471.74,566.16,663,116260.97,142476.68,8,Refinance,Single Family,Single,2,High School,30,0.184,3,1
HL03122,93078.94,2031.83,539,570292.44,623952.34,33,Refinance,Condo,Single,1,High School,15,0.086,3,0
HL03123,42194.73,2425.36,596,749088.98,945819.42,11,Refinance,Single Family,Married,1,Bachelor,30,0.208,3,0
HL03124,151208.64,2704.14,594,186488.53,245057.2,20,Purchase,Single Family,Married,5,Master,30,0.239,2,1
HL03125,226501.71,4091.8,744,662260.6,762973.04,19,Purchase,Single Family,Married,0,High School,15,0.132,3,1
HL03126,191851.22,858.39,607,281028.67,344397.88,5,Home Improvement,Single Family,Single,5,Bachelor,30,0.184,2,1
HL03127,210039.71,4039.16,712,800000.0,1050829.63,35,Home Improvement,Multi Family,Divorced,3,High School,30,0.192,0,1
HL03128,47316.02,3464.39,582,365021.39,442987.12,11,Purchase,Single Family,Single,0,Master,30,0.176,1,0
HL03129,286659.95,2779.35,705,378416.32,445195.67,40,Purchase,Condo,Single,4,Master,30,0.15,3,1
HL03130,255585.25,3497.64,579,580423.25,747968.11,30,Refinance,Single Family,Married,2,Bachelor,30,0.224,3,1
HL03131,246399.84,2060.09,563,245193.7,281508.27,1,Refinance,Condo,Single,1,Bachelor,30,0.129,0,0
HL03132,251320.55,691.99,664,378493.23,395499.72,15,Purchase,Multi Family,Married,0,High School,15,0.043,1,1
HL03133,281495.39,3328.83,703,426269.29,543710.83,0,Purchase,Single Family,Married,0,High School,30,0.216,0,1
HL03134,174669.84,2623.36,581,388676.62,472842.6,3,Refinance,Single Family,Single,4,High School,30,0.178,1,0
HL03135,80077.55,3196.87,535,521076.22,665486.87,0,Purchase,Single Family,Single,3,High School,30,0.217,3,0
HL03136,194615.49,1689.99,675,704619.45,749595.16,34,Purchase,Multi Family,Married,3,Bachelor,30,0.06,1,1
HL03137,229292.41,4534.33,692,686138.36,712500.89,12,Purchase,Single Family,Single,2,Bachelor,30,0.037,0,1
HL03138,227927.28,2936.85,657,619557.66,810939.35,30,Purchase,Single Family,Single,5,High School,30,0.236,3,1
HL03139,168398.48,427.01,673,394681.46,421218.21,19,Home Improvement,Single Family,Married,5,Master,15,0.063,0,1
HL03140,43826.15,2249.02,513,172045.77,217229.51,6,Purchase,Townhouse,Single,1,PhD,30,0.208,3,0
HL03141,127056.06,3781.78,595,734486.79,930908.48,39,Refinance,Single Family,Married,3,Bachelor,30,0.211,2,1
HL03142,278210.82,3970.67,771,800000.0,1032127.93,32,Purchase,Townhouse,Married,3,Bachelor,30,0.186,3,1
HL03143,185723.45,2472.99,646,342648.22,364132.01,27,Refinance,Townhouse,Married,3,High School,15,0.059,1,1
HL03144,173041.28,4473.74,642,438641.26,532978.45,19,Purchase,Single Family,Married,5,High School,30,0.177,1,0
HL03145,98934.72,1338.34,714,492179.15,635890.37,31,Purchase,Single Family,Single,0,High School,30,0.226,1,1
HL03146,126323.45,2052.99,543,591293.61,674992.7,8,Refinance,Single Family,Single,3,PhD,30,0.124,1,0
HL03147,271220.17,4492.98,725,718078.34,816926.44,33,Purchase,Single Family,Married,5,Bachelor,15,0.121,1,1
HL03148,208277.34,4481.28,737,106334.58,121803.64,13,Purchase,Single Family,Married,4,Bachelor,30,0.127,2,1
HL03149,241531.43,3428.56,654,800000.0,886661.72,3,Purchase,Single Family,Single,5,High School,30,0.048,3,0
HL03150,149944.99,4294.9,667,112011.25,144717.38,28,Purchase,Single Family,Married,2,Bachelor,30,0.226,3,1
HL03151,198317.99,443.87,600,468821.39,601824.64,14,Purchase,Multi Family,Married,3,High School,15,0.221,2,1
HL03152,93305.49,4324.97,562,754597.52,1006130.03,16,Refinance,Single Family,Married,1,Master,30,0.25,2,0
HL03153,219001.73,1603.1,678,489981.09,582617.23,18,Purchase,Condo,Married,0,High School,30,0.159,1,1
HL03154,142590.37,891.66,661,195394.41,242725.97,37,Purchase,Single Family,Single,4,Bachelor,30,0.195,0,1
HL03155,146700.02,1196.85,679,800000.0,1183163.08,8,Purchase,Single Family,Single,5,High School,30,0.075,0,1
HL03156,203563.64,2089.84,730,800000.0,1075446.14,26,Purchase,Single Family,Single,2,Bachelor,30,0.177,1,1
HL03157,282477.17,1255.96,687,779635.92,942727.84,14,Refinance,Single Family,Single,0,Bachelor,30,0.173,2,1
HL03158,42601.75,1602.84,630,415297.82,537950.55,36,Refinance,Single Family,Divorced,4,Bachelor,30,0.228,3,1
HL03159,251804.39,674.89,658,221797.41,281826.44,27,Purchase,Single Family,Single,0,High School,30,0.213,0,1
HL03160,105405.36,1480.88,647,800000.0,1134087.58,3,Refinance,Single Family,Single,2,Bachelor,20,0.236,0,1
HL03161,147077.85,2861.42,633,524964.22,673895.02,20,Purchase,Condo,Single,2,Bachelor,30,0.221,2,1
HL03162,31026.17,2209.27,587,800000.0,1033899.89,33,Purchase,Single Family,Married,3,PhD,15,0.221,1,0
HL03163,107787.67,1733.59,625,439623.18,459856.88,18,Purchase,Townhouse,Married,1,High School,15,0.044,3,1
HL03164,163223.59,3732.26,551,354524.3,452199.36,36,Purchase,Condo,Married,3,Master,30,0.216,1,1
HL03165,40448.42,4467.55,514,800000.0,1183733.04,3,Purchase,Single Family,Divorced,5,Bachelor,30,0.164,1,0
HL03166,160051.33,3783.95,635,586587.09,662062.18,36,Purchase,Single Family,Married,0,High School,30,0.114,1,1
HL03167,279955.42,1660.0,605,223484.49,233282.35,31,Purchase,Single Family,Single,3,Bachelor,30,0.042,1,1
HL03168,53983.13,3722.21,618,264472.02,322134.01,11,Purchase,Single Family,Married,2,Bachelor,30,0.179,0,0
HL03169,235221.2,759.9,711,554234.2,617187.31,40,Home Improvement,Single Family,Married,2,High School,30,0.102,2,1
HL03170,137659.54,651.59,635,106450.06,122779.77,15,Purchase,Townhouse,Single,2,Bachelor,15,0.133,3,1
HL03171,205172.77,1728.14,596,488187.6,595350.73,13,Purchase,Single Family,Single,3,Bachelor,30,0.18,0,1
HL03172,96565.06,4038.51,667,420111.2,546308.45,0,Purchase,Condo,Married,5,Bachelor,30,0.231,3,0
HL03173,68860.37,1231.74,686,749981.6,951753.3,31,Refinance,Single Family,Single,5,Bachelor,15,0.212,3,1
HL03174,69127.22,316.27,591,413123.76,474309.71,20,Purchase,Single Family,Married,4,Bachelor,30,0.129,0,1
HL03175,44385.29,658.55,597,800000.0,1180367.36,3,Purchase,Condo,Married,3,High School,30,0.115,0,0
HL03176,76052.84,4293.72,598,255261.77,278366.16,8,Refinance,Single Family,Single,3,High School,30,0.083,3,0
HL03177,207660.33,3168.92,680,656995.7,739860.02,21,Refinance,Townhouse,Married,3,Bachelor,30,0.112,3,1
HL03178,267464.92,1266.01,677,166412.48,175911.71,11,Refinance,Single Family,Single,3,High School,15,0.054,2,1
HL03179,248884.56,2776.48,672,680851.32,900596.98,29,Purchase,Townhouse,Single,2,High School,30,0.244,0,1
HL03180,213411.94,2637.9,701,800000.0,1194097.9,29,Refinance,Condo,Married,1,High School,30,0.156,0,1
HL03181,55368.76,3277.18,694,800000.0,996530.97,31,Refinance,Single Family,Single,3,High School,30,0.058,3,1
HL03182,104526.55,1165.94,532,624548.5,700166.48,35,Home Improvement,Townhouse,Married,3,Bachelor,30,0.108,3,0
HL03183,110196.89,4322.01,599,527283.93,620334.03,6,Home Improvement,Single Family,Single,1,Bachelor,15,0.15,1,0
HL03184,93738.16,1546.84,537,800000.0,1014408.71,16,Purchase,Single Family,Single,3,Bachelor,30,0.147,3,0
HL03185,166626.56,3470.66,712,800000.0,1127970.85,0,Refinance,Single Family,Single,1,High School,15,0.038,3,1
HL03186,172277.3,80.62,606,800000.0,1187857.34,13,Purchase,Single Family,Married,2,High School,30,0.239,2,1
HL03187,123143.64,1863.29,539,473685.93,521106.63,37,Purchase,Single Family,Single,4,Bachelor,15,0.091,3,0
HL03188,122292.02,1758.55,643,800000.0,1189782.16,25,Purchase,Townhouse,Single,3,PhD,30,0.034,1,1
HL03189,252852.79,2717.42,763,238647.43,250417.03,26,Purchase,Single Family,Married,4,Master,30,0.047,1,1
HL03190,242055.53,363.68,704,303325.03,360243.5,15,Purchase,Townhouse,Married,3,Bachelor,30,0.158,0,1
HL03191,109643.85,3950.66,615,164634.55,175143.14,6,Home Improvement,Townhouse,Single,0,Bachelor,30,0.06,1,0
HL03192,276291.82,1088.9,708,365858.3,380705.83,31,Purchase,Condo,Divorced,5,Bachelor,30,0.039,0,1
HL03193,287024.13,3385.19,764,800000.0,938929.75,24,Purchase,Townhouse,Divorced,0,Bachelor,30,0.114,3,1
HL03194,114854.2,4016.06,563,800000.0,1034539.9,30,Purchase,Condo,Married,2,Bachelor,15,0.167,1,0
HL03195,122466.86,2809.38,605,800000.0,951254.23,15,Purchase,Single Family,Married,4,High School,30,0.055,2,0
HL03196,164049.39,3704.42,609,707239.05,784949.0,40,Home Improvement,Single Family,Divorced,4,High School,30,0.099,2,1
HL03197,283808.22,3309.3,633,573520.43,653212.33,13,Refinance,Single Family,Married,1,Bachelor,30,0.122,1,1
HL03198,265987.84,1777.65,666,800000.0,872292.33,24,Purchase,Single Family,Divorced,1,Master,30,0.065,0,1
HL03199,53206.19,4044.29,631,442116.77,514687.74,29,Home Improvement,Single Family,Single,3,High School,30,0.141,0,0
HL03200,133000.95,1473.51,644,800000.0,1021471.9,6,Purchase,Single Family,Married,1,Bachelor,30,0.049,0,0
HL03201,177177.08,2856.06,670,800000.0,836838.86,11,Home Improvement,Single Family,Divorced,1,Bachelor,30,0.04,1,1
HL03202,163361.43,3726.99,639,736185.93,860030.29,2,Purchase,Multi Family,Single,4,High School,30,0.144,3,1
HL03203,78312.34,1894.78,615,620304.11,677927.99,26,Refinance,Single Family,Single,0,Bachelor,30,0.085,3,0
HL03204,261174.61,1513.84,640,800000.0,1070882.61,18,Purchase,Single Family,Married,4,Master,30,0.051,3,1
HL03205,211158.72,2296.73,640,314419.04,358516.58,36,Home Improvement,Single Family,Divorced,1,High School,30,0.123,0,1
HL03206,255424.8,4089.82,687,387415.36,503791.11,6,Purchase,Single Family,Single,3,Bachelor,20,0.231,1,1
HL03207,261160.18,4649.61,694,770326.64,949847.89,15,Purchase,Single Family,Divorced,0,High School,30,0.189,2,1
HL03208,230797.86,2725.42,681,497809.93,629342.51,31,Refinance,Single Family,Married,1,Master,20,0.209,3,1
HL03209,145782.92,3307.33,615,800000.0,1075365.77,7,Purchase,Multi Family,Divorced,1,Bachelor,30,0.222,3,0
HL03210,192900.36,4516.37,627,351312.62,464699.23,12,Refinance,Single Family,Married,5,Bachelor,30,0.244,0,1
HL03211,69100.49,492.73,742,393378.14,490496.44,10,Refinance,Single Family,Married,3,PhD,30,0.198,3,1
HL03212,210252.49,1160.39,700,800000.0,1074827.76,19,Purchase,Single Family,Married,3,High School,30,0.164,1,1
HL03213,74294.65,3544.5,607,531700.78,597416.61,17,Purchase,Townhouse,Single,1,High School,15,0.11,3,0
HL03214,215836.14,4118.72,646,609745.35,655640.16,36,Home Improvement,Single Family,Divorced,1,Bachelor,30,0.07,0,1
HL03215,88139.49,4285.15,571,368025.17,449359.18,5,Refinance,Single Family,Single,4,Bachelor,30,0.181,1,0
HL03216,57326.61,2075.54,572,290076.51,386253.68,19,Purchase,Condo,Single,2,Bachelor,30,0.249,0,0
HL03217,70453.23,446.7,599,704820.97,812942.3,31,Purchase,Single Family,Married,3,High School,30,0.133,2,0
HL03218,25547.84,2188.91,468,170164.62,209820.74,28,Purchase,Single Family,Single,3,Bachelor,15,0.189,3,0
HL03219,222653.39,1153.67,582,800000.0,1064181.72,3,Purchase,Single Family,Married,5,Bachelor,30,0.139,1,0
HL03220,226410.29,1455.98,631,800000.0,951603.53,6,Purchase,Single Family,Married,4,High School,30,0.125,1,0
HL03221,166606.67,3861.34,643,254840.78,289591.8,19,Refinance,Single Family,Single,0,Bachelor,20,0.12,3,1
HL03222,69374.77,377.64,572,735108.53,855772.44,33,Refinance,Single Family,Single,5,High School,30,0.141,2,1
HL03223,47977.44,4137.91,647,669383.25,752962.04,35,Refinance,Condo,Married,5,Master,30,0.111,2,0
HL03224,30260.47,2138.35,491,227494.55,282601.93,6,Purchase,Single Family,Divorced,0,High School,30,0.195,3,0
HL03225,70580.75,2980.32,547,297471.37,382353.94,32,Purchase,Single Family,Married,0,High School,30,0.222,3,1
HL03226,269985.27,448.26,760,415245.22,535109.82,14,Refinance,Multi Family,Single,3,High School,30,0.224,3,1
HL03227,91422.63,1686.8,602,792716.23,861648.08,31,Refinance,Townhouse,Divorced,2,High School,30,0.08,0,1
HL03228,122424.61,448.5,655,613424.84,793563.83,21,Refinance,Multi Family,Single,2,Bachelor,30,0.227,1,1
HL03229,53970.01,4807.72,679,603018.96,673764.2,39,Purchase,Single Family,Single,4,Master,30,0.105,1,0
HL03230,86149.36,4036.31,558,800000.0,939461.86,28,Purchase,Single Family,Single,0,Bachelor,30,0.098,3,0
HL03231,167786.76,2298.16,628,751420.77,927679.96,24,Purchase,Townhouse,Single,0,High School,30,0.19,0,1
HL03232,192131.99,1118.01,632,695392.67,770091.55,4,Purchase,Single Family,Married,1,High School,20,0.097,0,1
HL03233,92471.89,4667.28,498,800000.0,960363.84,13,Refinance,Single Family,Married,4,High School,30,0.042,1,0
HL03234,40876.34,1722.98,554,400529.11,451046.3,34,Purchase,Single Family,Married,5,Bachelor,30,0.112,2,0
HL03235,132534.04,804.92,660,800000.0,1066405.72,1,Home Improvement,Single Family,Married,5,Bachelor,15,0.189,3,1
HL03236,89405.93,2815.82,621,688562.92,766773.85,24,Purchase,Single Family,Single,4,Bachelor,30,0.102,3,0
HL03237,85377.33,4718.87,623,800000.0,1000158.95,15,Purchase,Condo,Married,3,High School,15,0.169,0,0
HL03238,288962.27,19.15,675,568890.29,689563.99,15,Refinance,Single Family,Single,3,Bachelor,30,0.175,1,1
HL03239,194482.63,1190.62,614,259481.11,320743.03,10,Purchase,Single Family,Married,4,Bachelor,15,0.191,0,1
HL03240,178141.57,4692.24,702,529668.4,685211.39,34,Refinance,Single Family,Single,2,High School,15,0.227,2,1
HL03241,139338.15,855.43,594,430938.04,492500.62,22,Refinance,Single Family,Single,4,Master,15,0.125,1,1
HL03242,142959.69,566.22,636,800000.0,859686.42,4,Home Improvement,Multi Family,Single,2,High School,15,0.067,3,0
HL03243,173748.88,2850.94,645,549241.22,610268.02,34,Purchase,Multi Family,Divorced,3,Bachelor,20,0.1,1,1
HL03244,216518.2,4309.22,731,800000.0,1015626.91,28,Purchase,Single Family,Married,4,Master,30,0.125,1,1
HL03245,218090.18,2385.55,707,681157.07,837831.58,4,Purchase,Townhouse,Divorced,2,High School,30,0.187,3,1
HL03246,72215.82,4972.82,521,800000.0,845112.49,2,Refinance,Single Family,Married,1,High School,30,0.033,2,0
HL03247,162531.01,3395.86,571,287689.07,319299.75,5,Purchase,Single Family,Divorced,1,Bachelor,15,0.099,0,0
HL03248,138288.48,370.37,648,800000.0,1182280.99,22,Purchase,Condo,Single,4,High School,15,0.202,2,1
HL03249,264394.92,4964.16,678,800000.0,1021884.61,1,Purchase,Townhouse,Married,0,Bachelor,15,0.178,2,1
HL03250,198640.2,2039.47,626,778768.07,962630.5,17,Purchase,Single Family,Single,4,Master,30,0.191,2,1
HL03251,171438.62,1437.01,686,353175.27,446492.13,29,Refinance,Single Family,Single,3,Bachelor,30,0.209,1,1
HL03252,56733.53,2789.4,587,540713.32,677585.61,37,Purchase,Single Family,Married,3,Bachelor,30,0.202,2,1
HL03253,191550.42,1521.54,648,187977.69,229241.09,4,Purchase,Single Family,Married,1,Bachelor,20,0.18,1,1
HL03254,57231.07,432.29,617,594325.72,680785.47,10,Purchase,Single Family,Married,2,Master,30,0.127,1,0
HL03255,117731.81,7.14,590,180300.55,239125.4,0,Refinance,Single Family,Single,1,Bachelor,30,0.246,0,1
HL03256,64281.54,2247.92,660,589106.6,697167.57,9,Refinance,Condo,Married,2,PhD,30,0.155,0,0
HL03257,215320.25,4184.32,618,744451.21,804812.12,40,Purchase,Single Family,Single,4,Bachelor,15,0.075,2,1
HL03258,81719.33,2861.58,623,465657.24,513970.46,25,Purchase,Single Family,Single,0,High School,15,0.094,1,0
HL03259,132761.33,4996.04,688,519500.06,635862.99,32,Purchase,Condo,Divorced,3,High School,30,0.183,3,1
HL03260,271310.56,1434.23,616,800000.0,1060110.06,26,Purchase,Single Family,Married,4,Master,15,0.233,1,1
HL03261,81187.01,1402.28,573,183531.33,197133.54,11,Purchase,Condo,Divorced,1,High School,30,0.069,0,0
HL03262,164646.39,798.75,689,800000.0,965699.5,1,Purchase,Multi Family,Single,5,Bachelor,20,0.048,3,1
HL03263,140299.71,820.32,678,207268.72,267098.87,0,Home Improvement,Multi Family,Divorced,5,Bachelor,15,0.224,1,1
HL03264,29984.11,1425.93,556,89431.99,116296.48,0,Home Improvement,Single Family,Married,4,Master,15,0.231,2,0
HL03265,243008.48,3964.2,634,257948.23,283771.43,32,Purchase,Single Family,Married,0,Bachelor,15,0.091,1,1
HL03266,43987.62,4528.78,619,800000.0,935673.59,21,Purchase,Single Family,Single,2,Bachelor,30,0.113,3,0
HL03267,155420.13,4875.44,686,437882.63,530766.83,11,Purchase,Condo,Married,0,Master,15,0.175,2,1
HL03268,179186.53,1161.45,581,800000.0,1056585.58,38,Purchase,Multi Family,Married,1,Master,20,0.103,3,1
HL03269,197817.28,4406.49,588,516934.98,665295.98,35,Purchase,Single Family,Married,0,High School,30,0.223,0,1
HL03270,214373.7,1641.28,668,94629.94,100031.65,20,Refinance,Single Family,Married,3,Master,15,0.054,0,1
HL03271,94649.91,564.2,628,800000.0,881302.81,19,Purchase,Condo,Married,5,High School,20,0.038,1,1
HL03272,27744.16,4350.12,548,183887.11,199012.02,35,Refinance,Single Family,Married,0,Bachelor,15,0.076,1,0
HL03273,223947.01,3180.53,695,800000.0,963052.09,25,Refinance,Single Family,Divorced,4,High School,15,0.093,0,1
HL03274,172305.56,823.65,600,249589.02,264115.37,30,Home Improvement,Townhouse,Single,2,Bachelor,30,0.055,3,1
HL03275,254932.37,2149.16,571,443227.58,463627.18,0,Refinance,Single Family,Married,3,Master,15,0.044,3,0
HL03276,250881.8,1436.29,654,748870.01,931430.36,37,Refinance,Single Family,Single,3,Bachelor,30,0.196,2,1
HL03277,256914.7,3683.97,681,800000.0,1148510.28,13,Purchase,Single Family,Married,3,Bachelor,30,0.066,2,1
HL03278,158401.03,2267.08,615,379011.79,492863.19,25,Refinance,Condo,Divorced,1,High School,30,0.231,2,0
HL03279,116747.81,4946.4,550,800000.0,1008075.25,6,Purchase,Single Family,Single,1,Master,30,0.111,0,0
HL03280,242678.51,273.72,580,238085.15,289641.3,11,Refinance,Single Family,Single,4,High School,20,0.178,0,1
HL03281,149105.88,1775.08,598,800000.0,983077.24,23,Purchase,Single Family,Married,2,High School,30,0.08,0,1
HL03282,75446.6,2409.5,632,747062.31,814680.82,18,Purchase,Single Family,Married,0,Bachelor,30,0.083,1,0
HL03283,260117.86,2515.67,742,246309.96,291836.45,8,Purchase,Single Family,Married,4,Bachelor,30,0.156,3,1
HL03284,267703.97,1579.68,743,351773.47,415316.96,34,Purchase,Single Family,Single,1,Bachelor,30,0.153,0,1
HL03285,153235.18,3646.2,585,178817.04,223242.25,3,Purchase,Single Family,Single,4,High School,15,0.199,2,0
HL03286,45817.43,4373.74,515,406187.83,505837.89,31,Home Improvement,Condo,Single,2,High School,15,0.197,2,0
HL03287,131652.17,4693.6,640,249974.08,304104.72,5,Purchase,Condo,Married,4,PhD,20,0.178,0,0
HL03288,245972.86,4025.47,704,696362.5,799497.7,27,Refinance,Condo,Married,5,Master,30,0.129,0,1
HL03289,272987.86,4252.9,706,800000.0,1193818.24,27,Purchase,Condo,Married,5,Master,30,0.226,3,1
HL03290,80955.0,2752.73,489,73729.09,88510.31,39,Purchase,Single Family,Single,3,Bachelor,30,0.167,2,0
HL03291,43417.74,4129.44,528,514018.16,683534.79,28,Purchase,Townhouse,Single,0,High School,30,0.248,3,0
HL03292,266271.37,1517.52,681,569096.19,720374.92,4,Purchase,Townhouse,Single,1,Bachelor,30,0.21,0,1
HL03293,132086.36,1992.39,640,800000.0,1103484.89,4,Purchase,Single Family,Married,1,Bachelor,15,0.04,3,0
HL03294,173984.27,1584.57,675,579186.14,644256.0,36,Purchase,Single Family,Single,5,High School,30,0.101,1,1
HL03295,291218.1,2336.94,702,579544.5,686664.1,40,Purchase,Single Family,Divorced,2,High School,30,0.156,0,1
HL03296,43305.3,1427.9,588,491149.22,605609.4,27,Home Improvement,Single Family,Single,2,Bachelor,30,0.189,2,0
HL03297,203287.45,4808.06,655,320512.22,377517.34,40,Purchase,Single Family,Single,2,Bachelor,30,0.151,2,1
HL03298,45378.99,1564.22,606,110012.12,138032.77,8,Refinance,Single Family,Married,1,High School,30,0.203,3,1
HL03299,128253.96,490.22,629,485543.82,534739.89,28,Home Improvement,Condo,Single,3,High School,15,0.092,0,1
HL03300,246049.0,2634.09,676,124773.83,134165.41,13,Refinance,Condo,Married,0,Master,20,0.07,2,1
HL03301,144204.86,285.5,608,665143.26,694304.03,37,Home Improvement,Single Family,Divorced,2,High School,20,0.042,3,1
HL03302,299225.15,552.72,703,355075.32,420705.35,39,Purchase,Single Family,Single,1,Bachelor,30,0.156,3,1
HL03303,178741.3,1096.95,663,553072.91,675302.7,33,Refinance,Single Family,Married,3,Bachelor,20,0.181,0,1
HL03304,113319.59,2321.75,620,203023.5,226084.08,36,Purchase,Townhouse,Married,2,Master,15,0.102,2,1
HL03305,85530.61,2166.25,611,800000.0,1124208.71,13,Purchase,Single Family,Divorced,2,Bachelor,30,0.165,2,0
HL03306,121393.15,3998.46,677,800000.0,1081336.4,17,Refinance,Condo,Single,0,High School,30,0.041,2,0
HL03307,127446.65,3697.37,626,273731.27,288746.07,32,Home Improvement,Single Family,Single,5,High School,15,0.052,0,0
HL03308,43896.26,2131.59,539,376481.85,461374.82,33,Home Improvement,Single Family,Married,0,Bachelor,20,0.184,0,0
HL03309,126632.9,1668.52,657,680244.46,765179.37,27,Purchase,Multi Family,Married,4,High School,30,0.111,0,1
HL03310,152665.59,1582.34,558,150135.82,182646.98,35,Purchase,Single Family,Married,5,High School,30,0.178,1,1
HL03311,223752.88,3869.98,607,372950.49,473888.8,36,Refinance,Townhouse,Divorced,5,High School,30,0.213,3,1
HL03312,205600.61,260.36,669,279566.03,357501.32,22,Refinance,Single Family,Single,5,High School,30,0.218,1,1
HL03313,219910.56,64.11,685,800000.0,1104956.32,16,Purchase,Condo,Married,2,High School,15,0.068,1,1
HL03314,27300.01,3977.72,501,800000.0,1034074.47,10,Purchase,Single Family,Divorced,4,High School,30,0.137,2,0
HL03315,84858.53,2385.73,573,588395.27,727311.83,31,Refinance,Single Family,Divorced,1,High School,30,0.191,2,0
HL03316,206963.18,654.41,623,528311.7,660389.63,36,Refinance,Single Family,Married,0,Master,30,0.2,3,1
HL03317,158097.08,1177.83,604,800000.0,1122066.52,14,Purchase,Single Family,Married,5,PhD,30,0.203,3,1
HL03318,26461.21,4662.52,610,800000.0,1123981.26,3,Refinance,Single Family,Single,5,High School,15,0.08,0,0
HL03319,246236.03,4297.51,708,800000.0,1165496.39,38,Purchase,Condo,Divorced,3,High School,20,0.072,2,1
HL03320,237522.63,3548.93,667,181483.04,216051.24,29,Home Improvement,Townhouse,Single,2,PhD,30,0.16,1,1
HL03321,175815.27,2411.13,610,206291.42,255627.54,9,Purchase,Single Family,Single,2,Bachelor,15,0.193,3,0
HL03322,43277.41,2601.62,504,752695.91,836328.79,22,Purchase,Single Family,Married,4,Master,30,0.1,3,0
HL03323,235791.64,4876.22,738,647855.76,684113.79,23,Refinance,Townhouse,Married,0,High School,30,0.053,1,1
HL03324,185521.24,4828.85,672,77768.6,95774.14,35,Purchase,Single Family,Married,5,Bachelor,30,0.188,0,1
HL03325,240038.99,1076.35,634,130828.62,144721.92,4,Home Improvement,Condo,Married,5,Master,20,0.096,2,1
HL03326,231730.42,4055.52,701,800000.0,1074090.43,36,Refinance,Townhouse,Married,4,Bachelor,30,0.067,2,1
HL03327,245825.57,986.21,669,800000.0,1052479.64,18,Home Improvement,Multi Family,Single,2,Bachelor,15,0.062,1,1
HL03328,167452.22,1067.69,619,429713.74,476929.79,36,Purchase,Single Family,Single,0,Bachelor,15,0.099,0,1
HL03329,63589.24,3380.47,603,800000.0,1077431.94,7,Refinance,Condo,Married,2,Master,30,0.16,1,0
HL03330,209568.31,2025.01,617,661910.05,742884.46,6,Refinance,Single Family,Single,0,PhD,15,0.109,2,0
HL03331,195630.29,4657.72,630,800000.0,981643.85,39,Refinance,Single Family,Married,2,High School,30,0.035,1,1
HL03332,229119.63,445.05,670,527511.1,555859.96,12,Purchase,Single Family,Single,3,High School,30,0.051,1,1
HL03333,71717.28,2557.63,560,183531.25,202573.12,36,Purchase,Single Family,Divorced,5,High School,30,0.094,2,0
HL03334,78618.18,4592.61,622,464427.93,562942.95,26,Purchase,Single Family,Married,4,Master,30,0.175,2,0
HL03335,269862.62,4520.57,778,558810.23,589462.27,17,Purchase,Condo,Married,0,High School,30,0.052,2,1
HL03336,231243.89,782.65,627,588505.95,694812.22,23,Refinance,Single Family,Single,4,High School,30,0.153,1,1
HL03337,274762.83,1833.19,604,182928.84,193780.55,40,Purchase,Single Family,Single,0,Master,30,0.056,1,1
HL03338,233646.71,3095.61,566,800000.0,1190327.1,1,Refinance,Condo,Married,0,Bachelor,30,0.077,1,0
HL03339,189217.71,796.97,637,325877.45,349653.92,15,Purchase,Townhouse,Married,5,Master,30,0.068,0,1
HL03340,204886.5,4840.11,619,284944.73,298371.45,13,Purchase,Single Family,Single,0,Bachelor,30,0.045,3,0
HL03341,269510.18,4573.75,695,548811.0,667653.28,16,Purchase,Townhouse,Single,2,High School,30,0.178,0,1
HL03342,184171.86,834.75,648,589683.79,679359.2,5,Refinance,Townhouse,Divorced,1,High School,30,0.132,3,1
HL03343,198907.61,605.78,569,448431.29,569798.33,34,Purchase,Single Family,Single,2,Bachelor,30,0.213,2,1
HL03344,68031.1,427.04,493,800000.0,943378.66,16,Purchase,Condo,Single,1,High School,30,0.052,3,0
HL03345,155328.34,4547.22,642,615549.56,656236.2,37,Refinance,Single Family,Single,5,Bachelor,30,0.062,0,1
HL03346,222009.21,968.12,667,687099.37,760907.39,39,Purchase,Multi Family,Married,5,Bachelor,30,0.097,2,1
HL03347,99509.24,2081.42,578,713150.17,889214.68,5,Home Improvement,Single Family,Married,2,High School,30,0.198,3,1
HL03348,80619.9,2244.26,507,93147.38,103153.24,37,Home Improvement,Single Family,Single,1,Bachelor,30,0.097,3,0
HL03349,111302.37,2995.06,629,630937.74,716974.71,20,Purchase,Single Family,Single,5,Master,30,0.12,3,1
HL03350,91412.67,358.68,659,800000.0,1069718.78,34,Refinance,Single Family,Married,0,PhD,30,0.096,1,1
HL03351,84100.98,1133.79,605,90023.35,94562.34,22,Refinance,Single Family,Single,0,Bachelor,30,0.048,2,1
HL03352,141833.98,4657.45,578,405023.19,530829.87,11,Purchase,Condo,Single,1,High School,30,0.237,1,0
HL03353,274655.59,4542.05,689,800000.0,1117005.88,28,Purchase,Single Family,Single,1,Master,30,0.151,2,1
HL03354,164441.4,3906.45,563,376422.06,472298.7,26,Refinance,Single Family,Single,4,Bachelor,15,0.203,3,0
HL03355,76678.1,97.01,641,487632.69,591069.93,5,Home Improvement,Single Family,Married,0,PhD,30,0.175,3,1
HL03356,46167.21,1635.03,577,800000.0,1179234.07,20,Purchase,Townhouse,Married,2,Bachelor,30,0.143,0,0
HL03357,216442.94,3139.79,569,284277.37,299239.34,6,Purchase,Condo,Married,4,High School,30,0.05,3,0
HL03358,130269.66,1375.95,600,123033.62,148412.09,40,Refinance,Condo,Married,1,PhD,20,0.171,1,1
HL03359,251003.51,4547.93,698,800000.0,1041850.41,15,Purchase,Townhouse,Divorced,5,Bachelor,30,0.064,1,1
HL03360,206365.46,3169.45,636,800000.0,1052023.51,4,Refinance,Single Family,Divorced,2,High School,20,0.121,3,0
HL03361,243966.4,359.53,658,504264.85,606087.56,14,Refinance,Condo,Single,3,Bachelor,30,0.168,1,1
HL03362,99785.16,4545.03,538,521479.49,653483.07,20,Purchase,Single Family,Single,3,High School,30,0.202,3,0
HL03363,215398.7,4788.83,686,800000.0,1015282.17,3,Purchase,Condo,Married,5,Bachelor,30,0.181,0,1
HL03364,97617.05,388.56,566,744632.9,905879.44,4,Refinance,Single Family,Married,3,Bachelor,15,0.178,0,0
HL03365,283243.83,2661.8,583,349775.19,373292.63,6,Purchase,Townhouse,Divorced,5,High School,30,0.063,3,0
HL03366,200002.93,1516.82,631,84040.49,94005.02,34,Purchase,Single Family,Married,2,Master,20,0.106,0,1
HL03367,114240.75,1964.2,656,590690.84,614662.68,35,Refinance,Single Family,Married,5,Bachelor,15,0.039,3,1
HL03368,99115.76,898.26,580,800000.0,1041276.37,14,Home Improvement,Single Family,Single,1,High School,30,0.188,1,0
HL03369,77504.81,2890.36,675,800000.0,1082814.01,27,Refinance,Single Family,Married,2,High School,30,0.24,3,1
HL03370,216026.26,4789.9,679,800000.0,1150754.47,1,Purchase,Single Family,Divorced,4,Master,20,0.088,2,1
HL03371,85146.79,2515.36,609,800000.0,1064508.64,4,Refinance,Single Family,Divorced,4,High School,30,0.049,2,0
HL03372,188708.4,414.57,637,629329.88,727549.0,6,Purchase,Townhouse,Single,3,Master,15,0.135,3,1
HL03373,97774.63,3100.01,595,449791.78,575181.3,21,Refinance,Single Family,Married,1,High School,30,0.218,3,1
HL03374,207041.46,1701.11,640,800000.0,946706.08,30,Refinance,Single Family,Married,4,High School,15,0.151,3,1
HL03375,249108.43,4279.63,659,800000.0,907299.34,31,Home Improvement,Condo,Single,0,Bachelor,30,0.04,0,1
HL03376,238956.94,2173.39,696,514390.99,680411.36,7,Home Improvement,Single Family,Divorced,0,Bachelor,15,0.244,2,1
HL03377,234234.12,964.2,620,136515.71,173243.29,40,Purchase,Townhouse,Married,3,High School,30,0.212,3,1
HL03378,76623.66,955.53,534,800000.0,1116841.52,10,Home Improvement,Single Family,Single,3,Master,30,0.059,3,0
HL03379,49305.86,3843.82,518,450653.04,587552.85,0,Home Improvement,Single Family,Married,3,High School,30,0.233,1,0
HL03380,217210.93,1327.94,760,421346.69,483750.5,39,Refinance,Single Family,Single,4,Master,30,0.129,1,1
HL03381,126295.48,3836.17,639,695537.83,783263.32,18,Purchase,Single Family,Married,1,Bachelor,15,0.112,0,1
HL03382,143895.21,1029.44,637,723935.84,833067.71,37,Refinance,Condo,Single,5,High School,15,0.131,0,1
HL03383,33566.0,1608.43,513,245250.79,312023.91,36,Purchase,Single Family,Single,5,Bachelor,30,0.214,2,0
HL03384,96383.52,2327.43,629,800000.0,1016556.2,6,Refinance,Multi Family,Married,3,Master,30,0.175,2,0
HL03385,34261.01,4715.98,561,383928.52,401179.23,38,Purchase,Single Family,Married,2,Bachelor,30,0.043,3,0
HL03386,266776.09,4658.66,694,216329.74,285019.42,24,Refinance,Condo,Married,3,Bachelor,15,0.241,2,1
HL03387,91934.09,1034.36,547,498671.24,532199.83,21,Home Improvement,Multi Family,Married,5,High School,20,0.063,3,0
HL03388,178267.72,1791.1,647,722885.35,896880.09,26,Purchase,Single Family,Divorced,5,Bachelor,30,0.194,0,1
HL03389,35719.31,747.0,546,800000.0,1161140.45,40,Refinance,Condo,Divorced,5,Master,30,0.17,0,0
HL03390,208383.03,2549.93,615,800000.0,985441.42,37,Purchase,Single Family,Married,4,Bachelor,30,0.071,0,1
HL03391,113832.52,2302.91,643,800000.0,1132891.92,38,Refinance,Single Family,Single,1,Bachelor,15,0.068,1,1
HL03392,271927.78,4503.8,609,181648.41,233181.53,14,Refinance,Condo,Single,3,High School,30,0.221,2,1
HL03393,269232.5,4650.03,712,136154.88,155073.9,1,Purchase,Single Family,Married,0,Master,30,0.122,0,1
HL03394,114454.92,1917.84,641,580197.15,702417.86,7,Purchase,Single Family,Divorced,3,High School,30,0.174,0,0
HL03395,272764.25,2458.69,642,344961.23,401584.67,5,Refinance,Single Family,Married,3,Bachelor,30,0.141,0,1
HL03396,298943.36,4481.18,658,800000.0,1006561.84,19,Purchase,Townhouse,Married,1,High School,30,0.19,2,1
HL03397,251989.31,4033.54,664,718803.2,830986.36,26,Refinance,Townhouse,Married,2,Bachelor,15,0.135,2,1
HL03398,257339.62,18.28,692,800000.0,1167069.18,22,Refinance,Condo,Married,3,Bachelor,15,0.093,1,1
HL03399,93477.4,1600.3,589,321860.85,361641.4,39,Purchase,Single Family,Divorced,3,Bachelor,15,0.11,1,1
HL03400,183593.16,2108.87,663,485397.07,621507.13,16,Home Improvement,Townhouse,Married,5,Master,30,0.219,1,1
HL03401,43495.38,1148.58,659,553922.43,638895.54,12,Purchase,Townhouse,Married,4,High School,30,0.133,1,0
HL03402,51102.43,997.86,550,317580.2,344073.89,3,Purchase,Single Family,Married,1,High School,30,0.077,0,0
HL03403,299695.47,188.92,614,564485.27,738855.07,19,Purchase,Single Family,Single,4,PhD,20,0.236,3,1
HL03404,114825.79,3216.85,648,456088.9,573696.73,24,Purchase,Townhouse,Single,5,High School,30,0.205,1,1
HL03405,230750.58,1312.55,749,553304.16,577561.75,21,Refinance,Townhouse,Single,3,Bachelor,20,0.042,3,1
HL03406,246832.89,261.74,693,362309.05,483078.73,16,Refinance,Single Family,Single,3,PhD,20,0.25,0,1
HL03407,260956.4,1154.9,626,76835.19,94045.52,39,Refinance,Multi Family,Divorced,0,Master,15,0.183,0,1
HL03408,299347.78,4009.57,693,619303.93,662357.14,10,Refinance,Single Family,Single,4,Bachelor,20,0.065,2,1
HL03409,91411.53,4257.45,539,415077.21,452153.82,24,Purchase,Multi Family,Single,5,Bachelor,30,0.082,3,0
HL03410,36096.48,2415.33,600,62564.61,76484.85,4,Purchase,Single Family,Married,1,Bachelor,15,0.182,3,0
HL03411,138077.67,2080.35,551,336306.46,421436.67,20,Home Improvement,Single Family,Married,3,High School,20,0.202,0,1
HL03412,60772.18,4889.27,565,356214.95,388456.87,25,Home Improvement,Single Family,Divorced,0,High School,30,0.083,2,0
HL03413,31167.12,1002.82,515,472595.43,517629.17,15,Purchase,Townhouse,Single,0,Master,30,0.087,1,0
HL03414,124117.38,1076.8,618,201446.81,223333.49,39,Refinance,Single Family,Divorced,2,High School,15,0.098,1,1
HL03415,240528.02,1459.34,651,541468.92,646144.3,20,Purchase,Condo,Single,1,Bachelor,15,0.162,2,1
HL03416,180699.69,863.79,649,795923.71,853995.4,31,Purchase,Single Family,Divorced,0,Bachelor,15,0.068,2,1
HL03417,111013.95,1896.83,606,742408.96,783958.77,3,Refinance,Condo,Married,1,High School,30,0.053,1,0
HL03418,204944.05,4554.17,603,800000.0,979224.32,37,Purchase,Single Family,Married,3,High School,30,0.179,0,1
HL03419,88805.0,3076.74,625,466223.95,583509.32,7,Purchase,Single Family,Single,2,Bachelor,30,0.201,0,0
HL03420,28954.9,2059.73,562,566721.25,658978.2,8,Refinance,Single Family,Married,5,Bachelor,15,0.14,2,0
HL03421,235197.18,4672.05,618,800000.0,986702.18,16,Home Improvement,Single Family,Married,1,Bachelor,30,0.11,0,1
HL03422,196529.35,242.32,760,486643.34,556163.82,40,Home Improvement,Condo,Single,5,High School,30,0.125,0,1
HL03423,234633.22,1051.38,691,764904.85,864299.27,12,Purchase,Single Family,Single,2,High School,20,0.115,3,1
HL03424,35707.95,2829.44,560,428021.09,563927.66,8,Purchase,Single Family,Divorced,5,High School,30,0.241,1,0
HL03425,255207.9,3077.76,748,436507.53,544953.22,5,Purchase,Single Family,Married,1,High School,30,0.199,2,1
HL03426,195369.71,197.79,739,800000.0,930231.33,26,Refinance,Single Family,Divorced,5,High School,30,0.076,1,1
HL03427,179933.72,2015.19,632,240447.0,271691.53,36,Home Improvement,Single Family,Married,1,Bachelor,30,0.115,3,1
HL03428,196768.86,3245.77,665,387522.84,455909.22,38,Refinance,Single Family,Single,4,High School,30,0.15,0,1
HL03429,262719.14,3490.35,631,273206.83,327193.81,23,Refinance,Single Family,Single,2,High School,30,0.165,0,1
HL03430,186407.54,3190.7,635,415291.86,478998.69,8,Purchase,Single Family,Divorced,1,High School,30,0.133,3,1
HL03431,184761.35,1602.82,632,264663.97,334171.68,10,Purchase,Single Family,Married,4,Bachelor,30,0.208,1,1
HL03432,297436.77,467.6,707,582191.9,726831.33,34,Purchase,Single Family,Single,4,Bachelor,30,0.199,3,1
HL03433,233100.8,2135.56,683,800000.0,972942.15,28,Refinance,Single Family,Married,2,High School,30,0.141,0,1
HL03434,146630.8,643.77,651,750672.84,959939.69,7,Purchase,Condo,Single,3,Bachelor,15,0.218,0,1
HL03435,219534.18,4738.12,671,390476.19,485063.59,16,Purchase,Townhouse,Divorced,2,Bachelor,15,0.195,1,1
HL03436,132038.38,2375.85,555,800000.0,1187355.46,6,Purchase,Single Family,Single,1,High School,30,0.201,0,0
HL03437,87940.75,1586.3,547,564745.48,743086.16,11,Refinance,Single Family,Single,3,Master,30,0.24,1,0
HL03438,189134.27,3831.52,617,477660.38,524325.34,14,Refinance,Single Family,Single,2,High School,30,0.089,2,0
HL03439,280250.08,2489.74,676,800000.0,1014981.69,28,Refinance,Townhouse,Single,2,High School,30,0.089,0,1
HL03440,280513.37,1550.17,742,693587.79,896108.26,23,Refinance,Single Family,Married,2,Bachelor,30,0.226,0,1
HL03441,119023.95,4059.84,551,734347.8,917934.75,36,Refinance,Townhouse,Married,2,High School,30,0.2,1,0
HL03442,170111.3,4335.76,617,226473.09,295656.77,13,Purchase,Single Family,Married,3,High School,30,0.234,2,0
HL03443,83199.87,3365.04,639,575382.8,601864.85,10,Purchase,Condo,Married,1,Master,30,0.044,0,0
HL03444,298798.56,234.82,684,800000.0,1044556.65,34,Home Improvement,Single Family,Single,4,Bachelor,30,0.168,0,1
HL03445,294807.42,2831.61,720,602236.11,642042.76,16,Purchase,Single Family,Married,2,High School,30,0.062,2,1
HL03446,203614.96,3816.47,644,724896.65,843884.34,26,Purchase,Single Family,Divorced,4,Master,30,0.141,0,1
HL03447,246213.87,682.52,685,689294.22,736425.45,2,Purchase,Single Family,Single,4,High School,30,0.064,1,1
HL03448,221652.54,1143.35,649,800000.0,1022651.39,1,Purchase,Condo,Single,4,High School,30,0.058,2,1
HL03449,188118.51,4412.48,677,382091.62,395130.94,3,Purchase,Townhouse,Married,2,High School,15,0.033,2,1
HL03450,39670.7,100.61,492,600322.45,722409.69,17,Purchase,Single Family,Single,2,Bachelor,15,0.169,3,0
HL03451,150060.19,3763.64,606,190352.35,213639.0,19,Home Improvement,Single Family,Single,5,High School,30,0.109,0,0
HL03452,210566.23,2368.87,670,800000.0,851487.12,20,Refinance,Townhouse,Married,2,Bachelor,30,0.053,2,1
HL03453,211321.19,2233.86,682,800000.0,898463.82,13,Purchase,Single Family,Divorced,2,High School,15,0.101,2,1
HL03454,127608.72,35.48,688,114938.13,123191.99,7,Refinance,Single Family,Married,0,Bachelor,30,0.067,2,1
HL03455,283965.3,4096.99,672,637307.07,835264.83,1,Refinance,Single Family,Married,1,High School,30,0.237,3,1
HL03456,71023.18,1799.12,659,487373.78,541526.42,25,Refinance,Single Family,Single,0,High School,20,0.1,0,0
HL03457,162598.85,2703.83,598,192504.26,214608.99,18,Purchase,Townhouse,Married,5,Master,30,0.103,2,1
HL03458,214993.09,3386.5,723,429705.85,547395.99,27,Purchase,Single Family,Married,3,Bachelor,15,0.215,0,1
HL03459,216712.35,3513.15,699,242734.47,293512.05,28,Refinance,Single Family,Married,0,Bachelor,30,0.173,2,1
HL03460,203375.71,4779.9,606,441598.64,542504.47,4,Refinance,Single Family,Single,0,High School,30,0.186,1,0
HL03461,100704.26,2656.7,615,421126.57,507381.41,27,Purchase,Single Family,Married,0,Bachelor,30,0.17,2,0
HL03462,67956.81,1998.6,581,690136.23,905690.59,40,Purchase,Townhouse,Married,1,High School,30,0.238,2,1
HL03463,199883.59,4768.52,681,800000.0,945992.5,25,Refinance,Single Family,Married,4,Bachelor,30,0.076,3,1
HL03464,189808.08,3210.55,633,569946.24,757907.24,4,Purchase,Single Family,Single,3,Bachelor,30,0.248,2,1
HL03465,74322.9,1490.75,571,79111.36,100522.7,14,Purchase,Multi Family,Single,3,High School,30,0.213,1,1
HL03466,218913.27,632.32,727,800000.0,1122400.06,8,Purchase,Single Family,Single,1,High School,30,0.16,2,1
HL03467,150172.3,4212.77,620,697938.25,847012.44,31,Purchase,Single Family,Single,5,Bachelor,30,0.176,1,1
HL03468,208634.16,1810.91,695,93839.59,113469.88,25,Purchase,Single Family,Married,0,High School,20,0.173,1,1
HL03469,255275.95,3302.35,666,800000.0,996187.01,36,Purchase,Single Family,Married,4,Master,30,0.043,1,1
HL03470,71675.32,2354.08,669,276876.07,300299.42,14,Purchase,Single Family,Married,2,High School,15,0.078,3,0
HL03471,30264.84,994.65,531,550780.87,726623.84,40,Purchase,Single Family,Divorced,1,Bachelor,30,0.242,0,0
HL03472,239253.21,3008.43,638,511169.05,599963.67,3,Purchase,Single Family,Single,5,High School,15,0.148,0,0
HL03473,192666.79,303.42,722,485471.62,547318.63,35,Purchase,Condo,Married,4,High School,15,0.113,1,1
HL03474,217400.88,2066.71,636,800000.0,1075927.94,19,Purchase,Single Family,Single,5,High School,30,0.198,3,1
HL03475,255492.62,2733.07,757,484811.89,567031.45,26,Purchase,Condo,Single,1,High School,30,0.145,3,1
HL03476,245773.01,2180.23,717,154489.98,159762.13,20,Purchase,Single Family,Single,1,High School,30,0.033,0,1
HL03477,289253.04,3743.36,686,800000.0,1139968.57,21,Purchase,Townhouse,Divorced,2,Bachelor,30,0.192,1,1
HL03478,172382.15,4139.62,545,800000.0,1110602.14,6,Purchase,Townhouse,Married,5,High School,30,0.191,0,0
HL03479,159336.3,3856.22,628,789217.65,844986.78,30,Refinance,Single Family,Single,4,High School,20,0.066,0,1
HL03480,135518.98,194.06,622,457048.11,601379.09,16,Purchase,Townhouse,Married,5,High School,15,0.24,3,1
HL03481,67265.04,970.64,641,165289.02,179466.91,6,Refinance,Single Family,Single,5,High School,30,0.079,3,0
HL03482,182466.99,2683.04,720,800000.0,964591.63,18,Purchase,Condo,Single,0,Bachelor,20,0.131,2,1
HL03483,101178.44,4674.11,566,151117.45,159912.65,27,Home Improvement,Condo,Married,5,Bachelor,30,0.055,3,0
HL03484,278359.57,4174.78,729,127371.4,152176.11,9,Purchase,Single Family,Single,4,Master,30,0.163,3,1
HL03485,185377.47,4212.67,680,602766.9,679556.82,26,Refinance,Single Family,Divorced,4,High School,30,0.113,0,1
HL03486,188031.05,1516.04,697,227588.69,255144.27,12,Purchase,Single Family,Married,0,High School,20,0.108,3,1
HL03487,122604.28,2147.24,636,65952.88,83696.55,1,Home Improvement,Single Family,Single,2,High School,30,0.212,3,1
HL03488,39297.07,2353.53,472,533370.53,551002.61,21,Purchase,Single Family,Single,4,High School,15,0.032,0,0
HL03489,33729.54,786.86,559,182119.3,229369.39,19,Refinance,Single Family,Married,5,Master,30,0.206,3,0
HL03490,141417.16,155.34,562,215709.38,255579.84,4,Purchase,Single Family,Single,5,Bachelor,30,0.156,3,1
HL03491,48255.48,4734.51,563,121627.93,161524.47,5,Refinance,Single Family,Married,0,Bachelor,20,0.247,2,0
HL03492,191882.91,1203.56,694,256813.59,305730.47,34,Refinance,Single Family,Married,1,High School,30,0.16,1,1
HL03493,267267.58,1199.74,698,800000.0,879919.7,0,Home Improvement,Single Family,Married,1,Master,30,0.042,2,1
HL03494,267801.57,416.9,741,800000.0,985043.22,34,Refinance,Single Family,Married,0,Bachelor,15,0.041,3,1
HL03495,206237.49,4642.54,670,453261.87,584100.35,2,Purchase,Condo,Divorced,1,Bachelor,30,0.224,0,1
HL03496,83088.75,2898.69,526,506225.34,644873.04,35,Purchase,Townhouse,Single,4,Master,30,0.215,0,0
HL03497,262324.13,3335.18,555,99892.8,111736.91,6,Purchase,Single Family,Single,0,Master,30,0.106,1,0
HL03498,268675.69,4557.88,691,127585.98,152980.79,28,Purchase,Condo,Married,5,High School,15,0.166,0,1
HL03499,79079.74,1728.1,578,314426.3,364763.69,14,Purchase,Townhouse,Single,4,High School,30,0.138,3,0
HL03500,227792.17,3107.54,615,519972.49,686885.72,10,Purchase,Multi Family,Married,3,High School,30,0.243,2,1
