applicant_id,gender,age,age_group,race,income,coapplicant_income,credit_score,loan_amount,loan_term,employment_years,home_ownership,education,self_employed,dependents,property_area,dti,loan_status
L00001,Male,33,Middle-aged,Caucasian,45400.0,0.0,623,157900.0,360,3.9,Rent,Graduate,No,3+,Semiurban,0.25,1
L00002,Female,18,Young,Caucasian,46800.0,0.0,634,178800.0,120,3.4,Rent,Undergraduate,No,0,Rural,0.509,0
L00003,Female,36,Middle-aged,Hispanic,41900.0,0.0,667,156800.0,360,3.6,Rent,Undergraduate,No,1,Urban,0.269,0
L00004,Female,51,Middle-aged,Caucasian,44300.0,0.0,660,156400.0,360,5.6,Mortgage,Graduate,No,0,Semiurban,0.254,1
L00005,Male,47,Middle-aged,Caucasian,59700.0,16100.0,671,357500.0,120,7.4,Mortgage,Graduate,No,1,Rural,0.628,0
L00006,Male,46,Middle-aged,Caucasian,31200.0,0.0,556,120800.0,360,8.5,Rent,Graduate,No,0,Rural,0.279,1
L00007,Male,37,Middle-aged,Asian,53000.0,0.0,587,271200.0,360,11.4,Mortgage,Graduate,No,1,Rural,0.368,0
L00008,Female,25,Young,Caucasian,43600.0,0.0,645,169100.0,180,31.7,Mortgage,Graduate,No,0,Rural,0.393,1
L00009,Female,47,Middle-aged,Asian,45700.0,0.0,715,158100.0,360,11.8,Rent,Graduate,No,0,Semiurban,0.249,1
L00010,Female,30,Middle-aged,Caucasian,42900.0,14600.0,485,165700.0,360,3.1,Rent,Undergraduate,No,0,Urban,0.207,0
L00011,Male,67,Senior,Hispanic,26500.0,18100.0,610,178100.0,360,14.2,Own,Graduate,No,0,Urban,0.287,1
L00012,Female,47,Middle-aged,African American,20000.0,0.0,610,61400.0,360,8.2,Mortgage,Graduate,No,2,Urban,0.221,0
L00013,Female,34,Middle-aged,Caucasian,20000.0,26500.0,537,176500.0,360,5.4,Mortgage,Graduate,No,2,Urban,0.273,0
L00014,Male,33,Middle-aged,Caucasian,68000.0,31000.0,577,333100.0,180,16.0,Rent,Graduate,Yes,0,Rural,0.341,1
L00015,Male,39,Middle-aged,Caucasian,68300.0,0.0,664,242900.0,360,9.2,Rent,Undergraduate,No,0,Semiurban,0.256,1
L00016,Male,38,Middle-aged,Caucasian,68700.0,0.0,729,301500.0,360,8.7,Mortgage,Graduate,No,3+,Urban,0.316,1
L00017,Male,54,Middle-aged,Hispanic,49900.0,38000.0,522,231500.0,180,5.5,Own,Graduate,No,1,Rural,0.267,1
L00018,Male,43,Middle-aged,Caucasian,20900.0,0.0,593,66100.0,120,13.8,Rent,Graduate,No,0,Semiurban,0.421,1
L00019,Male,32,Middle-aged,Caucasian,32500.0,0.0,624,158000.0,360,10.0,Rent,Graduate,Yes,2,Urban,0.35,0
L00020,Male,63,Senior,Caucasian,52500.0,0.0,706,207700.0,360,8.5,Rent,Graduate,Yes,1,Urban,0.285,1
L00021,Female,41,Middle-aged,Caucasian,44000.0,28600.0,638,246900.0,180,5.2,Mortgage,Graduate,No,0,Semiurban,0.344,1
L00022,Male,50,Middle-aged,Hispanic,40400.0,8300.0,736,152300.0,360,5.1,Rent,Undergraduate,No,0,Rural,0.225,1
L00023,Male,33,Middle-aged,Caucasian,56800.0,13000.0,619,200000.0,360,2.5,Mortgage,Graduate,No,3+,Urban,0.206,1
L00024,Male,45,Middle-aged,Hispanic,44300.0,20400.0,704,211200.0,360,9.6,Mortgage,Graduate,Yes,0,Semiurban,0.235,1
L00025,Male,44,Middle-aged,Hispanic,46300.0,23700.0,587,243900.0,360,4.9,Own,Graduate,No,1,Urban,0.251,1
L00026,Female,18,Young,Caucasian,32300.0,33900.0,579,237900.0,360,12.9,Rent,Undergraduate,No,0,Urban,0.259,1
L00027,Male,65,Senior,Caucasian,72600.0,22500.0,605,349200.0,360,16.3,Mortgage,Graduate,No,1,Urban,0.264,1
L00028,Male,56,Senior,Hispanic,37100.0,22600.0,690,234000.0,360,7.8,Mortgage,Graduate,No,0,Urban,0.282,1
L00029,Female,36,Middle-aged,Caucasian,24500.0,0.0,589,79900.0,360,5.1,Own,Undergraduate,No,0,Semiurban,0.235,1
L00030,Male,27,Young,Caucasian,36000.0,24800.0,613,154800.0,360,3.3,Mortgage,Graduate,No,2,Semiurban,0.183,1
L00031,Female,45,Middle-aged,Caucasian,36200.0,19400.0,600,156300.0,120,4.5,Own,Graduate,No,2,Urban,0.375,0
L00032,Male,42,Middle-aged,Caucasian,73000.0,23000.0,679,403900.0,360,3.8,Mortgage,Graduate,No,1,Urban,0.303,1
L00033,Male,45,Middle-aged,Asian,48200.0,38700.0,652,324100.0,360,7.1,Rent,Graduate,No,0,Rural,0.268,1
L00034,Female,43,Middle-aged,Caucasian,38700.0,21100.0,558,165700.0,360,18.1,Mortgage,Graduate,No,0,Urban,0.199,0
L00035,Female,47,Middle-aged,Caucasian,25300.0,21700.0,557,113200.0,180,16.8,Mortgage,Graduate,No,0,Rural,0.244,0
L00036,Female,58,Senior,Hispanic,50300.0,0.0,648,228500.0,360,14.3,Mortgage,Graduate,No,1,Semiurban,0.327,1
L00037,Male,47,Middle-aged,Asian,37800.0,0.0,663,186100.0,360,9.3,Rent,Undergraduate,No,2,Semiurban,0.354,0
L00038,Male,28,Young,Caucasian,47100.0,0.0,714,221200.0,120,11.2,Mortgage,Graduate,No,1,Urban,0.626,1
L00039,Female,57,Senior,Asian,75300.0,0.0,686,260300.0,360,9.5,Mortgage,Graduate,No,2,Urban,0.249,1
L00040,Male,60,Senior,Caucasian,60100.0,0.0,721,259200.0,360,7.3,Rent,Graduate,Yes,0,Semiurban,0.31,1
L00041,Male,75,Senior,Asian,25600.0,0.0,559,120400.0,360,14.3,Rent,Undergraduate,No,0,Semiurban,0.338,0
L00042,Male,27,Young,Caucasian,24200.0,0.0,703,86500.0,360,14.0,Rent,Undergraduate,No,0,Semiurban,0.257,1
L00043,Male,43,Middle-aged,Caucasian,47800.0,21700.0,662,248600.0,360,3.8,Own,Graduate,Yes,0,Rural,0.257,1
L00044,Female,18,Young,African American,20000.0,0.0,563,74200.0,360,1.4,Mortgage,Undergraduate,No,0,Semiurban,0.267,0
L00045,Male,47,Middle-aged,Caucasian,63500.0,42100.0,634,301500.0,180,5.9,Rent,Graduate,No,1,Rural,0.289,1
L00046,Female,34,Middle-aged,Hispanic,37400.0,12700.0,537,228900.0,360,2.9,Rent,Undergraduate,No,0,Semiurban,0.329,0
L00047,Male,64,Senior,Caucasian,52400.0,0.0,611,264800.0,360,8.2,Rent,Graduate,No,0,Urban,0.364,0
L00048,Male,31,Middle-aged,Hispanic,33300.0,0.0,710,133300.0,360,4.4,Mortgage,Graduate,No,0,Semiurban,0.288,1
L00049,Male,20,Young,Hispanic,88500.0,53500.0,564,387100.0,360,14.4,Rent,Graduate,Yes,0,Rural,0.196,1
L00050,Male,35,Middle-aged,Caucasian,152800.0,12200.0,637,738800.0,360,12.4,Rent,Graduate,No,1,Urban,0.322,1
L00051,Female,18,Young,Asian,37300.0,0.0,537,133400.0,120,14.6,Own,Graduate,No,1,Semiurban,0.476,0
L00052,Female,50,Middle-aged,Caucasian,48000.0,0.0,564,162200.0,360,5.4,Rent,Graduate,No,1,Urban,0.243,1
L00053,Female,18,Young,Hispanic,38200.0,0.0,581,147400.0,360,0.1,Rent,Graduate,No,0,Rural,0.278,0
L00054,Female,41,Middle-aged,Caucasian,37600.0,0.0,679,157600.0,360,4.0,Own,Graduate,No,0,Semiurban,0.302,1
L00055,Female,18,Young,African American,22800.0,0.0,531,73400.0,360,12.3,Mortgage,Graduate,No,2,Urban,0.232,0
L00056,Female,37,Middle-aged,Caucasian,27000.0,0.0,517,115700.0,360,3.7,Mortgage,Undergraduate,No,3+,Rural,0.308,0
L00057,Male,60,Senior,Caucasian,31100.0,15900.0,655,120100.0,360,10.6,Rent,Undergraduate,No,0,Urban,0.184,0
L00058,Male,45,Middle-aged,Caucasian,57600.0,32000.0,633,373800.0,360,5.3,Rent,Graduate,No,0,Semiurban,0.3,1
L00059,Male,30,Middle-aged,Caucasian,39800.0,36900.0,660,301700.0,360,1.9,Rent,Graduate,No,0,Semiurban,0.283,1
L00060,Male,40,Middle-aged,Asian,20000.0,10900.0,571,120000.0,360,3.7,Rent,Graduate,No,1,Rural,0.279,0
L00061,Male,41,Middle-aged,African American,46900.0,12800.0,606,217600.0,360,9.6,Mortgage,Undergraduate,No,1,Semiurban,0.262,1
L00062,Male,46,Middle-aged,African American,38600.0,25300.0,613,186200.0,360,5.2,Rent,Graduate,No,3+,Rural,0.21,1
L00063,Female,24,Young,Caucasian,71400.0,0.0,621,333700.0,180,2.2,Mortgage,Graduate,No,1,Urban,0.473,0
L00064,Male,48,Middle-aged,Caucasian,56900.0,0.0,616,290000.0,360,6.9,Rent,Graduate,No,0,Urban,0.367,0
L00065,Male,18,Young,Caucasian,27100.0,71100.0,538,218300.0,360,5.4,Mortgage,Graduate,No,1,Urban,0.16,1
L00066,Male,33,Middle-aged,Asian,20100.0,41100.0,477,170100.0,360,5.4,Own,Graduate,No,3+,Semiurban,0.2,1
L00067,Male,35,Middle-aged,Hispanic,33100.0,0.0,568,122800.0,360,17.0,Mortgage,Undergraduate,No,1,Urban,0.267,0
L00068,Female,48,Middle-aged,Caucasian,32400.0,0.0,663,123200.0,180,7.3,Mortgage,Graduate,Yes,0,Urban,0.385,0
L00069,Male,41,Middle-aged,Caucasian,71500.0,19500.0,692,320500.0,120,4.6,Rent,Undergraduate,No,0,Rural,0.469,1
L00070,Female,24,Young,Caucasian,41500.0,0.0,563,213400.0,360,4.7,Mortgage,Graduate,No,0,Urban,0.37,0
L00071,Female,29,Young,African American,50100.0,0.0,684,179500.0,360,4.6,Mortgage,Graduate,No,2,Semiurban,0.258,1
L00072,Male,43,Middle-aged,African American,23100.0,6600.0,604,109400.0,360,11.5,Rent,Graduate,No,1,Semiurban,0.265,1
L00073,Male,40,Middle-aged,Asian,72100.0,0.0,560,370700.0,360,17.0,Mortgage,Undergraduate,Yes,2,Urban,0.37,0
L00074,Female,34,Middle-aged,Caucasian,55600.0,22900.0,519,276100.0,360,11.4,Rent,Graduate,Yes,0,Semiurban,0.253,1
L00075,Female,35,Middle-aged,Asian,20000.0,26400.0,664,168500.0,360,5.0,Rent,Graduate,No,3+,Semiurban,0.261,0
L00076,Female,49,Middle-aged,African American,54100.0,0.0,617,169500.0,180,5.9,Mortgage,Undergraduate,No,0,Semiurban,0.317,0
L00077,Female,34,Middle-aged,Caucasian,43300.0,0.0,535,222700.0,360,14.7,Own,Graduate,No,0,Rural,0.37,0
L00078,Male,39,Middle-aged,Caucasian,57300.0,0.0,491,196100.0,360,5.6,Rent,Undergraduate,No,0,Semiurban,0.246,1
L00079,Male,67,Senior,Caucasian,34700.0,0.0,627,180600.0,360,14.7,Rent,Undergraduate,No,0,Rural,0.374,0
L00080,Male,23,Young,Caucasian,81600.0,18200.0,647,310000.0,180,23.5,Mortgage,Graduate,No,3+,Semiurban,0.315,1
L00081,Female,18,Young,Hispanic,22900.0,0.0,526,91600.0,120,4.3,Mortgage,Graduate,No,0,Semiurban,0.533,0
L00082,Female,50,Middle-aged,Caucasian,58100.0,0.0,581,214600.0,360,8.1,Rent,Graduate,No,0,Urban,0.266,1
L00083,Male,32,Middle-aged,Asian,68100.0,0.0,592,270700.0,360,8.1,Mortgage,Graduate,No,3+,Semiurban,0.286,1
L00084,Male,37,Middle-aged,Caucasian,33200.0,0.0,679,118300.0,360,3.9,Mortgage,Graduate,No,1,Semiurban,0.256,1
L00085,Male,31,Middle-aged,Caucasian,108400.0,0.0,572,560600.0,360,5.3,Rent,Graduate,No,0,Rural,0.372,1
L00086,Male,37,Middle-aged,Caucasian,53800.0,14400.0,583,226700.0,360,4.7,Rent,Graduate,No,0,Semiurban,0.239,1
L00087,Female,60,Senior,Caucasian,54100.0,0.0,728,241800.0,360,7.2,Mortgage,Graduate,No,2,Semiurban,0.322,1
L00088,Female,50,Middle-aged,Caucasian,22600.0,0.0,645,74800.0,360,9.5,Own,Graduate,No,0,Semiurban,0.238,1
L00089,Female,51,Middle-aged,Caucasian,97200.0,0.0,688,471900.0,360,9.2,Mortgage,Graduate,No,0,Rural,0.349,1
L00090,Male,24,Young,Caucasian,30000.0,23900.0,544,180400.0,360,8.1,Mortgage,Undergraduate,No,0,Semiurban,0.241,0
L00091,Male,27,Young,Caucasian,73900.0,0.0,624,384600.0,360,11.7,Own,Graduate,Yes,0,Urban,0.374,1
L00092,Female,18,Young,Caucasian,28000.0,13800.0,540,139800.0,360,1.2,Rent,Undergraduate,No,1,Rural,0.241,0
L00093,Female,31,Middle-aged,Caucasian,32500.0,0.0,543,111800.0,120,9.5,Rent,Graduate,No,2,Rural,0.458,0
L00094,Female,52,Middle-aged,Caucasian,57100.0,56200.0,581,329000.0,360,7.4,Mortgage,Undergraduate,Yes,2,Semiurban,0.209,1
L00095,Female,47,Middle-aged,Hispanic,55500.0,0.0,684,258500.0,360,9.3,Rent,Graduate,No,2,Rural,0.335,1
L00096,Male,38,Middle-aged,Caucasian,29500.0,47000.0,599,244600.0,360,12.5,Own,Graduate,No,1,Semiurban,0.23,1
L00097,Male,40,Middle-aged,Asian,75800.0,30600.0,662,437700.0,360,4.8,Mortgage,Graduate,No,2,Urban,0.296,1
L00098,Male,32,Middle-aged,Caucasian,74500.0,23000.0,639,274600.0,360,6.7,Own,Undergraduate,No,1,Semiurban,0.203,1
L00099,Male,43,Middle-aged,African American,26900.0,0.0,635,115800.0,360,7.0,Own,Graduate,No,2,Rural,0.31,1
L00100,Male,50,Middle-aged,Caucasian,92900.0,15800.0,657,516500.0,360,12.6,Mortgage,Graduate,No,1,Semiurban,0.342,1
L00101,Male,21,Young,Hispanic,24600.0,21800.0,545,117500.0,180,6.4,Rent,Graduate,Yes,0,Urban,0.256,0
L00102,Female,44,Middle-aged,Caucasian,32500.0,0.0,566,104400.0,180,11.2,Mortgage,Graduate,No,1,Urban,0.325,1
L00103,Male,52,Middle-aged,Asian,59400.0,0.0,563,274000.0,360,6.8,Mortgage,Graduate,No,0,Semiurban,0.332,1
L00104,Male,36,Middle-aged,Caucasian,34800.0,50000.0,537,228000.0,180,8.8,Mortgage,Graduate,No,2,Rural,0.272,1
L00105,Female,49,Middle-aged,Caucasian,46300.0,0.0,611,207500.0,360,9.3,Rent,Graduate,Yes,3+,Urban,0.322,0
L00106,Male,74,Senior,African American,43200.0,34000.0,572,259300.0,180,11.5,Mortgage,Graduate,No,0,Semiurban,0.34,0
L00107,Male,39,Middle-aged,Caucasian,45500.0,0.0,534,237400.0,360,5.5,Own,Graduate,No,1,Rural,0.375,1
L00108,Female,45,Middle-aged,Caucasian,58100.0,0.0,699,290500.0,360,6.1,Mortgage,Graduate,No,0,Semiurban,0.36,1
L00109,Male,32,Middle-aged,Caucasian,44700.0,24400.0,620,261200.0,360,2.1,Own,Graduate,No,2,Urban,0.272,1
L00110,Male,43,Middle-aged,African American,43000.0,0.0,594,154300.0,360,4.7,Mortgage,Graduate,No,1,Rural,0.258,1
L00111,Male,46,Middle-aged,Hispanic,69800.0,35000.0,784,317500.0,360,4.5,Own,Graduate,No,1,Semiurban,0.218,1
L00112,Male,43,Middle-aged,Caucasian,67300.0,28900.0,542,412300.0,120,13.2,Rent,Graduate,No,0,Semiurban,0.571,0
L00113,Female,28,Young,Asian,57100.0,26900.0,669,308400.0,360,11.3,Rent,Graduate,Yes,2,Urban,0.264,1
L00114,Female,43,Middle-aged,Caucasian,26300.0,36000.0,601,217300.0,360,13.1,Mortgage,Undergraduate,No,0,Semiurban,0.251,0
L00115,Female,58,Senior,Caucasian,51400.0,28500.0,698,267200.0,360,14.5,Mortgage,Undergraduate,No,1,Rural,0.241,1
L00116,Female,46,Middle-aged,Hispanic,25900.0,0.0,619,83700.0,180,5.5,Mortgage,Graduate,No,1,Semiurban,0.327,0
L00117,Female,52,Middle-aged,Hispanic,22000.0,33800.0,506,150000.0,360,8.5,Rent,Undergraduate,No,1,Semiurban,0.193,0
L00118,Male,38,Middle-aged,Asian,47600.0,0.0,623,160100.0,360,14.9,Own,Graduate,Yes,0,Semiurban,0.242,1
L00119,Female,49,Middle-aged,Caucasian,29000.0,0.0,639,138000.0,360,11.8,Rent,Graduate,No,1,Semiurban,0.342,0
L00120,Male,44,Middle-aged,Caucasian,67300.0,0.0,511,308000.0,360,3.9,Mortgage,Undergraduate,No,2,Semiurban,0.329,1
L00121,Female,29,Young,Caucasian,57700.0,23900.0,729,225400.0,360,4.7,Mortgage,Graduate,No,0,Urban,0.199,1
L00122,Female,44,Middle-aged,Caucasian,20000.0,0.0,623,88000.0,360,4.0,Mortgage,Graduate,No,0,Urban,0.317,1
L00123,Male,29,Young,Caucasian,35200.0,0.0,634,174800.0,180,3.3,Mortgage,Graduate,No,0,Rural,0.503,0
L00124,Male,33,Middle-aged,Asian,27300.0,19400.0,524,172000.0,360,5.1,Mortgage,Graduate,No,3+,Urban,0.265,1
L00125,Male,43,Middle-aged,Hispanic,36700.0,0.0,658,152300.0,360,14.9,Own,Graduate,No,2,Urban,0.299,1
L00126,Male,44,Middle-aged,Caucasian,58800.0,16700.0,701,250600.0,180,9.2,Mortgage,Graduate,No,1,Urban,0.336,1
L00127,Female,26,Young,Caucasian,37800.0,15800.0,607,230900.0,180,3.5,Rent,Graduate,No,3+,Semiurban,0.436,0
L00128,Female,53,Middle-aged,Hispanic,29000.0,0.0,625,114600.0,360,8.6,Rent,Graduate,No,0,Urban,0.284,1
L00129,Male,47,Middle-aged,Caucasian,82500.0,0.0,605,406300.0,360,12.9,Mortgage,Graduate,No,1,Semiurban,0.354,1
L00130,Male,32,Middle-aged,African American,20000.0,9900.0,574,120400.0,360,3.9,Own,Graduate,No,1,Rural,0.29,1
L00131,Male,22,Young,Caucasian,80400.0,0.0,589,388900.0,360,5.4,Own,Graduate,Yes,3+,Rural,0.348,1
L00132,Male,39,Middle-aged,Caucasian,39400.0,0.0,647,205900.0,360,4.7,Rent,Undergraduate,No,0,Urban,0.376,1
L00133,Male,35,Middle-aged,Hispanic,42800.0,0.0,558,200500.0,360,5.8,Mortgage,Graduate,No,0,Urban,0.337,0
L00134,Male,42,Middle-aged,Caucasian,39700.0,0.0,651,122100.0,360,3.7,Rent,Graduate,No,0,Urban,0.221,1
L00135,Female,36,Middle-aged,Caucasian,77200.0,0.0,588,267300.0,360,12.3,Rent,Graduate,Yes,0,Urban,0.249,1
L00136,Male,18,Young,Caucasian,30000.0,0.0,558,92400.0,360,0.2,Mortgage,Graduate,No,0,Urban,0.222,0
L00137,Male,36,Middle-aged,Hispanic,44300.0,14000.0,649,177400.0,120,4.0,Rent,Graduate,No,0,Rural,0.405,1
L00138,Female,37,Middle-aged,Hispanic,45400.0,0.0,572,142500.0,180,4.9,Mortgage,Graduate,No,0,Semiurban,0.318,0
L00139,Male,48,Middle-aged,Caucasian,25700.0,13800.0,654,136500.0,360,9.4,Mortgage,Graduate,No,3+,Semiurban,0.249,1
L00140,Female,32,Middle-aged,Caucasian,28800.0,0.0,627,88200.0,180,8.5,Rent,Graduate,Yes,3+,Semiurban,0.31,1
L00141,Female,61,Senior,African American,30000.0,0.0,622,121900.0,360,6.9,Mortgage,Graduate,Yes,0,Semiurban,0.292,1
L00142,Male,18,Young,Caucasian,34400.0,17100.0,647,218600.0,360,0.2,Rent,Graduate,No,2,Rural,0.305,1
L00143,Male,56,Senior,African American,28300.0,48100.0,634,252700.0,360,13.7,Rent,Graduate,No,2,Rural,0.238,1
L00144,Male,38,Middle-aged,Caucasian,42600.0,20400.0,680,274000.0,360,9.2,Rent,Undergraduate,No,0,Urban,0.313,1
L00145,Male,51,Middle-aged,Caucasian,63600.0,24900.0,757,269800.0,360,13.9,Rent,Undergraduate,Yes,0,Semiurban,0.219,1
L00146,Male,41,Middle-aged,African American,34200.0,25300.0,597,200100.0,360,9.1,Own,Graduate,No,0,Semiurban,0.242,1
L00147,Female,54,Middle-aged,Caucasian,64100.0,0.0,693,238200.0,360,12.4,Mortgage,Undergraduate,No,0,Semiurban,0.267,1
L00148,Male,36,Middle-aged,Hispanic,29600.0,48700.0,562,228500.0,360,5.1,Rent,Undergraduate,No,2,Rural,0.21,1
L00149,Male,27,Young,Caucasian,29700.0,16500.0,525,163800.0,360,5.8,Mortgage,Graduate,No,0,Urban,0.255,0
L00150,Male,58,Senior,Caucasian,105900.0,19700.0,682,358700.0,360,14.2,Mortgage,Graduate,No,1,Rural,0.205,1
L00151,Female,39,Middle-aged,Hispanic,28300.0,20900.0,522,139000.0,360,4.1,Mortgage,Graduate,No,0,Urban,0.203,0
L00152,Male,43,Middle-aged,Caucasian,29000.0,38900.0,554,228100.0,360,6.5,Own,Graduate,Yes,0,Semiurban,0.242,1
L00153,Male,55,Middle-aged,African American,20000.0,0.0,656,94800.0,360,12.3,Mortgage,Graduate,No,0,Rural,0.341,1
L00154,Male,28,Young,Caucasian,75400.0,43100.0,594,421200.0,360,5.3,Mortgage,Undergraduate,No,0,Rural,0.256,1
L00155,Female,48,Middle-aged,African American,27800.0,27900.0,659,154000.0,360,10.2,Mortgage,Graduate,No,2,Semiurban,0.199,1
L00156,Male,33,Middle-aged,African American,35400.0,40800.0,618,223600.0,360,4.0,Rent,Graduate,Yes,2,Semiurban,0.211,1
L00157,Female,39,Middle-aged,Caucasian,39100.0,24100.0,723,167100.0,180,3.3,Mortgage,Undergraduate,No,0,Rural,0.268,1
L00158,Female,41,Middle-aged,Asian,62500.0,0.0,665,321500.0,360,3.6,Rent,Undergraduate,No,0,Semiurban,0.37,1
L00159,Male,22,Young,African American,36500.0,20200.0,652,234200.0,360,14.9,Mortgage,Undergraduate,Yes,2,Urban,0.297,1
L00160,Female,31,Middle-aged,Caucasian,106400.0,39700.0,678,401600.0,360,16.4,Rent,Undergraduate,No,0,Rural,0.198,1
L00161,Male,57,Senior,Caucasian,51700.0,28100.0,668,225000.0,360,7.0,Rent,Graduate,No,1,Semiurban,0.203,1
L00162,Female,51,Middle-aged,Caucasian,63700.0,0.0,720,274400.0,360,5.7,Own,Graduate,Yes,1,Semiurban,0.31,1
L00163,Female,40,Middle-aged,Caucasian,57500.0,15200.0,669,231100.0,360,3.4,Mortgage,Graduate,Yes,1,Rural,0.229,1
L00164,Male,43,Middle-aged,Caucasian,48300.0,0.0,638,246400.0,360,5.1,Rent,Graduate,Yes,0,Urban,0.367,0
L00165,Male,37,Middle-aged,Caucasian,38800.0,36300.0,621,273400.0,360,4.9,Rent,Graduate,No,3+,Semiurban,0.262,1
L00166,Female,57,Senior,Caucasian,47600.0,0.0,678,172100.0,120,7.2,Rent,Graduate,No,0,Semiurban,0.482,0
L00167,Male,38,Middle-aged,Asian,60100.0,19800.0,587,213000.0,360,11.0,Mortgage,Graduate,No,0,Rural,0.192,1
L00168,Male,43,Middle-aged,Caucasian,39000.0,0.0,575,187200.0,360,10.7,Rent,Graduate,No,0,Semiurban,0.345,0
L00169,Male,54,Middle-aged,Hispanic,47200.0,0.0,727,186600.0,180,5.8,Mortgage,Graduate,Yes,3+,Semiurban,0.4,1
L00170,Female,31,Middle-aged,Caucasian,68300.0,18700.0,736,348000.0,360,7.9,Own,Graduate,Yes,0,Semiurban,0.288,1
L00171,Female,59,Senior,Caucasian,95400.0,0.0,632,347800.0,360,9.8,Mortgage,Graduate,Yes,2,Urban,0.262,1
L00172,Male,22,Young,Asian,69000.0,34400.0,571,290100.0,360,1.3,Own,Graduate,No,0,Semiurban,0.202,1
L00173,Male,60,Senior,Caucasian,103300.0,21100.0,764,517700.0,180,13.0,Rent,Graduate,No,0,Semiurban,0.421,1
L00174,Male,36,Middle-aged,Caucasian,38100.0,26800.0,639,210300.0,180,3.1,Rent,Graduate,No,2,Urban,0.328,0
L00175,Female,38,Middle-aged,Caucasian,55200.0,0.0,664,194800.0,180,4.0,Rent,Undergraduate,No,2,Rural,0.357,0
L00176,Male,18,Young,Caucasian,83700.0,30700.0,670,331200.0,360,0.8,Mortgage,Graduate,No,2,Semiurban,0.208,1
L00177,Female,35,Middle-aged,Caucasian,29100.0,0.0,584,125300.0,360,16.5,Mortgage,Graduate,No,0,Semiurban,0.31,1
L00178,Male,28,Young,Hispanic,36300.0,14900.0,613,205000.0,360,7.5,Rent,Graduate,No,2,Urban,0.288,1
L00179,Female,33,Middle-aged,Caucasian,83500.0,26700.0,654,355700.0,180,4.9,Mortgage,Graduate,Yes,0,Urban,0.327,1
L00180,Male,39,Middle-aged,Hispanic,29900.0,0.0,553,139200.0,360,11.8,Rent,Graduate,No,0,Rural,0.335,0
L00181,Male,52,Middle-aged,African American,22900.0,0.0,638,78100.0,180,6.3,Rent,Undergraduate,No,0,Rural,0.345,0
L00182,Male,43,Middle-aged,Caucasian,90300.0,0.0,734,339700.0,120,17.1,Mortgage,Graduate,Yes,0,Rural,0.501,1
L00183,Female,44,Middle-aged,Caucasian,67300.0,43200.0,622,422400.0,360,9.9,Own,Graduate,Yes,1,Semiurban,0.275,1
L00184,Female,27,Young,Asian,49500.0,0.0,612,222000.0,360,5.5,Mortgage,Graduate,No,1,Rural,0.323,1
L00185,Male,30,Middle-aged,Hispanic,43300.0,13700.0,615,182600.0,360,9.7,Rent,Graduate,No,3+,Rural,0.23,1
L00186,Female,62,Senior,Caucasian,35000.0,27600.0,626,162800.0,360,11.8,Rent,Graduate,Yes,1,Urban,0.187,1
L00187,Female,32,Middle-aged,Caucasian,46600.0,14500.0,648,168200.0,360,13.0,Mortgage,Graduate,Yes,0,Semiurban,0.198,1
L00188,Female,60,Senior,Caucasian,78400.0,36700.0,634,478600.0,360,15.1,Mortgage,Graduate,No,2,Rural,0.299,1
L00189,Male,38,Middle-aged,Caucasian,53900.0,0.0,703,170800.0,180,4.1,Own,Graduate,No,0,Urban,0.321,1
L00190,Male,41,Middle-aged,Caucasian,116600.0,36500.0,715,443400.0,180,4.8,Rent,Graduate,No,0,Semiurban,0.293,1
L00191,Male,53,Middle-aged,Hispanic,30800.0,18500.0,570,143800.0,360,5.6,Mortgage,Undergraduate,No,0,Semiurban,0.21,1
L00192,Female,56,Senior,Caucasian,41300.0,66500.0,741,307300.0,360,6.9,Mortgage,Graduate,Yes,0,Semiurban,0.205,1
L00193,Female,39,Middle-aged,African American,27400.0,0.0,613,130900.0,360,5.3,Rent,Graduate,No,0,Semiurban,0.344,0
L00194,Female,36,Middle-aged,African American,20600.0,0.0,550,73300.0,180,2.8,Rent,Graduate,No,1,Semiurban,0.36,0
L00195,Male,40,Middle-aged,Caucasian,46100.0,0.0,686,194700.0,120,5.2,Mortgage,Graduate,No,0,Semiurban,0.563,1
L00196,Male,45,Middle-aged,Caucasian,57900.0,0.0,666,185500.0,360,11.4,Mortgage,Graduate,No,2,Urban,0.231,1
L00197,Female,51,Middle-aged,African American,39300.0,0.0,524,159000.0,360,14.1,Rent,Graduate,No,3+,Rural,0.291,0
L00198,Female,41,Middle-aged,Hispanic,87600.0,0.0,623,297800.0,360,3.5,Mortgage,Graduate,No,0,Semiurban,0.245,1
L00199,Female,48,Middle-aged,African American,38400.0,38300.0,642,204400.0,180,4.5,Mortgage,Graduate,No,2,Rural,0.27,1
L00200,Female,60,Senior,Caucasian,66000.0,0.0,536,252500.0,360,7.1,Own,Graduate,No,0,Urban,0.275,0
L00201,Female,45,Middle-aged,Caucasian,42800.0,31400.0,629,280600.0,360,14.4,Rent,Graduate,No,0,Urban,0.272,1
L00202,Male,44,Middle-aged,Caucasian,95900.0,0.0,675,448200.0,360,7.1,Rent,Undergraduate,No,2,Semiurban,0.336,1
L00203,Male,22,Young,Caucasian,127900.0,30500.0,587,567100.0,180,20.9,Rent,Graduate,Yes,0,Semiurban,0.363,1
L00204,Female,18,Young,Asian,51500.0,36000.0,607,231000.0,360,10.9,Mortgage,Graduate,Yes,0,Urban,0.19,1
L00205,Female,45,Middle-aged,Caucasian,28000.0,13400.0,613,127600.0,180,15.1,Mortgage,Graduate,No,0,Semiurban,0.312,1
L00206,Male,39,Middle-aged,Asian,39400.0,24300.0,541,216600.0,360,3.8,Mortgage,Graduate,No,2,Semiurban,0.245,0
L00207,Male,34,Middle-aged,Caucasian,54900.0,0.0,673,272100.0,180,5.6,Mortgage,Graduate,No,0,Urban,0.502,1
L00208,Female,43,Middle-aged,African American,38200.0,26700.0,668,271600.0,360,29.0,Mortgage,Undergraduate,No,0,Rural,0.301,1
L00209,Male,40,Middle-aged,Hispanic,58300.0,0.0,612,258500.0,360,4.1,Rent,Graduate,No,2,Rural,0.319,0
L00210,Male,54,Middle-aged,Caucasian,58900.0,0.0,639,223200.0,360,9.7,Own,Graduate,No,0,Urban,0.273,1
L00211,Male,42,Middle-aged,Hispanic,44200.0,0.0,664,201600.0,360,5.7,Mortgage,Graduate,No,0,Rural,0.328,1
L00212,Female,32,Middle-aged,Caucasian,32300.0,0.0,584,121300.0,360,4.6,Mortgage,Undergraduate,No,0,Semiurban,0.27,0
L00213,Female,52,Middle-aged,Caucasian,48900.0,0.0,524,215500.0,360,16.2,Mortgage,Undergraduate,No,0,Semiurban,0.317,0
L00214,Male,38,Middle-aged,Hispanic,92700.0,18000.0,683,363000.0,120,7.4,Own,Undergraduate,No,1,Semiurban,0.437,1
L00215,Female,47,Middle-aged,Hispanic,55300.0,0.0,588,199100.0,120,11.5,Mortgage,Graduate,No,1,Urban,0.48,0
L00216,Male,35,Middle-aged,Caucasian,60700.0,27800.0,600,239400.0,360,8.1,Mortgage,Graduate,No,0,Rural,0.195,1
L00217,Male,33,Middle-aged,Caucasian,74000.0,40800.0,719,377800.0,360,6.0,Mortgage,Graduate,Yes,0,Urban,0.237,1
L00218,Female,42,Middle-aged,African American,27500.0,0.0,599,120700.0,360,11.4,Mortgage,Graduate,No,0,Rural,0.316,0
L00219,Female,41,Middle-aged,Asian,34000.0,0.0,611,162300.0,360,21.1,Mortgage,Graduate,No,1,Semiurban,0.343,1
L00220,Female,46,Middle-aged,Caucasian,30900.0,17800.0,647,194800.0,180,21.2,Mortgage,Graduate,No,2,Urban,0.405,1
L00221,Female,37,Middle-aged,Asian,39600.0,0.0,640,207200.0,360,10.6,Own,Graduate,No,2,Urban,0.376,1
L00222,Female,18,Young,Caucasian,35200.0,0.0,523,112600.0,120,3.3,Mortgage,Graduate,No,0,Rural,0.426,0
L00223,Male,35,Middle-aged,Caucasian,79500.0,21400.0,635,373600.0,180,3.4,Rent,Graduate,No,0,Semiurban,0.375,1
L00224,Male,50,Middle-aged,Caucasian,40500.0,0.0,632,169000.0,360,5.0,Own,Graduate,No,0,Rural,0.3,1
L00225,Male,37,Middle-aged,Caucasian,35600.0,0.0,623,171200.0,360,4.2,Own,Undergraduate,Yes,2,Semiurban,0.346,0
L00226,Male,38,Middle-aged,Hispanic,96000.0,0.0,674,345500.0,180,5.1,Own,Undergraduate,No,0,Semiurban,0.364,1
L00227,Female,52,Middle-aged,Caucasian,34800.0,0.0,784,109800.0,360,5.8,Mortgage,Graduate,No,2,Rural,0.227,1
L00228,Male,32,Middle-aged,Hispanic,46900.0,0.0,537,173800.0,360,3.4,Mortgage,Graduate,Yes,0,Urban,0.267,0
L00229,Female,22,Young,Caucasian,49900.0,0.0,654,260200.0,120,1.0,Mortgage,Graduate,No,0,Urban,0.695,0
L00230,Female,39,Middle-aged,African American,20200.0,0.0,668,101500.0,360,6.9,Own,Graduate,No,3+,Urban,0.362,0
L00231,Female,35,Middle-aged,Asian,68300.0,0.0,659,265600.0,360,3.2,Rent,Graduate,No,0,Urban,0.28,1
L00232,Male,29,Young,African American,50600.0,14600.0,567,290300.0,360,8.4,Rent,Undergraduate,No,0,Urban,0.32,0
L00233,Female,38,Middle-aged,African American,59400.0,0.0,727,182600.0,360,5.0,Rent,Graduate,No,0,Urban,0.221,1
L00234,Male,46,Middle-aged,Caucasian,37400.0,9000.0,490,156400.0,180,9.8,Mortgage,Graduate,No,0,Semiurban,0.341,0
L00235,Male,40,Middle-aged,Hispanic,45900.0,0.0,578,212800.0,360,14.0,Mortgage,Graduate,No,1,Semiurban,0.334,0
L00236,Female,44,Middle-aged,Asian,42300.0,0.0,693,148000.0,360,4.3,Rent,Undergraduate,No,3+,Urban,0.252,1
L00237,Male,62,Senior,Caucasian,54500.0,32500.0,637,247600.0,360,29.1,Mortgage,Graduate,No,1,Semiurban,0.205,1
L00238,Male,36,Middle-aged,Asian,27400.0,21700.0,694,192500.0,360,7.9,Mortgage,Graduate,No,0,Urban,0.282,1
L00239,Female,44,Middle-aged,Caucasian,43600.0,0.0,533,191200.0,120,4.2,Rent,Undergraduate,No,1,Rural,0.584,0
L00240,Male,34,Middle-aged,Caucasian,27700.0,0.0,529,144700.0,360,4.3,Mortgage,Graduate,No,0,Urban,0.376,0
L00241,Female,30,Middle-aged,Hispanic,42400.0,0.0,570,140000.0,120,12.7,Mortgage,Graduate,No,1,Rural,0.44,0
L00242,Female,33,Middle-aged,Caucasian,20000.0,22600.0,613,121800.0,180,6.8,Mortgage,Graduate,Yes,0,Semiurban,0.29,0
L00243,Female,35,Middle-aged,Asian,20000.0,0.0,578,74000.0,360,4.2,Rent,Graduate,No,0,Semiurban,0.266,0
L00244,Male,45,Middle-aged,Caucasian,68000.0,0.0,615,338700.0,360,18.2,Rent,Graduate,No,1,Urban,0.358,1
L00245,Male,69,Senior,Caucasian,39400.0,13400.0,743,166400.0,120,15.4,Rent,Graduate,No,0,Urban,0.42,1
L00246,Female,32,Middle-aged,Caucasian,28100.0,20100.0,684,147300.0,180,8.8,Mortgage,Graduate,No,0,Rural,0.309,1
L00247,Male,36,Middle-aged,Caucasian,81500.0,38100.0,617,338200.0,360,13.7,Rent,Undergraduate,No,2,Semiurban,0.203,1
L00248,Female,40,Middle-aged,Asian,47500.0,0.0,518,225400.0,360,10.6,Rent,Graduate,No,0,Semiurban,0.341,0
L00249,Female,45,Middle-aged,Caucasian,59100.0,22000.0,508,250400.0,360,5.7,Rent,Graduate,No,0,Rural,0.222,0
L00250,Female,44,Middle-aged,Caucasian,39000.0,22400.0,634,160700.0,360,8.3,Mortgage,Graduate,No,1,Semiurban,0.188,1
L00251,Male,56,Senior,Caucasian,143200.0,24400.0,760,621600.0,180,14.9,Rent,Undergraduate,No,2,Urban,0.376,1
L00252,Male,18,Young,Caucasian,38500.0,11900.0,584,174000.0,180,1.0,Mortgage,Undergraduate,No,0,Semiurban,0.35,0
L00253,Female,18,Young,Asian,83700.0,30100.0,612,339100.0,360,0.9,Rent,Graduate,No,0,Semiurban,0.214,1
L00254,Male,35,Middle-aged,Caucasian,47800.0,0.0,565,157800.0,360,3.4,Rent,Graduate,No,1,Rural,0.238,0
L00255,Male,54,Middle-aged,African American,20200.0,0.0,659,101300.0,360,6.5,Rent,Graduate,No,0,Rural,0.361,0
L00256,Female,22,Young,Hispanic,44600.0,11800.0,692,160400.0,360,1.1,Rent,Graduate,No,1,Semiurban,0.205,0
L00257,Female,18,Young,African American,36100.0,0.0,445,116400.0,360,9.1,Own,Undergraduate,Yes,0,Semiurban,0.232,0
L00258,Female,47,Middle-aged,Asian,27400.0,0.0,610,97300.0,120,12.9,Mortgage,Graduate,Yes,0,Semiurban,0.473,1
L00259,Female,43,Middle-aged,Caucasian,28800.0,0.0,552,148100.0,360,4.6,Own,Graduate,No,1,Rural,0.37,0
L00260,Male,27,Young,Caucasian,48500.0,13800.0,512,178300.0,120,7.5,Mortgage,Undergraduate,No,0,Urban,0.381,0
L00261,Female,29,Young,Hispanic,42300.0,0.0,532,204600.0,360,6.6,Rent,Undergraduate,Yes,0,Semiurban,0.348,0
L00262,Female,29,Young,African American,20000.0,13000.0,605,134900.0,360,3.3,Mortgage,Undergraduate,Yes,0,Urban,0.294,1
L00263,Male,42,Middle-aged,African American,59800.0,0.0,658,230200.0,360,4.9,Own,Graduate,No,0,Semiurban,0.277,1
L00264,Male,33,Middle-aged,African American,32200.0,0.0,685,117900.0,360,3.7,Mortgage,Graduate,No,0,Urban,0.263,1
L00265,Female,46,Middle-aged,Caucasian,24500.0,0.0,612,110800.0,360,10.8,Own,Graduate,No,0,Rural,0.325,1
L00266,Female,18,Young,Caucasian,60700.0,0.0,493,278100.0,360,1.9,Rent,Graduate,No,0,Semiurban,0.33,0
L00267,Female,30,Middle-aged,Asian,41300.0,20200.0,586,247600.0,360,3.4,Rent,Graduate,No,3+,Semiurban,0.29,0
L00268,Female,27,Young,African American,51800.0,18500.0,521,300200.0,120,1.5,Rent,Graduate,No,1,Rural,0.569,0
L00269,Male,37,Middle-aged,Caucasian,58400.0,22000.0,552,252800.0,360,14.8,Own,Graduate,No,3+,Semiurban,0.226,1
L00270,Male,34,Middle-aged,Hispanic,44100.0,0.0,644,200500.0,180,9.4,Own,Graduate,No,0,Semiurban,0.46,0
L00271,Female,50,Middle-aged,Caucasian,39200.0,0.0,641,129500.0,120,8.0,Rent,Graduate,No,1,Urban,0.44,1
L00272,Female,18,Young,Caucasian,50500.0,0.0,625,209500.0,360,14.3,Own,Graduate,No,0,Semiurban,0.298,1
L00273,Female,41,Middle-aged,Hispanic,31200.0,0.0,588,136600.0,360,5.2,Rent,Graduate,No,0,Urban,0.315,1
L00274,Female,47,Middle-aged,Asian,29600.0,0.0,664,99600.0,180,10.0,Rent,Undergraduate,No,0,Rural,0.341,0
L00275,Male,63,Senior,Caucasian,62600.0,14000.0,642,222300.0,360,8.6,Mortgage,Graduate,No,1,Rural,0.209,1
L00276,Male,35,Middle-aged,Caucasian,46300.0,0.0,679,159200.0,360,4.4,Mortgage,Graduate,No,0,Semiurban,0.247,1
L00277,Female,44,Middle-aged,Caucasian,42200.0,0.0,643,166500.0,360,13.2,Mortgage,Graduate,No,0,Rural,0.284,1
L00278,Female,19,Young,African American,49300.0,36400.0,578,343400.0,360,7.9,Rent,Graduate,No,0,Semiurban,0.288,0
L00279,Female,18,Young,Caucasian,39800.0,0.0,594,167000.0,360,1.7,Mortgage,Undergraduate,No,0,Semiurban,0.302,0
L00280,Female,51,Middle-aged,Asian,41900.0,33400.0,631,279700.0,120,5.4,Mortgage,Undergraduate,No,0,Semiurban,0.495,1
L00281,Female,40,Middle-aged,Hispanic,28900.0,20200.0,701,134600.0,180,5.5,Mortgage,Undergraduate,No,0,Semiurban,0.278,1
L00282,Male,55,Middle-aged,Asian,58200.0,0.0,666,188500.0,120,12.7,Mortgage,Graduate,No,1,Rural,0.431,1
L00283,Male,24,Young,Caucasian,56400.0,0.0,604,199600.0,120,1.4,Rent,Graduate,No,1,Rural,0.471,0
L00284,Male,47,Middle-aged,Asian,70300.0,17300.0,635,294700.0,360,9.9,Mortgage,Graduate,No,0,Semiurban,0.242,1
L00285,Female,63,Senior,Caucasian,33100.0,0.0,694,140100.0,360,17.8,Own,Graduate,No,0,Semiurban,0.305,1
L00286,Male,46,Middle-aged,Caucasian,40800.0,0.0,667,203300.0,360,5.2,Own,Graduate,No,0,Urban,0.358,1
L00287,Male,44,Middle-aged,Caucasian,67300.0,16500.0,626,301300.0,360,13.8,Own,Graduate,No,0,Semiurban,0.259,1
L00288,Male,41,Middle-aged,Caucasian,54200.0,0.0,558,225900.0,360,3.7,Own,Graduate,No,2,Semiurban,0.3,0
L00289,Male,22,Young,Hispanic,30700.0,0.0,526,92400.0,120,6.1,Mortgage,Graduate,No,0,Urban,0.401,0
L00290,Female,57,Senior,Caucasian,70300.0,18900.0,653,247200.0,180,13.7,Rent,Undergraduate,No,2,Semiurban,0.281,1
L00291,Male,33,Middle-aged,Caucasian,24900.0,10900.0,673,97900.0,360,5.2,Own,Undergraduate,Yes,0,Semiurban,0.197,1
L00292,Male,47,Middle-aged,Hispanic,60400.0,0.0,626,276200.0,360,5.5,Own,Graduate,Yes,1,Semiurban,0.329,1
L00293,Female,22,Young,Caucasian,25100.0,0.0,540,102800.0,360,13.5,Mortgage,Graduate,No,2,Semiurban,0.295,0
L00294,Male,26,Young,Asian,104200.0,0.0,539,357800.0,360,1.3,Mortgage,Graduate,No,2,Rural,0.247,0
L00295,Male,58,Senior,Caucasian,26400.0,0.0,721,114400.0,180,10.0,Rent,Graduate,No,0,Semiurban,0.439,1
L00296,Male,36,Middle-aged,Caucasian,77700.0,13600.0,673,359000.0,360,5.0,Rent,Graduate,No,0,Semiurban,0.283,1
L00297,Female,58,Senior,Hispanic,35600.0,33900.0,686,171800.0,360,9.1,Mortgage,Graduate,No,1,Urban,0.178,1
L00298,Male,40,Middle-aged,Caucasian,42300.0,25600.0,674,248500.0,360,7.1,Own,Undergraduate,No,0,Semiurban,0.263,1
L00299,Female,18,Young,Caucasian,44900.0,0.0,576,212200.0,360,3.8,Mortgage,Undergraduate,No,2,Semiurban,0.34,1
L00300,Male,51,Middle-aged,Caucasian,63100.0,0.0,655,230000.0,360,6.1,Mortgage,Graduate,No,1,Urban,0.262,1
L00301,Male,33,Middle-aged,Caucasian,34100.0,0.0,689,155000.0,360,7.9,Rent,Graduate,Yes,2,Semiurban,0.327,1
L00302,Male,49,Middle-aged,Caucasian,35400.0,0.0,635,122100.0,360,4.7,Rent,Graduate,No,0,Urban,0.248,1
L00303,Male,41,Middle-aged,Caucasian,63600.0,0.0,670,299100.0,360,3.6,Mortgage,Undergraduate,No,1,Rural,0.338,1
L00304,Female,22,Young,Caucasian,21000.0,0.0,625,106100.0,360,3.9,Rent,Undergraduate,No,0,Semiurban,0.363,0
L00305,Female,42,Middle-aged,Asian,33000.0,0.0,650,131800.0,120,7.5,Rent,Graduate,No,1,Semiurban,0.532,1
L00306,Female,67,Senior,Caucasian,140600.0,49900.0,728,593700.0,360,9.0,Rent,Undergraduate,Yes,0,Rural,0.224,1
L00307,Male,46,Middle-aged,Caucasian,33300.0,19000.0,616,169300.0,360,8.2,Mortgage,Graduate,No,0,Urban,0.233,1
L00308,Male,40,Middle-aged,Caucasian,77600.0,0.0,691,276500.0,360,6.9,Own,Graduate,No,2,Rural,0.256,1
L00309,Female,53,Middle-aged,Hispanic,29100.0,0.0,672,87400.0,180,7.4,Own,Undergraduate,No,2,Semiurban,0.304,0
L00310,Male,43,Middle-aged,Hispanic,54100.0,18400.0,700,285300.0,360,9.0,Mortgage,Graduate,No,0,Rural,0.283,1
L00311,Male,43,Middle-aged,African American,50900.0,18000.0,661,187300.0,360,19.6,Mortgage,Graduate,No,0,Urban,0.196,1
L00312,Male,27,Young,Hispanic,69300.0,0.0,654,240700.0,360,4.7,Rent,Graduate,No,0,Urban,0.25,0
L00313,Male,43,Middle-aged,Caucasian,45200.0,18800.0,596,255500.0,120,11.5,Mortgage,Graduate,No,0,Urban,0.532,1
L00314,Female,53,Middle-aged,Caucasian,92300.0,15800.0,641,453100.0,360,6.7,Mortgage,Undergraduate,No,0,Semiurban,0.302,1
L00315,Female,30,Middle-aged,African American,25200.0,0.0,634,79800.0,360,9.0,Rent,Undergraduate,No,1,Urban,0.228,0
L00316,Female,58,Senior,African American,35000.0,0.0,603,157000.0,360,11.2,Mortgage,Undergraduate,No,1,Rural,0.323,0
L00317,Male,39,Middle-aged,Caucasian,54100.0,0.0,623,275600.0,360,8.3,Mortgage,Graduate,No,3+,Urban,0.367,1
L00318,Male,30,Middle-aged,Caucasian,31300.0,0.0,675,99100.0,360,13.0,Rent,Undergraduate,No,0,Urban,0.228,0
L00319,Male,52,Middle-aged,Hispanic,39400.0,0.0,705,155100.0,360,6.4,Rent,Graduate,No,3+,Urban,0.283,1
L00320,Male,37,Middle-aged,Asian,52300.0,25200.0,638,305100.0,360,5.1,Rent,Graduate,No,0,Semiurban,0.283,1
L00321,Male,50,Middle-aged,Caucasian,41200.0,22300.0,613,239000.0,360,5.2,Rent,Graduate,Yes,1,Rural,0.271,1
L00322,Female,37,Middle-aged,African American,84600.0,0.0,638,296900.0,360,9.3,Rent,Graduate,No,3+,Rural,0.252,1
L00323,Female,40,Middle-aged,Caucasian,29800.0,0.0,658,100300.0,360,12.6,Rent,Graduate,No,1,Urban,0.242,1
L00324,Male,46,Middle-aged,Caucasian,78600.0,17100.0,652,417900.0,360,6.8,Own,Graduate,No,0,Urban,0.314,1
L00325,Female,44,Middle-aged,Caucasian,58700.0,0.0,602,302400.0,360,6.1,Rent,Graduate,No,0,Semiurban,0.371,0
L00326,Female,18,Young,Caucasian,41400.0,0.0,656,195700.0,360,5.4,Rent,Graduate,No,2,Semiurban,0.34,1
L00327,Female,27,Young,Caucasian,29500.0,41200.0,597,266000.0,360,1.7,Mortgage,Graduate,No,3+,Semiurban,0.271,1
L00328,Female,52,Middle-aged,Asian,30600.0,0.0,590,133500.0,360,6.8,Mortgage,Graduate,No,0,Rural,0.314,0
L00329,Male,39,Middle-aged,Caucasian,39800.0,0.0,642,202600.0,180,5.4,Mortgage,Graduate,No,2,Urban,0.515,0
L00330,Male,34,Middle-aged,Caucasian,24000.0,0.0,651,109300.0,360,6.1,Rent,Graduate,No,3+,Semiurban,0.328,1
L00331,Male,24,Young,Caucasian,32800.0,0.0,524,165500.0,360,4.1,Own,Undergraduate,No,0,Urban,0.363,0
L00332,Female,28,Young,Caucasian,23000.0,0.0,571,77400.0,360,2.7,Rent,Graduate,No,0,Semiurban,0.242,0
L00333,Male,18,Young,Hispanic,75600.0,0.0,595,365500.0,360,3.9,Rent,Undergraduate,No,3+,Semiurban,0.348,0
L00334,Male,39,Middle-aged,African American,50200.0,56900.0,648,277300.0,360,16.2,Rent,Graduate,No,0,Rural,0.186,1
L00335,Male,33,Middle-aged,Hispanic,60400.0,0.0,658,184900.0,360,2.4,Mortgage,Graduate,No,1,Semiurban,0.22,1
L00336,Male,29,Young,Hispanic,55800.0,0.0,578,232400.0,360,7.4,Rent,Graduate,No,1,Rural,0.3,0
L00337,Female,40,Middle-aged,Caucasian,44500.0,0.0,529,165400.0,360,8.2,Own,Graduate,No,0,Urban,0.267,1
L00338,Female,45,Middle-aged,Caucasian,74700.0,0.0,712,231400.0,360,17.0,Mortgage,Graduate,No,2,Rural,0.223,1
L00339,Male,66,Senior,Hispanic,34600.0,39500.0,582,289800.0,360,12.4,Mortgage,Graduate,No,0,Semiurban,0.281,1
L00340,Male,22,Young,Hispanic,46000.0,0.0,609,207000.0,360,5.5,Own,Undergraduate,No,0,Rural,0.324,0
L00341,Male,54,Middle-aged,African American,52900.0,29100.0,638,344100.0,360,12.7,Mortgage,Undergraduate,No,1,Semiurban,0.302,1
L00342,Male,52,Middle-aged,Asian,28900.0,0.0,633,151700.0,120,6.7,Mortgage,Undergraduate,No,0,Semiurban,0.699,0
L00343,Male,31,Middle-aged,Asian,169200.0,0.0,803,656800.0,180,6.5,Rent,Graduate,No,0,Semiurban,0.393,1
L00344,Male,43,Middle-aged,Caucasian,49600.0,32200.0,809,238600.0,360,7.4,Mortgage,Graduate,No,0,Rural,0.21,1
L00345,Male,35,Middle-aged,Caucasian,51900.0,0.0,519,177200.0,360,5.4,Rent,Undergraduate,No,0,Urban,0.246,0
L00346,Female,43,Middle-aged,Asian,68900.0,55700.0,701,410100.0,360,4.2,Mortgage,Undergraduate,No,0,Urban,0.237,1
L00347,Female,59,Senior,African American,45900.0,0.0,638,200300.0,120,7.9,Own,Undergraduate,No,0,Semiurban,0.581,0
L00348,Male,48,Middle-aged,Caucasian,49800.0,0.0,697,202300.0,360,6.1,Own,Undergraduate,No,2,Urban,0.292,1
L00349,Male,47,Middle-aged,Caucasian,51600.0,32200.0,692,266200.0,360,10.8,Mortgage,Graduate,No,0,Semiurban,0.229,1
L00350,Female,35,Middle-aged,Caucasian,22800.0,16400.0,678,106600.0,360,15.2,Own,Graduate,No,0,Semiurban,0.196,1
L00351,Male,23,Young,Caucasian,39200.0,26800.0,605,213700.0,120,2.1,Mortgage,Graduate,No,2,Urban,0.431,0
L00352,Female,38,Middle-aged,Hispanic,45200.0,30100.0,562,195500.0,180,3.4,Mortgage,Undergraduate,No,0,Rural,0.263,0
L00353,Female,55,Middle-aged,Caucasian,49800.0,13400.0,700,281700.0,360,40.0,Mortgage,Graduate,No,1,Urban,0.321,1
L00354,Male,22,Young,Caucasian,79900.0,0.0,626,248100.0,180,6.5,Mortgage,Graduate,No,1,Urban,0.314,0
L00355,Male,28,Young,Caucasian,46700.0,0.0,588,180100.0,360,12.4,Own,Graduate,No,0,Semiurban,0.277,1
L00356,Female,42,Middle-aged,African American,20000.0,0.0,573,64500.0,360,4.4,Rent,Undergraduate,No,0,Urban,0.232,0
L00357,Male,29,Young,Caucasian,74800.0,0.0,686,354800.0,360,9.7,Own,Undergraduate,No,0,Rural,0.341,1
L00358,Female,31,Middle-aged,Caucasian,74000.0,0.0,724,274100.0,120,10.3,Mortgage,Graduate,No,3+,Semiurban,0.493,1
L00359,Female,35,Middle-aged,Caucasian,59700.0,19100.0,551,227400.0,360,3.4,Mortgage,Graduate,No,2,Rural,0.208,1
L00360,Female,24,Young,Caucasian,39000.0,0.0,627,163600.0,360,1.8,Rent,Graduate,No,0,Semiurban,0.302,0
L00361,Male,29,Young,Caucasian,74400.0,38200.0,603,479700.0,360,3.4,Mortgage,Graduate,No,0,Rural,0.307,1
L00362,Female,49,Middle-aged,Caucasian,164200.0,0.0,639,750000.0,360,5.9,Mortgage,Graduate,No,1,Semiurban,0.329,1
L00363,Male,25,Young,Hispanic,46200.0,0.0,606,164600.0,120,19.6,Rent,Undergraduate,No,0,Urban,0.475,0
L00364,Male,21,Young,Caucasian,29000.0,8900.0,527,155900.0,360,2.7,Mortgage,Graduate,No,0,Urban,0.296,0
L00365,Female,33,Middle-aged,Caucasian,33000.0,0.0,504,101200.0,120,9.4,Own,Graduate,Yes,0,Semiurban,0.409,0
L00366,Male,49,Middle-aged,African American,50400.0,0.0,589,166200.0,360,12.8,Mortgage,Undergraduate,No,2,Semiurban,0.237,0
L00367,Female,38,Middle-aged,Caucasian,21900.0,0.0,535,90300.0,180,5.4,Rent,Graduate,No,2,Urban,0.418,0
L00368,Female,35,Middle-aged,African American,34100.0,11800.0,563,142000.0,360,8.3,Mortgage,Graduate,No,0,Urban,0.223,0
L00369,Male,41,Middle-aged,Caucasian,57100.0,0.0,550,273900.0,120,4.0,Mortgage,Graduate,No,0,Semiurban,0.639,0
L00370,Male,20,Young,Caucasian,90600.0,0.0,601,461600.0,360,2.8,Own,Undergraduate,No,0,Semiurban,0.367,0
L00371,Male,46,Middle-aged,Asian,82800.0,20200.0,615,281600.0,360,21.3,Rent,Graduate,Yes,0,Rural,0.197,1
L00372,Male,45,Middle-aged,Hispanic,62300.0,0.0,662,219500.0,360,5.0,Own,Undergraduate,No,0,Urban,0.253,1
L00373,Male,36,Middle-aged,Caucasian,20600.0,26300.0,629,138100.0,120,5.1,Own,Graduate,No,0,Semiurban,0.392,0
L00374,Female,53,Middle-aged,Caucasian,60200.0,0.0,666,256900.0,360,13.1,Mortgage,Undergraduate,No,0,Semiurban,0.307,1
L00375,Male,27,Young,Caucasian,65000.0,0.0,601,329000.0,360,6.8,Mortgage,Undergraduate,No,0,Urban,0.364,0
L00376,Male,54,Middle-aged,Hispanic,48900.0,11200.0,627,274700.0,360,10.4,Rent,Graduate,No,0,Semiurban,0.329,1
L00377,Female,42,Middle-aged,Hispanic,20000.0,20700.0,551,137600.0,360,13.2,Own,Graduate,No,1,Semiurban,0.243,0
L00378,Male,36,Middle-aged,Caucasian,35900.0,39200.0,556,203300.0,360,2.8,Mortgage,Graduate,No,1,Semiurban,0.195,1
L00379,Female,40,Middle-aged,Caucasian,26100.0,22800.0,646,182200.0,180,10.7,Mortgage,Graduate,No,2,Semiurban,0.377,0
L00380,Male,39,Middle-aged,Caucasian,21900.0,0.0,493,75700.0,360,13.9,Rent,Undergraduate,No,0,Urban,0.249,0
L00381,Male,55,Middle-aged,Caucasian,49000.0,0.0,639,253400.0,360,5.6,Mortgage,Graduate,No,0,Semiurban,0.372,1
L00382,Female,28,Young,Caucasian,30300.0,0.0,569,91300.0,360,5.6,Mortgage,Graduate,No,0,Urban,0.217,0
L00383,Female,31,Middle-aged,Caucasian,119100.0,35200.0,700,590400.0,360,4.1,Mortgage,Undergraduate,No,2,Semiurban,0.275,1
L00384,Female,53,Middle-aged,African American,29800.0,16400.0,540,123300.0,360,5.5,Mortgage,Undergraduate,No,0,Semiurban,0.192,0
L00385,Female,33,Middle-aged,Hispanic,61700.0,14700.0,622,272400.0,360,5.0,Mortgage,Graduate,No,0,Urban,0.257,1
L00386,Female,51,Middle-aged,Hispanic,20000.0,0.0,636,88600.0,360,10.1,Mortgage,Undergraduate,No,0,Urban,0.319,1
L00387,Male,61,Senior,Caucasian,39700.0,0.0,531,180700.0,360,19.0,Mortgage,Graduate,No,3+,Urban,0.327,0
L00388,Male,36,Middle-aged,Caucasian,51000.0,33700.0,553,328800.0,360,7.5,Mortgage,Graduate,No,3+,Urban,0.279,0
L00389,Female,49,Middle-aged,Hispanic,25600.0,26500.0,611,172200.0,120,14.4,Rent,Graduate,Yes,1,Urban,0.44,0
L00390,Female,27,Young,Caucasian,35200.0,12200.0,622,148700.0,360,2.0,Mortgage,Graduate,No,0,Semiurban,0.226,0
L00391,Female,50,Middle-aged,African American,29200.0,14800.0,632,185500.0,360,6.0,Rent,Graduate,No,2,Urban,0.303,1
L00392,Male,43,Middle-aged,Caucasian,44600.0,0.0,656,215200.0,360,21.3,Mortgage,Graduate,No,1,Rural,0.347,1
L00393,Male,46,Middle-aged,Caucasian,103000.0,0.0,609,346100.0,360,15.1,Own,Graduate,No,1,Semiurban,0.242,1
L00394,Female,33,Middle-aged,Caucasian,48500.0,0.0,515,235700.0,360,3.6,Mortgage,Graduate,No,2,Semiurban,0.35,1
L00395,Male,21,Young,Caucasian,59400.0,0.0,607,308200.0,360,5.3,Mortgage,Graduate,No,0,Urban,0.373,0
L00396,Female,47,Middle-aged,African American,39500.0,0.0,551,175100.0,360,6.6,Mortgage,Undergraduate,No,3+,Semiurban,0.319,0
L00397,Female,18,Young,Caucasian,53200.0,0.0,540,193300.0,180,3.2,Mortgage,Undergraduate,No,2,Semiurban,0.368,0
L00398,Male,37,Middle-aged,Caucasian,47400.0,0.0,672,206900.0,360,12.7,Rent,Graduate,No,0,Semiurban,0.314,1
L00399,Female,52,Middle-aged,Caucasian,36700.0,48200.0,641,235300.0,360,11.8,Mortgage,Graduate,Yes,1,Semiurban,0.199,1
L00400,Female,43,Middle-aged,Hispanic,39300.0,13900.0,584,211200.0,360,5.1,Mortgage,Undergraduate,No,0,Rural,0.286,0
L00401,Male,64,Senior,Caucasian,77900.0,35100.0,639,408300.0,360,8.8,Rent,Graduate,No,1,Rural,0.26,1
L00402,Female,53,Middle-aged,Caucasian,65400.0,0.0,692,333000.0,120,7.0,Own,Undergraduate,No,0,Semiurban,0.678,0
L00403,Male,33,Middle-aged,Caucasian,44500.0,0.0,620,195400.0,180,9.8,Rent,Graduate,No,0,Rural,0.445,1
L00404,Female,41,Middle-aged,Caucasian,56600.0,0.0,556,197100.0,360,6.8,Mortgage,Graduate,No,0,Semiurban,0.251,0
L00405,Male,40,Middle-aged,Caucasian,45400.0,17300.0,502,253000.0,360,18.4,Own,Undergraduate,No,1,Urban,0.29,1
L00406,Female,22,Young,African American,32300.0,0.0,694,118800.0,360,9.1,Rent,Graduate,No,3+,Semiurban,0.265,1
L00407,Male,29,Young,Caucasian,40600.0,0.0,525,146700.0,360,2.8,Mortgage,Graduate,No,0,Semiurban,0.26,0
L00408,Male,34,Middle-aged,Caucasian,45600.0,22000.0,642,222500.0,360,10.1,Mortgage,Undergraduate,Yes,0,Semiurban,0.237,1
L00409,Female,18,Young,African American,54500.0,0.0,684,165000.0,180,3.5,Rent,Undergraduate,No,2,Rural,0.307,0
L00410,Male,41,Middle-aged,Caucasian,50900.0,25500.0,634,334100.0,180,4.9,Rent,Graduate,No,0,Semiurban,0.443,1
L00411,Male,38,Middle-aged,Caucasian,51700.0,0.0,585,217000.0,180,5.3,Rent,Undergraduate,No,3+,Urban,0.425,0
L00412,Female,20,Young,Caucasian,23400.0,0.0,486,110900.0,360,18.2,Mortgage,Undergraduate,No,1,Semiurban,0.341,0
L00413,Female,45,Middle-aged,Caucasian,36800.0,0.0,533,131800.0,360,7.4,Rent,Graduate,No,3+,Semiurban,0.258,0
L00414,Female,49,Middle-aged,African American,28900.0,7700.0,642,154500.0,360,11.0,Mortgage,Graduate,No,2,Rural,0.304,1
L00415,Female,43,Middle-aged,African American,22900.0,10600.0,692,122100.0,120,7.0,Rent,Graduate,Yes,2,Urban,0.486,0
L00416,Male,37,Middle-aged,African American,39600.0,0.0,586,156600.0,360,5.2,Mortgage,Graduate,No,0,Semiurban,0.285,0
L00417,Male,48,Middle-aged,African American,33000.0,0.0,588,171100.0,120,12.5,Mortgage,Graduate,No,0,Urban,0.691,0
L00418,Male,49,Middle-aged,Caucasian,50600.0,0.0,678,208000.0,360,14.1,Rent,Graduate,No,0,Rural,0.296,1
L00419,Female,44,Middle-aged,Caucasian,43700.0,23000.0,582,250700.0,180,4.3,Rent,Graduate,No,2,Semiurban,0.381,1
L00420,Female,31,Middle-aged,Caucasian,28400.0,15300.0,608,110900.0,120,3.6,Rent,Graduate,Yes,1,Semiurban,0.338,0
L00421,Female,44,Middle-aged,Caucasian,35500.0,36300.0,619,201800.0,360,7.4,Mortgage,Graduate,No,0,Semiurban,0.202,1
L00422,Female,55,Middle-aged,Hispanic,37900.0,0.0,611,189500.0,360,7.5,Mortgage,Graduate,No,0,Semiurban,0.36,1
L00423,Male,33,Middle-aged,Asian,78700.0,0.0,634,370500.0,360,9.9,Rent,Graduate,Yes,0,Urban,0.339,1
L00424,Male,66,Senior,Caucasian,54300.0,0.0,771,228500.0,360,7.8,Mortgage,Undergraduate,No,1,Rural,0.303,1
L00425,Male,34,Middle-aged,Caucasian,37600.0,9900.0,640,215500.0,120,10.4,Rent,Undergraduate,No,0,Urban,0.604,0
L00426,Male,41,Middle-aged,Caucasian,57500.0,29200.0,696,299200.0,360,8.3,Rent,Undergraduate,No,0,Semiurban,0.248,1
L00427,Male,32,Middle-aged,Caucasian,97100.0,0.0,593,415100.0,360,3.8,Rent,Undergraduate,No,0,Semiurban,0.308,0
L00428,Female,43,Middle-aged,Caucasian,60100.0,0.0,701,232000.0,120,5.9,Rent,Undergraduate,No,0,Rural,0.514,0
L00429,Male,20,Young,Caucasian,61000.0,0.0,640,268100.0,360,1.3,Rent,Graduate,Yes,0,Urban,0.316,1
L00430,Male,34,Middle-aged,Hispanic,59000.0,0.0,531,219300.0,360,3.9,Own,Undergraduate,No,0,Urban,0.267,0
L00431,Male,27,Young,African American,69800.0,11100.0,651,292800.0,360,7.7,Rent,Graduate,No,3+,Semiurban,0.26,1
L00432,Female,42,Middle-aged,Caucasian,64100.0,0.0,606,331700.0,360,6.0,Mortgage,Graduate,No,0,Semiurban,0.372,0
L00433,Female,52,Middle-aged,Caucasian,52300.0,18500.0,550,202100.0,360,10.9,Own,Graduate,No,1,Urban,0.205,1
L00434,Male,48,Middle-aged,Caucasian,75200.0,12900.0,662,265700.0,360,8.1,Mortgage,Graduate,Yes,0,Semiurban,0.217,1
L00435,Male,18,Young,Asian,31800.0,57000.0,607,192700.0,360,0.8,Rent,Graduate,No,1,Urban,0.156,1
L00436,Female,65,Senior,Asian,22800.0,11300.0,647,107200.0,360,10.5,Rent,Graduate,No,0,Rural,0.226,0
L00437,Male,44,Middle-aged,Hispanic,47000.0,20700.0,620,226100.0,360,11.0,Mortgage,Graduate,No,0,Semiurban,0.24,1
L00438,Female,31,Middle-aged,Caucasian,42800.0,9300.0,583,153400.0,360,3.7,Rent,Undergraduate,No,0,Urban,0.212,0
L00439,Female,42,Middle-aged,African American,25600.0,0.0,754,108400.0,360,8.8,Rent,Graduate,No,0,Semiurban,0.305,1
L00440,Male,43,Middle-aged,Caucasian,68200.0,49000.0,571,406800.0,360,4.9,Mortgage,Undergraduate,No,0,Urban,0.25,1
L00441,Male,32,Middle-aged,Caucasian,23300.0,26900.0,642,176600.0,360,2.8,Mortgage,Graduate,No,0,Semiurban,0.253,1
L00442,Female,43,Middle-aged,Caucasian,33600.0,0.0,615,174600.0,360,6.0,Mortgage,Graduate,No,0,Semiurban,0.374,1
L00443,Male,33,Middle-aged,Caucasian,40400.0,23600.0,553,232800.0,180,4.7,Rent,Graduate,Yes,0,Semiurban,0.368,0
L00444,Male,36,Middle-aged,African American,20400.0,46000.0,590,146100.0,360,9.9,Rent,Undergraduate,No,1,Semiurban,0.158,0
L00445,Female,32,Middle-aged,Caucasian,75800.0,23700.0,548,282900.0,360,5.2,Own,Undergraduate,No,2,Rural,0.205,0
L00446,Female,23,Young,Caucasian,24200.0,0.0,541,114900.0,360,1.2,Own,Graduate,No,0,Semiurban,0.342,0
L00447,Female,42,Middle-aged,Caucasian,32900.0,24600.0,609,205400.0,360,8.6,Own,Undergraduate,Yes,0,Semiurban,0.257,1
L00448,Female,48,Middle-aged,Caucasian,59900.0,0.0,549,201500.0,360,7.7,Mortgage,Undergraduate,No,0,Urban,0.242,1
L00449,Male,47,Middle-aged,Caucasian,63500.0,23500.0,674,271400.0,180,6.4,Mortgage,Graduate,No,0,Semiurban,0.316,1
L00450,Male,50,Middle-aged,Caucasian,31500.0,0.0,565,147700.0,360,12.9,Mortgage,Graduate,No,0,Semiurban,0.337,1
L00451,Female,44,Middle-aged,Caucasian,54700.0,0.0,545,233800.0,180,4.7,Rent,Undergraduate,Yes,0,Semiurban,0.433,0
L00452,Female,34,Middle-aged,Caucasian,46800.0,0.0,546,202000.0,360,14.6,Mortgage,Graduate,No,3+,Rural,0.311,0
L00453,Male,51,Middle-aged,Hispanic,112200.0,0.0,819,389600.0,360,7.0,Mortgage,Graduate,No,1,Urban,0.25,1
L00454,Female,24,Young,Caucasian,49000.0,0.0,479,216400.0,360,4.0,Mortgage,Graduate,Yes,3+,Urban,0.318,0
L00455,Male,30,Middle-aged,Caucasian,46300.0,0.0,631,219200.0,360,15.0,Own,Graduate,No,0,Semiurban,0.341,1
L00456,Male,29,Young,Caucasian,34800.0,29200.0,549,251500.0,360,8.8,Rent,Graduate,No,2,Semiurban,0.283,0
L00457,Male,53,Middle-aged,Hispanic,32800.0,17200.0,607,195500.0,360,5.6,Mortgage,Graduate,No,2,Semiurban,0.281,0
L00458,Male,52,Middle-aged,African American,28200.0,0.0,659,121200.0,360,9.4,Mortgage,Undergraduate,No,2,Semiurban,0.309,1
L00459,Male,46,Middle-aged,Caucasian,84800.0,0.0,693,382900.0,360,6.1,Mortgage,Undergraduate,Yes,0,Rural,0.325,1
L00460,Male,53,Middle-aged,Caucasian,49400.0,0.0,601,202100.0,360,8.8,Mortgage,Graduate,No,1,Rural,0.294,1
L00461,Male,30,Middle-aged,African American,49200.0,19800.0,525,209800.0,180,8.6,Mortgage,Graduate,No,1,Rural,0.308,0
L00462,Female,45,Middle-aged,African American,58400.0,0.0,674,291100.0,180,7.5,Mortgage,Graduate,No,0,Semiurban,0.505,0
L00463,Female,39,Middle-aged,African American,20000.0,0.0,630,84000.0,180,3.5,Mortgage,Undergraduate,No,0,Semiurban,0.425,0
L00464,Female,51,Middle-aged,Hispanic,61300.0,0.0,631,265900.0,360,8.7,Own,Graduate,No,2,Semiurban,0.312,0
L00465,Female,39,Middle-aged,Hispanic,37600.0,0.0,638,196600.0,180,3.3,Mortgage,Graduate,Yes,3+,Urban,0.529,0
L00466,Male,36,Middle-aged,Caucasian,58300.0,0.0,596,304100.0,360,4.8,Rent,Graduate,No,2,Rural,0.375,0
L00467,Male,47,Middle-aged,Caucasian,35200.0,0.0,572,152000.0,180,7.6,Mortgage,Graduate,No,2,Semiurban,0.437,0
L00468,Female,51,Middle-aged,African American,23600.0,33000.0,618,126700.0,360,10.1,Rent,Graduate,No,0,Rural,0.161,0
L00469,Male,32,Middle-aged,Asian,59600.0,25300.0,649,284400.0,360,5.6,Mortgage,Undergraduate,No,1,Rural,0.241,1
L00470,Female,40,Middle-aged,Caucasian,108200.0,0.0,688,552800.0,360,4.1,Own,Graduate,Yes,0,Semiurban,0.368,1
L00471,Male,28,Young,Hispanic,65900.0,20800.0,648,280900.0,360,15.0,Own,Graduate,No,0,Urban,0.233,1
L00472,Female,18,Young,Caucasian,69100.0,0.0,559,362700.0,360,5.3,Mortgage,Undergraduate,No,2,Rural,0.378,0
L00473,Male,43,Middle-aged,Caucasian,45400.0,10900.0,718,163400.0,180,5.7,Mortgage,Graduate,No,3+,Semiurban,0.294,1
L00474,Female,48,Middle-aged,Hispanic,28900.0,0.0,597,123600.0,360,21.4,Mortgage,Graduate,No,1,Semiurban,0.308,0
L00475,Male,44,Middle-aged,Caucasian,35900.0,46600.0,610,252700.0,360,14.6,Rent,Graduate,No,2,Rural,0.22,1
L00476,Female,18,Young,Caucasian,34300.0,15800.0,498,152700.0,180,0.8,Rent,Graduate,No,0,Rural,0.309,0
L00477,Male,36,Middle-aged,Caucasian,21600.0,0.0,582,110900.0,120,8.0,Rent,Undergraduate,No,0,Urban,0.684,0
L00478,Female,18,Young,Caucasian,31200.0,36100.0,606,221600.0,360,4.1,Mortgage,Undergraduate,No,2,Urban,0.237,1
L00479,Female,57,Senior,Caucasian,33300.0,0.0,680,117100.0,180,6.9,Mortgage,Graduate,No,0,Urban,0.356,0
L00480,Male,27,Young,Caucasian,45700.0,24000.0,693,226100.0,360,2.7,Mortgage,Graduate,No,0,Semiurban,0.233,1
L00481,Female,56,Senior,Caucasian,43900.0,0.0,673,202900.0,180,9.8,Mortgage,Undergraduate,No,0,Semiurban,0.468,0
L00482,Female,52,Middle-aged,Hispanic,42500.0,0.0,651,156000.0,360,7.0,Mortgage,Graduate,No,0,Urban,0.264,1
L00483,Male,30,Middle-aged,Hispanic,43900.0,0.0,576,218600.0,360,10.8,Rent,Graduate,Yes,0,Urban,0.358,0
L00484,Female,27,Young,Caucasian,33000.0,0.0,550,111300.0,360,1.9,Mortgage,Graduate,No,0,Semiurban,0.243,0
L00485,Female,45,Middle-aged,African American,20000.0,0.0,664,71900.0,360,16.3,Own,Undergraduate,No,3+,Urban,0.259,1
L00486,Female,30,Middle-aged,Caucasian,33100.0,0.0,651,110100.0,360,11.0,Rent,Graduate,No,2,Rural,0.239,1
L00487,Male,42,Middle-aged,Caucasian,33200.0,11500.0,547,127200.0,360,10.3,Mortgage,Graduate,Yes,0,Semiurban,0.205,0
L00488,Male,35,Middle-aged,Caucasian,59100.0,0.0,666,217200.0,360,4.1,Rent,Graduate,No,1,Rural,0.264,1
L00489,Female,19,Young,Hispanic,52900.0,0.0,632,277600.0,360,6.4,Rent,Graduate,No,0,Rural,0.378,0
L00490,Female,18,Young,Hispanic,53500.0,41200.0,525,242400.0,360,2.9,Mortgage,Graduate,No,2,Semiurban,0.184,0
L00491,Male,43,Middle-aged,Caucasian,66400.0,0.0,673,231000.0,360,8.8,Own,Graduate,Yes,0,Semiurban,0.25,1
L00492,Female,34,Middle-aged,Caucasian,39500.0,0.0,542,142600.0,360,4.3,Rent,Graduate,Yes,1,Rural,0.26,0
L00493,Male,34,Middle-aged,Caucasian,39800.0,0.0,460,174800.0,180,11.4,Rent,Graduate,No,1,Rural,0.445,0
L00494,Male,49,Middle-aged,Caucasian,36400.0,0.0,616,170200.0,360,4.9,Mortgage,Graduate,No,0,Rural,0.336,0
L00495,Male,55,Middle-aged,Caucasian,26800.0,0.0,642,125700.0,360,11.4,Mortgage,Undergraduate,No,2,Semiurban,0.337,1
L00496,Male,37,Middle-aged,Caucasian,72900.0,25000.0,629,260400.0,180,11.7,Mortgage,Graduate,No,1,Semiurban,0.269,1
L00497,Female,36,Middle-aged,Asian,38900.0,0.0,780,173800.0,360,7.9,Mortgage,Graduate,No,2,Rural,0.321,1
L00498,Male,47,Middle-aged,Caucasian,29800.0,0.0,640,131700.0,360,5.4,Own,Graduate,No,0,Rural,0.318,1
L00499,Female,24,Young,Hispanic,26400.0,0.0,588,109900.0,120,2.6,Mortgage,Graduate,No,1,Semiurban,0.555,0
L00500,Female,43,Middle-aged,African American,22500.0,0.0,631,86700.0,360,7.4,Own,Graduate,No,0,Urban,0.277,0
L00501,Female,47,Middle-aged,Caucasian,42400.0,0.0,600,203300.0,360,6.3,Own,Graduate,No,2,Urban,0.345,1
L00502,Male,49,Middle-aged,Asian,75100.0,0.0,712,283400.0,360,4.7,Mortgage,Graduate,No,3+,Semiurban,0.271,1
L00503,Male,18,Young,Asian,42700.0,0.0,605,150200.0,360,0.2,Mortgage,Graduate,No,0,Urban,0.253,1
L00504,Female,31,Middle-aged,Caucasian,20000.0,0.0,604,74000.0,360,9.3,Mortgage,Graduate,No,1,Urban,0.266,0
L00505,Female,30,Middle-aged,Caucasian,38600.0,42900.0,561,245300.0,360,2.2,Rent,Graduate,No,0,Urban,0.217,1
L00506,Male,42,Middle-aged,Hispanic,41400.0,0.0,525,144100.0,120,16.8,Mortgage,Undergraduate,No,2,Urban,0.464,0
L00507,Female,46,Middle-aged,Caucasian,38100.0,0.0,592,166400.0,360,7.1,Mortgage,Graduate,Yes,0,Rural,0.314,1
L00508,Female,58,Senior,Caucasian,32400.0,20100.0,652,215100.0,360,13.1,Mortgage,Undergraduate,Yes,0,Urban,0.295,1
L00509,Female,35,Middle-aged,Caucasian,45500.0,0.0,585,197500.0,120,3.2,Own,Undergraduate,No,0,Rural,0.578,0
L00510,Female,35,Middle-aged,Asian,42800.0,31300.0,627,238300.0,120,15.6,Rent,Graduate,No,1,Urban,0.428,1
L00511,Female,54,Middle-aged,Asian,41300.0,9100.0,623,221200.0,360,5.6,Mortgage,Undergraduate,No,0,Rural,0.316,0
L00512,Male,44,Middle-aged,Hispanic,52000.0,0.0,656,243500.0,180,4.1,Mortgage,Graduate,No,1,Rural,0.474,1
L00513,Female,56,Senior,Caucasian,35100.0,0.0,576,134300.0,360,6.0,Rent,Graduate,No,1,Rural,0.275,0
L00514,Female,44,Middle-aged,Caucasian,34300.0,17200.0,628,189500.0,360,4.4,Rent,Undergraduate,Yes,0,Rural,0.265,0
L00515,Male,27,Young,Caucasian,85100.0,11700.0,593,424000.0,360,4.7,Mortgage,Graduate,Yes,0,Semiurban,0.315,1
L00516,Male,25,Young,Asian,61300.0,18300.0,517,252400.0,360,8.8,Rent,Graduate,No,0,Rural,0.228,0
L00517,Male,22,Young,Caucasian,68200.0,0.0,600,260800.0,360,2.3,Rent,Graduate,No,2,Urban,0.275,1
L00518,Female,48,Middle-aged,Caucasian,68000.0,0.0,741,220200.0,180,11.3,Rent,Graduate,No,0,Rural,0.328,1
L00519,Female,55,Middle-aged,Caucasian,51400.0,27900.0,559,346100.0,180,13.0,Own,Graduate,No,2,Semiurban,0.442,0
L00520,Male,63,Senior,Caucasian,71100.0,0.0,681,227000.0,360,18.7,Rent,Graduate,No,0,Urban,0.23,1
L00521,Female,51,Middle-aged,Hispanic,20000.0,16300.0,663,97000.0,360,5.8,Mortgage,Graduate,No,1,Rural,0.192,1
L00522,Male,54,Middle-aged,African American,42600.0,0.0,776,173800.0,180,6.1,Rent,Graduate,No,0,Rural,0.413,1
L00523,Female,34,Middle-aged,Hispanic,34200.0,33900.0,571,258600.0,360,3.1,Mortgage,Graduate,Yes,0,Urban,0.273,1
L00524,Female,27,Young,Caucasian,81500.0,0.0,590,309800.0,360,3.6,Own,Undergraduate,No,0,Rural,0.273,1
L00525,Female,51,Middle-aged,Hispanic,53300.0,0.0,572,252100.0,360,8.3,Own,Undergraduate,No,0,Urban,0.34,0
L00526,Male,46,Middle-aged,Asian,38100.0,14400.0,690,207000.0,360,7.3,Mortgage,Graduate,No,0,Urban,0.284,1
L00527,Male,42,Middle-aged,Caucasian,56900.0,0.0,579,252500.0,180,5.1,Mortgage,Graduate,No,0,Rural,0.449,1
L00528,Male,45,Middle-aged,Hispanic,47200.0,0.0,606,231300.0,120,8.9,Own,Graduate,No,0,Urban,0.653,0
L00529,Male,44,Middle-aged,Caucasian,58800.0,0.0,525,178300.0,360,6.0,Rent,Graduate,No,0,Urban,0.218,0
L00530,Female,56,Senior,Hispanic,24500.0,34300.0,679,217800.0,180,8.0,Rent,Undergraduate,No,3+,Rural,0.375,0
L00531,Female,56,Senior,Hispanic,42500.0,42400.0,710,316800.0,360,6.3,Mortgage,Graduate,No,1,Semiurban,0.268,1
L00532,Female,47,Middle-aged,Asian,38000.0,0.0,674,194200.0,360,8.8,Rent,Graduate,No,2,Semiurban,0.368,1
L00533,Female,51,Middle-aged,Caucasian,46700.0,0.0,540,223500.0,360,10.3,Mortgage,Graduate,No,0,Semiurban,0.344,0
L00534,Female,47,Middle-aged,Caucasian,31200.0,0.0,654,155300.0,180,11.4,Mortgage,Undergraduate,No,0,Semiurban,0.504,0
L00535,Female,35,Middle-aged,Caucasian,33000.0,36600.0,501,181600.0,180,14.3,Mortgage,Graduate,No,0,Rural,0.264,1
L00536,Female,50,Middle-aged,Caucasian,66600.0,0.0,654,247600.0,360,12.1,Rent,Graduate,Yes,2,Semiurban,0.267,0
L00537,Female,24,Young,Asian,27400.0,0.0,593,101600.0,360,2.2,Mortgage,Undergraduate,No,1,Semiurban,0.267,0
L00538,Male,53,Middle-aged,Asian,33200.0,0.0,647,107800.0,360,6.6,Mortgage,Graduate,No,1,Urban,0.234,1
L00539,Male,26,Young,Hispanic,43200.0,0.0,628,200500.0,360,13.5,Mortgage,Graduate,No,0,Semiurban,0.334,0
L00540,Male,44,Middle-aged,Caucasian,36000.0,18500.0,617,151700.0,360,11.7,Mortgage,Undergraduate,Yes,3+,Semiurban,0.2,1
L00541,Female,30,Middle-aged,Asian,29200.0,0.0,473,91000.0,360,9.4,Own,Graduate,No,0,Semiurban,0.224,0
L00542,Female,47,Middle-aged,Hispanic,38300.0,0.0,656,181700.0,360,10.7,Rent,Graduate,No,0,Urban,0.341,1
L00543,Male,40,Middle-aged,Asian,26800.0,0.0,610,135000.0,360,4.9,Mortgage,Graduate,No,0,Rural,0.362,1
L00544,Female,21,Young,Caucasian,27800.0,7600.0,522,150300.0,360,9.9,Rent,Undergraduate,No,0,Urban,0.305,0
L00545,Female,46,Middle-aged,Caucasian,94800.0,0.0,573,460400.0,180,5.0,Rent,Undergraduate,No,0,Urban,0.492,0
L00546,Male,34,Middle-aged,Caucasian,58900.0,0.0,713,255600.0,180,4.6,Rent,Graduate,No,1,Urban,0.439,1
L00547,Male,51,Middle-aged,African American,29100.0,0.0,696,145400.0,360,7.1,Rent,Graduate,No,0,Rural,0.359,1
L00548,Female,41,Middle-aged,African American,37700.0,29500.0,657,220000.0,180,7.6,Mortgage,Graduate,No,0,Urban,0.332,1
L00549,Male,45,Middle-aged,Hispanic,55400.0,0.0,594,289400.0,180,7.2,Rent,Graduate,No,0,Rural,0.529,0
L00550,Female,29,Young,Caucasian,62000.0,0.0,465,200400.0,360,4.7,Mortgage,Undergraduate,No,0,Rural,0.233,0
L00551,Male,33,Middle-aged,Caucasian,46600.0,0.0,655,224600.0,360,6.3,Rent,Undergraduate,No,0,Urban,0.347,1
L00552,Female,35,Middle-aged,African American,47100.0,0.0,635,209300.0,360,5.2,Rent,Graduate,No,0,Semiurban,0.32,0
L00553,Female,51,Middle-aged,Asian,20000.0,20700.0,593,133700.0,360,6.4,Mortgage,Graduate,No,0,Urban,0.236,1
L00554,Female,61,Senior,Hispanic,24100.0,0.0,701,111700.0,180,11.9,Mortgage,Undergraduate,Yes,0,Semiurban,0.469,0
L00555,Female,31,Middle-aged,Asian,44500.0,13500.0,655,252800.0,180,9.8,Mortgage,Graduate,No,3+,Semiurban,0.441,1
L00556,Male,53,Middle-aged,Caucasian,55900.0,0.0,657,276200.0,360,8.5,Mortgage,Graduate,Yes,2,Rural,0.355,0
L00557,Male,18,Young,African American,27200.0,0.0,573,92300.0,360,5.2,Mortgage,Graduate,No,0,Urban,0.244,0
L00558,Male,26,Young,Hispanic,48900.0,0.0,604,168400.0,360,5.0,Mortgage,Graduate,No,1,Rural,0.248,0
L00559,Female,29,Young,Caucasian,32500.0,16700.0,633,125700.0,360,2.0,Mortgage,Graduate,No,0,Rural,0.184,0
L00560,Female,24,Young,Caucasian,37300.0,0.0,537,123000.0,360,3.7,Rent,Graduate,Yes,0,Semiurban,0.237,0
L00561,Female,21,Young,Caucasian,62800.0,45100.0,630,312100.0,120,0.5,Mortgage,Graduate,No,2,Semiurban,0.385,0
L00562,Male,45,Middle-aged,Caucasian,70500.0,0.0,591,325900.0,360,9.5,Rent,Graduate,No,0,Semiurban,0.333,0
L00563,Male,38,Middle-aged,African American,26300.0,0.0,681,107100.0,360,6.5,Rent,Graduate,Yes,2,Urban,0.293,1
L00564,Male,45,Middle-aged,Caucasian,32100.0,12500.0,648,182400.0,360,4.7,Rent,Graduate,No,0,Semiurban,0.294,1
L00565,Male,49,Middle-aged,Caucasian,41600.0,27800.0,588,231100.0,120,8.6,Rent,Graduate,Yes,2,Semiurban,0.444,0
L00566,Female,44,Middle-aged,Caucasian,41200.0,0.0,626,175100.0,180,15.3,Mortgage,Graduate,No,0,Urban,0.43,0
L00567,Male,48,Middle-aged,Caucasian,37700.0,24600.0,573,165200.0,360,6.6,Mortgage,Graduate,No,1,Semiurban,0.191,1
L00568,Male,40,Middle-aged,Caucasian,74300.0,0.0,732,352700.0,360,23.5,Rent,Undergraduate,Yes,0,Urban,0.342,1
L00569,Female,26,Young,African American,36600.0,0.0,688,172200.0,360,17.2,Rent,Graduate,No,0,Semiurban,0.339,0
L00570,Male,53,Middle-aged,Caucasian,57700.0,0.0,690,213000.0,120,12.9,Rent,Graduate,No,2,Semiurban,0.492,1
L00571,Male,33,Middle-aged,Caucasian,29500.0,0.0,689,110300.0,180,10.7,Rent,Graduate,No,2,Semiurban,0.379,1
L00572,Female,29,Young,Caucasian,66500.0,0.0,628,232400.0,360,4.3,Rent,Undergraduate,No,2,Semiurban,0.251,0
L00573,Male,38,Middle-aged,Caucasian,20000.0,0.0,641,96600.0,360,5.6,Mortgage,Graduate,No,0,Rural,0.347,0
L00574,Female,30,Middle-aged,Caucasian,58200.0,18400.0,688,318400.0,360,17.2,Mortgage,Graduate,No,2,Semiurban,0.299,1
L00575,Female,35,Middle-aged,Caucasian,60500.0,30400.0,623,335300.0,360,4.8,Mortgage,Undergraduate,No,2,Semiurban,0.265,1
L00576,Female,45,Middle-aged,Hispanic,30900.0,0.0,619,109300.0,360,4.6,Mortgage,Graduate,No,0,Semiurban,0.254,1
L00577,Male,45,Middle-aged,African American,65300.0,49800.0,698,311100.0,360,4.9,Rent,Undergraduate,No,0,Urban,0.194,1
L00578,Female,30,Middle-aged,Caucasian,40600.0,0.0,639,126400.0,360,8.0,Rent,Undergraduate,No,0,Urban,0.224,1
L00579,Male,35,Middle-aged,Caucasian,50300.0,0.0,570,156100.0,360,5.0,Mortgage,Graduate,No,0,Semiurban,0.223,1
L00580,Male,53,Middle-aged,Hispanic,50500.0,19000.0,511,207400.0,360,6.4,Mortgage,Graduate,No,2,Rural,0.215,0
L00581,Male,46,Middle-aged,African American,140300.0,0.0,693,452600.0,360,12.6,Rent,Graduate,Yes,0,Semiurban,0.232,1
L00582,Female,65,Senior,Caucasian,71300.0,19500.0,551,347300.0,360,10.4,Own,Graduate,No,0,Rural,0.275,0
L00583,Male,55,Middle-aged,African American,51900.0,0.0,587,197500.0,360,9.7,Mortgage,Graduate,No,0,Urban,0.274,1
L00584,Male,54,Middle-aged,Asian,34000.0,0.0,578,136000.0,360,6.2,Mortgage,Graduate,No,1,Semiurban,0.288,1
L00585,Female,24,Young,Asian,44100.0,0.0,560,191200.0,360,2.0,Rent,Graduate,No,0,Urban,0.312,0
L00586,Male,50,Middle-aged,Caucasian,35400.0,30100.0,675,230700.0,360,5.5,Rent,Graduate,No,0,Semiurban,0.253,1
L00587,Male,40,Middle-aged,Caucasian,68100.0,34900.0,699,386600.0,360,6.9,Mortgage,Graduate,No,1,Urban,0.27,1
L00588,Male,34,Middle-aged,Caucasian,51900.0,20700.0,646,225800.0,180,9.9,Rent,Graduate,No,1,Semiurban,0.315,1
L00589,Male,43,Middle-aged,Hispanic,28100.0,0.0,647,135500.0,360,10.3,Rent,Graduate,No,0,Semiurban,0.347,0
L00590,Male,52,Middle-aged,African American,40500.0,0.0,672,205100.0,360,6.6,Mortgage,Graduate,No,3+,Semiurban,0.364,1
L00591,Male,47,Middle-aged,Caucasian,34900.0,18900.0,471,166900.0,360,13.9,Mortgage,Graduate,No,2,Urban,0.223,1
L00592,Female,30,Middle-aged,Hispanic,39100.0,0.0,599,118800.0,360,2.4,Rent,Graduate,No,1,Urban,0.219,1
L00593,Male,49,Middle-aged,Hispanic,31300.0,0.0,513,157200.0,360,5.3,Mortgage,Graduate,No,2,Urban,0.361,0
L00594,Male,33,Middle-aged,Hispanic,44600.0,7300.0,638,246200.0,360,11.7,Mortgage,Graduate,No,0,Semiurban,0.341,1
L00595,Female,43,Middle-aged,Hispanic,49600.0,0.0,501,154500.0,120,5.2,Own,Undergraduate,No,0,Urban,0.415,0
L00596,Male,37,Middle-aged,Hispanic,43200.0,0.0,602,130100.0,180,9.0,Mortgage,Graduate,No,2,Urban,0.305,0
L00597,Female,38,Middle-aged,Caucasian,35600.0,14900.0,641,210600.0,360,3.0,Mortgage,Undergraduate,No,0,Semiurban,0.3,1
L00598,Male,50,Middle-aged,Asian,53200.0,12500.0,573,220200.0,360,5.3,Rent,Graduate,Yes,2,Urban,0.241,1
L00599,Male,28,Young,Asian,64800.0,31000.0,674,411400.0,180,6.2,Own,Graduate,No,0,Semiurban,0.435,1
L00600,Male,64,Senior,Caucasian,31500.0,0.0,674,109900.0,180,7.9,Mortgage,Graduate,No,0,Urban,0.353,1
L00601,Male,19,Young,Caucasian,54400.0,0.0,617,268600.0,360,0.3,Rent,Graduate,Yes,0,Rural,0.355,1
L00602,Male,33,Middle-aged,Hispanic,74700.0,19500.0,674,268400.0,360,5.4,Own,Undergraduate,No,1,Semiurban,0.205,1
L00603,Male,45,Middle-aged,Caucasian,61700.0,19100.0,618,257800.0,360,6.1,Rent,Graduate,No,1,Semiurban,0.23,1
L00604,Male,48,Middle-aged,Hispanic,45100.0,0.0,640,234000.0,120,12.6,Own,Graduate,No,0,Rural,0.691,0
L00605,Male,39,Middle-aged,Caucasian,63300.0,21900.0,632,263900.0,360,11.7,Rent,Graduate,No,1,Rural,0.223,1
L00606,Male,40,Middle-aged,Caucasian,58700.0,14300.0,629,218800.0,360,8.1,Mortgage,Graduate,No,0,Semiurban,0.216,1
L00607,Male,45,Middle-aged,Caucasian,66300.0,0.0,603,326800.0,360,5.8,Mortgage,Graduate,No,2,Urban,0.355,1
L00608,Male,38,Middle-aged,Caucasian,21800.0,47900.0,522,154600.0,180,6.1,Mortgage,Undergraduate,No,0,Urban,0.225,0
L00609,Male,57,Senior,African American,21100.0,0.0,605,67900.0,360,11.9,Mortgage,Undergraduate,No,0,Urban,0.232,1
L00610,Female,51,Middle-aged,Caucasian,62300.0,0.0,625,232200.0,120,5.3,Own,Graduate,No,0,Rural,0.497,0
L00611,Male,51,Middle-aged,Caucasian,26800.0,0.0,576,118700.0,360,7.0,Rent,Graduate,No,0,Semiurban,0.319,0
L00612,Female,29,Young,Caucasian,48900.0,0.0,656,224900.0,360,10.3,Mortgage,Undergraduate,No,3+,Rural,0.331,1
L00613,Female,40,Middle-aged,Caucasian,36200.0,42200.0,541,292500.0,120,5.9,Rent,Graduate,No,0,Semiurban,0.497,0
L00614,Male,37,Middle-aged,Caucasian,32900.0,49500.0,594,250100.0,120,7.7,Rent,Graduate,No,0,Rural,0.404,0
L00615,Female,28,Young,Asian,47900.0,31000.0,673,250300.0,360,2.0,Rent,Graduate,No,1,Semiurban,0.228,1
L00616,Female,45,Middle-aged,Caucasian,45200.0,0.0,681,172100.0,360,11.6,Mortgage,Undergraduate,No,1,Semiurban,0.274,1
L00617,Male,34,Middle-aged,Caucasian,114000.0,0.0,738,559200.0,120,2.9,Own,Graduate,No,3+,Semiurban,0.654,1
L00618,Male,48,Middle-aged,Caucasian,38200.0,0.0,590,176800.0,360,14.4,Rent,Undergraduate,No,0,Rural,0.333,0
L00619,Female,28,Young,Caucasian,74100.0,0.0,671,373300.0,360,2.1,Own,Graduate,No,0,Rural,0.362,1
L00620,Female,61,Senior,Caucasian,48000.0,0.0,589,248100.0,360,17.5,Mortgage,Graduate,No,0,Urban,0.372,1
L00621,Male,30,Middle-aged,Caucasian,37600.0,0.0,581,138200.0,120,4.1,Rent,Undergraduate,Yes,0,Semiurban,0.49,0
L00622,Male,43,Middle-aged,Hispanic,60700.0,0.0,625,254400.0,360,8.6,Mortgage,Graduate,No,2,Urban,0.302,1
L00623,Male,50,Middle-aged,Hispanic,55300.0,0.0,607,244500.0,360,14.2,Mortgage,Graduate,No,2,Semiurban,0.318,1
L00624,Male,34,Middle-aged,Asian,49700.0,0.0,592,167400.0,180,2.5,Mortgage,Graduate,No,2,Urban,0.341,1
L00625,Female,51,Middle-aged,Caucasian,46400.0,0.0,607,144800.0,360,6.5,Rent,Graduate,No,0,Semiurban,0.225,1
L00626,Male,26,Young,Caucasian,38600.0,21700.0,533,248500.0,180,13.1,Rent,Graduate,Yes,1,Rural,0.417,0
L00627,Male,58,Senior,Caucasian,35200.0,0.0,689,148000.0,360,8.5,Rent,Graduate,No,1,Semiurban,0.303,1
L00628,Female,41,Middle-aged,African American,43200.0,0.0,608,185100.0,120,9.6,Rent,Graduate,No,1,Urban,0.571,0
L00629,Male,33,Middle-aged,Hispanic,40300.0,49400.0,616,283200.0,360,3.0,Own,Graduate,No,2,Semiurban,0.227,1
L00630,Male,37,Middle-aged,Caucasian,47500.0,15700.0,626,262500.0,360,8.5,Mortgage,Undergraduate,No,0,Rural,0.299,1
L00631,Female,50,Middle-aged,Caucasian,46600.0,14200.0,638,180300.0,360,5.2,Mortgage,Graduate,No,0,Urban,0.213,1
L00632,Female,33,Middle-aged,African American,35400.0,0.0,606,155100.0,360,8.6,Own,Undergraduate,No,1,Rural,0.315,0
L00633,Male,32,Middle-aged,Asian,27700.0,0.0,574,112400.0,360,4.1,Mortgage,Graduate,No,2,Urban,0.292,0
L00634,Male,38,Middle-aged,Asian,82000.0,16300.0,730,455100.0,360,6.1,Own,Graduate,No,2,Semiurban,0.333,1
L00635,Male,26,Young,African American,41200.0,28600.0,640,235400.0,360,2.1,Mortgage,Graduate,No,0,Semiurban,0.243,1
L00636,Male,62,Senior,Hispanic,40700.0,0.0,649,208400.0,360,11.5,Own,Graduate,No,0,Semiurban,0.368,1
L00637,Male,34,Middle-aged,Caucasian,58200.0,0.0,593,220900.0,120,4.5,Mortgage,Graduate,No,3+,Rural,0.506,0
L00638,Male,50,Middle-aged,Hispanic,48500.0,0.0,629,251000.0,360,7.2,Rent,Undergraduate,No,0,Urban,0.372,0
L00639,Male,43,Middle-aged,Hispanic,60000.0,0.0,660,298100.0,120,9.0,Mortgage,Undergraduate,No,0,Semiurban,0.662,0
L00640,Male,29,Young,Asian,60800.0,15000.0,705,296800.0,360,2.6,Own,Graduate,No,0,Semiurban,0.282,1
L00641,Male,40,Middle-aged,Caucasian,65300.0,0.0,552,247900.0,360,12.9,Mortgage,Graduate,No,3+,Rural,0.273,1
L00642,Male,50,Middle-aged,Caucasian,84200.0,20400.0,704,365700.0,120,11.5,Rent,Graduate,No,0,Urban,0.466,1
L00643,Male,38,Middle-aged,Caucasian,69800.0,0.0,703,330800.0,120,7.3,Mortgage,Graduate,No,1,Semiurban,0.631,1
L00644,Male,55,Middle-aged,Caucasian,46000.0,9900.0,553,220800.0,360,6.2,Mortgage,Undergraduate,No,1,Urban,0.284,0
L00645,Male,53,Middle-aged,Hispanic,28200.0,0.0,614,110100.0,360,11.1,Own,Graduate,No,1,Rural,0.281,1
L00646,Female,52,Middle-aged,Caucasian,81200.0,0.0,602,359800.0,360,5.2,Mortgage,Graduate,No,0,Urban,0.319,1
L00647,Female,35,Middle-aged,Caucasian,37900.0,0.0,631,176200.0,360,10.7,Mortgage,Undergraduate,No,0,Urban,0.334,1
L00648,Female,28,Young,Asian,34500.0,28000.0,571,150800.0,180,3.3,Mortgage,Undergraduate,No,2,Semiurban,0.244,1
L00649,Female,33,Middle-aged,Caucasian,20800.0,0.0,581,66600.0,360,2.9,Mortgage,Graduate,Yes,1,Rural,0.23,1
L00650,Male,43,Middle-aged,Caucasian,56100.0,0.0,607,180200.0,360,4.6,Rent,Graduate,No,0,Rural,0.231,1
L00651,Male,47,Middle-aged,Caucasian,52000.0,10300.0,678,202500.0,360,20.9,Mortgage,Undergraduate,No,0,Urban,0.234,1
L00652,Male,18,Young,African American,21400.0,0.0,580,84800.0,360,7.4,Rent,Graduate,No,0,Semiurban,0.285,0
L00653,Female,40,Middle-aged,Caucasian,50000.0,13800.0,636,275800.0,360,4.7,Own,Undergraduate,No,0,Rural,0.311,1
L00654,Female,42,Middle-aged,Hispanic,30100.0,40500.0,619,195900.0,120,20.1,Mortgage,Graduate,Yes,1,Urban,0.37,1
L00655,Male,37,Middle-aged,Caucasian,143800.0,39700.0,727,501400.0,120,3.6,Mortgage,Graduate,No,0,Semiurban,0.364,1
L00656,Male,56,Senior,Hispanic,35100.0,0.0,619,143500.0,360,12.3,Rent,Graduate,No,2,Semiurban,0.294,1
L00657,Male,46,Middle-aged,Caucasian,41200.0,0.0,727,216000.0,360,9.5,Mortgage,Graduate,No,0,Semiurban,0.377,1
L00658,Male,56,Senior,Caucasian,34500.0,26600.0,560,184300.0,360,14.3,Mortgage,Undergraduate,Yes,0,Semiurban,0.217,1
L00659,Female,38,Middle-aged,Caucasian,69500.0,0.0,532,358800.0,360,5.4,Mortgage,Graduate,No,0,Semiurban,0.371,0
L00660,Female,52,Middle-aged,Caucasian,35900.0,0.0,521,115900.0,360,7.7,Mortgage,Undergraduate,No,0,Semiurban,0.232,0
L00661,Male,60,Senior,Caucasian,36700.0,25300.0,517,170100.0,120,11.2,Mortgage,Graduate,Yes,1,Semiurban,0.366,0
L00662,Female,56,Senior,Caucasian,55300.0,0.0,691,256000.0,360,8.2,Own,Graduate,No,0,Semiurban,0.333,1
L00663,Female,27,Young,Caucasian,24000.0,16900.0,615,136300.0,180,1.6,Rent,Graduate,No,1,Semiurban,0.337,0
L00664,Male,37,Middle-aged,Caucasian,62900.0,15000.0,701,334800.0,180,9.4,Rent,Graduate,No,0,Semiurban,0.435,1
L00665,Male,36,Middle-aged,Caucasian,100000.0,18400.0,593,542800.0,180,7.8,Mortgage,Graduate,Yes,0,Rural,0.464,0
L00666,Male,46,Middle-aged,Caucasian,61500.0,0.0,685,219200.0,360,7.0,Mortgage,Graduate,Yes,0,Rural,0.256,1
L00667,Male,49,Middle-aged,Asian,63300.0,0.0,650,287200.0,120,6.5,Mortgage,Graduate,No,0,Rural,0.604,0
L00668,Male,30,Middle-aged,Hispanic,62500.0,0.0,627,272900.0,360,3.7,Rent,Undergraduate,No,2,Semiurban,0.314,0
L00669,Male,41,Middle-aged,Caucasian,97100.0,0.0,699,479500.0,360,10.2,Rent,Graduate,No,0,Semiurban,0.355,1
L00670,Male,18,Young,Caucasian,79500.0,0.0,568,315400.0,360,6.5,Own,Graduate,No,2,Rural,0.285,1
L00671,Male,58,Senior,Hispanic,52600.0,0.0,807,163900.0,360,14.5,Rent,Graduate,No,0,Semiurban,0.224,1
L00672,Female,34,Middle-aged,Caucasian,59800.0,0.0,701,256700.0,360,9.6,Mortgage,Graduate,No,0,Rural,0.309,1
L00673,Male,41,Middle-aged,Hispanic,31000.0,0.0,577,159900.0,360,10.5,Mortgage,Undergraduate,No,2,Urban,0.371,0
L00674,Male,37,Middle-aged,Caucasian,66900.0,10300.0,566,219600.0,180,4.3,Rent,Graduate,No,3+,Urban,0.288,0
L00675,Male,54,Middle-aged,Hispanic,29500.0,0.0,622,104400.0,180,5.9,Mortgage,Undergraduate,No,0,Semiurban,0.358,1
L00676,Female,18,Young,Caucasian,36000.0,0.0,589,133600.0,360,7.2,Own,Graduate,No,0,Rural,0.267,1
L00677,Male,40,Middle-aged,Hispanic,20000.0,25000.0,662,157400.0,180,3.8,Mortgage,Graduate,No,1,Semiurban,0.354,0
L00678,Male,39,Middle-aged,Caucasian,57600.0,22600.0,557,259600.0,120,23.3,Rent,Undergraduate,No,3+,Urban,0.431,0
L00679,Female,35,Middle-aged,African American,24600.0,0.0,612,87000.0,360,13.0,Mortgage,Undergraduate,No,2,Urban,0.254,0
L00680,Female,61,Senior,Caucasian,65000.0,13800.0,574,322700.0,180,10.3,Mortgage,Graduate,No,0,Urban,0.415,0
L00681,Female,30,Middle-aged,Caucasian,48700.0,0.0,633,151200.0,360,4.0,Mortgage,Graduate,No,1,Semiurban,0.223,1
L00682,Male,50,Middle-aged,Asian,76900.0,0.0,653,260200.0,360,8.5,Mortgage,Graduate,No,1,Urban,0.243,1
L00683,Male,45,Middle-aged,Caucasian,31800.0,48300.0,732,225500.0,360,10.7,Rent,Graduate,No,1,Rural,0.203,1
L00684,Female,56,Senior,Hispanic,55700.0,29800.0,558,272100.0,360,12.8,Mortgage,Graduate,No,1,Semiurban,0.229,1
L00685,Female,32,Middle-aged,Caucasian,96700.0,0.0,730,365600.0,360,2.5,Rent,Graduate,No,0,Semiurban,0.272,1
L00686,Female,32,Middle-aged,Hispanic,49900.0,31100.0,508,215700.0,360,10.3,Mortgage,Undergraduate,No,1,Semiurban,0.192,1
L00687,Female,54,Middle-aged,Caucasian,57200.0,17300.0,570,253200.0,360,10.5,Mortgage,Graduate,No,1,Rural,0.245,1
L00688,Male,46,Middle-aged,Hispanic,47200.0,22000.0,529,282600.0,120,4.4,Mortgage,Graduate,No,1,Semiurban,0.544,0
L00689,Female,22,Young,Hispanic,29800.0,0.0,594,117100.0,360,2.5,Rent,Undergraduate,No,0,Semiurban,0.283,0
L00690,Male,34,Middle-aged,Caucasian,66500.0,0.0,556,287200.0,360,6.0,Mortgage,Graduate,No,0,Rural,0.311,1
L00691,Male,45,Middle-aged,Hispanic,24200.0,0.0,528,81500.0,360,5.1,Rent,Graduate,No,0,Urban,0.242,0
L00692,Male,51,Middle-aged,Asian,41500.0,0.0,644,131000.0,360,5.8,Rent,Graduate,No,0,Urban,0.227,1
L00693,Male,32,Middle-aged,Caucasian,24100.0,0.0,617,120000.0,360,2.2,Rent,Undergraduate,No,0,Semiurban,0.358,0
L00694,Male,18,Young,African American,29600.0,30100.0,576,171000.0,180,12.1,Rent,Graduate,Yes,2,Semiurban,0.29,0
L00695,Male,47,Middle-aged,Caucasian,63400.0,23800.0,634,288300.0,180,4.6,Mortgage,Undergraduate,No,1,Urban,0.335,1
L00696,Female,26,Young,Asian,51000.0,49100.0,712,384000.0,180,3.5,Own,Graduate,No,1,Semiurban,0.388,1
L00697,Male,18,Young,Caucasian,50000.0,0.0,598,229600.0,180,1.2,Mortgage,Graduate,No,3+,Semiurban,0.465,0
L00698,Female,18,Young,Caucasian,44600.0,0.0,634,209700.0,360,6.8,Mortgage,Graduate,Yes,0,Rural,0.338,0
L00699,Male,50,Middle-aged,Caucasian,23100.0,0.0,625,104700.0,360,10.9,Mortgage,Graduate,No,0,Semiurban,0.326,1
L00700,Male,42,Middle-aged,Caucasian,42200.0,0.0,553,136600.0,360,11.8,Mortgage,Graduate,No,0,Semiurban,0.233,1
L00701,Male,38,Middle-aged,Hispanic,33600.0,19900.0,639,227900.0,360,7.8,Mortgage,Graduate,No,0,Urban,0.306,1
L00702,Male,57,Senior,Hispanic,33900.0,0.0,596,171000.0,360,10.3,Mortgage,Graduate,No,0,Semiurban,0.363,0
L00703,Male,48,Middle-aged,Caucasian,62300.0,17100.0,639,252200.0,360,7.1,Mortgage,Undergraduate,Yes,2,Semiurban,0.229,1
L00704,Male,60,Senior,Caucasian,34700.0,0.0,659,166900.0,360,11.4,Mortgage,Graduate,No,0,Semiurban,0.346,1
L00705,Male,24,Young,African American,30800.0,0.0,467,120800.0,360,1.5,Mortgage,Graduate,No,0,Rural,0.282,0
L00706,Female,40,Middle-aged,Caucasian,20000.0,30200.0,502,163900.0,120,9.1,Rent,Graduate,No,0,Rural,0.435,0
L00707,Male,21,Young,Caucasian,43600.0,0.0,643,147000.0,360,1.0,Mortgage,Graduate,No,0,Rural,0.243,1
L00708,Female,38,Middle-aged,Caucasian,27000.0,0.0,561,113700.0,360,12.9,Rent,Graduate,No,1,Urban,0.303,0
L00709,Male,38,Middle-aged,Caucasian,50600.0,0.0,583,166200.0,360,6.5,Rent,Graduate,No,0,Semiurban,0.236,1
L00710,Female,48,Middle-aged,Caucasian,28500.0,11700.0,627,146100.0,360,8.3,Rent,Graduate,No,1,Urban,0.261,1
L00711,Female,41,Middle-aged,Asian,43400.0,35000.0,596,220200.0,120,7.8,Mortgage,Undergraduate,No,0,Rural,0.374,0
L00712,Female,48,Middle-aged,Caucasian,39300.0,11500.0,651,182600.0,360,12.0,Rent,Graduate,No,0,Semiurban,0.259,1
L00713,Male,49,Middle-aged,Hispanic,86100.0,30300.0,662,460500.0,180,7.9,Mortgage,Graduate,Yes,0,Urban,0.401,1
L00714,Male,66,Senior,Caucasian,59800.0,15900.0,681,339600.0,360,10.0,Rent,Graduate,No,0,Semiurban,0.323,1
L00715,Male,37,Middle-aged,Caucasian,23500.0,28000.0,555,129600.0,360,4.6,Mortgage,Graduate,No,2,Urban,0.181,1
L00716,Female,29,Young,Hispanic,22200.0,0.0,595,111200.0,180,2.3,Rent,Graduate,No,0,Rural,0.507,0
L00717,Female,43,Middle-aged,Caucasian,42600.0,0.0,687,165200.0,360,4.8,Rent,Graduate,Yes,3+,Semiurban,0.279,1
L00718,Female,31,Middle-aged,Caucasian,28700.0,0.0,558,140600.0,360,2.0,Mortgage,Graduate,No,2,Semiurban,0.352,0
L00719,Male,58,Senior,African American,20000.0,34700.0,680,159900.0,360,16.2,Mortgage,Undergraduate,Yes,0,Semiurban,0.21,1
L00720,Female,37,Middle-aged,Caucasian,71500.0,0.0,632,353200.0,360,10.1,Mortgage,Undergraduate,No,0,Semiurban,0.355,0
L00721,Female,34,Middle-aged,Asian,55600.0,0.0,662,249700.0,180,3.6,Mortgage,Graduate,No,0,Rural,0.455,1
L00722,Male,35,Middle-aged,Caucasian,60400.0,23800.0,631,302900.0,360,2.6,Mortgage,Graduate,No,0,Urban,0.259,1
L00723,Male,49,Middle-aged,African American,30800.0,0.0,619,114100.0,360,8.0,Mortgage,Graduate,No,1,Urban,0.267,1
L00724,Female,39,Middle-aged,Caucasian,49400.0,12100.0,642,289300.0,360,5.8,Mortgage,Graduate,No,0,Semiurban,0.338,0
L00725,Female,33,Middle-aged,Caucasian,31400.0,14100.0,670,186900.0,360,9.7,Mortgage,Graduate,No,0,Urban,0.296,1
L00726,Female,60,Senior,Hispanic,39900.0,0.0,659,153900.0,360,8.9,Mortgage,Graduate,No,1,Semiurban,0.278,1
L00727,Male,30,Middle-aged,Asian,33900.0,15300.0,623,142000.0,360,11.8,Rent,Graduate,No,1,Semiurban,0.208,1
L00728,Female,41,Middle-aged,Caucasian,76400.0,8500.0,623,384800.0,180,4.0,Mortgage,Graduate,No,1,Semiurban,0.459,1
L00729,Male,48,Middle-aged,Caucasian,26200.0,0.0,710,137000.0,360,6.8,Own,Graduate,Yes,2,Semiurban,0.376,1
L00730,Male,21,Young,Caucasian,80300.0,38700.0,657,366200.0,360,14.0,Own,Graduate,No,1,Urban,0.221,1
L00731,Male,46,Middle-aged,African American,39800.0,23300.0,628,264300.0,360,4.3,Mortgage,Graduate,No,3+,Semiurban,0.301,1
L00732,Female,28,Young,Asian,34300.0,0.0,585,112600.0,180,4.0,Rent,Graduate,Yes,1,Semiurban,0.332,0
L00733,Female,50,Middle-aged,African American,34100.0,0.0,683,175400.0,360,6.3,Own,Undergraduate,No,0,Urban,0.37,1
L00734,Male,29,Young,Caucasian,65700.0,0.0,582,307300.0,360,5.4,Mortgage,Graduate,No,0,Urban,0.337,0
L00735,Male,49,Middle-aged,Asian,84700.0,0.0,557,320200.0,180,6.3,Rent,Graduate,No,0,Semiurban,0.383,0
L00736,Female,54,Middle-aged,Caucasian,47200.0,0.0,646,174000.0,360,15.6,Own,Graduate,No,0,Semiurban,0.265,1
L00737,Male,51,Middle-aged,Caucasian,34300.0,12500.0,698,182200.0,360,18.8,Mortgage,Graduate,No,0,Semiurban,0.28,1
L00738,Female,44,Middle-aged,Caucasian,42600.0,0.0,718,184700.0,180,13.4,Rent,Graduate,Yes,0,Semiurban,0.439,1
L00739,Male,38,Middle-aged,Hispanic,91200.0,45600.0,646,585400.0,360,5.5,Own,Graduate,No,1,Urban,0.308,1
L00740,Male,34,Middle-aged,Asian,84000.0,0.0,643,396800.0,360,25.4,Mortgage,Graduate,No,0,Semiurban,0.34,1
L00741,Male,58,Senior,Caucasian,70500.0,0.0,697,297200.0,360,12.6,Mortgage,Graduate,No,0,Rural,0.303,1
L00742,Male,32,Middle-aged,African American,53900.0,15500.0,598,316200.0,360,4.3,Mortgage,Undergraduate,No,0,Urban,0.328,0
L00743,Female,28,Young,Hispanic,48600.0,25000.0,634,268400.0,360,2.0,Own,Graduate,No,0,Semiurban,0.262,1
L00744,Male,48,Middle-aged,Caucasian,77900.0,0.0,652,382600.0,360,10.0,Mortgage,Undergraduate,No,1,Urban,0.353,1
L00745,Male,31,Middle-aged,Caucasian,40800.0,0.0,662,199600.0,360,8.5,Rent,Undergraduate,No,2,Semiurban,0.352,0
L00746,Female,29,Young,Hispanic,21400.0,14600.0,626,147900.0,360,2.3,Mortgage,Undergraduate,No,0,Semiurban,0.296,0
L00747,Male,23,Young,Hispanic,45400.0,0.0,642,143100.0,360,4.7,Rent,Graduate,No,0,Urban,0.227,1
L00748,Male,35,Middle-aged,Caucasian,35300.0,0.0,591,152300.0,360,24.3,Mortgage,Undergraduate,No,0,Urban,0.31,1
L00749,Female,40,Middle-aged,Caucasian,27300.0,0.0,720,110700.0,360,5.3,Mortgage,Graduate,No,0,Semiurban,0.292,1
L00750,Female,43,Middle-aged,Caucasian,31200.0,8000.0,641,145500.0,360,5.5,Rent,Graduate,No,0,Semiurban,0.267,1
L00751,Male,52,Middle-aged,Caucasian,132500.0,0.0,721,534600.0,180,16.8,Mortgage,Undergraduate,Yes,2,Semiurban,0.409,1
L00752,Female,47,Middle-aged,Hispanic,38800.0,0.0,578,189500.0,360,5.0,Mortgage,Graduate,No,0,Semiurban,0.351,0
L00753,Female,38,Middle-aged,Caucasian,48200.0,0.0,612,179100.0,360,16.6,Mortgage,Graduate,No,0,Urban,0.267,1
L00754,Male,38,Middle-aged,Hispanic,27100.0,11100.0,608,133400.0,360,10.6,Mortgage,Graduate,No,1,Semiurban,0.251,1
L00755,Male,47,Middle-aged,Caucasian,23400.0,0.0,564,80800.0,360,6.8,Mortgage,Graduate,No,0,Semiurban,0.248,0
L00756,Female,56,Senior,Caucasian,30000.0,0.0,613,107000.0,180,6.1,Rent,Undergraduate,No,3+,Semiurban,0.361,0
L00757,Female,42,Middle-aged,Caucasian,74100.0,0.0,635,332400.0,360,3.7,Rent,Graduate,No,2,Semiurban,0.323,0
L00758,Male,35,Middle-aged,Asian,56000.0,0.0,623,182700.0,360,4.9,Mortgage,Graduate,No,1,Semiurban,0.235,1
L00759,Female,29,Young,Caucasian,52900.0,17600.0,503,213200.0,360,7.8,Rent,Undergraduate,No,0,Semiurban,0.218,0
L00760,Female,23,Young,African American,42800.0,34500.0,583,256300.0,120,4.1,Rent,Graduate,No,0,Semiurban,0.442,0
L00761,Male,48,Middle-aged,Caucasian,38700.0,26200.0,603,163200.0,360,11.2,Mortgage,Undergraduate,No,0,Semiurban,0.181,1
L00762,Male,47,Middle-aged,Caucasian,85400.0,23600.0,660,321900.0,360,9.9,Mortgage,Graduate,No,0,Semiurban,0.212,1
L00763,Male,47,Middle-aged,Caucasian,38100.0,8100.0,686,209700.0,360,8.6,Rent,Graduate,No,0,Rural,0.327,1
L00764,Female,39,Middle-aged,Caucasian,73100.0,0.0,763,358500.0,360,20.3,Own,Graduate,No,0,Semiurban,0.353,1
L00765,Male,57,Senior,African American,46800.0,41600.0,686,260900.0,360,12.4,Mortgage,Graduate,No,1,Semiurban,0.212,1
L00766,Female,35,Middle-aged,Caucasian,20400.0,0.0,517,77200.0,180,14.9,Mortgage,Graduate,No,0,Urban,0.383,0
L00767,Female,52,Middle-aged,African American,23600.0,24600.0,599,187500.0,360,6.5,Rent,Graduate,No,1,Semiurban,0.28,0
L00768,Female,40,Middle-aged,Caucasian,20400.0,0.0,635,62400.0,360,9.6,Rent,Graduate,No,0,Semiurban,0.22,1
L00769,Male,33,Middle-aged,Caucasian,78100.0,20700.0,663,383800.0,360,6.8,Rent,Graduate,No,3+,Semiurban,0.279,1
L00770,Female,48,Middle-aged,Caucasian,41300.0,0.0,687,179400.0,360,17.4,Mortgage,Graduate,No,2,Urban,0.313,1
L00771,Male,45,Middle-aged,Caucasian,20100.0,38800.0,600,194700.0,360,7.6,Mortgage,Graduate,No,0,Semiurban,0.238,1
L00772,Female,45,Middle-aged,Asian,48400.0,41100.0,607,361500.0,360,5.7,Mortgage,Undergraduate,No,1,Semiurban,0.291,0
L00773,Male,41,Middle-aged,African American,31600.0,39200.0,714,199600.0,180,5.9,Rent,Graduate,No,1,Rural,0.285,1
L00774,Male,40,Middle-aged,Caucasian,27100.0,19500.0,608,149400.0,120,4.5,Rent,Graduate,No,2,Rural,0.427,0
L00775,Female,69,Senior,Caucasian,81500.0,0.0,630,367600.0,360,8.9,Rent,Graduate,No,1,Semiurban,0.325,1
L00776,Male,55,Middle-aged,Hispanic,46100.0,0.0,730,238600.0,360,8.7,Own,Graduate,No,0,Semiurban,0.372,1
L00777,Male,49,Middle-aged,African American,34900.0,13300.0,534,210100.0,360,15.8,Mortgage,Graduate,No,0,Urban,0.314,0
L00778,Female,42,Middle-aged,African American,27200.0,36100.0,398,209100.0,360,4.7,Mortgage,Graduate,No,1,Urban,0.238,0
L00779,Female,53,Middle-aged,Caucasian,22700.0,0.0,666,111900.0,360,6.9,Own,Graduate,Yes,3+,Urban,0.355,1
L00780,Female,47,Middle-aged,Caucasian,24700.0,0.0,667,78800.0,360,13.9,Mortgage,Graduate,No,2,Semiurban,0.23,1
L00781,Female,41,Middle-aged,Hispanic,61500.0,0.0,658,236700.0,120,5.5,Own,Graduate,No,0,Urban,0.513,1
L00782,Male,37,Middle-aged,Asian,40600.0,0.0,532,123000.0,120,19.3,Rent,Undergraduate,No,2,Rural,0.404,0
L00783,Male,40,Middle-aged,Caucasian,49500.0,0.0,619,168300.0,360,4.9,Rent,Undergraduate,No,0,Semiurban,0.245,1
L00784,Male,18,Young,Asian,21600.0,0.0,550,95400.0,360,2.9,Mortgage,Graduate,No,0,Rural,0.318,0
L00785,Male,43,Middle-aged,Asian,28900.0,0.0,578,144300.0,360,4.3,Mortgage,Graduate,No,0,Rural,0.359,1
L00786,Female,35,Middle-aged,Caucasian,53200.0,0.0,702,235300.0,360,26.8,Mortgage,Undergraduate,No,1,Rural,0.318,1
L00787,Female,60,Senior,Caucasian,48500.0,0.0,589,218000.0,360,17.3,Own,Undergraduate,No,1,Semiurban,0.323,1
L00788,Male,41,Middle-aged,Caucasian,98800.0,0.0,682,319500.0,180,12.0,Mortgage,Undergraduate,No,0,Rural,0.327,1
L00789,Male,26,Young,Caucasian,83900.0,0.0,700,377200.0,360,2.1,Rent,Graduate,Yes,2,Semiurban,0.323,1
L00790,Female,40,Middle-aged,African American,29100.0,11100.0,629,140900.0,360,20.7,Own,Graduate,No,0,Urban,0.252,1
L00791,Male,28,Young,Caucasian,59200.0,0.0,686,264400.0,360,14.7,Own,Graduate,No,1,Semiurban,0.321,1
L00792,Female,46,Middle-aged,Asian,36700.0,58300.0,655,253100.0,360,7.1,Mortgage,Graduate,No,0,Rural,0.192,1
L00793,Male,44,Middle-aged,Hispanic,100400.0,22300.0,695,483800.0,360,9.6,Rent,Graduate,No,0,Rural,0.284,1
L00794,Female,52,Middle-aged,Caucasian,66000.0,0.0,675,261000.0,360,29.5,Rent,Graduate,No,0,Urban,0.285,1
L00795,Male,31,Middle-aged,Caucasian,52500.0,0.0,648,223500.0,360,4.6,Rent,Undergraduate,No,1,Urban,0.306,0
L00796,Female,41,Middle-aged,Asian,45100.0,0.0,597,150200.0,360,4.0,Mortgage,Graduate,No,2,Urban,0.24,1
L00797,Female,24,Young,Asian,74300.0,0.0,540,289100.0,360,11.0,Own,Graduate,No,0,Semiurban,0.28,1
L00798,Female,49,Middle-aged,Asian,52500.0,0.0,695,201700.0,360,7.9,Rent,Undergraduate,No,0,Rural,0.276,1
L00799,Female,47,Middle-aged,Caucasian,77700.0,0.0,725,361800.0,180,26.1,Own,Graduate,No,0,Semiurban,0.472,1
L00800,Female,46,Middle-aged,Caucasian,20000.0,13000.0,623,123600.0,360,8.2,Mortgage,Graduate,No,1,Semiurban,0.269,1
L00801,Female,41,Middle-aged,Caucasian,50100.0,0.0,591,252800.0,360,3.6,Mortgage,Graduate,No,0,Urban,0.363,0
L00802,Male,45,Middle-aged,Hispanic,35900.0,11900.0,525,186800.0,180,7.4,Mortgage,Undergraduate,No,0,Rural,0.396,0
L00803,Female,60,Senior,Caucasian,84100.0,0.0,685,311800.0,360,12.6,Mortgage,Graduate,No,2,Rural,0.267,1
L00804,Female,37,Middle-aged,Hispanic,68200.0,11600.0,552,354200.0,360,3.0,Rent,Graduate,Yes,0,Semiurban,0.319,0
L00805,Male,42,Middle-aged,Caucasian,49700.0,0.0,536,204700.0,360,6.3,Mortgage,Undergraduate,No,1,Semiurban,0.296,1
L00806,Female,27,Young,Hispanic,68000.0,0.0,616,233600.0,360,2.2,Rent,Graduate,No,0,Rural,0.247,0
L00807,Female,30,Middle-aged,African American,65000.0,0.0,574,304300.0,180,7.0,Rent,Graduate,No,1,Semiurban,0.474,0
L00808,Female,42,Middle-aged,Caucasian,42900.0,23600.0,641,183000.0,360,19.4,Mortgage,Graduate,No,2,Semiurban,0.198,1
L00809,Male,54,Middle-aged,African American,105400.0,0.0,678,358400.0,180,10.3,Own,Undergraduate,No,0,Semiurban,0.344,1
L00810,Male,37,Middle-aged,Caucasian,48400.0,22000.0,580,283100.0,360,8.8,Mortgage,Graduate,No,2,Urban,0.289,1
L00811,Female,38,Middle-aged,Caucasian,38200.0,11900.0,508,210800.0,360,5.5,Rent,Graduate,Yes,0,Semiurban,0.303,0
L00812,Female,36,Middle-aged,Caucasian,58900.0,18400.0,572,328400.0,360,6.8,Mortgage,Graduate,No,3+,Semiurban,0.306,0
L00813,Male,34,Middle-aged,Caucasian,42600.0,0.0,559,155900.0,360,6.3,Rent,Graduate,Yes,0,Rural,0.263,1
L00814,Female,44,Middle-aged,Caucasian,43100.0,11100.0,549,242600.0,360,11.0,Rent,Graduate,No,2,Semiurban,0.322,0
L00815,Female,23,Young,Asian,73200.0,29600.0,596,411700.0,360,10.5,Rent,Graduate,No,0,Urban,0.288,1
L00816,Male,56,Senior,African American,39500.0,0.0,569,192600.0,180,11.1,Rent,Graduate,No,0,Semiurban,0.494,0
L00817,Female,33,Middle-aged,Caucasian,21200.0,0.0,579,97400.0,360,21.8,Mortgage,Undergraduate,No,1,Semiurban,0.331,0
L00818,Male,49,Middle-aged,Hispanic,51100.0,21400.0,651,269100.0,180,13.5,Mortgage,Graduate,No,1,Urban,0.376,1
L00819,Male,25,Young,African American,29700.0,18200.0,534,127900.0,360,1.7,Own,Graduate,No,1,Semiurban,0.192,0
L00820,Male,49,Middle-aged,Hispanic,62400.0,0.0,671,287000.0,360,8.2,Own,Graduate,No,0,Semiurban,0.331,1
L00821,Female,49,Middle-aged,African American,42100.0,11600.0,548,219900.0,360,16.3,Rent,Graduate,No,1,Urban,0.295,0
L00822,Male,45,Middle-aged,Caucasian,88300.0,0.0,594,327000.0,360,18.5,Rent,Undergraduate,No,0,Semiurban,0.266,1
L00823,Male,29,Young,Caucasian,70500.0,0.0,616,328200.0,360,4.0,Rent,Graduate,No,1,Urban,0.335,1
L00824,Male,43,Middle-aged,African American,60700.0,0.0,677,257300.0,360,10.2,Mortgage,Graduate,No,0,Semiurban,0.305,1
L00825,Male,26,Young,Caucasian,37500.0,0.0,644,159700.0,360,3.8,Mortgage,Undergraduate,No,0,Semiurban,0.306,1
L00826,Female,37,Middle-aged,Caucasian,57500.0,19000.0,721,258800.0,120,3.5,Mortgage,Graduate,No,2,Semiurban,0.451,1
L00827,Male,53,Middle-aged,Caucasian,107700.0,0.0,666,351400.0,360,16.0,Mortgage,Undergraduate,Yes,2,Urban,0.235,1
L00828,Male,50,Middle-aged,Caucasian,37200.0,0.0,620,129800.0,120,18.2,Mortgage,Graduate,No,0,Urban,0.465,0
L00829,Female,41,Middle-aged,Caucasian,85600.0,0.0,591,404900.0,360,7.0,Rent,Graduate,No,0,Urban,0.34,0
L00830,Male,29,Young,Caucasian,39400.0,0.0,522,142300.0,360,1.7,Rent,Undergraduate,Yes,0,Urban,0.26,0
L00831,Male,48,Middle-aged,Caucasian,34900.0,17900.0,636,133600.0,360,13.0,Rent,Graduate,No,0,Urban,0.182,1
L00832,Male,41,Middle-aged,African American,44100.0,25800.0,573,303400.0,360,6.7,Mortgage,Graduate,No,0,Urban,0.312,0
L00833,Male,18,Young,Caucasian,65300.0,0.0,676,226900.0,360,0.4,Mortgage,Graduate,Yes,2,Semiurban,0.25,1
L00834,Male,50,Middle-aged,Caucasian,70600.0,23900.0,566,372900.0,360,5.8,Rent,Graduate,No,2,Semiurban,0.284,0
L00835,Male,40,Middle-aged,Caucasian,33400.0,0.0,638,169900.0,360,4.1,Mortgage,Undergraduate,No,0,Urban,0.366,1
L00836,Male,55,Middle-aged,Caucasian,58300.0,32700.0,591,329400.0,120,11.3,Rent,Graduate,No,2,Urban,0.482,0
L00837,Female,27,Young,Caucasian,31700.0,17300.0,539,196400.0,360,3.1,Own,Undergraduate,No,2,Urban,0.288,0
L00838,Male,18,Young,Caucasian,27000.0,0.0,603,140300.0,360,0.7,Rent,Graduate,No,0,Semiurban,0.374,0
L00839,Female,44,Middle-aged,Caucasian,28700.0,8700.0,571,164600.0,360,16.4,Rent,Graduate,No,0,Urban,0.317,0
L00840,Female,44,Middle-aged,African American,23600.0,0.0,576,100400.0,120,19.6,Mortgage,Graduate,Yes,0,Urban,0.567,0
L00841,Male,20,Young,Caucasian,60400.0,0.0,552,230600.0,180,1.0,Rent,Undergraduate,No,0,Semiurban,0.387,0
L00842,Female,29,Young,Caucasian,66100.0,0.0,726,270100.0,360,3.0,Mortgage,Graduate,No,0,Rural,0.294,1
L00843,Male,74,Senior,Caucasian,27200.0,36200.0,618,227600.0,180,12.9,Mortgage,Graduate,No,1,Semiurban,0.364,1
L00844,Female,37,Middle-aged,African American,36700.0,0.0,610,180600.0,360,3.7,Rent,Graduate,No,2,Urban,0.354,1
L00845,Male,49,Middle-aged,Hispanic,27600.0,13800.0,606,171400.0,360,5.5,Rent,Graduate,No,3+,Semiurban,0.298,0
L00846,Male,33,Middle-aged,Asian,63000.0,12700.0,636,303100.0,360,4.3,Rent,Undergraduate,No,2,Semiurban,0.288,1
L00847,Male,18,Young,Caucasian,38200.0,0.0,543,155600.0,120,14.9,Mortgage,Graduate,No,3+,Rural,0.543,0
L00848,Female,38,Middle-aged,Caucasian,27400.0,0.0,589,101400.0,360,19.4,Mortgage,Graduate,No,0,Semiurban,0.266,1
L00849,Male,37,Middle-aged,Caucasian,67500.0,21600.0,656,237700.0,360,12.1,Rent,Graduate,No,0,Rural,0.192,1
L00850,Female,36,Middle-aged,Hispanic,29100.0,0.0,548,137400.0,360,8.6,Mortgage,Undergraduate,Yes,0,Urban,0.34,0
L00851,Male,39,Middle-aged,Caucasian,43200.0,0.0,681,156500.0,360,9.5,Rent,Undergraduate,No,0,Semiurban,0.261,1
L00852,Female,44,Middle-aged,Hispanic,20000.0,25600.0,676,125900.0,360,7.1,Mortgage,Graduate,No,1,Urban,0.199,1
L00853,Male,39,Middle-aged,African American,57300.0,16900.0,663,324800.0,360,6.9,Rent,Graduate,Yes,0,Semiurban,0.315,1
L00854,Female,25,Young,African American,44200.0,0.0,600,137800.0,360,6.1,Rent,Graduate,No,0,Rural,0.224,0
L00855,Male,46,Middle-aged,Caucasian,49100.0,16800.0,451,295400.0,120,10.8,Rent,Graduate,No,2,Semiurban,0.597,0
L00856,Male,18,Young,African American,21300.0,0.0,592,64000.0,120,0.5,Rent,Graduate,No,3+,Rural,0.4,0
L00857,Male,18,Young,Caucasian,79500.0,0.0,590,406500.0,360,1.3,Mortgage,Graduate,Yes,0,Semiurban,0.368,1
L00858,Male,49,Middle-aged,Caucasian,37600.0,18100.0,611,190100.0,180,21.1,Mortgage,Undergraduate,No,0,Semiurban,0.346,1
L00859,Female,47,Middle-aged,Caucasian,34800.0,44700.0,507,189400.0,360,6.4,Mortgage,Graduate,No,0,Semiurban,0.171,0
L00860,Male,40,Middle-aged,Hispanic,111200.0,0.0,701,502300.0,360,4.9,Mortgage,Graduate,No,0,Semiurban,0.325,1
L00861,Female,24,Young,Caucasian,31400.0,0.0,497,157500.0,360,3.6,Mortgage,Graduate,No,2,Semiurban,0.361,0
L00862,Male,32,Middle-aged,Caucasian,66000.0,22000.0,630,309800.0,360,3.8,Rent,Graduate,No,1,Urban,0.253,1
L00863,Male,37,Middle-aged,Caucasian,61400.0,0.0,681,279700.0,360,3.3,Mortgage,Graduate,No,0,Urban,0.328,1
L00864,Male,21,Young,African American,45800.0,0.0,562,238300.0,180,1.6,Rent,Graduate,No,0,Urban,0.527,0
L00865,Male,32,Middle-aged,African American,43900.0,0.0,679,155500.0,360,7.2,Rent,Undergraduate,Yes,0,Semiurban,0.255,1
L00866,Female,48,Middle-aged,African American,37000.0,13600.0,579,214500.0,120,5.8,Own,Undergraduate,No,3+,Semiurban,0.565,0
L00867,Male,58,Senior,Caucasian,54700.0,0.0,689,200400.0,360,11.2,Mortgage,Graduate,No,0,Semiurban,0.264,1
L00868,Male,35,Middle-aged,Caucasian,48000.0,0.0,535,190000.0,180,3.1,Mortgage,Graduate,No,3+,Urban,0.401,0
L00869,Female,50,Middle-aged,Caucasian,76300.0,0.0,720,277300.0,360,5.0,Mortgage,Undergraduate,No,0,Semiurban,0.261,1
L00870,Female,18,Young,Caucasian,24600.0,0.0,622,98500.0,120,9.9,Own,Undergraduate,No,0,Urban,0.533,0
L00871,Male,48,Middle-aged,Hispanic,66400.0,0.0,676,200000.0,360,11.6,Rent,Graduate,No,0,Semiurban,0.217,1
L00872,Male,31,Middle-aged,Caucasian,68100.0,0.0,600,250800.0,360,7.4,Own,Undergraduate,No,2,Semiurban,0.265,1
L00873,Female,44,Middle-aged,Caucasian,55100.0,0.0,548,220500.0,120,4.1,Mortgage,Graduate,No,0,Semiurban,0.533,0
L00874,Male,38,Middle-aged,Caucasian,76600.0,13600.0,617,370800.0,360,4.4,Mortgage,Graduate,Yes,2,Urban,0.296,1
L00875,Male,56,Senior,Asian,47200.0,0.0,711,209300.0,360,14.1,Mortgage,Graduate,No,0,Semiurban,0.319,1
L00876,Male,30,Middle-aged,Caucasian,23200.0,0.0,594,100100.0,360,2.6,Rent,Graduate,No,0,Semiurban,0.31,0
L00877,Female,48,Middle-aged,Caucasian,40500.0,19400.0,534,186100.0,360,12.9,Rent,Graduate,No,0,Rural,0.224,0
L00878,Female,37,Middle-aged,African American,21400.0,24800.0,528,177700.0,360,7.2,Rent,Graduate,No,1,Semiurban,0.277,0
L00879,Male,39,Middle-aged,Caucasian,36600.0,28100.0,685,200300.0,180,9.9,Own,Undergraduate,No,2,Semiurban,0.313,1
L00880,Male,38,Middle-aged,Asian,29800.0,0.0,633,103900.0,120,8.2,Mortgage,Undergraduate,No,0,Rural,0.464,0
L00881,Male,30,Middle-aged,Caucasian,40500.0,0.0,526,172000.0,360,4.5,Mortgage,Graduate,No,0,Urban,0.306,0
L00882,Female,40,Middle-aged,Asian,32800.0,23400.0,503,212100.0,360,5.0,Own,Graduate,No,1,Semiurban,0.272,1
L00883,Male,40,Middle-aged,Caucasian,20000.0,14500.0,561,84000.0,360,8.9,Mortgage,Graduate,No,0,Semiurban,0.175,1
L00884,Male,43,Middle-aged,Caucasian,64900.0,0.0,528,235100.0,360,12.0,Mortgage,Graduate,No,1,Rural,0.261,0
L00885,Female,42,Middle-aged,Hispanic,89400.0,0.0,648,434100.0,360,3.8,Mortgage,Graduate,No,0,Semiurban,0.349,0
L00886,Male,50,Middle-aged,Caucasian,62500.0,17800.0,795,298100.0,360,7.2,Own,Graduate,No,2,Semiurban,0.267,1
L00887,Female,52,Middle-aged,Caucasian,38400.0,0.0,535,150500.0,360,7.3,Rent,Undergraduate,No,2,Urban,0.282,0
L00888,Male,28,Young,Caucasian,48000.0,0.0,592,244500.0,180,5.6,Rent,Undergraduate,No,0,Semiurban,0.516,0
L00889,Male,51,Middle-aged,African American,33100.0,0.0,704,106000.0,360,5.6,Mortgage,Graduate,No,0,Urban,0.23,1
L00890,Male,26,Young,Caucasian,50800.0,31800.0,647,297100.0,180,14.7,Rent,Graduate,No,0,Semiurban,0.364,1
L00891,Female,48,Middle-aged,Hispanic,36200.0,12400.0,615,161400.0,360,8.5,Rent,Undergraduate,No,0,Urban,0.239,0
L00892,Female,48,Middle-aged,Hispanic,26300.0,17500.0,607,112600.0,360,17.4,Rent,Graduate,No,0,Urban,0.185,1
L00893,Female,18,Young,African American,62500.0,0.0,530,217600.0,360,8.5,Rent,Graduate,No,0,Urban,0.25,0
L00894,Male,42,Middle-aged,Caucasian,27000.0,0.0,591,119100.0,180,4.7,Mortgage,Graduate,No,2,Semiurban,0.447,0
L00895,Female,35,Middle-aged,Caucasian,55500.0,0.0,634,170000.0,360,3.3,Mortgage,Undergraduate,No,2,Semiurban,0.22,0
L00896,Male,31,Middle-aged,African American,37700.0,29700.0,665,232000.0,360,11.8,Mortgage,Graduate,Yes,0,Urban,0.248,1
L00897,Male,57,Senior,Caucasian,104900.0,34100.0,655,634300.0,360,9.7,Rent,Graduate,No,1,Urban,0.328,1
L00898,Female,33,Middle-aged,Caucasian,47800.0,20000.0,599,280000.0,360,2.3,Rent,Graduate,No,1,Rural,0.297,0
L00899,Male,31,Middle-aged,Caucasian,42400.0,0.0,546,160200.0,360,15.6,Mortgage,Graduate,No,0,Semiurban,0.272,0
L00900,Male,41,Middle-aged,Caucasian,44400.0,17900.0,633,178600.0,360,6.7,Mortgage,Graduate,No,0,Semiurban,0.206,1
L00901,Male,49,Middle-aged,Caucasian,49800.0,0.0,683,201500.0,360,6.4,Mortgage,Graduate,No,0,Urban,0.291,1
L00902,Male,39,Middle-aged,Caucasian,31000.0,0.0,644,120400.0,360,6.8,Rent,Graduate,No,1,Rural,0.279,1
L00903,Male,54,Middle-aged,Asian,36100.0,0.0,562,187200.0,180,14.1,Own,Graduate,No,0,Semiurban,0.525,0
L00904,Female,47,Middle-aged,Caucasian,20400.0,0.0,618,106600.0,360,4.9,Rent,Graduate,No,1,Rural,0.376,0
L00905,Male,18,Young,Caucasian,33900.0,11400.0,536,156900.0,360,2.2,Mortgage,Graduate,No,2,Semiurban,0.249,0
L00906,Female,34,Middle-aged,Caucasian,43300.0,0.0,669,144400.0,360,4.3,Own,Graduate,No,1,Rural,0.24,1
L00907,Female,34,Middle-aged,Caucasian,47000.0,28600.0,601,314300.0,360,11.6,Rent,Graduate,No,3+,Semiurban,0.299,0
L00908,Male,46,Middle-aged,Caucasian,22200.0,0.0,518,106200.0,360,11.7,Mortgage,Graduate,No,1,Semiurban,0.344,1
L00909,Male,18,Young,African American,37100.0,0.0,566,154000.0,180,2.6,Rent,Graduate,No,0,Semiurban,0.42,0
L00910,Male,71,Senior,Hispanic,55300.0,0.0,701,211400.0,360,13.4,Mortgage,Graduate,No,2,Rural,0.275,1
L00911,Female,47,Middle-aged,Caucasian,39000.0,0.0,639,156300.0,360,6.9,Rent,Graduate,No,0,Urban,0.288,1
L00912,Male,42,Middle-aged,Caucasian,38000.0,0.0,585,191100.0,360,7.8,Rent,Graduate,No,3+,Urban,0.362,1
L00913,Female,55,Middle-aged,Caucasian,35300.0,0.0,598,120600.0,120,29.2,Mortgage,Graduate,No,0,Semiurban,0.455,0
L00914,Male,69,Senior,Hispanic,35500.0,0.0,595,170900.0,360,11.5,Rent,Graduate,Yes,3+,Rural,0.346,0
L00915,Female,51,Middle-aged,Asian,32300.0,42600.0,601,167300.0,360,27.3,Own,Graduate,No,0,Urban,0.161,1
L00916,Male,52,Middle-aged,Hispanic,47300.0,79400.0,587,454600.0,360,12.0,Rent,Graduate,No,0,Urban,0.258,1
L00917,Male,42,Middle-aged,Caucasian,123400.0,26700.0,742,567900.0,360,4.2,Own,Undergraduate,No,0,Urban,0.272,1
L00918,Female,39,Middle-aged,Hispanic,27300.0,0.0,549,95800.0,360,11.1,Mortgage,Graduate,No,0,Semiurban,0.252,1
L00919,Female,35,Middle-aged,Caucasian,36700.0,0.0,612,110300.0,360,3.4,Rent,Graduate,Yes,1,Urban,0.216,1
L00920,Male,31,Middle-aged,Caucasian,48000.0,0.0,611,204400.0,360,5.7,Own,Undergraduate,No,0,Rural,0.306,1
L00921,Female,32,Middle-aged,Hispanic,27900.0,21500.0,650,139800.0,360,6.8,Mortgage,Graduate,No,1,Urban,0.204,1
L00922,Male,24,Young,Hispanic,68500.0,0.0,679,302800.0,120,12.0,Own,Undergraduate,No,1,Semiurban,0.589,0
L00923,Female,40,Middle-aged,Caucasian,20000.0,0.0,640,72700.0,360,4.5,Rent,Graduate,No,1,Urban,0.262,0
L00924,Female,20,Young,Caucasian,33700.0,0.0,601,107800.0,360,10.7,Mortgage,Graduate,No,2,Rural,0.23,1
L00925,Male,43,Middle-aged,Caucasian,68000.0,0.0,578,281300.0,180,17.4,Mortgage,Graduate,Yes,0,Semiurban,0.419,1
L00926,Male,40,Middle-aged,Caucasian,43600.0,13900.0,553,217800.0,360,3.8,Mortgage,Graduate,No,0,Semiurban,0.273,1
L00927,Male,42,Middle-aged,Caucasian,35300.0,0.0,563,141800.0,360,14.4,Mortgage,Graduate,No,0,Semiurban,0.289,1
L00928,Male,34,Middle-aged,Hispanic,52600.0,0.0,661,212000.0,120,3.9,Rent,Graduate,No,0,Rural,0.537,0
L00929,Female,75,Senior,African American,45800.0,8600.0,676,218000.0,180,9.0,Rent,Undergraduate,No,0,Semiurban,0.406,1
L00930,Male,57,Senior,Asian,53300.0,0.0,703,223000.0,120,21.8,Rent,Undergraduate,No,3+,Rural,0.557,1
L00931,Male,26,Young,Asian,35600.0,0.0,650,117400.0,120,3.7,Own,Undergraduate,No,0,Urban,0.439,1
L00932,Female,43,Middle-aged,Caucasian,50000.0,0.0,583,172200.0,360,8.6,Mortgage,Undergraduate,No,0,Semiurban,0.248,0
L00933,Female,33,Middle-aged,Asian,35500.0,24100.0,602,160500.0,360,6.3,Mortgage,Undergraduate,No,2,Urban,0.194,1
L00934,Male,28,Young,Caucasian,66000.0,71300.0,617,474400.0,360,2.7,Rent,Graduate,No,3+,Urban,0.249,0
L00935,Male,24,Young,Caucasian,88700.0,41600.0,610,464500.0,180,6.4,Mortgage,Graduate,No,3+,Semiurban,0.361,1
L00936,Male,46,Middle-aged,Caucasian,20000.0,38500.0,575,160800.0,360,4.4,Mortgage,Graduate,No,2,Rural,0.198,1
L00937,Male,32,Middle-aged,Caucasian,51200.0,0.0,683,245600.0,120,3.2,Rent,Graduate,No,0,Semiurban,0.639,0
L00938,Female,52,Middle-aged,Asian,20800.0,0.0,620,77600.0,360,19.6,Own,Undergraduate,No,0,Semiurban,0.268,0
L00939,Male,52,Middle-aged,Hispanic,117200.0,0.0,695,501400.0,180,20.4,Rent,Graduate,No,1,Rural,0.433,1
L00940,Female,57,Senior,Caucasian,34600.0,24900.0,588,151700.0,360,9.1,Rent,Graduate,No,0,Semiurban,0.183,1
L00941,Male,30,Middle-aged,Asian,66100.0,0.0,661,309000.0,120,2.7,Rent,Graduate,No,0,Urban,0.623,0
L00942,Female,46,Middle-aged,Caucasian,41100.0,26400.0,564,251900.0,360,6.9,Own,Graduate,No,3+,Semiurban,0.268,1
L00943,Female,48,Middle-aged,Asian,30200.0,6600.0,646,162000.0,120,15.0,Mortgage,Graduate,No,0,Urban,0.586,0
L00944,Female,35,Middle-aged,Caucasian,28800.0,32200.0,627,229400.0,180,2.9,Mortgage,Graduate,No,0,Semiurban,0.381,0
L00945,Male,31,Middle-aged,Caucasian,92400.0,0.0,618,434800.0,360,2.6,Mortgage,Undergraduate,Yes,1,Urban,0.339,1
L00946,Male,60,Senior,Caucasian,71900.0,0.0,689,352300.0,360,17.6,Mortgage,Undergraduate,No,0,Urban,0.353,1
L00947,Male,43,Middle-aged,African American,85300.0,0.0,666,322200.0,360,6.4,Mortgage,Graduate,No,0,Semiurban,0.272,1
L00948,Female,48,Middle-aged,Caucasian,42600.0,0.0,626,160700.0,360,4.9,Mortgage,Undergraduate,No,3+,Rural,0.271,1
L00949,Female,31,Middle-aged,Hispanic,41300.0,16500.0,603,256700.0,360,2.7,Mortgage,Undergraduate,No,2,Urban,0.32,1
L00950,Female,26,Young,Caucasian,37400.0,0.0,595,189200.0,360,11.9,Own,Graduate,No,0,Semiurban,0.364,0
L00951,Female,34,Middle-aged,Hispanic,32800.0,15500.0,608,173900.0,360,5.8,Rent,Undergraduate,Yes,0,Semiurban,0.259,0
L00952,Female,39,Middle-aged,African American,21000.0,18700.0,601,118500.0,360,4.0,Rent,Graduate,No,1,Rural,0.215,1
L00953,Male,28,Young,Caucasian,50700.0,0.0,539,250900.0,120,12.7,Rent,Undergraduate,No,1,Semiurban,0.659,0
L00954,Female,40,Middle-aged,Caucasian,30400.0,0.0,598,113300.0,360,12.6,Own,Graduate,No,2,Rural,0.268,1
L00955,Male,20,Young,African American,46800.0,0.0,606,156600.0,360,0.4,Mortgage,Undergraduate,No,1,Urban,0.241,1
L00956,Male,27,Young,African American,42000.0,0.0,602,186400.0,360,5.7,Mortgage,Graduate,No,1,Rural,0.319,1
L00957,Male,49,Middle-aged,African American,44000.0,0.0,688,136200.0,360,6.1,Rent,Undergraduate,No,2,Rural,0.223,1
L00958,Male,48,Middle-aged,Caucasian,95800.0,0.0,708,369100.0,360,8.3,Mortgage,Graduate,No,2,Rural,0.277,1
L00959,Male,36,Middle-aged,Caucasian,48300.0,0.0,563,232700.0,360,4.3,Rent,Graduate,No,0,Rural,0.347,1
L00960,Female,28,Young,Hispanic,49800.0,18400.0,594,218400.0,180,3.4,Mortgage,Undergraduate,No,2,Rural,0.324,0
L00961,Male,28,Young,Caucasian,111400.0,0.0,635,567600.0,180,6.1,Own,Graduate,No,0,Rural,0.516,1
L00962,Female,36,Middle-aged,Caucasian,70300.0,0.0,632,362100.0,120,6.6,Rent,Undergraduate,No,3+,Rural,0.686,0
L00963,Male,48,Middle-aged,Caucasian,77800.0,0.0,657,376200.0,360,7.0,Rent,Graduate,Yes,2,Semiurban,0.348,1
L00964,Male,52,Middle-aged,Asian,43400.0,15400.0,672,269500.0,180,5.7,Mortgage,Undergraduate,Yes,0,Rural,0.464,1
L00965,Male,35,Middle-aged,Asian,53700.0,22200.0,629,274900.0,360,20.0,Own,Graduate,No,2,Semiurban,0.261,1
L00966,Male,27,Young,Caucasian,28900.0,0.0,660,123700.0,360,2.3,Mortgage,Graduate,No,0,Semiurban,0.308,1
L00967,Female,44,Middle-aged,Caucasian,50900.0,16700.0,644,291900.0,120,8.9,Mortgage,Undergraduate,No,3+,Semiurban,0.575,0
L00968,Male,31,Middle-aged,Caucasian,54700.0,23200.0,563,275600.0,360,2.4,Rent,Graduate,No,0,Rural,0.255,1
L00969,Female,34,Middle-aged,Caucasian,42100.0,10500.0,579,186800.0,120,8.2,Rent,Undergraduate,No,0,Semiurban,0.473,0
L00970,Male,56,Senior,Caucasian,73900.0,0.0,702,323900.0,360,6.2,Own,Graduate,No,0,Urban,0.315,1
L00971,Female,50,Middle-aged,Hispanic,22700.0,19800.0,519,149000.0,360,6.1,Rent,Graduate,No,0,Semiurban,0.252,1
L00972,Female,42,Middle-aged,Caucasian,80100.0,0.0,569,375600.0,360,8.8,Own,Graduate,No,1,Urban,0.337,1
L00973,Female,25,Young,Caucasian,59800.0,12700.0,608,299800.0,360,2.7,Own,Graduate,No,0,Semiurban,0.298,1
L00974,Male,43,Middle-aged,Hispanic,42900.0,0.0,678,200700.0,360,7.6,Mortgage,Graduate,No,0,Rural,0.337,1
L00975,Male,53,Middle-aged,Caucasian,46200.0,16000.0,717,247300.0,360,5.9,Own,Undergraduate,No,0,Rural,0.286,1
L00976,Male,36,Middle-aged,Caucasian,59400.0,23700.0,611,294000.0,360,3.8,Rent,Graduate,No,2,Rural,0.255,1
L00977,Female,57,Senior,Caucasian,76600.0,0.0,733,253100.0,360,12.5,Mortgage,Graduate,No,0,Semiurban,0.238,1
L00978,Male,56,Senior,Caucasian,51100.0,9900.0,652,268800.0,120,5.9,Mortgage,Graduate,No,0,Urban,0.587,0
L00979,Male,60,Senior,Hispanic,46700.0,0.0,558,143300.0,360,6.9,Mortgage,Graduate,No,0,Semiurban,0.221,1
L00980,Female,44,Middle-aged,Caucasian,42000.0,0.0,622,219800.0,180,5.1,Rent,Graduate,No,1,Semiurban,0.53,0
L00981,Male,48,Middle-aged,Caucasian,100000.0,0.0,637,486400.0,360,4.6,Rent,Graduate,No,2,Semiurban,0.35,1
L00982,Female,57,Senior,African American,27500.0,14600.0,685,159100.0,360,6.4,Rent,Graduate,Yes,1,Semiurban,0.272,1
L00983,Male,46,Middle-aged,Hispanic,43600.0,0.0,625,225600.0,360,5.9,Mortgage,Undergraduate,No,0,Rural,0.372,0
L00984,Male,34,Middle-aged,Caucasian,88000.0,0.0,567,385300.0,360,2.9,Own,Graduate,Yes,1,Semiurban,0.315,0
L00985,Female,35,Middle-aged,Caucasian,44200.0,29300.0,520,187100.0,180,12.6,Mortgage,Graduate,No,0,Semiurban,0.258,0
L00986,Male,43,Middle-aged,Hispanic,69500.0,10900.0,641,320700.0,360,4.1,Mortgage,Graduate,No,0,Semiurban,0.287,1
L00987,Female,25,Young,Caucasian,28900.0,53600.0,438,208300.0,360,10.9,Mortgage,Graduate,Yes,0,Semiurban,0.182,0
L00988,Male,39,Middle-aged,African American,36100.0,0.0,579,138300.0,120,11.8,Own,Graduate,Yes,0,Urban,0.51,0
L00989,Male,54,Middle-aged,African American,71000.0,0.0,674,286400.0,360,5.9,Mortgage,Undergraduate,Yes,0,Rural,0.29,1
L00990,Female,18,Young,African American,24300.0,0.0,506,115300.0,360,0.1,Rent,Graduate,Yes,1,Semiurban,0.341,0
L00991,Female,59,Senior,Caucasian,39200.0,40200.0,702,250500.0,120,6.4,Mortgage,Graduate,No,3+,Semiurban,0.42,1
L00992,Female,54,Middle-aged,Caucasian,46200.0,0.0,712,187900.0,180,9.9,Rent,Graduate,No,0,Semiurban,0.412,1
L00993,Male,35,Middle-aged,African American,26400.0,0.0,535,97100.0,360,8.1,Mortgage,Graduate,No,0,Rural,0.265,1
L00994,Female,47,Middle-aged,Caucasian,35300.0,17200.0,603,187400.0,360,9.2,Mortgage,Graduate,Yes,0,Urban,0.257,1
L00995,Male,41,Middle-aged,Caucasian,51300.0,0.0,685,182600.0,180,7.3,Mortgage,Graduate,No,0,Rural,0.36,1
L00996,Male,55,Middle-aged,Caucasian,49900.0,0.0,645,179000.0,360,6.5,Rent,Graduate,No,3+,Rural,0.258,0
L00997,Female,52,Middle-aged,Caucasian,69500.0,0.0,572,326900.0,360,14.3,Own,Graduate,No,3+,Rural,0.338,1
L00998,Male,24,Young,Hispanic,81700.0,0.0,615,308100.0,360,2.9,Mortgage,Undergraduate,No,0,Semiurban,0.271,1
L00999,Female,48,Middle-aged,Caucasian,29600.0,0.0,567,92200.0,360,25.9,Mortgage,Graduate,Yes,0,Rural,0.224,1
L01000,Male,38,Middle-aged,Hispanic,46100.0,0.0,683,173900.0,120,5.4,Own,Graduate,No,1,Semiurban,0.503,0
L01001,Male,41,Middle-aged,Caucasian,64200.0,14900.0,672,320100.0,360,5.0,Mortgage,Graduate,No,0,Semiurban,0.291,1
L01002,Male,32,Middle-aged,Caucasian,89900.0,0.0,624,434300.0,180,13.3,Mortgage,Undergraduate,Yes,1,Rural,0.489,1
L01003,Female,61,Senior,Caucasian,55500.0,0.0,667,286600.0,360,10.6,Mortgage,Graduate,No,2,Semiurban,0.372,1
L01004,Female,53,Middle-aged,Asian,46800.0,24400.0,561,279900.0,360,11.6,Own,Graduate,No,2,Urban,0.283,1
L01005,Female,32,Middle-aged,Asian,54400.0,10700.0,569,238300.0,360,4.7,Mortgage,Undergraduate,No,1,Semiurban,0.263,0
L01006,Female,24,Young,Caucasian,54600.0,8100.0,695,216400.0,360,11.8,Mortgage,Graduate,No,0,Semiurban,0.248,1
L01007,Female,36,Middle-aged,Hispanic,25400.0,17500.0,600,114300.0,360,15.2,Mortgage,Undergraduate,No,0,Rural,0.192,0
L01008,Female,46,Middle-aged,Caucasian,45000.0,20600.0,683,247000.0,120,7.1,Mortgage,Graduate,No,3+,Rural,0.502,0
L01009,Male,43,Middle-aged,African American,70300.0,0.0,657,291600.0,360,5.1,Rent,Graduate,No,0,Rural,0.298,0
L01010,Male,56,Senior,Hispanic,40600.0,23100.0,718,239500.0,360,10.9,Own,Undergraduate,No,0,Urban,0.271,1
L01011,Male,50,Middle-aged,Hispanic,46500.0,0.0,515,164300.0,360,20.3,Mortgage,Graduate,No,0,Semiurban,0.254,0
L01012,Female,52,Middle-aged,Hispanic,33400.0,0.0,616,124500.0,360,10.0,Mortgage,Graduate,No,0,Semiurban,0.268,0
L01013,Female,44,Middle-aged,Caucasian,20000.0,0.0,703,73100.0,360,19.3,Mortgage,Undergraduate,No,0,Semiurban,0.263,1
L01014,Male,24,Young,Caucasian,49400.0,0.0,655,236900.0,360,3.0,Rent,Graduate,No,0,Urban,0.345,1
L01015,Female,38,Middle-aged,Caucasian,47000.0,0.0,697,159100.0,360,15.3,Rent,Graduate,Yes,2,Urban,0.244,1
L01016,Female,53,Middle-aged,Caucasian,33900.0,0.0,629,148100.0,360,5.8,Rent,Graduate,No,0,Urban,0.314,0
L01017,Male,40,Middle-aged,Asian,30900.0,0.0,575,96300.0,360,5.5,Mortgage,Graduate,No,1,Semiurban,0.224,0
L01018,Female,47,Middle-aged,Caucasian,29300.0,16200.0,555,160700.0,360,7.8,Rent,Graduate,No,3+,Semiurban,0.254,1
L01019,Female,37,Middle-aged,African American,43300.0,41600.0,547,205900.0,180,8.1,Mortgage,Graduate,No,3+,Semiurban,0.246,1
L01020,Male,28,Young,Caucasian,107900.0,0.0,699,366400.0,360,3.2,Own,Graduate,Yes,1,Semiurban,0.244,1
L01021,Female,39,Middle-aged,Caucasian,72400.0,10400.0,670,253700.0,180,16.1,Rent,Graduate,No,0,Semiurban,0.31,1
L01022,Male,44,Middle-aged,African American,22900.0,0.0,603,86600.0,360,15.6,Mortgage,Graduate,No,0,Rural,0.272,1
L01023,Female,33,Middle-aged,Caucasian,58600.0,12500.0,649,246300.0,360,10.3,Own,Graduate,No,1,Urban,0.249,1
L01024,Female,38,Middle-aged,Asian,32000.0,0.0,614,155500.0,360,3.6,Rent,Undergraduate,No,3+,Urban,0.35,0
L01025,Female,29,Young,Caucasian,33000.0,0.0,650,115800.0,360,2.1,Mortgage,Graduate,No,0,Semiurban,0.252,1
L01026,Male,54,Middle-aged,Asian,40700.0,0.0,693,130000.0,360,8.8,Mortgage,Graduate,No,2,Urban,0.23,1
L01027,Female,37,Middle-aged,Caucasian,55300.0,0.0,558,241000.0,180,10.1,Mortgage,Undergraduate,No,0,Semiurban,0.441,0
L01028,Female,58,Senior,Caucasian,61200.0,0.0,675,278300.0,360,6.7,Mortgage,Graduate,Yes,0,Urban,0.327,0
L01029,Male,59,Senior,African American,37700.0,0.0,541,138100.0,360,11.3,Rent,Graduate,No,1,Urban,0.264,0
L01030,Female,40,Middle-aged,Hispanic,35600.0,0.0,619,155100.0,120,7.1,Rent,Graduate,No,0,Urban,0.58,0
L01031,Male,28,Young,Caucasian,59000.0,0.0,648,280000.0,360,8.0,Mortgage,Graduate,No,1,Urban,0.341,1
L01032,Female,18,Young,Caucasian,52300.0,0.0,513,197800.0,360,2.9,Mortgage,Graduate,No,0,Semiurban,0.272,0
L01033,Male,23,Young,Caucasian,78500.0,28100.0,595,391000.0,360,6.7,Rent,Graduate,No,0,Semiurban,0.264,1
L01034,Male,24,Young,Caucasian,29300.0,0.0,583,97600.0,360,1.8,Mortgage,Undergraduate,No,0,Semiurban,0.24,0
L01035,Male,57,Senior,Asian,49400.0,0.0,662,150800.0,360,7.1,Own,Graduate,No,0,Semiurban,0.22,1
L01036,Female,42,Middle-aged,Asian,27200.0,12300.0,591,175800.0,360,15.3,Rent,Graduate,No,1,Semiurban,0.32,0
L01037,Male,45,Middle-aged,Caucasian,48000.0,12100.0,558,200100.0,360,6.0,Mortgage,Graduate,No,0,Semiurban,0.24,1
L01038,Female,18,Young,Caucasian,38100.0,0.0,577,138200.0,360,21.2,Rent,Graduate,No,3+,Rural,0.261,0
L01039,Male,26,Young,Asian,48100.0,23400.0,501,314400.0,360,1.4,Rent,Graduate,No,0,Urban,0.316,0
L01040,Male,51,Middle-aged,Caucasian,35600.0,0.0,614,165100.0,360,8.4,Mortgage,Graduate,No,1,Urban,0.334,0
L01041,Male,44,Middle-aged,African American,21600.0,0.0,579,93200.0,360,5.9,Own,Graduate,No,0,Rural,0.31,0
L01042,Female,39,Middle-aged,Caucasian,20000.0,0.0,589,91500.0,360,30.7,Mortgage,Graduate,No,0,Semiurban,0.329,1
L01043,Male,47,Middle-aged,African American,37200.0,13000.0,589,202900.0,360,27.4,Rent,Undergraduate,Yes,0,Rural,0.291,1
L01044,Female,60,Senior,Caucasian,35100.0,0.0,550,165600.0,180,7.6,Mortgage,Graduate,No,0,Semiurban,0.478,0
L01045,Female,38,Middle-aged,Asian,31800.0,20600.0,583,134800.0,360,4.6,Mortgage,Graduate,No,0,Urban,0.185,1
L01046,Female,41,Middle-aged,Caucasian,70700.0,0.0,696,277800.0,360,10.4,Rent,Graduate,Yes,0,Semiurban,0.283,1
L01047,Male,43,Middle-aged,Caucasian,34800.0,15500.0,691,157800.0,360,14.8,Mortgage,Undergraduate,No,2,Semiurban,0.226,1
L01048,Male,69,Senior,Asian,86400.0,0.0,841,272900.0,360,13.1,Rent,Undergraduate,No,2,Semiurban,0.227,1
L01049,Female,18,Young,Caucasian,79800.0,0.0,715,313500.0,360,10.0,Own,Graduate,No,0,Semiurban,0.283,1
L01050,Male,49,Middle-aged,Caucasian,22500.0,0.0,542,98700.0,360,5.0,Own,Graduate,No,2,Rural,0.316,0
L01051,Female,39,Middle-aged,Caucasian,43200.0,14300.0,591,172900.0,120,8.3,Own,Undergraduate,No,0,Semiurban,0.401,1
L01052,Male,47,Middle-aged,Caucasian,41800.0,0.0,625,154100.0,120,10.4,Mortgage,Undergraduate,No,2,Semiurban,0.491,1
L01053,Female,33,Middle-aged,Hispanic,20000.0,7700.0,583,107000.0,180,3.3,Rent,Graduate,No,1,Semiurban,0.391,0
L01054,Female,40,Middle-aged,Asian,23400.0,23600.0,605,154900.0,360,10.8,Rent,Undergraduate,No,0,Urban,0.237,0
L01055,Female,49,Middle-aged,Caucasian,56800.0,0.0,786,281400.0,360,19.1,Mortgage,Undergraduate,No,1,Semiurban,0.356,1
L01056,Male,75,Senior,African American,88000.0,11800.0,640,450700.0,360,20.0,Own,Graduate,No,0,Rural,0.325,1
L01057,Female,50,Middle-aged,Caucasian,59800.0,20200.0,603,365000.0,360,6.2,Mortgage,Graduate,No,1,Rural,0.328,0
L01058,Male,30,Middle-aged,Hispanic,50200.0,0.0,706,218100.0,360,3.8,Own,Graduate,No,0,Semiurban,0.313,1
L01059,Male,35,Middle-aged,Caucasian,48600.0,0.0,577,222200.0,360,6.0,Rent,Graduate,No,2,Semiurban,0.329,0
L01060,Female,35,Middle-aged,Caucasian,81700.0,0.0,664,403300.0,360,3.4,Mortgage,Graduate,No,0,Semiurban,0.355,1
L01061,Female,19,Young,Caucasian,98400.0,0.0,692,481200.0,360,15.5,Mortgage,Undergraduate,No,0,Semiurban,0.352,1
L01062,Female,37,Middle-aged,Caucasian,32900.0,0.0,634,151900.0,360,3.7,Mortgage,Graduate,No,1,Urban,0.332,1
L01063,Female,49,Middle-aged,Caucasian,20000.0,0.0,624,82500.0,360,11.8,Rent,Graduate,Yes,1,Urban,0.297,0
L01064,Male,25,Young,Caucasian,21200.0,17100.0,633,109600.0,360,3.1,Mortgage,Graduate,No,0,Semiurban,0.206,1
L01065,Male,53,Middle-aged,Asian,83200.0,0.0,615,413800.0,180,9.5,Mortgage,Graduate,No,0,Semiurban,0.504,1
L01066,Female,46,Middle-aged,Caucasian,40900.0,19900.0,594,244600.0,360,4.4,Mortgage,Graduate,No,0,Semiurban,0.289,0
L01067,Male,32,Middle-aged,Hispanic,47500.0,0.0,641,232100.0,360,3.2,Mortgage,Graduate,No,0,Rural,0.352,1
L01068,Male,39,Middle-aged,Caucasian,24000.0,0.0,476,79600.0,360,6.1,Rent,Graduate,No,0,Urban,0.239,0
L01069,Male,60,Senior,African American,29000.0,20400.0,721,147900.0,360,12.0,Mortgage,Graduate,No,1,Urban,0.215,1
L01070,Male,49,Middle-aged,Hispanic,39200.0,24300.0,646,206300.0,360,12.2,Own,Graduate,Yes,0,Rural,0.234,1
L01071,Male,41,Middle-aged,African American,42600.0,0.0,627,208200.0,360,3.6,Mortgage,Undergraduate,No,0,Rural,0.352,0
L01072,Male,38,Middle-aged,Hispanic,37600.0,0.0,512,188300.0,360,3.8,Mortgage,Graduate,No,2,Rural,0.36,0
L01073,Male,41,Middle-aged,Asian,32400.0,0.0,533,118000.0,360,10.0,Mortgage,Graduate,No,1,Urban,0.262,0
L01074,Male,34,Middle-aged,Caucasian,35800.0,0.0,578,162700.0,360,10.8,Mortgage,Graduate,No,1,Urban,0.327,0
L01075,Female,18,Young,African American,51700.0,0.0,639,164200.0,360,1.3,Rent,Graduate,No,0,Semiurban,0.229,0
L01076,Male,65,Senior,Caucasian,54100.0,15300.0,539,244200.0,180,8.4,Mortgage,Graduate,Yes,2,Rural,0.356,1
L01077,Male,42,Middle-aged,Caucasian,62600.0,0.0,683,256300.0,360,4.1,Rent,Graduate,No,0,Urban,0.295,1
L01078,Female,45,Middle-aged,Caucasian,29100.0,0.0,592,137400.0,360,4.9,Rent,Graduate,No,0,Rural,0.34,0
L01079,Male,40,Middle-aged,African American,20000.0,0.0,585,100100.0,360,3.3,Rent,Graduate,No,0,Urban,0.36,0
L01080,Female,32,Middle-aged,Caucasian,33800.0,0.0,613,127100.0,360,6.6,Mortgage,Graduate,No,0,Urban,0.271,1
L01081,Female,38,Middle-aged,Caucasian,29500.0,0.0,619,123500.0,360,14.7,Rent,Graduate,Yes,0,Urban,0.301,1
L01082,Male,21,Young,Caucasian,56400.0,0.0,556,251400.0,360,1.3,Rent,Graduate,No,0,Urban,0.321,0
L01083,Male,68,Senior,Hispanic,164200.0,0.0,793,614000.0,360,14.5,Own,Graduate,No,1,Rural,0.269,1
L01084,Female,26,Young,Caucasian,55000.0,41000.0,466,401000.0,360,5.5,Rent,Graduate,No,0,Semiurban,0.301,0
L01085,Female,28,Young,Caucasian,124500.0,0.0,637,618800.0,360,15.6,Mortgage,Graduate,No,0,Urban,0.358,1
L01086,Male,35,Middle-aged,Caucasian,61500.0,8700.0,633,242500.0,360,10.6,Mortgage,Graduate,Yes,1,Urban,0.249,1
L01087,Female,56,Senior,Hispanic,28600.0,0.0,609,118500.0,360,15.3,Rent,Graduate,No,0,Semiurban,0.298,0
L01088,Male,41,Middle-aged,Hispanic,50700.0,0.0,515,178400.0,360,8.5,Mortgage,Graduate,No,1,Urban,0.253,0
L01089,Female,26,Young,African American,65000.0,19700.0,659,313900.0,360,9.5,Rent,Graduate,No,0,Urban,0.267,0
L01090,Male,56,Senior,Hispanic,91700.0,33500.0,605,497200.0,360,7.9,Rent,Graduate,No,0,Urban,0.286,0
L01091,Female,49,Middle-aged,Caucasian,33100.0,0.0,618,105700.0,360,5.8,Mortgage,Graduate,No,1,Urban,0.23,1
L01092,Female,47,Middle-aged,Hispanic,40700.0,28000.0,635,275800.0,360,16.5,Mortgage,Graduate,No,2,Rural,0.289,1
L01093,Female,49,Middle-aged,Caucasian,23500.0,13500.0,616,133100.0,360,11.3,Rent,Graduate,No,2,Semiurban,0.259,1
L01094,Male,69,Senior,Caucasian,68200.0,14700.0,751,397400.0,360,8.1,Mortgage,Undergraduate,No,0,Semiurban,0.345,1
L01095,Male,67,Senior,Caucasian,91200.0,0.0,693,278900.0,180,17.4,Own,Undergraduate,No,1,Semiurban,0.31,1
L01096,Male,32,Middle-aged,Caucasian,49800.0,13300.0,636,277100.0,180,4.2,Mortgage,Graduate,No,0,Rural,0.445,1
L01097,Male,60,Senior,Asian,37500.0,29700.0,639,255100.0,360,8.1,Mortgage,Graduate,No,2,Urban,0.273,1
L01098,Male,45,Middle-aged,Caucasian,56600.0,15200.0,672,213500.0,360,8.9,Mortgage,Graduate,No,2,Semiurban,0.214,1
L01099,Female,46,Middle-aged,Hispanic,43400.0,25000.0,710,213000.0,360,8.4,Own,Graduate,No,3+,Semiurban,0.224,1
L01100,Male,20,Young,Caucasian,50600.0,25100.0,601,319300.0,360,4.2,Mortgage,Graduate,No,0,Semiurban,0.303,0
L01101,Male,38,Middle-aged,Caucasian,52700.0,0.0,669,219600.0,360,4.5,Mortgage,Undergraduate,No,0,Semiurban,0.3,1
L01102,Female,31,Middle-aged,Caucasian,38900.0,0.0,687,151800.0,360,18.0,Own,Undergraduate,No,0,Urban,0.281,1
L01103,Female,50,Middle-aged,African American,47500.0,0.0,717,239300.0,360,19.8,Mortgage,Graduate,No,1,Semiurban,0.362,1
L01104,Female,53,Middle-aged,Asian,55900.0,0.0,624,179400.0,360,5.3,Rent,Undergraduate,No,1,Urban,0.231,1
L01105,Female,18,Young,Caucasian,28100.0,0.0,634,114200.0,360,2.1,Rent,Graduate,No,0,Rural,0.292,0
L01106,Male,40,Middle-aged,Caucasian,32700.0,0.0,624,146100.0,360,3.5,Mortgage,Graduate,No,0,Urban,0.321,0
L01107,Male,54,Middle-aged,Caucasian,44300.0,0.0,706,193600.0,120,14.9,Rent,Graduate,No,1,Semiurban,0.582,0
L01108,Female,38,Middle-aged,African American,42800.0,72000.0,648,291900.0,360,13.9,Mortgage,Graduate,No,1,Rural,0.183,1
L01109,Female,49,Middle-aged,Hispanic,39000.0,25800.0,644,225200.0,360,8.3,Mortgage,Undergraduate,Yes,0,Urban,0.25,1
L01110,Male,45,Middle-aged,Caucasian,37900.0,0.0,646,174100.0,360,13.2,Mortgage,Graduate,No,3+,Rural,0.33,1
L01111,Female,45,Middle-aged,Hispanic,40800.0,14700.0,638,209900.0,360,10.1,Rent,Graduate,No,0,Semiurban,0.272,0
L01112,Male,37,Middle-aged,Caucasian,42900.0,0.0,630,194800.0,360,6.3,Mortgage,Undergraduate,No,3+,Rural,0.327,0
L01113,Male,26,Young,Caucasian,69700.0,10600.0,608,269500.0,180,3.5,Mortgage,Graduate,No,0,Urban,0.34,1
L01114,Male,27,Young,Hispanic,50400.0,19200.0,588,295600.0,360,2.9,Mortgage,Graduate,No,0,Semiurban,0.306,0
L01115,Female,49,Middle-aged,Caucasian,36700.0,0.0,731,147200.0,360,6.2,Rent,Graduate,Yes,0,Urban,0.289,1
L01116,Female,41,Middle-aged,Caucasian,45700.0,0.0,649,238600.0,360,7.6,Mortgage,Undergraduate,No,1,Semiurban,0.376,0
L01117,Male,39,Middle-aged,Caucasian,83000.0,0.0,613,253300.0,120,4.1,Rent,Undergraduate,No,0,Semiurban,0.407,0
L01118,Female,35,Middle-aged,Caucasian,33200.0,20800.0,585,170800.0,360,3.5,Mortgage,Undergraduate,Yes,0,Semiurban,0.228,1
L01119,Male,37,Middle-aged,Asian,57600.0,7300.0,687,209500.0,360,2.9,Rent,Graduate,No,3+,Semiurban,0.232,1
L01120,Male,53,Middle-aged,African American,38100.0,0.0,588,161900.0,360,10.0,Mortgage,Graduate,No,2,Rural,0.306,0
L01121,Female,36,Middle-aged,Hispanic,43600.0,0.0,522,154700.0,360,28.6,Mortgage,Graduate,Yes,0,Rural,0.255,0
L01122,Female,24,Young,Caucasian,32100.0,0.0,500,149600.0,120,11.9,Rent,Graduate,No,1,Semiurban,0.621,0
L01123,Female,49,Middle-aged,Caucasian,43500.0,0.0,527,216800.0,360,10.8,Rent,Graduate,Yes,0,Semiurban,0.359,0
L01124,Female,38,Middle-aged,Caucasian,64900.0,15400.0,553,254000.0,360,10.7,Rent,Graduate,No,1,Semiurban,0.228,1
L01125,Female,41,Middle-aged,Caucasian,28600.0,0.0,536,96100.0,360,6.1,Mortgage,Graduate,No,0,Semiurban,0.242,1
L01126,Female,60,Senior,Hispanic,21600.0,25600.0,713,175200.0,360,8.1,Rent,Graduate,No,0,Urban,0.267,1
L01127,Male,40,Middle-aged,African American,23400.0,16900.0,598,123600.0,360,5.6,Rent,Graduate,No,1,Rural,0.221,0
L01128,Male,44,Middle-aged,Caucasian,30700.0,35800.0,591,198100.0,360,4.3,Own,Graduate,Yes,0,Rural,0.214,1
L01129,Male,26,Young,Hispanic,56000.0,0.0,520,195800.0,360,6.2,Rent,Undergraduate,No,0,Semiurban,0.252,0
L01130,Male,38,Middle-aged,Asian,27900.0,0.0,593,110400.0,360,4.0,Mortgage,Graduate,No,3+,Semiurban,0.285,0
L01131,Female,48,Middle-aged,Caucasian,37000.0,0.0,520,130300.0,360,11.7,Own,Graduate,No,2,Rural,0.253,1
L01132,Male,22,Young,Asian,62800.0,10100.0,584,306700.0,360,1.7,Mortgage,Undergraduate,No,0,Rural,0.303,0
L01133,Male,43,Middle-aged,Caucasian,57900.0,30900.0,757,306600.0,360,5.0,Mortgage,Graduate,No,0,Semiurban,0.248,1
L01134,Male,42,Middle-aged,Caucasian,42000.0,0.0,659,200500.0,180,19.4,Own,Graduate,No,1,Semiurban,0.483,1
L01135,Female,41,Middle-aged,Caucasian,45000.0,34800.0,607,235400.0,360,4.0,Own,Graduate,No,2,Semiurban,0.212,1
L01136,Male,53,Middle-aged,Caucasian,51200.0,0.0,685,211800.0,360,8.7,Mortgage,Graduate,Yes,2,Semiurban,0.298,1
L01137,Female,45,Middle-aged,Caucasian,38100.0,0.0,589,136500.0,360,4.4,Mortgage,Graduate,No,1,Semiurban,0.258,0
L01138,Male,58,Senior,Caucasian,45100.0,0.0,598,230100.0,360,6.5,Rent,Undergraduate,No,0,Semiurban,0.367,0
L01139,Male,29,Young,Caucasian,119900.0,0.0,764,500500.0,360,6.7,Mortgage,Graduate,No,1,Rural,0.3,1
L01140,Female,42,Middle-aged,Asian,57600.0,0.0,563,195300.0,360,8.6,Mortgage,Graduate,No,0,Urban,0.244,1
L01141,Female,42,Middle-aged,Hispanic,99200.0,0.0,644,358500.0,360,4.7,Own,Graduate,No,2,Urban,0.26,1
L01142,Male,28,Young,Asian,40200.0,35500.0,615,188400.0,360,11.8,Mortgage,Undergraduate,No,0,Urban,0.179,1
L01143,Female,52,Middle-aged,Caucasian,40300.0,10100.0,577,139900.0,180,11.2,Mortgage,Graduate,Yes,1,Rural,0.281,1
L01144,Female,68,Senior,Caucasian,24500.0,0.0,683,102500.0,360,9.3,Mortgage,Graduate,No,1,Semiurban,0.301,0
L01145,Male,40,Middle-aged,Caucasian,35500.0,25800.0,593,185100.0,120,4.7,Mortgage,Undergraduate,No,0,Semiurban,0.402,0
L01146,Female,47,Middle-aged,Caucasian,89200.0,0.0,704,461000.0,360,11.4,Rent,Undergraduate,No,0,Semiurban,0.372,1
L01147,Female,42,Middle-aged,Caucasian,33800.0,0.0,648,114400.0,360,10.2,Own,Graduate,No,1,Rural,0.244,1
L01148,Female,32,Middle-aged,African American,68700.0,15800.0,611,369200.0,180,2.9,Mortgage,Graduate,No,0,Semiurban,0.442,0
L01149,Female,19,Young,African American,20000.0,10900.0,670,95800.0,120,2.3,Mortgage,Graduate,No,0,Semiurban,0.413,1
L01150,Female,32,Middle-aged,African American,20900.0,17900.0,547,106700.0,180,3.3,Mortgage,Graduate,No,0,Urban,0.278,0
L01151,Female,24,Young,Caucasian,36400.0,14000.0,669,227300.0,360,2.6,Mortgage,Undergraduate,Yes,3+,Semiurban,0.324,1
L01152,Female,61,Senior,Caucasian,40600.0,34900.0,717,284600.0,360,8.1,Mortgage,Graduate,No,0,Urban,0.271,1
L01153,Female,39,Middle-aged,African American,46100.0,0.0,724,203700.0,360,21.8,Mortgage,Graduate,No,1,Rural,0.318,1
L01154,Female,36,Middle-aged,Caucasian,49900.0,28500.0,627,297400.0,120,9.6,Rent,Graduate,Yes,0,Rural,0.505,0
L01155,Female,51,Middle-aged,Caucasian,35300.0,0.0,580,184600.0,360,12.5,Rent,Undergraduate,No,1,Urban,0.376,0
L01156,Female,27,Young,Caucasian,39500.0,12400.0,719,199900.0,360,3.0,Mortgage,Undergraduate,No,3+,Urban,0.277,1
L01157,Male,31,Middle-aged,Caucasian,43100.0,0.0,583,139200.0,180,2.0,Mortgage,Graduate,No,0,Urban,0.327,0
L01158,Female,41,Middle-aged,Caucasian,28900.0,0.0,558,90900.0,360,3.7,Rent,Undergraduate,Yes,3+,Urban,0.226,0
L01159,Female,53,Middle-aged,Asian,29200.0,15300.0,614,168100.0,360,9.3,Rent,Undergraduate,No,2,Semiurban,0.272,0
L01160,Male,47,Middle-aged,Hispanic,66600.0,0.0,587,298300.0,360,6.0,Rent,Graduate,Yes,1,Rural,0.322,0
L01161,Female,43,Middle-aged,Caucasian,20100.0,18200.0,635,139600.0,360,4.8,Own,Graduate,No,2,Semiurban,0.262,1
L01162,Male,41,Middle-aged,Caucasian,93600.0,0.0,623,303700.0,180,3.7,Rent,Graduate,Yes,2,Urban,0.329,1
L01163,Male,45,Middle-aged,African American,34200.0,21200.0,600,233300.0,360,14.5,Rent,Graduate,No,2,Semiurban,0.303,0
L01164,Female,43,Middle-aged,Caucasian,30600.0,0.0,670,129700.0,360,8.3,Mortgage,Graduate,No,0,Rural,0.305,1
L01165,Male,28,Young,Caucasian,65900.0,0.0,655,294000.0,360,2.1,Rent,Graduate,No,2,Rural,0.321,1
L01166,Female,41,Middle-aged,Caucasian,75500.0,0.0,645,232400.0,360,10.7,Rent,Undergraduate,No,0,Urban,0.221,1
L01167,Female,28,Young,Caucasian,65200.0,36400.0,627,436800.0,180,8.5,Mortgage,Graduate,No,2,Semiurban,0.435,1
L01168,Male,41,Middle-aged,Asian,59900.0,31100.0,633,326300.0,360,5.2,Rent,Graduate,No,0,Semiurban,0.258,0
L01169,Male,35,Middle-aged,Asian,75700.0,0.0,610,323100.0,360,3.6,Rent,Undergraduate,No,1,Semiurban,0.307,0
L01170,Male,71,Senior,Caucasian,24700.0,22600.0,649,188300.0,360,16.4,Rent,Graduate,No,1,Semiurban,0.286,1
L01171,Female,40,Middle-aged,Caucasian,33800.0,19300.0,639,224500.0,180,5.3,Rent,Graduate,No,0,Semiurban,0.428,0
L01172,Female,24,Young,Caucasian,28900.0,9100.0,574,118000.0,360,10.3,Mortgage,Graduate,Yes,2,Semiurban,0.223,0
L01173,Female,39,Middle-aged,Caucasian,68000.0,0.0,661,346500.0,360,3.4,Own,Graduate,Yes,3+,Urban,0.367,1
L01174,Male,47,Middle-aged,Hispanic,37800.0,0.0,573,176000.0,360,7.8,Own,Graduate,No,0,Semiurban,0.335,0
L01175,Female,61,Senior,African American,44700.0,0.0,614,136000.0,360,7.4,Rent,Graduate,No,0,Rural,0.219,0
L01176,Male,33,Middle-aged,Caucasian,60700.0,0.0,577,214900.0,180,7.8,Mortgage,Undergraduate,No,1,Urban,0.359,0
L01177,Female,22,Young,Asian,29500.0,0.0,545,115900.0,360,30.0,Mortgage,Graduate,No,1,Semiurban,0.283,0
L01178,Male,50,Middle-aged,Asian,38800.0,0.0,706,167300.0,120,7.5,Mortgage,Graduate,No,0,Urban,0.574,0
L01179,Female,24,Young,Asian,69900.0,0.0,658,320000.0,180,1.4,Mortgage,Graduate,Yes,2,Semiurban,0.464,0
L01180,Male,35,Middle-aged,Caucasian,35900.0,42000.0,539,202500.0,360,4.5,Mortgage,Undergraduate,No,2,Rural,0.187,1
L01181,Female,37,Middle-aged,Caucasian,43800.0,17600.0,639,259700.0,180,14.0,Rent,Undergraduate,No,0,Semiurban,0.428,1
L01182,Male,40,Middle-aged,African American,28700.0,47900.0,582,266000.0,180,10.6,Mortgage,Graduate,Yes,1,Semiurban,0.352,1
L01183,Female,49,Middle-aged,Caucasian,36800.0,0.0,584,163000.0,180,6.0,Rent,Graduate,No,1,Semiurban,0.449,1
L01184,Female,32,Middle-aged,Hispanic,36100.0,0.0,510,183100.0,360,17.5,Rent,Graduate,No,0,Semiurban,0.365,0
L01185,Male,37,Middle-aged,African American,28700.0,0.0,659,138600.0,180,7.7,Mortgage,Graduate,No,3+,Semiurban,0.489,0
L01186,Female,40,Middle-aged,Hispanic,25000.0,0.0,521,87500.0,360,4.2,Mortgage,Graduate,No,0,Semiurban,0.252,0
L01187,Female,42,Middle-aged,Caucasian,46700.0,0.0,620,224000.0,360,7.8,Rent,Graduate,Yes,1,Rural,0.345,0
L01188,Male,42,Middle-aged,Hispanic,31500.0,0.0,554,162100.0,180,6.6,Mortgage,Graduate,No,0,Semiurban,0.521,0
L01189,Male,46,Middle-aged,Caucasian,35400.0,0.0,666,117200.0,180,12.8,Mortgage,Graduate,No,0,Rural,0.335,1
L01190,Female,51,Middle-aged,Hispanic,25300.0,24300.0,599,199000.0,120,7.1,Mortgage,Graduate,No,0,Rural,0.535,0
L01191,Male,45,Middle-aged,Caucasian,47500.0,60600.0,620,243900.0,360,14.4,Rent,Graduate,No,0,Rural,0.162,1
L01192,Female,46,Middle-aged,Caucasian,60800.0,0.0,634,253800.0,360,12.6,Mortgage,Graduate,No,2,Semiurban,0.3,1
L01193,Male,22,Young,Asian,89600.0,0.0,645,424800.0,120,6.2,Rent,Undergraduate,No,0,Semiurban,0.632,0
L01194,Female,41,Middle-aged,Caucasian,31200.0,29800.0,610,225000.0,360,4.9,Mortgage,Graduate,No,1,Rural,0.265,0
L01195,Male,46,Middle-aged,Caucasian,115900.0,0.0,682,539300.0,360,21.8,Mortgage,Graduate,No,3+,Urban,0.335,1
L01196,Female,49,Middle-aged,Hispanic,24600.0,0.0,585,103100.0,360,8.6,Own,Graduate,No,0,Urban,0.302,0
L01197,Female,32,Middle-aged,Caucasian,64300.0,0.0,527,287100.0,360,14.0,Own,Graduate,No,2,Urban,0.321,1
L01198,Female,33,Middle-aged,African American,23900.0,0.0,524,109300.0,360,3.5,Own,Graduate,No,0,Urban,0.329,0
L01199,Female,34,Middle-aged,Caucasian,29400.0,0.0,640,120900.0,120,22.9,Mortgage,Undergraduate,No,0,Semiurban,0.548,0
L01200,Male,47,Middle-aged,Asian,36400.0,10800.0,604,183000.0,360,12.8,Own,Graduate,No,1,Rural,0.279,1
L01201,Female,53,Middle-aged,African American,31200.0,0.0,587,153000.0,360,20.2,Rent,Graduate,No,2,Urban,0.353,0
L01202,Male,36,Middle-aged,Caucasian,61800.0,0.0,542,228900.0,360,3.9,Rent,Graduate,No,0,Rural,0.266,0
L01203,Male,51,Middle-aged,Caucasian,64100.0,0.0,547,267800.0,360,7.8,Mortgage,Graduate,No,2,Semiurban,0.301,0
L01204,Male,42,Middle-aged,Caucasian,33600.0,16200.0,570,127500.0,180,4.1,Mortgage,Undergraduate,No,0,Semiurban,0.259,1
L01205,Male,39,Middle-aged,Caucasian,33000.0,0.0,661,150000.0,360,3.9,Mortgage,Graduate,No,1,Rural,0.327,1
L01206,Female,38,Middle-aged,Caucasian,28900.0,0.0,569,99400.0,360,4.7,Mortgage,Graduate,No,1,Semiurban,0.247,1
L01207,Female,49,Middle-aged,African American,30500.0,0.0,644,124500.0,360,19.8,Mortgage,Graduate,No,1,Urban,0.294,1
L01208,Male,44,Middle-aged,Caucasian,45100.0,0.0,588,156600.0,360,9.4,Mortgage,Graduate,No,3+,Urban,0.25,1
L01209,Male,68,Senior,Caucasian,33500.0,0.0,690,102300.0,360,9.4,Mortgage,Undergraduate,No,3+,Rural,0.22,1
L01210,Female,30,Middle-aged,African American,35500.0,0.0,575,145100.0,180,17.3,Mortgage,Undergraduate,Yes,0,Urban,0.414,0
L01211,Male,47,Middle-aged,Caucasian,121200.0,20200.0,616,522100.0,360,11.1,Mortgage,Graduate,No,0,Urban,0.266,1
L01212,Male,34,Middle-aged,Caucasian,40100.0,14200.0,589,188600.0,360,14.3,Rent,Undergraduate,No,2,Semiurban,0.25,0
L01213,Male,30,Middle-aged,Caucasian,41200.0,0.0,711,143000.0,360,14.9,Rent,Graduate,No,2,Rural,0.25,1
L01214,Female,40,Middle-aged,Caucasian,52100.0,0.0,732,267300.0,360,10.2,Rent,Graduate,No,0,Semiurban,0.369,1
L01215,Female,42,Middle-aged,African American,25500.0,0.0,635,76700.0,360,5.0,Mortgage,Graduate,No,0,Semiurban,0.216,0
L01216,Male,75,Senior,African American,51200.0,18200.0,668,304900.0,180,37.0,Rent,Undergraduate,No,2,Semiurban,0.445,0
L01217,Male,38,Middle-aged,Caucasian,36800.0,0.0,627,171400.0,180,5.0,Mortgage,Graduate,No,0,Rural,0.472,1
L01218,Female,27,Young,Caucasian,86700.0,11100.0,651,313700.0,120,6.9,Rent,Graduate,Yes,0,Urban,0.427,0
L01219,Female,44,Middle-aged,Caucasian,47800.0,22100.0,624,242100.0,360,13.2,Rent,Graduate,No,0,Urban,0.249,1
L01220,Male,18,Young,Caucasian,38300.0,24800.0,607,269200.0,360,1.0,Mortgage,Undergraduate,No,0,Urban,0.307,0
L01221,Female,39,Middle-aged,Hispanic,29100.0,13300.0,617,161000.0,120,7.8,Mortgage,Graduate,Yes,0,Urban,0.506,0
L01222,Male,41,Middle-aged,Caucasian,39900.0,58100.0,597,233000.0,360,5.8,Mortgage,Graduate,No,1,Urban,0.171,1
L01223,Male,50,Middle-aged,Caucasian,84900.0,0.0,594,342100.0,120,6.2,Own,Graduate,No,0,Semiurban,0.537,0
L01224,Female,52,Middle-aged,Caucasian,25100.0,0.0,593,101700.0,120,5.2,Rent,Graduate,No,1,Rural,0.54,0
L01225,Male,34,Middle-aged,African American,30000.0,0.0,645,144200.0,360,12.7,Rent,Graduate,No,0,Semiurban,0.346,0
L01226,Female,39,Middle-aged,African American,25500.0,0.0,600,129100.0,360,3.9,Mortgage,Graduate,No,0,Urban,0.364,0
L01227,Male,31,Middle-aged,African American,39000.0,22700.0,618,162800.0,360,12.5,Mortgage,Graduate,No,1,Semiurban,0.19,1
L01228,Male,27,Young,Hispanic,39600.0,0.0,578,146800.0,360,5.9,Mortgage,Graduate,No,0,Semiurban,0.267,0
L01229,Female,44,Middle-aged,Caucasian,22900.0,14600.0,543,112700.0,360,8.8,Own,Graduate,No,1,Rural,0.216,0
L01230,Male,25,Young,Caucasian,41800.0,0.0,579,219100.0,360,9.9,Rent,Undergraduate,Yes,3+,Rural,0.377,0
L01231,Female,36,Middle-aged,Caucasian,40000.0,9800.0,547,192600.0,360,6.3,Mortgage,Graduate,No,0,Semiurban,0.278,0
L01232,Male,29,Young,African American,30500.0,0.0,525,151900.0,360,3.9,Mortgage,Graduate,No,0,Semiurban,0.358,0
L01233,Male,47,Middle-aged,African American,51600.0,0.0,707,204300.0,360,5.1,Rent,Graduate,No,0,Semiurban,0.285,1
L01234,Male,62,Senior,Caucasian,70800.0,0.0,647,327500.0,360,10.8,Rent,Graduate,No,0,Rural,0.333,1
L01235,Female,25,Young,African American,30900.0,22700.0,540,156800.0,360,5.1,Own,Graduate,No,2,Urban,0.21,0
L01236,Male,18,Young,African American,43000.0,0.0,681,217200.0,180,1.7,Rent,Graduate,No,0,Urban,0.511,0
L01237,Female,39,Middle-aged,Hispanic,20000.0,0.0,646,80500.0,120,7.7,Mortgage,Graduate,No,0,Semiurban,0.536,0
L01238,Male,41,Middle-aged,Caucasian,41400.0,0.0,595,199100.0,360,6.3,Rent,Graduate,No,0,Semiurban,0.346,1
L01239,Female,43,Middle-aged,Asian,62300.0,19300.0,662,259600.0,360,11.9,Mortgage,Graduate,No,1,Urban,0.229,1
L01240,Male,35,Middle-aged,Caucasian,41400.0,0.0,594,188800.0,360,6.6,Mortgage,Graduate,Yes,1,Semiurban,0.328,1
L01241,Female,38,Middle-aged,African American,23700.0,32600.0,557,160700.0,360,16.6,Rent,Undergraduate,No,0,Semiurban,0.205,1
L01242,Female,45,Middle-aged,Hispanic,91400.0,0.0,692,280700.0,360,7.7,Mortgage,Graduate,No,0,Semiurban,0.221,1
L01243,Female,53,Middle-aged,Caucasian,86300.0,0.0,652,339100.0,360,16.2,Mortgage,Graduate,No,1,Semiurban,0.283,1
L01244,Female,18,Young,Asian,50200.0,20500.0,594,259100.0,360,3.7,Mortgage,Graduate,No,0,Semiurban,0.264,1
L01245,Female,36,Middle-aged,African American,50300.0,0.0,678,168100.0,180,6.8,Mortgage,Graduate,No,1,Semiurban,0.338,1
L01246,Female,43,Middle-aged,Caucasian,20000.0,12100.0,658,90300.0,360,6.0,Own,Undergraduate,No,3+,Rural,0.202,0
L01247,Male,29,Young,Caucasian,35800.0,0.0,562,144800.0,360,4.2,Mortgage,Graduate,No,1,Urban,0.291,0
L01248,Male,61,Senior,Caucasian,40600.0,50800.0,676,255300.0,360,20.0,Own,Graduate,Yes,0,Semiurban,0.201,1
L01249,Female,33,Middle-aged,Hispanic,33500.0,27400.0,531,192100.0,180,3.5,Mortgage,Undergraduate,No,0,Semiurban,0.319,0
L01250,Female,40,Middle-aged,Asian,34300.0,19400.0,637,180200.0,180,3.9,Rent,Graduate,No,0,Urban,0.34,1
L01251,Female,47,Middle-aged,Caucasian,20000.0,0.0,618,66300.0,360,13.2,Mortgage,Graduate,No,0,Urban,0.239,0
L01252,Male,33,Middle-aged,Caucasian,57200.0,0.0,640,194900.0,120,6.6,Rent,Undergraduate,No,1,Semiurban,0.454,0
L01253,Male,18,Young,Caucasian,60900.0,23900.0,580,361500.0,360,1.7,Mortgage,Graduate,Yes,1,Semiurban,0.307,0
L01254,Male,35,Middle-aged,Caucasian,93000.0,27900.0,774,363100.0,360,5.4,Rent,Graduate,No,2,Urban,0.216,1
L01255,Female,53,Middle-aged,Caucasian,30400.0,0.0,572,136700.0,180,9.0,Mortgage,Undergraduate,No,0,Urban,0.455,0
L01256,Male,36,Middle-aged,Caucasian,34600.0,0.0,662,136400.0,360,7.2,Mortgage,Graduate,No,1,Semiurban,0.284,1
L01257,Male,30,Middle-aged,Caucasian,20000.0,0.0,522,103600.0,360,10.4,Rent,Undergraduate,Yes,0,Semiurban,0.373,0
L01258,Male,52,Middle-aged,Caucasian,43600.0,10800.0,666,155400.0,360,7.6,Mortgage,Graduate,No,0,Urban,0.206,1
L01259,Male,37,Middle-aged,Asian,70300.0,0.0,669,342200.0,360,8.5,Mortgage,Undergraduate,No,0,Rural,0.35,1
L01260,Female,34,Middle-aged,Hispanic,28800.0,0.0,600,118200.0,360,11.4,Own,Graduate,No,0,Urban,0.295,1
L01261,Male,42,Middle-aged,Asian,115500.0,0.0,648,347900.0,360,12.9,Mortgage,Graduate,No,0,Urban,0.217,1
L01262,Female,50,Middle-aged,Asian,37600.0,0.0,636,135100.0,360,6.3,Rent,Graduate,No,0,Semiurban,0.259,1
L01263,Male,69,Senior,Caucasian,52000.0,0.0,684,203700.0,360,9.8,Rent,Graduate,No,1,Urban,0.282,1
L01264,Male,50,Middle-aged,Caucasian,28400.0,23800.0,728,152300.0,180,9.3,Mortgage,Graduate,No,0,Urban,0.295,1
L01265,Male,54,Middle-aged,Caucasian,55000.0,0.0,595,209900.0,360,16.2,Mortgage,Graduate,No,0,Semiurban,0.275,1
L01266,Male,34,Middle-aged,Asian,22200.0,17600.0,558,159900.0,360,10.2,Own,Undergraduate,No,2,Rural,0.289,0
L01267,Male,28,Young,Hispanic,58200.0,0.0,628,221900.0,360,5.9,Mortgage,Graduate,No,1,Semiurban,0.274,0
L01268,Male,41,Middle-aged,African American,52400.0,0.0,611,206600.0,360,24.0,Mortgage,Undergraduate,No,0,Semiurban,0.284,1
L01269,Female,42,Middle-aged,Hispanic,63300.0,0.0,630,298300.0,360,6.5,Rent,Undergraduate,No,2,Rural,0.339,0
L01270,Male,28,Young,African American,26100.0,28400.0,650,197400.0,180,10.7,Own,Undergraduate,No,1,Urban,0.367,0
L01271,Female,38,Middle-aged,Caucasian,44400.0,15200.0,446,167500.0,360,11.5,Rent,Undergraduate,No,0,Semiurban,0.202,0
L01272,Female,45,Middle-aged,Caucasian,52200.0,0.0,596,239300.0,120,16.0,Mortgage,Graduate,No,0,Urban,0.611,0
L01273,Female,45,Middle-aged,Caucasian,49700.0,0.0,525,203100.0,360,26.0,Rent,Graduate,Yes,1,Semiurban,0.294,0
L01274,Male,47,Middle-aged,Caucasian,34700.0,16300.0,549,143200.0,360,7.8,Mortgage,Undergraduate,No,1,Semiurban,0.202,1
L01275,Male,44,Middle-aged,African American,20000.0,50600.0,749,168900.0,360,5.0,Mortgage,Graduate,No,2,Semiurban,0.172,1
L01276,Male,34,Middle-aged,Caucasian,56300.0,0.0,654,174600.0,360,5.5,Rent,Undergraduate,No,0,Semiurban,0.223,1
L01277,Male,34,Middle-aged,Caucasian,46100.0,40800.0,667,258600.0,360,12.0,Mortgage,Graduate,Yes,0,Rural,0.214,1
L01278,Female,26,Young,Caucasian,33200.0,0.0,583,118700.0,360,10.2,Mortgage,Graduate,No,1,Urban,0.257,0
L01279,Male,62,Senior,Caucasian,66500.0,0.0,714,256700.0,360,8.6,Own,Graduate,No,1,Rural,0.278,1
L01280,Male,41,Middle-aged,Caucasian,48100.0,0.0,516,207100.0,360,3.7,Mortgage,Graduate,No,0,Urban,0.31,0
L01281,Female,38,Middle-aged,Caucasian,24600.0,0.0,661,114300.0,360,6.6,Own,Graduate,No,0,Semiurban,0.334,1
L01282,Female,29,Young,Caucasian,20000.0,4200.0,533,97000.0,360,4.9,Mortgage,Graduate,No,0,Urban,0.288,0
L01283,Female,75,Senior,Asian,26500.0,0.0,624,119900.0,360,9.0,Own,Undergraduate,No,3+,Rural,0.326,1
L01284,Male,28,Young,Caucasian,127700.0,0.0,697,631800.0,120,9.4,Mortgage,Undergraduate,No,0,Semiurban,0.659,0
L01285,Male,35,Middle-aged,African American,52400.0,39300.0,636,364300.0,180,4.2,Rent,Graduate,Yes,0,Semiurban,0.402,0
L01286,Male,45,Middle-aged,Hispanic,47600.0,0.0,633,235000.0,360,9.2,Rent,Graduate,No,0,Rural,0.355,1
L01287,Male,48,Middle-aged,Hispanic,41000.0,0.0,546,137100.0,360,5.0,Mortgage,Graduate,No,3+,Semiurban,0.241,0
L01288,Male,52,Middle-aged,Hispanic,40000.0,21200.0,638,182900.0,360,15.0,Rent,Undergraduate,No,1,Rural,0.215,1
L01289,Male,62,Senior,Caucasian,78200.0,0.0,736,323000.0,360,13.3,Rent,Graduate,No,0,Semiurban,0.297,1
L01290,Male,47,Middle-aged,Caucasian,40300.0,0.0,593,153400.0,360,6.8,Mortgage,Graduate,No,3+,Urban,0.274,1
L01291,Male,28,Young,Caucasian,61700.0,0.0,693,203400.0,360,6.5,Mortgage,Graduate,Yes,3+,Semiurban,0.237,1
L01292,Male,37,Middle-aged,Caucasian,42600.0,0.0,560,155400.0,360,3.9,Rent,Graduate,Yes,0,Rural,0.262,0
L01293,Female,44,Middle-aged,Hispanic,79900.0,15500.0,653,458000.0,360,25.0,Rent,Undergraduate,Yes,0,Urban,0.345,1
L01294,Female,65,Senior,African American,42900.0,13300.0,746,189000.0,120,15.0,Rent,Undergraduate,No,3+,Rural,0.448,1
L01295,Female,24,Young,Caucasian,68600.0,0.0,572,270500.0,360,8.7,Mortgage,Graduate,No,0,Urban,0.284,1
L01296,Male,55,Middle-aged,Caucasian,38800.0,0.0,699,117000.0,360,6.4,Rent,Graduate,Yes,0,Semiurban,0.217,1
L01297,Male,43,Middle-aged,Caucasian,74900.0,13700.0,765,379700.0,360,3.8,Mortgage,Graduate,Yes,0,Urban,0.308,1
L01298,Male,51,Middle-aged,African American,34600.0,0.0,637,136000.0,360,9.4,Rent,Graduate,No,0,Semiurban,0.283,1
L01299,Female,39,Middle-aged,African American,33300.0,0.0,576,107600.0,360,3.9,Rent,Graduate,No,1,Rural,0.232,0
L01300,Female,30,Middle-aged,Hispanic,70700.0,15700.0,578,409500.0,360,9.4,Own,Graduate,No,0,Urban,0.341,1
L01301,Male,50,Middle-aged,Hispanic,29100.0,12500.0,699,169900.0,360,7.5,Mortgage,Undergraduate,No,0,Semiurban,0.294,1
L01302,Female,48,Middle-aged,Caucasian,45200.0,0.0,707,209400.0,360,6.6,Mortgage,Undergraduate,No,0,Semiurban,0.333,1
L01303,Male,52,Middle-aged,Caucasian,58400.0,0.0,734,301100.0,180,5.5,Own,Undergraduate,No,0,Rural,0.522,1
L01304,Male,40,Middle-aged,Caucasian,60400.0,0.0,629,236600.0,360,31.0,Mortgage,Graduate,No,0,Urban,0.282,1
L01305,Female,33,Middle-aged,Caucasian,34800.0,0.0,662,160700.0,360,17.9,Rent,Graduate,No,2,Urban,0.332,1
L01306,Female,22,Young,Hispanic,84700.0,11200.0,620,314100.0,360,1.3,Rent,Graduate,No,0,Urban,0.236,0
L01307,Female,50,Middle-aged,Caucasian,24800.0,0.0,564,113300.0,360,6.8,Rent,Graduate,No,1,Urban,0.329,0
L01308,Female,46,Middle-aged,African American,57100.0,0.0,705,173100.0,360,6.7,Mortgage,Undergraduate,No,0,Semiurban,0.218,1
L01309,Male,29,Young,Caucasian,79700.0,0.0,728,261700.0,180,3.4,Mortgage,Undergraduate,No,1,Rural,0.333,1
L01310,Female,34,Middle-aged,Caucasian,89100.0,13100.0,584,380200.0,360,16.0,Mortgage,Graduate,Yes,0,Semiurban,0.268,1
L01311,Male,35,Middle-aged,Caucasian,26000.0,0.0,533,78700.0,360,8.9,Rent,Graduate,No,0,Urban,0.218,0
L01312,Female,23,Young,Caucasian,29400.0,0.0,583,118800.0,360,16.4,Rent,Graduate,Yes,2,Semiurban,0.291,1
L01313,Male,31,Middle-aged,African American,71200.0,25900.0,683,355000.0,360,12.3,Rent,Graduate,No,0,Urban,0.263,1
L01314,Female,27,Young,Caucasian,20000.0,0.0,511,88000.0,360,8.4,Rent,Graduate,No,1,Urban,0.317,0
L01315,Male,36,Middle-aged,African American,20600.0,0.0,607,66500.0,120,8.7,Own,Undergraduate,No,2,Semiurban,0.43,0
L01316,Female,32,Middle-aged,Asian,34300.0,0.0,563,116900.0,180,12.2,Own,Graduate,No,1,Urban,0.345,0
L01317,Male,21,Young,Caucasian,52900.0,0.0,638,231700.0,360,6.2,Rent,Undergraduate,No,3+,Semiurban,0.315,1
L01318,Female,65,Senior,African American,60200.0,0.0,620,269800.0,180,8.1,Rent,Graduate,No,0,Urban,0.454,0
L01319,Male,56,Senior,Caucasian,45500.0,0.0,689,139200.0,360,10.9,Mortgage,Graduate,No,2,Rural,0.22,1
L01320,Male,31,Middle-aged,African American,30700.0,0.0,584,129400.0,360,5.6,Mortgage,Graduate,No,1,Semiurban,0.303,0
L01321,Male,44,Middle-aged,Asian,55500.0,0.0,577,264500.0,360,24.0,Mortgage,Undergraduate,No,0,Semiurban,0.343,1
L01322,Male,46,Middle-aged,Hispanic,53200.0,0.0,638,167900.0,360,7.8,Mortgage,Graduate,No,0,Urban,0.227,1
L01323,Female,55,Middle-aged,Caucasian,49700.0,0.0,528,195300.0,360,5.7,Mortgage,Undergraduate,No,2,Urban,0.283,1
L01324,Male,31,Middle-aged,Caucasian,45700.0,0.0,572,170700.0,180,3.5,Mortgage,Graduate,Yes,0,Semiurban,0.378,0
L01325,Female,54,Middle-aged,Caucasian,20000.0,0.0,640,101100.0,360,17.9,Mortgage,Undergraduate,No,1,Rural,0.364,1
L01326,Male,34,Middle-aged,Caucasian,34000.0,22600.0,494,157400.0,360,18.8,Mortgage,Graduate,No,0,Semiurban,0.2,1
L01327,Male,24,Young,African American,69200.0,0.0,460,257200.0,360,7.4,Rent,Graduate,No,2,Rural,0.267,0
L01328,Female,49,Middle-aged,Hispanic,39600.0,0.0,487,198900.0,360,4.9,Mortgage,Graduate,No,1,Urban,0.361,0
L01329,Female,56,Senior,Caucasian,36600.0,29100.0,715,195100.0,360,5.8,Mortgage,Graduate,No,0,Urban,0.214,1
L01330,Male,72,Senior,Caucasian,76700.0,0.0,687,321800.0,360,11.4,Mortgage,Graduate,No,0,Urban,0.302,1
L01331,Female,26,Young,Caucasian,26500.0,21300.0,551,116400.0,120,40.0,Mortgage,Graduate,Yes,2,Semiurban,0.324,1
L01332,Female,49,Middle-aged,Caucasian,38100.0,11500.0,683,230700.0,360,14.8,Mortgage,Undergraduate,No,0,Rural,0.335,1
L01333,Male,36,Middle-aged,Caucasian,51800.0,28200.0,594,324600.0,360,16.2,Mortgage,Graduate,No,0,Semiurban,0.292,1
L01334,Female,50,Middle-aged,Caucasian,34900.0,13300.0,642,185900.0,360,9.7,Own,Graduate,Yes,1,Semiurban,0.277,1
L01335,Female,23,Young,African American,33200.0,0.0,585,104100.0,360,10.5,Mortgage,Undergraduate,No,0,Rural,0.226,1
L01336,Female,25,Young,Caucasian,38700.0,30400.0,563,174000.0,360,3.0,Mortgage,Undergraduate,No,0,Semiurban,0.181,1
L01337,Male,31,Middle-aged,Caucasian,28000.0,0.0,609,118300.0,360,2.1,Own,Undergraduate,No,2,Semiurban,0.304,0
L01338,Female,41,Middle-aged,Asian,44800.0,0.0,666,163100.0,360,16.0,Rent,Graduate,Yes,0,Urban,0.262,1
L01339,Male,33,Middle-aged,Caucasian,28800.0,12300.0,584,155600.0,360,3.5,Rent,Graduate,No,0,Semiurban,0.272,0
L01340,Male,48,Middle-aged,African American,41900.0,0.0,600,182100.0,360,11.0,Mortgage,Graduate,No,1,Semiurban,0.313,1
L01341,Male,53,Middle-aged,African American,67900.0,15600.0,636,372500.0,180,10.6,Rent,Graduate,No,3+,Rural,0.452,0
L01342,Male,48,Middle-aged,African American,35000.0,0.0,485,127200.0,360,5.4,Mortgage,Graduate,No,2,Semiurban,0.261,0
L01343,Female,60,Senior,Caucasian,26100.0,0.0,650,112200.0,360,7.4,Mortgage,Graduate,No,0,Urban,0.309,1
L01344,Female,45,Middle-aged,Caucasian,39600.0,0.0,549,188100.0,360,6.0,Own,Graduate,No,0,Urban,0.342,1
L01345,Female,26,Young,Asian,29900.0,18400.0,623,163000.0,180,8.3,Rent,Graduate,No,3+,Semiurban,0.342,0
L01346,Male,57,Senior,Asian,62200.0,0.0,652,302800.0,360,6.1,Mortgage,Graduate,No,2,Rural,0.35,1
L01347,Male,33,Middle-aged,Caucasian,46200.0,0.0,615,152200.0,360,4.9,Own,Graduate,No,1,Semiurban,0.237,1
L01348,Male,51,Middle-aged,Caucasian,97100.0,0.0,719,451600.0,360,10.4,Own,Graduate,No,2,Urban,0.335,1
L01349,Female,59,Senior,Caucasian,66300.0,30900.0,608,424000.0,360,7.1,Mortgage,Graduate,No,1,Urban,0.314,1
L01350,Male,46,Middle-aged,Caucasian,46100.0,0.0,651,172700.0,360,4.8,Rent,Graduate,Yes,3+,Rural,0.27,1
L01351,Female,23,Young,Caucasian,55500.0,24100.0,617,261400.0,360,3.2,Rent,Graduate,No,2,Urban,0.236,1
L01352,Female,29,Young,Caucasian,35600.0,0.0,583,113500.0,360,3.3,Mortgage,Undergraduate,No,1,Urban,0.229,0
L01353,Male,56,Senior,Caucasian,49700.0,0.0,591,220800.0,360,10.9,Rent,Graduate,No,3+,Semiurban,0.32,1
L01354,Female,38,Middle-aged,Asian,36100.0,0.0,644,153200.0,360,20.5,Rent,Graduate,Yes,0,Urban,0.305,0
L01355,Male,41,Middle-aged,Caucasian,66600.0,22200.0,679,242400.0,360,3.5,Mortgage,Undergraduate,No,1,Urban,0.196,1
L01356,Female,50,Middle-aged,Asian,73900.0,0.0,663,346800.0,360,16.4,Mortgage,Graduate,No,0,Urban,0.338,1
L01357,Female,49,Middle-aged,African American,43900.0,0.0,567,213600.0,360,7.5,Own,Graduate,Yes,2,Rural,0.35,0
L01358,Male,44,Middle-aged,Caucasian,70900.0,56500.0,614,509300.0,180,9.4,Mortgage,Graduate,Yes,0,Urban,0.405,1
L01359,Male,38,Middle-aged,African American,56700.0,0.0,621,239700.0,360,12.5,Rent,Graduate,No,3+,Rural,0.304,0
L01360,Female,37,Middle-aged,African American,39700.0,8800.0,651,178400.0,360,7.1,Mortgage,Graduate,No,0,Semiurban,0.265,1
L01361,Female,51,Middle-aged,Caucasian,26400.0,0.0,525,131200.0,360,5.5,Mortgage,Graduate,Yes,1,Rural,0.358,0
L01362,Male,47,Middle-aged,Caucasian,96800.0,0.0,637,377200.0,360,5.1,Mortgage,Graduate,No,0,Rural,0.28,1
L01363,Female,37,Middle-aged,Caucasian,85800.0,0.0,622,383900.0,360,10.6,Mortgage,Graduate,No,2,Semiurban,0.322,1
L01364,Female,53,Middle-aged,Hispanic,33500.0,0.0,624,146900.0,360,6.6,Mortgage,Graduate,No,0,Rural,0.315,0
L01365,Female,39,Middle-aged,African American,27500.0,13100.0,525,132300.0,180,7.4,Mortgage,Undergraduate,No,3+,Urban,0.33,0
L01366,Male,30,Middle-aged,Caucasian,62600.0,12800.0,605,221900.0,360,4.6,Mortgage,Graduate,No,1,Semiurban,0.212,1
L01367,Female,31,Middle-aged,African American,39700.0,0.0,582,121000.0,180,3.8,Mortgage,Graduate,No,2,Semiurban,0.309,0
L01368,Female,29,Young,Caucasian,38400.0,9100.0,534,171400.0,180,9.4,Mortgage,Undergraduate,No,0,Rural,0.365,0
L01369,Male,37,Middle-aged,Caucasian,29700.0,0.0,595,121300.0,360,9.4,Own,Graduate,No,0,Semiurban,0.294,0
L01370,Male,55,Middle-aged,African American,44300.0,0.0,608,214900.0,120,10.7,Mortgage,Graduate,Yes,2,Urban,0.646,0
L01371,Female,31,Middle-aged,Caucasian,52000.0,15400.0,640,236800.0,360,4.3,Own,Graduate,No,0,Semiurban,0.253,1
L01372,Male,43,Middle-aged,Asian,65500.0,31100.0,586,298200.0,360,5.0,Mortgage,Graduate,No,2,Rural,0.222,1
L01373,Female,33,Middle-aged,African American,36600.0,0.0,607,147900.0,360,5.9,Mortgage,Graduate,No,0,Urban,0.291,0
L01374,Male,37,Middle-aged,African American,35200.0,16400.0,558,155400.0,360,11.3,Rent,Graduate,No,0,Semiurban,0.217,0
L01375,Male,22,Young,Caucasian,73000.0,0.0,578,234000.0,180,4.9,Rent,Graduate,No,3+,Semiurban,0.325,0
L01376,Female,38,Middle-aged,Asian,42800.0,18600.0,632,171600.0,360,20.6,Own,Undergraduate,No,2,Urban,0.201,1
L01377,Male,38,Middle-aged,Hispanic,36600.0,9300.0,623,154500.0,360,3.1,Mortgage,Graduate,No,0,Semiurban,0.242,0
L01378,Male,47,Middle-aged,Caucasian,45600.0,0.0,604,138100.0,360,36.4,Mortgage,Graduate,No,0,Rural,0.218,1
L01379,Male,43,Middle-aged,Caucasian,24400.0,0.0,590,85300.0,120,9.6,Rent,Undergraduate,No,3+,Rural,0.466,0
L01380,Female,26,Young,Caucasian,38700.0,14800.0,505,222300.0,360,10.1,Mortgage,Graduate,No,0,Semiurban,0.299,0
L01381,Male,54,Middle-aged,Asian,64600.0,17500.0,739,260800.0,180,7.4,Rent,Graduate,No,0,Semiurban,0.322,1
L01382,Male,43,Middle-aged,African American,44900.0,0.0,664,145900.0,360,7.3,Mortgage,Undergraduate,No,1,Semiurban,0.234,1
L01383,Female,43,Middle-aged,Caucasian,76600.0,0.0,687,393400.0,360,11.7,Rent,Graduate,No,0,Urban,0.369,1
L01384,Male,40,Middle-aged,Hispanic,39700.0,30400.0,519,246000.0,360,10.4,Rent,Graduate,No,0,Semiurban,0.252,0
L01385,Female,34,Middle-aged,Caucasian,50600.0,0.0,578,158600.0,360,4.4,Rent,Graduate,No,0,Rural,0.226,1
L01386,Male,43,Middle-aged,Asian,67300.0,0.0,621,211300.0,180,5.7,Mortgage,Undergraduate,No,2,Urban,0.318,1
L01387,Female,46,Middle-aged,Caucasian,106400.0,0.0,561,465700.0,360,9.6,Rent,Graduate,No,3+,Rural,0.315,0
L01388,Male,20,Young,Caucasian,51900.0,0.0,647,218800.0,360,13.9,Mortgage,Graduate,No,0,Rural,0.303,0
L01389,Female,34,Middle-aged,Caucasian,27400.0,9500.0,683,102400.0,120,5.3,Own,Graduate,No,0,Urban,0.37,1
L01390,Male,37,Middle-aged,Caucasian,68800.0,17500.0,757,273800.0,360,5.0,Mortgage,Graduate,No,1,Rural,0.228,1
L01391,Male,44,Middle-aged,African American,82700.0,0.0,592,421000.0,360,15.2,Rent,Graduate,No,0,Semiurban,0.366,0
L01392,Male,55,Middle-aged,Caucasian,43100.0,37900.0,647,271400.0,360,11.3,Rent,Graduate,No,3+,Semiurban,0.241,1
L01393,Male,31,Middle-aged,Caucasian,68600.0,17600.0,703,311200.0,360,4.4,Mortgage,Graduate,No,0,Semiurban,0.26,1
L01394,Male,35,Middle-aged,Caucasian,80100.0,0.0,624,285400.0,360,2.8,Rent,Graduate,Yes,0,Semiurban,0.256,1
L01395,Male,34,Middle-aged,Caucasian,73600.0,0.0,598,242900.0,360,8.8,Own,Graduate,No,1,Rural,0.237,1
L01396,Female,31,Middle-aged,African American,33500.0,7600.0,484,146700.0,180,4.1,Mortgage,Graduate,No,0,Urban,0.361,0
L01397,Male,36,Middle-aged,African American,29700.0,0.0,668,150700.0,180,3.1,Mortgage,Graduate,No,0,Semiurban,0.514,0
L01398,Male,50,Middle-aged,Caucasian,47500.0,0.0,634,147700.0,360,9.5,Own,Graduate,No,0,Semiurban,0.224,1
L01399,Female,28,Young,Caucasian,50100.0,0.0,561,262000.0,180,3.5,Mortgage,Undergraduate,No,0,Urban,0.53,0
L01400,Female,46,Middle-aged,Caucasian,59900.0,41800.0,656,285000.0,360,6.3,Rent,Graduate,No,2,Rural,0.202,1
L01401,Male,20,Young,Hispanic,50400.0,0.0,602,197600.0,360,3.6,Mortgage,Graduate,No,1,Rural,0.282,1
L01402,Male,34,Middle-aged,Hispanic,37900.0,31800.0,614,170100.0,360,8.7,Own,Graduate,No,0,Semiurban,0.176,1
L01403,Male,37,Middle-aged,African American,49000.0,0.0,604,211500.0,360,4.5,Mortgage,Graduate,No,0,Urban,0.311,0
L01404,Female,61,Senior,Hispanic,51900.0,34000.0,753,286300.0,360,6.9,Rent,Undergraduate,No,0,Rural,0.24,1
L01405,Female,37,Middle-aged,Asian,48500.0,0.0,609,218300.0,180,5.6,Rent,Graduate,No,1,Rural,0.456,0
L01406,Male,18,Young,Asian,35100.0,0.0,675,148200.0,360,0.3,Rent,Graduate,No,1,Urban,0.304,0
L01407,Female,18,Young,Caucasian,38800.0,0.0,614,151200.0,360,6.0,Own,Graduate,No,2,Semiurban,0.28,0
L01408,Female,41,Middle-aged,Caucasian,60900.0,0.0,654,283800.0,120,19.5,Mortgage,Undergraduate,No,0,Urban,0.621,0
L01409,Female,48,Middle-aged,Caucasian,24000.0,9200.0,607,88300.0,360,9.9,Mortgage,Graduate,Yes,1,Urban,0.191,1
L01410,Female,45,Middle-aged,Caucasian,20000.0,46900.0,664,189800.0,120,5.7,Mortgage,Undergraduate,No,2,Urban,0.378,0
L01411,Male,43,Middle-aged,African American,71700.0,0.0,651,233500.0,360,4.8,Mortgage,Graduate,No,3+,Semiurban,0.234,1
L01412,Male,54,Middle-aged,Caucasian,60100.0,15000.0,596,271100.0,360,6.7,Mortgage,Graduate,No,0,Rural,0.26,1
L01413,Male,34,Middle-aged,Caucasian,62500.0,0.0,566,298800.0,360,3.7,Rent,Graduate,No,0,Urban,0.344,0
L01414,Male,51,Middle-aged,Caucasian,31900.0,0.0,650,105900.0,180,6.8,Rent,Undergraduate,No,0,Semiurban,0.336,1
L01415,Male,21,Young,Caucasian,65800.0,0.0,552,335900.0,120,1.0,Mortgage,Graduate,No,0,Rural,0.68,0
L01416,Female,30,Middle-aged,Caucasian,46500.0,0.0,601,232500.0,360,13.1,Mortgage,Graduate,Yes,0,Semiurban,0.36,0
L01417,Male,19,Young,Hispanic,23400.0,17100.0,633,127900.0,360,11.0,Mortgage,Graduate,No,2,Rural,0.227,1
L01418,Male,37,Middle-aged,African American,69300.0,0.0,652,208800.0,360,7.6,Mortgage,Undergraduate,No,3+,Rural,0.217,1
L01419,Male,40,Middle-aged,African American,41800.0,0.0,573,199700.0,360,3.6,Rent,Graduate,No,0,Semiurban,0.344,1
L01420,Female,42,Middle-aged,Caucasian,35600.0,0.0,699,177400.0,360,11.7,Mortgage,Undergraduate,No,1,Semiurban,0.359,1
L01421,Male,41,Middle-aged,Caucasian,42100.0,0.0,651,142900.0,360,3.8,Rent,Graduate,No,0,Urban,0.244,1
L01422,Male,29,Young,Caucasian,21900.0,0.0,645,110800.0,360,2.2,Own,Graduate,No,2,Semiurban,0.364,0
L01423,Male,38,Middle-aged,Hispanic,55900.0,0.0,488,282700.0,120,5.0,Mortgage,Graduate,No,0,Semiurban,0.674,0
L01424,Male,23,Young,Caucasian,54400.0,0.0,620,220900.0,180,3.6,Mortgage,Graduate,No,3+,Semiurban,0.411,1
L01425,Female,57,Senior,Caucasian,38600.0,15500.0,689,224800.0,180,8.0,Own,Graduate,No,0,Semiurban,0.421,1
L01426,Female,37,Middle-aged,Asian,69500.0,0.0,736,278100.0,360,3.8,Own,Graduate,No,0,Rural,0.288,1
L01427,Male,35,Middle-aged,Caucasian,28200.0,0.0,510,120400.0,120,3.1,Own,Graduate,No,1,Rural,0.569,0
L01428,Female,60,Senior,Caucasian,32800.0,0.0,711,122000.0,360,16.1,Mortgage,Graduate,No,0,Urban,0.268,1
L01429,Female,26,Young,Caucasian,29700.0,35400.0,684,163200.0,360,3.5,Mortgage,Graduate,Yes,0,Semiurban,0.18,1
L01430,Female,27,Young,Caucasian,37300.0,0.0,472,174600.0,360,2.6,Rent,Graduate,No,1,Rural,0.337,0
L01431,Male,27,Young,Caucasian,50400.0,20100.0,632,183600.0,360,4.7,Mortgage,Graduate,No,1,Semiurban,0.187,1
L01432,Male,40,Middle-aged,Caucasian,58200.0,28000.0,666,314800.0,360,3.5,Own,Graduate,No,3+,Rural,0.263,1
L01433,Male,46,Middle-aged,African American,34100.0,22900.0,599,229000.0,360,8.8,Mortgage,Undergraduate,No,0,Semiurban,0.289,1
L01434,Female,49,Middle-aged,Asian,29300.0,0.0,590,102500.0,360,6.1,Own,Undergraduate,No,1,Semiurban,0.252,1
L01435,Male,71,Senior,Caucasian,96200.0,0.0,746,360700.0,360,12.5,Own,Graduate,Yes,2,Semiurban,0.27,1
L01436,Male,18,Young,Hispanic,115800.0,0.0,605,500500.0,360,4.8,Mortgage,Graduate,No,2,Urban,0.311,1
L01437,Male,48,Middle-aged,Caucasian,51900.0,21000.0,623,224300.0,180,12.8,Rent,Graduate,No,0,Rural,0.312,1
L01438,Female,34,Middle-aged,Caucasian,30800.0,13700.0,647,187000.0,360,3.7,Rent,Graduate,No,0,Semiurban,0.302,1
L01439,Male,33,Middle-aged,Caucasian,88400.0,54500.0,748,449300.0,360,5.4,Own,Graduate,No,0,Semiurban,0.226,1
L01440,Female,33,Middle-aged,African American,20000.0,10600.0,620,110500.0,360,18.6,Own,Graduate,No,1,Rural,0.26,1
L01441,Female,30,Middle-aged,Caucasian,36400.0,0.0,605,127700.0,360,8.3,Mortgage,Undergraduate,Yes,2,Semiurban,0.252,0
L01442,Male,61,Senior,African American,29700.0,0.0,607,91900.0,360,25.0,Mortgage,Graduate,No,2,Semiurban,0.223,1
L01443,Female,51,Middle-aged,Asian,26200.0,0.0,559,88800.0,360,18.1,Rent,Graduate,No,2,Rural,0.244,1
L01444,Male,41,Middle-aged,Caucasian,43800.0,0.0,686,136000.0,180,8.2,Mortgage,Graduate,Yes,0,Rural,0.314,1
L01445,Female,57,Senior,African American,22600.0,27100.0,617,150200.0,360,7.4,Own,Graduate,No,0,Rural,0.217,1
L01446,Male,22,Young,Hispanic,44300.0,26600.0,660,252700.0,360,7.7,Mortgage,Graduate,No,0,Semiurban,0.256,1
L01447,Female,25,Young,Caucasian,42100.0,0.0,574,130500.0,360,7.0,Rent,Graduate,No,1,Semiurban,0.223,0
L01448,Female,18,Young,Caucasian,32500.0,39200.0,537,171100.0,360,4.4,Mortgage,Graduate,Yes,0,Semiurban,0.172,1
L01449,Female,32,Middle-aged,African American,27500.0,44100.0,618,208800.0,180,8.1,Rent,Undergraduate,No,0,Urban,0.295,0
L01450,Female,42,Middle-aged,African American,29100.0,0.0,604,139600.0,360,8.4,Mortgage,Graduate,No,0,Urban,0.345,0
L01451,Male,42,Middle-aged,Caucasian,67800.0,0.0,567,299200.0,360,7.3,Rent,Undergraduate,No,0,Semiurban,0.317,0
L01452,Female,42,Middle-aged,Caucasian,39300.0,20600.0,726,162700.0,360,6.3,Mortgage,Graduate,No,0,Urban,0.195,1
L01453,Female,24,Young,Caucasian,58000.0,0.0,567,289800.0,360,1.1,Rent,Undergraduate,Yes,3+,Rural,0.359,0
L01454,Female,50,Middle-aged,Caucasian,52700.0,0.0,695,266900.0,120,14.8,Rent,Graduate,No,0,Semiurban,0.675,0
L01455,Male,43,Middle-aged,Caucasian,61600.0,0.0,687,229800.0,360,13.8,Own,Undergraduate,No,2,Urban,0.268,1
L01456,Female,49,Middle-aged,Hispanic,64100.0,28700.0,572,348300.0,360,9.2,Mortgage,Undergraduate,No,3+,Urban,0.27,0
L01457,Female,18,Young,Asian,26600.0,0.0,511,109300.0,360,1.6,Mortgage,Graduate,No,0,Semiurban,0.296,0
L01458,Female,44,Middle-aged,Caucasian,34500.0,53200.0,598,321900.0,180,4.0,Mortgage,Graduate,No,3+,Rural,0.372,0
L01459,Male,26,Young,African American,79400.0,21300.0,573,376200.0,360,1.2,Mortgage,Undergraduate,No,0,Rural,0.269,1
L01460,Female,36,Middle-aged,Hispanic,33200.0,12900.0,707,206800.0,360,3.1,Rent,Graduate,No,3+,Semiurban,0.323,0
L01461,Male,47,Middle-aged,Caucasian,20000.0,0.0,597,69000.0,180,6.6,Rent,Graduate,No,2,Urban,0.349,0
L01462,Female,42,Middle-aged,Caucasian,38400.0,18200.0,670,181700.0,180,4.6,Mortgage,Undergraduate,No,2,Rural,0.325,1
L01463,Male,30,Middle-aged,Caucasian,51700.0,0.0,640,246000.0,120,3.3,Mortgage,Graduate,No,0,Rural,0.634,0
L01464,Female,41,Middle-aged,Asian,20000.0,0.0,616,95300.0,360,9.5,Own,Graduate,No,2,Rural,0.343,0
L01465,Female,22,Young,Caucasian,71000.0,11500.0,615,358500.0,360,16.6,Mortgage,Graduate,Yes,3+,Urban,0.313,1
L01466,Male,54,Middle-aged,Hispanic,33200.0,0.0,704,163800.0,180,6.6,Mortgage,Undergraduate,No,2,Semiurban,0.5,1
L01467,Female,38,Middle-aged,Caucasian,47500.0,26500.0,568,282300.0,360,6.1,Rent,Undergraduate,Yes,0,Rural,0.274,0
L01468,Male,54,Middle-aged,Caucasian,44800.0,0.0,743,198500.0,180,29.2,Rent,Graduate,Yes,0,Urban,0.449,1
L01469,Female,34,Middle-aged,Caucasian,24900.0,0.0,516,100400.0,360,15.8,Rent,Graduate,No,0,Semiurban,0.29,1
L01470,Female,34,Middle-aged,Caucasian,27200.0,37500.0,642,191200.0,360,4.6,Mortgage,Graduate,No,1,Urban,0.213,1
L01471,Female,31,Middle-aged,Asian,28700.0,20700.0,508,155500.0,360,3.9,Mortgage,Graduate,No,0,Semiurban,0.226,0
L01472,Female,51,Middle-aged,Hispanic,56800.0,0.0,625,249700.0,360,6.3,Mortgage,Graduate,Yes,3+,Semiurban,0.316,1
L01473,Female,32,Middle-aged,Caucasian,39300.0,9800.0,608,174300.0,180,2.9,Own,Undergraduate,Yes,0,Rural,0.359,0
L01474,Male,48,Middle-aged,Hispanic,35800.0,36700.0,594,184500.0,180,7.6,Mortgage,Graduate,Yes,0,Urban,0.258,1
L01475,Male,36,Middle-aged,Asian,33700.0,0.0,593,109200.0,360,4.8,Own,Graduate,Yes,1,Rural,0.233,1
L01476,Female,18,Young,Caucasian,67200.0,9100.0,520,366000.0,120,6.8,Own,Graduate,No,1,Rural,0.639,0
L01477,Female,34,Middle-aged,African American,57200.0,0.0,560,174800.0,360,3.8,Mortgage,Undergraduate,No,0,Semiurban,0.22,1
L01478,Female,26,Young,Caucasian,66900.0,0.0,645,216600.0,360,7.9,Own,Graduate,No,0,Semiurban,0.233,1
L01479,Female,41,Middle-aged,Caucasian,50700.0,0.0,626,202900.0,360,5.1,Mortgage,Graduate,No,0,Semiurban,0.288,1
L01480,Male,26,Young,Caucasian,55000.0,0.0,564,197500.0,360,5.7,Mortgage,Undergraduate,No,1,Rural,0.258,1
L01481,Female,52,Middle-aged,African American,20000.0,0.0,696,78300.0,360,10.2,Rent,Graduate,No,1,Urban,0.282,1
L01482,Male,39,Middle-aged,Caucasian,44400.0,10200.0,543,162700.0,360,8.7,Own,Graduate,No,0,Semiurban,0.214,1
L01483,Male,38,Middle-aged,Asian,37300.0,20100.0,588,158200.0,360,4.0,Own,Graduate,No,0,Urban,0.198,1
L01484,Male,48,Middle-aged,Asian,23600.0,0.0,583,113300.0,360,6.2,Rent,Graduate,No,0,Urban,0.345,0
L01485,Male,52,Middle-aged,Caucasian,74800.0,25000.0,697,414900.0,360,6.5,Mortgage,Graduate,No,0,Semiurban,0.299,1
L01486,Male,40,Middle-aged,Caucasian,37100.0,0.0,615,120000.0,360,7.6,Rent,Graduate,No,1,Urban,0.233,1
L01487,Male,31,Middle-aged,Caucasian,79100.0,27200.0,626,421500.0,360,2.3,Mortgage,Graduate,No,1,Urban,0.285,1
L01488,Female,19,Young,Caucasian,59300.0,0.0,488,259200.0,360,3.8,Mortgage,Graduate,No,0,Urban,0.314,0
L01489,Male,32,Middle-aged,Caucasian,61200.0,21300.0,671,334100.0,360,2.6,Own,Undergraduate,Yes,0,Urban,0.291,1
L01490,Male,33,Middle-aged,Caucasian,62600.0,53100.0,609,369800.0,120,4.3,Mortgage,Undergraduate,No,0,Rural,0.426,0
L01491,Male,42,Middle-aged,Caucasian,38300.0,22800.0,623,182000.0,120,9.4,Rent,Graduate,No,1,Semiurban,0.397,1
L01492,Male,36,Middle-aged,Caucasian,103100.0,37000.0,614,551900.0,180,5.4,Mortgage,Undergraduate,No,0,Semiurban,0.399,1
L01493,Male,49,Middle-aged,Caucasian,49900.0,0.0,582,191400.0,360,6.3,Rent,Undergraduate,No,0,Semiurban,0.276,0
L01494,Male,33,Middle-aged,Caucasian,55300.0,32600.0,706,253900.0,360,7.0,Mortgage,Graduate,No,0,Urban,0.208,1
L01495,Female,40,Middle-aged,Asian,32100.0,0.0,502,125800.0,360,10.0,Rent,Graduate,No,0,Rural,0.282,0
L01496,Female,55,Middle-aged,Hispanic,25300.0,0.0,562,119300.0,360,7.0,Mortgage,Undergraduate,No,2,Urban,0.339,0
L01497,Female,45,Middle-aged,Caucasian,50400.0,11500.0,719,230100.0,360,5.8,Own,Undergraduate,No,0,Semiurban,0.267,1
L01498,Male,40,Middle-aged,Caucasian,53500.0,20200.0,664,236200.0,360,8.4,Own,Graduate,Yes,1,Urban,0.231,1
L01499,Male,33,Middle-aged,Caucasian,35700.0,0.0,581,173900.0,360,19.0,Own,Undergraduate,No,3+,Urban,0.35,0
L01500,Female,33,Middle-aged,Caucasian,23400.0,0.0,666,116600.0,360,3.5,Own,Graduate,No,0,Semiurban,0.359,1
L01501,Male,30,Middle-aged,Caucasian,29500.0,0.0,618,117300.0,360,7.1,Rent,Graduate,No,0,Urban,0.286,1
L01502,Male,34,Middle-aged,African American,63300.0,0.0,638,243300.0,360,14.3,Mortgage,Graduate,No,0,Semiurban,0.277,1
L01503,Male,50,Middle-aged,Hispanic,34500.0,0.0,639,151100.0,360,7.9,Mortgage,Graduate,No,2,Semiurban,0.315,1
L01504,Male,38,Middle-aged,Caucasian,42800.0,0.0,642,134000.0,360,4.9,Mortgage,Graduate,No,3+,Rural,0.225,1
L01505,Male,24,Young,Asian,87600.0,0.0,659,399100.0,360,6.4,Mortgage,Graduate,No,1,Semiurban,0.328,1
L01506,Male,62,Senior,Caucasian,31300.0,63700.0,772,310700.0,360,6.8,Mortgage,Graduate,No,1,Semiurban,0.235,1
L01507,Female,44,Middle-aged,Caucasian,31200.0,17100.0,602,157000.0,360,6.1,Own,Graduate,No,3+,Semiurban,0.234,1
L01508,Male,24,Young,Caucasian,36000.0,0.0,577,122100.0,360,2.4,Own,Graduate,No,2,Semiurban,0.244,1
L01509,Female,35,Middle-aged,Caucasian,79600.0,15700.0,564,269600.0,120,3.8,Mortgage,Graduate,No,2,Semiurban,0.377,1
L01510,Female,42,Middle-aged,Caucasian,92500.0,24000.0,656,466900.0,120,4.6,Mortgage,Undergraduate,Yes,0,Urban,0.534,0
L01511,Female,61,Senior,Caucasian,56300.0,0.0,771,203000.0,180,13.1,Rent,Graduate,No,0,Semiurban,0.365,1
L01512,Female,27,Young,Caucasian,57000.0,0.0,668,230500.0,120,16.9,Mortgage,Graduate,No,2,Rural,0.539,0
L01513,Female,52,Middle-aged,Caucasian,33000.0,0.0,594,127700.0,360,7.5,Mortgage,Graduate,No,0,Urban,0.278,1
L01514,Male,57,Senior,African American,85500.0,0.0,678,290100.0,120,6.1,Rent,Undergraduate,No,2,Rural,0.452,0
L01515,Male,33,Middle-aged,Hispanic,49100.0,0.0,533,203500.0,360,8.6,Mortgage,Graduate,Yes,0,Urban,0.298,1
L01516,Male,37,Middle-aged,Caucasian,69000.0,0.0,575,278400.0,180,6.7,Mortgage,Graduate,No,1,Semiurban,0.409,1
L01517,Female,28,Young,Caucasian,39900.0,0.0,605,175700.0,360,7.9,Mortgage,Undergraduate,No,2,Rural,0.317,0
L01518,Female,38,Middle-aged,Caucasian,37400.0,17400.0,580,166500.0,180,8.2,Rent,Graduate,No,0,Rural,0.308,0
L01519,Male,40,Middle-aged,Hispanic,85800.0,0.0,588,298800.0,360,15.1,Mortgage,Graduate,No,1,Semiurban,0.251,1
L01520,Female,48,Middle-aged,Caucasian,51700.0,14800.0,665,288000.0,360,5.3,Mortgage,Graduate,No,0,Urban,0.312,1
L01521,Male,54,Middle-aged,Caucasian,87600.0,0.0,669,401200.0,360,6.3,Mortgage,Graduate,No,1,Rural,0.33,1
L01522,Female,32,Middle-aged,Caucasian,46100.0,17300.0,513,262100.0,360,4.2,Mortgage,Graduate,No,0,Urban,0.297,1
L01523,Male,18,Young,Caucasian,34900.0,0.0,453,114400.0,180,3.4,Rent,Graduate,No,0,Rural,0.332,0
L01524,Male,40,Middle-aged,Caucasian,38800.0,45100.0,579,220200.0,360,16.3,Mortgage,Undergraduate,No,2,Semiurban,0.189,1
L01525,Male,44,Middle-aged,Hispanic,46000.0,20600.0,530,244800.0,360,15.8,Mortgage,Undergraduate,No,0,Rural,0.264,1
L01526,Male,43,Middle-aged,Hispanic,34300.0,11300.0,502,198800.0,360,14.0,Mortgage,Undergraduate,No,1,Semiurban,0.314,0
L01527,Male,37,Middle-aged,Caucasian,31500.0,10300.0,671,185200.0,120,4.1,Rent,Graduate,No,0,Rural,0.59,0
L01528,Male,42,Middle-aged,Caucasian,79300.0,0.0,643,386300.0,180,10.1,Rent,Graduate,No,1,Semiurban,0.493,1
L01529,Female,59,Senior,Caucasian,33500.0,66400.0,622,213500.0,360,8.6,Mortgage,Graduate,No,3+,Semiurban,0.154,0
L01530,Male,45,Middle-aged,Caucasian,51800.0,0.0,620,251100.0,360,17.4,Rent,Graduate,No,0,Semiurban,0.349,1
L01531,Male,36,Middle-aged,Hispanic,49700.0,0.0,548,249600.0,180,3.9,Mortgage,Graduate,No,0,Semiurban,0.509,0
L01532,Female,34,Middle-aged,Caucasian,32900.0,0.0,624,102900.0,360,3.2,Rent,Graduate,No,2,Semiurban,0.225,1
L01533,Female,38,Middle-aged,Caucasian,74400.0,0.0,631,292900.0,180,12.2,Mortgage,Graduate,No,0,Rural,0.399,0
L01534,Male,60,Senior,Caucasian,31400.0,19700.0,592,176300.0,120,12.6,Rent,Undergraduate,No,0,Semiurban,0.46,1
L01535,Male,38,Middle-aged,Asian,54400.0,27400.0,587,243200.0,360,11.6,Own,Graduate,No,0,Semiurban,0.214,1
L01536,Male,40,Middle-aged,African American,43300.0,0.0,543,180200.0,360,4.2,Rent,Graduate,No,0,Urban,0.299,0
L01537,Male,35,Middle-aged,Caucasian,48000.0,15000.0,589,279600.0,360,13.4,Rent,Graduate,No,1,Rural,0.319,0
L01538,Female,54,Middle-aged,Caucasian,24800.0,0.0,609,122800.0,360,11.1,Rent,Graduate,No,2,Urban,0.356,0
L01539,Male,64,Senior,Caucasian,69400.0,0.0,648,355000.0,360,12.2,Rent,Graduate,No,1,Urban,0.368,1
L01540,Male,46,Middle-aged,Hispanic,59400.0,0.0,642,242900.0,360,8.6,Mortgage,Graduate,No,2,Rural,0.294,1
L01541,Female,41,Middle-aged,Caucasian,31800.0,25900.0,605,179000.0,360,10.7,Own,Graduate,No,1,Rural,0.223,1
L01542,Male,41,Middle-aged,Caucasian,65100.0,0.0,650,292800.0,360,6.1,Mortgage,Graduate,No,2,Semiurban,0.324,1
L01543,Female,18,Young,Caucasian,48400.0,0.0,645,190600.0,360,0.7,Mortgage,Undergraduate,No,3+,Semiurban,0.283,0
L01544,Male,49,Middle-aged,Asian,29400.0,0.0,655,91000.0,120,8.5,Mortgage,Graduate,No,0,Semiurban,0.412,1
L01545,Female,42,Middle-aged,Caucasian,29600.0,0.0,666,136700.0,360,10.5,Mortgage,Undergraduate,No,0,Urban,0.332,0
L01546,Male,46,Middle-aged,Caucasian,77300.0,45700.0,602,369300.0,360,5.0,Mortgage,Undergraduate,No,0,Rural,0.216,1
L01547,Female,32,Middle-aged,Caucasian,47200.0,0.0,578,146800.0,360,3.4,Mortgage,Graduate,Yes,0,Rural,0.224,0
L01548,Female,36,Middle-aged,African American,25400.0,0.0,636,77400.0,360,8.7,Rent,Graduate,No,0,Semiurban,0.219,1
L01549,Male,36,Middle-aged,African American,27800.0,0.0,639,141700.0,360,4.3,Rent,Graduate,No,1,Semiurban,0.367,0
L01550,Female,53,Middle-aged,Hispanic,29900.0,0.0,585,106700.0,180,6.2,Own,Graduate,No,0,Urban,0.361,0
L01551,Female,36,Middle-aged,Caucasian,34900.0,0.0,641,139900.0,360,13.7,Rent,Graduate,No,0,Semiurban,0.288,1
L01552,Female,65,Senior,Caucasian,29700.0,0.0,587,152600.0,180,7.9,Rent,Graduate,Yes,0,Rural,0.52,0
L01553,Female,46,Middle-aged,Hispanic,20000.0,15900.0,636,115400.0,120,6.3,Own,Graduate,No,0,Semiurban,0.428,1
L01554,Female,25,Young,Caucasian,65700.0,0.0,611,208700.0,120,3.8,Mortgage,Graduate,No,0,Semiurban,0.423,0
L01555,Male,39,Middle-aged,African American,57800.0,0.0,544,245200.0,360,6.4,Mortgage,Graduate,No,0,Urban,0.305,0
L01556,Male,33,Middle-aged,African American,23600.0,0.0,565,75500.0,120,4.5,Mortgage,Undergraduate,No,0,Rural,0.426,0
L01557,Female,18,Young,Caucasian,44000.0,0.0,716,141400.0,360,12.2,Mortgage,Graduate,No,0,Semiurban,0.231,1
L01558,Male,60,Senior,Caucasian,34200.0,0.0,652,168100.0,180,11.7,Mortgage,Graduate,No,2,Urban,0.498,0
L01559,Female,49,Middle-aged,Asian,37500.0,0.0,764,136900.0,360,6.9,Mortgage,Graduate,No,1,Semiurban,0.263,1
L01560,Female,47,Middle-aged,Asian,36300.0,0.0,535,164300.0,360,6.6,Own,Undergraduate,No,0,Semiurban,0.326,0
L01561,Male,42,Middle-aged,Caucasian,41300.0,27700.0,664,232400.0,180,7.1,Mortgage,Undergraduate,No,2,Rural,0.341,1
L01562,Male,24,Young,Caucasian,109200.0,0.0,494,382200.0,360,1.1,Rent,Graduate,No,3+,Urban,0.252,0
L01563,Female,35,Middle-aged,Caucasian,34900.0,10900.0,603,169600.0,360,15.6,Mortgage,Graduate,No,0,Semiurban,0.266,1
L01564,Male,51,Middle-aged,Caucasian,35500.0,0.0,665,112000.0,360,6.2,Rent,Graduate,Yes,0,Urban,0.227,1
L01565,Female,28,Young,Caucasian,30700.0,0.0,639,116100.0,360,7.5,Mortgage,Graduate,No,3+,Urban,0.272,1
L01566,Male,18,Young,Caucasian,74400.0,60600.0,561,445700.0,360,7.5,Mortgage,Graduate,No,0,Semiurban,0.238,0
L01567,Female,38,Middle-aged,Hispanic,20000.0,0.0,658,70300.0,360,11.8,Rent,Graduate,No,0,Rural,0.253,1
L01568,Male,39,Middle-aged,Asian,36100.0,0.0,578,161900.0,120,4.1,Mortgage,Graduate,No,0,Semiurban,0.597,0
L01569,Female,42,Middle-aged,African American,56800.0,25200.0,621,218900.0,360,7.4,Mortgage,Undergraduate,No,0,Rural,0.192,0
L01570,Male,49,Middle-aged,Caucasian,54000.0,17900.0,613,260000.0,360,5.1,Rent,Undergraduate,No,0,Rural,0.26,0
L01571,Female,48,Middle-aged,Caucasian,45000.0,19000.0,562,254100.0,360,12.7,Mortgage,Graduate,Yes,0,Rural,0.286,0
L01572,Male,44,Middle-aged,Hispanic,103500.0,17100.0,765,446800.0,360,7.2,Mortgage,Undergraduate,No,0,Semiurban,0.267,1
L01573,Female,55,Middle-aged,Caucasian,46000.0,17500.0,645,274900.0,180,6.4,Mortgage,Graduate,No,2,Semiurban,0.438,1
L01574,Female,22,Young,Caucasian,31400.0,0.0,646,138900.0,180,6.9,Rent,Graduate,No,1,Semiurban,0.448,0
L01575,Male,47,Middle-aged,Caucasian,43800.0,0.0,691,225900.0,360,6.4,Mortgage,Undergraduate,No,3+,Semiurban,0.371,1
L01576,Male,48,Middle-aged,Hispanic,28000.0,0.0,559,101900.0,360,5.1,Own,Graduate,No,0,Semiurban,0.262,1
L01577,Male,26,Young,Hispanic,72900.0,0.0,693,372700.0,360,4.3,Rent,Undergraduate,No,0,Urban,0.368,1
L01578,Female,22,Young,Caucasian,52400.0,0.0,628,228700.0,360,1.9,Mortgage,Graduate,No,0,Semiurban,0.314,1
L01579,Female,32,Middle-aged,Hispanic,57600.0,6500.0,554,285600.0,360,17.1,Rent,Undergraduate,No,0,Semiurban,0.321,0
L01580,Male,33,Middle-aged,Caucasian,79600.0,0.0,663,400400.0,180,4.5,Mortgage,Undergraduate,No,0,Urban,0.509,1
L01581,Male,50,Middle-aged,Caucasian,41500.0,21000.0,569,223500.0,360,9.0,Mortgage,Graduate,No,0,Semiurban,0.257,1
L01582,Male,33,Middle-aged,Asian,33600.0,0.0,695,166000.0,360,17.1,Mortgage,Graduate,No,0,Semiurban,0.355,1
L01583,Female,30,Middle-aged,Hispanic,36000.0,0.0,645,151900.0,360,4.3,Mortgage,Undergraduate,No,0,Semiurban,0.304,0
L01584,Male,33,Middle-aged,Caucasian,34600.0,0.0,595,150400.0,360,4.5,Mortgage,Graduate,No,3+,Rural,0.313,1
L01585,Female,54,Middle-aged,Caucasian,44500.0,0.0,715,178100.0,360,6.3,Mortgage,Graduate,No,0,Urban,0.288,1
L01586,Male,41,Middle-aged,Asian,77100.0,0.0,551,256600.0,120,17.4,Mortgage,Graduate,No,1,Semiurban,0.443,0
L01587,Female,38,Middle-aged,Asian,39000.0,20500.0,566,212000.0,180,11.1,Mortgage,Graduate,No,2,Rural,0.361,0
L01588,Male,39,Middle-aged,Hispanic,46800.0,0.0,603,243300.0,360,4.4,Rent,Undergraduate,No,0,Urban,0.374,0
L01589,Male,56,Senior,Caucasian,47200.0,0.0,778,225200.0,360,7.7,Own,Graduate,No,3+,Urban,0.343,1
L01590,Female,32,Middle-aged,Hispanic,50700.0,28100.0,547,307500.0,360,14.4,Mortgage,Graduate,Yes,2,Semiurban,0.281,0
L01591,Female,56,Senior,Hispanic,28100.0,0.0,527,125000.0,360,9.6,Mortgage,Graduate,No,0,Urban,0.32,0
L01592,Female,43,Middle-aged,Caucasian,20000.0,0.0,516,75700.0,120,7.8,Rent,Graduate,No,3+,Urban,0.504,0
L01593,Male,39,Middle-aged,Asian,59200.0,0.0,683,200200.0,360,8.4,Rent,Graduate,Yes,2,Rural,0.243,1
L01594,Male,71,Senior,Caucasian,72800.0,0.0,652,255200.0,360,15.1,Rent,Graduate,Yes,0,Semiurban,0.252,1
L01595,Female,28,Young,Caucasian,49800.0,17000.0,595,177400.0,360,15.5,Rent,Undergraduate,No,2,Urban,0.191,0
L01596,Female,36,Middle-aged,African American,24700.0,15000.0,642,147700.0,360,10.8,Rent,Graduate,No,0,Rural,0.268,0
L01597,Male,26,Young,Caucasian,31100.0,21900.0,577,206500.0,360,14.8,Rent,Graduate,No,2,Semiurban,0.28,0
L01598,Male,52,Middle-aged,Caucasian,59700.0,0.0,661,215200.0,120,13.7,Mortgage,Graduate,No,1,Semiurban,0.48,1
L01599,Male,61,Senior,Hispanic,46700.0,9800.0,683,166500.0,360,6.7,Rent,Graduate,No,0,Semiurban,0.212,1
L01600,Female,61,Senior,Caucasian,39600.0,0.0,620,148700.0,360,7.1,Mortgage,Graduate,No,1,Rural,0.27,1
L01601,Male,55,Middle-aged,Caucasian,101600.0,0.0,676,371600.0,360,16.4,Mortgage,Graduate,No,1,Urban,0.263,1
L01602,Male,38,Middle-aged,Hispanic,30200.0,0.0,618,121200.0,360,3.1,Mortgage,Graduate,No,2,Semiurban,0.289,0
L01603,Male,36,Middle-aged,Caucasian,99700.0,23700.0,708,403800.0,360,10.6,Mortgage,Graduate,No,2,Rural,0.235,1
L01604,Male,20,Young,Caucasian,49600.0,8700.0,545,204200.0,360,9.8,Mortgage,Graduate,No,1,Urban,0.252,0
L01605,Male,65,Senior,Caucasian,23500.0,38600.0,458,222300.0,360,9.7,Mortgage,Graduate,No,3+,Rural,0.258,1
L01606,Male,46,Middle-aged,Caucasian,45600.0,31000.0,669,233200.0,120,6.4,Mortgage,Graduate,No,2,Rural,0.406,1
L01607,Male,35,Middle-aged,African American,57600.0,0.0,677,274600.0,360,3.6,Mortgage,Graduate,No,3+,Rural,0.343,0
L01608,Female,56,Senior,Asian,36000.0,0.0,647,158700.0,360,6.0,Rent,Undergraduate,No,0,Rural,0.317,1
L01609,Male,29,Young,Caucasian,27200.0,13900.0,604,130100.0,360,8.5,Mortgage,Graduate,No,0,Semiurban,0.228,1
L01610,Male,45,Middle-aged,Asian,45900.0,30700.0,593,301400.0,360,4.4,Mortgage,Graduate,No,0,Semiurban,0.283,1
L01611,Female,38,Middle-aged,Caucasian,29600.0,23300.0,633,182400.0,180,17.5,Mortgage,Graduate,No,0,Rural,0.349,0
L01612,Female,48,Middle-aged,Caucasian,50700.0,0.0,686,153100.0,180,6.3,Rent,Graduate,No,3+,Urban,0.306,1
L01613,Male,40,Middle-aged,African American,53400.0,13300.0,629,190800.0,360,11.2,Rent,Graduate,No,0,Semiurban,0.206,0
L01614,Male,23,Young,African American,25700.0,0.0,727,120600.0,360,1.1,Rent,Graduate,No,0,Urban,0.338,0
L01615,Male,41,Middle-aged,Caucasian,37000.0,8000.0,520,165300.0,360,7.3,Mortgage,Graduate,No,0,Semiurban,0.264,0
L01616,Female,53,Middle-aged,Caucasian,56400.0,0.0,657,220700.0,360,7.4,Mortgage,Graduate,No,2,Rural,0.282,1
L01617,Female,40,Middle-aged,Caucasian,29600.0,25800.0,536,144300.0,360,3.5,Rent,Graduate,No,0,Semiurban,0.187,0
L01618,Female,50,Middle-aged,Caucasian,27000.0,0.0,672,90600.0,120,10.1,Mortgage,Graduate,No,0,Rural,0.447,0
L01619,Female,28,Young,Caucasian,26000.0,14800.0,490,162500.0,360,15.8,Own,Undergraduate,No,0,Semiurban,0.287,0
L01620,Female,40,Middle-aged,African American,36700.0,0.0,532,178600.0,360,3.4,Mortgage,Graduate,No,0,Semiurban,0.35,0
L01621,Male,33,Middle-aged,Caucasian,55500.0,0.0,578,236400.0,360,3.8,Rent,Undergraduate,No,0,Semiurban,0.306,0
L01622,Male,49,Middle-aged,Asian,37300.0,0.0,642,136700.0,120,10.7,Mortgage,Graduate,No,2,Rural,0.488,1
L01623,Female,41,Middle-aged,Caucasian,41800.0,38100.0,582,316700.0,360,13.7,Rent,Graduate,No,0,Rural,0.285,1
L01624,Female,49,Middle-aged,Caucasian,76800.0,0.0,622,338200.0,180,5.7,Own,Graduate,No,3+,Rural,0.446,0
L01625,Male,54,Middle-aged,Caucasian,33200.0,0.0,619,159100.0,360,5.8,Rent,Graduate,No,0,Rural,0.345,1
L01626,Female,49,Middle-aged,Caucasian,20000.0,22200.0,597,95800.0,360,4.7,Own,Graduate,No,0,Rural,0.163,1
L01627,Male,44,Middle-aged,Hispanic,52900.0,15500.0,720,245500.0,360,5.1,Mortgage,Graduate,No,2,Rural,0.258,1
L01628,Male,29,Young,Caucasian,46900.0,0.0,645,232600.0,360,2.0,Mortgage,Graduate,No,0,Urban,0.357,1
L01629,Male,40,Middle-aged,Caucasian,36900.0,0.0,593,138800.0,180,5.5,Mortgage,Graduate,No,0,Urban,0.381,0
L01630,Male,34,Middle-aged,Asian,63600.0,0.0,750,294800.0,360,5.3,Rent,Undergraduate,Yes,0,Rural,0.333,1
L01631,Female,36,Middle-aged,African American,44600.0,54100.0,642,329100.0,360,6.0,Rent,Graduate,Yes,1,Semiurban,0.24,1
L01632,Male,36,Middle-aged,Caucasian,20300.0,29400.0,535,120300.0,180,3.5,Own,Graduate,No,0,Rural,0.245,0
L01633,Female,29,Young,Caucasian,32100.0,3500.0,607,161100.0,360,4.8,Mortgage,Graduate,No,2,Rural,0.326,1
L01634,Female,18,Young,African American,80500.0,0.0,646,261900.0,180,0.0,Mortgage,Undergraduate,No,0,Urban,0.329,0
L01635,Female,32,Middle-aged,Hispanic,46400.0,17300.0,566,258000.0,360,3.5,Rent,Graduate,Yes,0,Rural,0.291,0
L01636,Male,43,Middle-aged,Hispanic,57800.0,0.0,570,302300.0,360,6.1,Rent,Graduate,No,3+,Rural,0.376,0
L01637,Male,24,Young,Caucasian,78400.0,0.0,626,404200.0,360,1.5,Mortgage,Undergraduate,No,2,Semiurban,0.371,1
L01638,Male,41,Middle-aged,Hispanic,44400.0,11000.0,598,241300.0,360,11.9,Rent,Graduate,No,1,Semiurban,0.313,1
L01639,Female,63,Senior,Caucasian,57300.0,0.0,752,240800.0,360,7.9,Mortgage,Graduate,No,2,Semiurban,0.302,1
L01640,Female,53,Middle-aged,Caucasian,55500.0,0.0,691,250800.0,360,12.3,Own,Graduate,No,0,Semiurban,0.325,1
L01641,Male,60,Senior,Asian,60800.0,14800.0,623,318600.0,360,9.5,Mortgage,Graduate,No,1,Rural,0.303,1
L01642,Female,45,Middle-aged,Caucasian,36600.0,0.0,645,110500.0,180,7.3,Rent,Graduate,No,0,Rural,0.306,0
L01643,Male,55,Middle-aged,Caucasian,52500.0,0.0,723,169600.0,360,10.7,Mortgage,Graduate,No,0,Urban,0.232,1
L01644,Female,32,Middle-aged,Caucasian,32900.0,20500.0,513,190400.0,360,2.3,Mortgage,Graduate,No,0,Urban,0.257,1
L01645,Male,33,Middle-aged,Caucasian,49300.0,26300.0,550,190900.0,360,2.7,Mortgage,Undergraduate,No,2,Urban,0.182,1
L01646,Female,18,Young,African American,20000.0,25100.0,565,168400.0,360,2.0,Mortgage,Graduate,No,1,Rural,0.269,0
L01647,Male,55,Middle-aged,African American,28600.0,0.0,630,117300.0,360,8.2,Rent,Graduate,No,0,Rural,0.295,1
L01648,Female,59,Senior,Caucasian,37200.0,0.0,638,133200.0,360,9.0,Mortgage,Undergraduate,No,0,Semiurban,0.258,1
L01649,Female,34,Middle-aged,Caucasian,28600.0,0.0,578,111100.0,360,8.0,Own,Graduate,Yes,0,Urban,0.279,0
L01650,Female,37,Middle-aged,Hispanic,30000.0,37800.0,582,246500.0,360,2.9,Rent,Graduate,No,0,Rural,0.262,0
L01651,Male,31,Middle-aged,Asian,45900.0,0.0,629,233500.0,360,17.9,Mortgage,Graduate,No,1,Urban,0.366,1
L01652,Male,45,Middle-aged,Caucasian,57600.0,30300.0,704,240600.0,360,5.0,Rent,Graduate,No,0,Urban,0.197,1
L01653,Male,54,Middle-aged,Hispanic,64500.0,0.0,626,306400.0,180,6.8,Rent,Graduate,No,1,Urban,0.481,1
L01654,Male,20,Young,African American,32600.0,0.0,725,140200.0,180,12.1,Mortgage,Graduate,No,2,Rural,0.435,0
L01655,Male,45,Middle-aged,Caucasian,83600.0,29400.0,775,428600.0,360,4.1,Mortgage,Graduate,No,0,Semiurban,0.273,1
L01656,Female,37,Middle-aged,Caucasian,60700.0,24400.0,706,350400.0,360,26.6,Mortgage,Graduate,No,2,Urban,0.296,1
L01657,Female,42,Middle-aged,Caucasian,51000.0,41900.0,664,256800.0,360,3.8,Mortgage,Graduate,No,0,Rural,0.199,1
L01658,Male,46,Middle-aged,African American,41700.0,18800.0,745,217000.0,360,4.8,Rent,Graduate,No,0,Semiurban,0.258,1
L01659,Male,38,Middle-aged,Caucasian,55700.0,19100.0,607,245000.0,180,4.4,Rent,Graduate,No,0,Semiurban,0.332,0
L01660,Male,39,Middle-aged,Caucasian,78800.0,8500.0,594,267700.0,360,6.0,Rent,Graduate,No,0,Urban,0.221,1
L01661,Female,38,Middle-aged,Caucasian,68000.0,37300.0,602,284500.0,360,6.7,Rent,Graduate,No,3+,Semiurban,0.194,1
L01662,Male,52,Middle-aged,Hispanic,75300.0,21200.0,601,286400.0,360,5.7,Mortgage,Graduate,No,0,Urban,0.214,1
L01663,Female,46,Middle-aged,Caucasian,42400.0,95500.0,633,409100.0,360,4.6,Rent,Graduate,No,1,Semiurban,0.213,1
L01664,Male,43,Middle-aged,Hispanic,55100.0,0.0,649,178400.0,360,3.9,Rent,Graduate,No,1,Semiurban,0.233,1
L01665,Female,25,Young,Hispanic,62900.0,0.0,622,269400.0,360,2.5,Rent,Graduate,No,0,Rural,0.308,0
L01666,Female,36,Middle-aged,Caucasian,32500.0,0.0,602,140500.0,180,15.4,Mortgage,Graduate,No,0,Semiurban,0.438,0
L01667,Male,51,Middle-aged,Caucasian,43200.0,0.0,642,217500.0,360,7.4,Mortgage,Graduate,No,0,Rural,0.362,1
L01668,Female,41,Middle-aged,Caucasian,41900.0,0.0,722,184800.0,180,10.7,Own,Graduate,Yes,0,Semiurban,0.447,1
L01669,Male,48,Middle-aged,Hispanic,63200.0,0.0,682,329800.0,360,5.6,Rent,Graduate,No,3+,Rural,0.375,1
L01670,Female,62,Senior,Caucasian,60100.0,18000.0,719,214000.0,360,6.9,Mortgage,Graduate,No,1,Rural,0.197,1
L01671,Male,53,Middle-aged,Caucasian,44700.0,23000.0,649,261200.0,180,9.3,Mortgage,Undergraduate,No,3+,Semiurban,0.391,1
L01672,Female,42,Middle-aged,Caucasian,22800.0,0.0,507,69800.0,360,12.2,Own,Graduate,No,1,Urban,0.22,1
L01673,Female,34,Middle-aged,Caucasian,46000.0,0.0,501,213500.0,360,13.8,Mortgage,Graduate,No,0,Rural,0.334,0
L01674,Female,18,Young,Hispanic,25500.0,28900.0,695,158300.0,360,4.0,Own,Graduate,No,0,Semiurban,0.209,1
L01675,Female,38,Middle-aged,African American,20000.0,12700.0,564,117100.0,120,4.7,Rent,Graduate,No,2,Semiurban,0.477,0
L01676,Male,37,Middle-aged,Hispanic,26600.0,26400.0,562,150400.0,120,3.4,Rent,Undergraduate,Yes,0,Semiurban,0.378,0
L01677,Male,45,Middle-aged,Caucasian,55900.0,22400.0,649,227800.0,360,9.6,Mortgage,Graduate,No,0,Rural,0.209,1
L01678,Male,39,Middle-aged,Caucasian,84500.0,18900.0,682,437700.0,360,4.8,Mortgage,Undergraduate,No,0,Urban,0.305,1
L01679,Male,37,Middle-aged,Hispanic,44800.0,0.0,654,225600.0,360,12.1,Mortgage,Graduate,No,0,Semiurban,0.362,1
L01680,Female,19,Young,Caucasian,45300.0,0.0,694,154600.0,360,4.8,Rent,Undergraduate,No,1,Urban,0.246,1
L01681,Male,29,Young,Hispanic,70800.0,39600.0,713,466200.0,180,11.4,Rent,Undergraduate,No,2,Rural,0.428,0
L01682,Female,46,Middle-aged,Caucasian,22500.0,0.0,561,74600.0,180,8.4,Rent,Undergraduate,No,0,Urban,0.336,0
L01683,Female,61,Senior,Caucasian,51300.0,14000.0,713,273600.0,360,13.8,Mortgage,Graduate,No,1,Urban,0.301,1
L01684,Female,39,Middle-aged,African American,31700.0,0.0,583,163500.0,180,4.9,Own,Undergraduate,No,1,Rural,0.522,0
L01685,Male,44,Middle-aged,Hispanic,55300.0,25300.0,624,229200.0,360,7.4,Mortgage,Graduate,No,0,Semiurban,0.205,1
L01686,Female,52,Middle-aged,Hispanic,30300.0,0.0,559,120600.0,360,5.2,Rent,Graduate,No,0,Rural,0.286,0
L01687,Female,31,Middle-aged,Caucasian,30000.0,0.0,491,112800.0,360,6.6,Mortgage,Graduate,No,2,Semiurban,0.271,1
L01688,Male,45,Middle-aged,Caucasian,51900.0,0.0,630,201100.0,360,7.9,Mortgage,Graduate,Yes,0,Semiurban,0.279,1
L01689,Female,32,Middle-aged,Caucasian,80600.0,45600.0,578,492600.0,360,9.1,Rent,Graduate,No,0,Rural,0.281,1
L01690,Female,51,Middle-aged,African American,45000.0,0.0,691,201900.0,360,11.5,Rent,Undergraduate,No,0,Rural,0.323,1
L01691,Male,42,Middle-aged,African American,32000.0,15500.0,594,208600.0,360,8.5,Mortgage,Undergraduate,No,0,Semiurban,0.316,0
L01692,Male,44,Middle-aged,Caucasian,28700.0,19000.0,630,132700.0,360,4.2,Rent,Graduate,No,0,Rural,0.2,1
L01693,Male,31,Middle-aged,Hispanic,22500.0,71200.0,669,255300.0,180,13.6,Own,Graduate,No,0,Rural,0.276,1
L01694,Male,49,Middle-aged,African American,66400.0,27900.0,560,326000.0,360,4.7,Own,Graduate,No,0,Semiurban,0.249,1
L01695,Male,66,Senior,Asian,33500.0,17100.0,605,216000.0,180,15.3,Mortgage,Graduate,No,0,Rural,0.432,1
L01696,Male,28,Young,Caucasian,43000.0,0.0,610,130000.0,360,4.8,Rent,Graduate,No,0,Urban,0.218,0
L01697,Male,36,Middle-aged,Caucasian,83200.0,0.0,662,434800.0,360,11.2,Rent,Graduate,No,0,Rural,0.376,1
L01698,Male,43,Middle-aged,Hispanic,23100.0,32900.0,672,165800.0,360,6.9,Mortgage,Undergraduate,No,2,Semiurban,0.213,1
L01699,Female,50,Middle-aged,Caucasian,75700.0,16600.0,710,372700.0,360,10.0,Mortgage,Graduate,No,0,Urban,0.291,1
L01700,Male,34,Middle-aged,Hispanic,39900.0,0.0,611,152000.0,360,4.7,Rent,Undergraduate,No,0,Rural,0.274,0
L01701,Female,18,Young,Hispanic,23200.0,10100.0,586,140600.0,360,6.8,Mortgage,Graduate,No,3+,Rural,0.304,1
L01702,Male,57,Senior,African American,35500.0,0.0,656,151400.0,360,7.3,Rent,Graduate,No,0,Urban,0.307,0
L01703,Male,50,Middle-aged,Caucasian,36700.0,0.0,539,164800.0,120,11.2,Rent,Graduate,No,1,Semiurban,0.598,0
L01704,Male,20,Young,Caucasian,58500.0,0.0,590,260900.0,360,1.4,Own,Graduate,No,1,Semiurban,0.321,0
L01705,Male,33,Middle-aged,Caucasian,37800.0,0.0,617,144400.0,360,8.7,Rent,Graduate,No,0,Semiurban,0.275,1
L01706,Male,59,Senior,Caucasian,22800.0,0.0,657,72300.0,360,7.9,Mortgage,Graduate,No,3+,Urban,0.228,1
L01707,Female,58,Senior,Caucasian,38100.0,0.0,585,183500.0,120,7.6,Rent,Graduate,No,0,Semiurban,0.642,0
L01708,Male,52,Middle-aged,Caucasian,28500.0,0.0,547,104100.0,180,13.4,Own,Graduate,No,1,Semiurban,0.37,1
L01709,Female,38,Middle-aged,Caucasian,45200.0,0.0,602,221900.0,360,11.4,Mortgage,Undergraduate,No,0,Semiurban,0.353,0
L01710,Female,41,Middle-aged,Caucasian,25900.0,0.0,723,113200.0,360,9.3,Mortgage,Undergraduate,No,0,Urban,0.314,1
L01711,Male,39,Middle-aged,Caucasian,40300.0,0.0,564,153000.0,360,16.0,Own,Graduate,Yes,3+,Rural,0.273,1
L01712,Male,54,Middle-aged,Caucasian,52700.0,0.0,716,228600.0,360,6.2,Mortgage,Graduate,No,1,Semiurban,0.312,1
L01713,Female,30,Middle-aged,Caucasian,38300.0,0.0,693,170500.0,360,3.4,Mortgage,Graduate,No,0,Rural,0.32,1
L01714,Male,31,Middle-aged,African American,43300.0,0.0,606,198700.0,360,3.7,Mortgage,Graduate,No,0,Semiurban,0.33,0
L01715,Male,53,Middle-aged,Caucasian,64400.0,0.0,613,312400.0,180,7.1,Mortgage,Undergraduate,No,1,Semiurban,0.491,0
L01716,Female,40,Middle-aged,Caucasian,26200.0,43700.0,634,166300.0,360,5.3,Rent,Graduate,No,0,Urban,0.171,1
L01717,Male,57,Senior,African American,38200.0,0.0,650,195700.0,120,11.8,Mortgage,Graduate,No,3+,Urban,0.683,0
L01718,Female,32,Middle-aged,Asian,20000.0,0.0,535,78500.0,360,3.7,Rent,Graduate,No,2,Semiurban,0.282,0
L01719,Female,40,Middle-aged,Caucasian,46000.0,0.0,580,227100.0,360,5.0,Own,Graduate,Yes,0,Semiurban,0.355,1
L01720,Male,29,Young,African American,34800.0,0.0,621,121700.0,120,5.9,Mortgage,Graduate,Yes,2,Semiurban,0.466,0
L01721,Male,41,Middle-aged,Hispanic,29800.0,12700.0,664,112100.0,360,4.5,Rent,Graduate,No,3+,Rural,0.19,1
L01722,Male,23,Young,Asian,55600.0,0.0,582,238500.0,360,3.0,Mortgage,Graduate,No,0,Semiurban,0.309,0
L01723,Male,35,Middle-aged,Caucasian,78400.0,0.0,634,292500.0,120,2.8,Mortgage,Undergraduate,No,0,Semiurban,0.497,1
L01724,Male,23,Young,African American,32400.0,0.0,623,169000.0,360,16.0,Rent,Undergraduate,Yes,0,Rural,0.375,0
L01725,Female,49,Middle-aged,Caucasian,28600.0,0.0,609,92500.0,360,6.6,Mortgage,Graduate,No,0,Semiurban,0.233,0
L01726,Male,49,Middle-aged,Caucasian,52400.0,0.0,620,162800.0,360,14.1,Mortgage,Graduate,No,3+,Semiurban,0.224,1
L01727,Male,20,Young,Hispanic,25900.0,75000.0,528,204400.0,360,4.1,Rent,Graduate,No,0,Urban,0.146,1
L01728,Female,57,Senior,Caucasian,32000.0,0.0,587,111600.0,360,7.1,Own,Undergraduate,No,0,Urban,0.251,0
L01729,Female,70,Senior,Hispanic,60000.0,0.0,836,258200.0,360,8.9,Mortgage,Graduate,No,0,Urban,0.31,1
L01730,Female,41,Middle-aged,Caucasian,42700.0,17200.0,606,214600.0,180,9.4,Own,Graduate,No,0,Rural,0.363,1
L01731,Male,33,Middle-aged,Hispanic,20800.0,64000.0,671,208100.0,360,19.0,Mortgage,Undergraduate,Yes,0,Semiurban,0.177,1
L01732,Female,74,Senior,Caucasian,20300.0,11100.0,751,83900.0,360,9.4,Own,Graduate,No,1,Rural,0.192,1
L01733,Male,25,Young,Caucasian,52300.0,0.0,591,184400.0,360,1.7,Rent,Graduate,No,1,Rural,0.254,0
L01734,Male,41,Middle-aged,Caucasian,69200.0,0.0,661,236300.0,120,5.9,Own,Graduate,No,0,Urban,0.455,1
L01735,Male,43,Middle-aged,Caucasian,25700.0,0.0,614,120200.0,120,6.3,Mortgage,Graduate,No,2,Semiurban,0.623,0
L01736,Female,57,Senior,Caucasian,49900.0,36800.0,551,330600.0,360,14.1,Mortgage,Graduate,No,3+,Rural,0.274,1
L01737,Male,45,Middle-aged,Asian,83500.0,0.0,564,396500.0,360,7.2,Mortgage,Graduate,No,0,Urban,0.342,0
L01738,Male,35,Middle-aged,Caucasian,104300.0,0.0,661,540300.0,360,2.9,Mortgage,Graduate,Yes,0,Urban,0.373,1
L01739,Male,29,Young,Asian,56000.0,28300.0,585,354700.0,180,14.3,Mortgage,Graduate,No,0,Semiurban,0.426,1
L01740,Male,36,Middle-aged,Caucasian,60000.0,33500.0,738,320800.0,360,5.0,Rent,Undergraduate,No,0,Semiurban,0.247,1
L01741,Female,28,Young,Caucasian,20000.0,0.0,566,78700.0,360,7.0,Rent,Graduate,No,1,Urban,0.283,0
L01742,Female,41,Middle-aged,Hispanic,85200.0,35700.0,769,527500.0,360,9.0,Mortgage,Graduate,No,2,Semiurban,0.314,1
L01743,Female,34,Middle-aged,Caucasian,33100.0,17200.0,571,185000.0,360,2.7,Own,Graduate,No,0,Urban,0.265,1
L01744,Male,23,Young,African American,27000.0,0.0,693,98900.0,360,0.8,Rent,Graduate,Yes,0,Urban,0.264,1
L01745,Male,56,Senior,African American,35400.0,11400.0,665,177100.0,360,6.2,Rent,Graduate,No,0,Urban,0.272,0
L01746,Male,35,Middle-aged,Caucasian,89700.0,0.0,681,469300.0,360,18.2,Mortgage,Graduate,Yes,0,Urban,0.376,1
L01747,Male,25,Young,Hispanic,106700.0,21500.0,615,580400.0,180,8.9,Mortgage,Undergraduate,No,3+,Urban,0.458,1
L01748,Male,38,Middle-aged,African American,41200.0,24600.0,647,197300.0,360,3.7,Own,Graduate,No,1,Semiurban,0.216,1
L01749,Female,41,Middle-aged,Caucasian,62100.0,0.0,735,319500.0,360,8.2,Mortgage,Graduate,No,0,Rural,0.37,1
L01750,Male,20,Young,Hispanic,44900.0,0.0,580,233900.0,180,5.0,Mortgage,Graduate,No,0,Rural,0.528,0
L01751,Male,44,Middle-aged,Caucasian,32400.0,17400.0,594,146700.0,360,3.9,Rent,Graduate,No,2,Rural,0.212,0
L01752,Male,28,Young,Caucasian,88500.0,0.0,620,443800.0,180,4.3,Mortgage,Graduate,No,0,Semiurban,0.508,1
L01753,Male,61,Senior,Hispanic,34400.0,0.0,739,171600.0,360,12.7,Mortgage,Undergraduate,No,2,Rural,0.359,1
L01754,Male,47,Middle-aged,African American,72500.0,0.0,702,224000.0,180,5.4,Mortgage,Graduate,No,0,Rural,0.313,1
L01755,Female,36,Middle-aged,Asian,70000.0,25300.0,719,376300.0,120,12.2,Mortgage,Graduate,Yes,0,Rural,0.526,1
L01756,Female,32,Middle-aged,African American,40700.0,26000.0,622,201200.0,360,7.5,Mortgage,Graduate,No,1,Semiurban,0.217,1
L01757,Female,39,Middle-aged,Asian,86600.0,0.0,653,391200.0,360,3.2,Rent,Undergraduate,No,0,Semiurban,0.325,1
L01758,Male,48,Middle-aged,Hispanic,107800.0,14000.0,706,582700.0,360,14.2,Mortgage,Undergraduate,No,0,Urban,0.344,1
L01759,Male,40,Middle-aged,Caucasian,45700.0,0.0,683,188400.0,120,3.4,Rent,Graduate,No,0,Urban,0.549,0
L01760,Male,38,Middle-aged,Caucasian,35500.0,26800.0,593,195800.0,360,13.9,Own,Graduate,No,0,Semiurban,0.226,1
L01761,Male,41,Middle-aged,Caucasian,23300.0,0.0,685,118200.0,360,5.5,Own,Undergraduate,No,1,Urban,0.365,1
L01762,Female,33,Middle-aged,African American,78200.0,0.0,657,406000.0,360,8.2,Rent,Graduate,No,0,Rural,0.374,1
L01763,Male,36,Middle-aged,Caucasian,41100.0,0.0,465,129100.0,360,10.4,Own,Graduate,No,1,Semiurban,0.226,0
L01764,Male,18,Young,Caucasian,77200.0,0.0,664,391900.0,360,1.7,Rent,Graduate,No,0,Urban,0.365,1
L01765,Male,52,Middle-aged,Caucasian,36400.0,0.0,553,116000.0,360,7.3,Mortgage,Graduate,No,2,Semiurban,0.229,1
L01766,Male,44,Middle-aged,Hispanic,81600.0,19300.0,705,345400.0,360,7.5,Mortgage,Graduate,No,0,Semiurban,0.246,1
L01767,Female,31,Middle-aged,African American,24100.0,0.0,642,113700.0,360,6.3,Rent,Undergraduate,Yes,0,Urban,0.339,0
L01768,Male,63,Senior,Caucasian,30400.0,15500.0,661,183600.0,360,8.5,Rent,Undergraduate,No,0,Urban,0.288,1
L01769,Male,42,Middle-aged,Caucasian,45100.0,32700.0,654,289800.0,360,28.0,Rent,Undergraduate,No,0,Semiurban,0.268,1
L01770,Male,28,Young,Caucasian,39600.0,14900.0,662,146800.0,360,8.2,Mortgage,Graduate,No,0,Rural,0.194,1
L01771,Male,51,Middle-aged,Caucasian,62200.0,0.0,619,205200.0,360,6.6,Rent,Graduate,No,0,Semiurban,0.237,1
L01772,Female,45,Middle-aged,Caucasian,40800.0,17500.0,670,256000.0,360,9.2,Mortgage,Graduate,No,3+,Semiurban,0.316,1
L01773,Female,45,Middle-aged,Hispanic,47300.0,22800.0,698,189300.0,360,6.9,Rent,Graduate,No,1,Rural,0.194,1
L01774,Female,35,Middle-aged,Hispanic,32700.0,43800.0,707,178100.0,360,12.4,Own,Graduate,No,0,Semiurban,0.167,1
L01775,Female,46,Middle-aged,Caucasian,31900.0,24300.0,551,218900.0,360,6.2,Mortgage,Undergraduate,No,0,Urban,0.28,0
L01776,Male,37,Middle-aged,Caucasian,38800.0,0.0,634,172400.0,360,3.9,Mortgage,Graduate,No,2,Urban,0.32,0
L01777,Female,47,Middle-aged,Caucasian,94400.0,0.0,611,357900.0,360,4.6,Mortgage,Graduate,No,2,Rural,0.273,1
L01778,Male,18,Young,Caucasian,53600.0,28700.0,532,232400.0,360,20.8,Rent,Undergraduate,Yes,3+,Rural,0.203,0
L01779,Male,35,Middle-aged,Caucasian,22200.0,19000.0,614,161300.0,360,4.8,Mortgage,Undergraduate,Yes,2,Semiurban,0.282,0
L01780,Female,61,Senior,Caucasian,33800.0,0.0,646,176600.0,120,7.7,Rent,Graduate,Yes,0,Semiurban,0.696,0
L01781,Male,31,Middle-aged,Caucasian,51000.0,0.0,679,158700.0,360,5.3,Mortgage,Graduate,No,0,Urban,0.224,1
L01782,Female,33,Middle-aged,Asian,87200.0,21200.0,621,418300.0,360,4.0,Own,Undergraduate,No,1,Semiurban,0.278,1
L01783,Male,35,Middle-aged,African American,59200.0,0.0,614,212400.0,120,3.9,Mortgage,Graduate,No,1,Urban,0.478,0
L01784,Female,26,Young,African American,22000.0,0.0,592,107200.0,180,6.0,Rent,Graduate,No,0,Urban,0.493,0
L01785,Female,18,Young,Caucasian,109600.0,0.0,585,414100.0,360,0.4,Rent,Undergraduate,No,0,Semiurban,0.272,1
L01786,Female,38,Middle-aged,Hispanic,36300.0,0.0,565,167300.0,360,6.6,Mortgage,Graduate,No,3+,Semiurban,0.332,0
L01787,Female,42,Middle-aged,Hispanic,60500.0,0.0,701,254900.0,360,6.1,Own,Graduate,No,3+,Semiurban,0.303,1
L01788,Female,40,Middle-aged,Caucasian,26300.0,21500.0,571,159300.0,180,7.1,Own,Graduate,No,0,Semiurban,0.337,0
L01789,Male,39,Middle-aged,Caucasian,20000.0,25500.0,668,165700.0,120,5.1,Rent,Graduate,No,0,Semiurban,0.485,1
L01790,Male,41,Middle-aged,Caucasian,27900.0,19000.0,643,154400.0,180,7.7,Rent,Undergraduate,Yes,2,Rural,0.333,0
L01791,Male,53,Middle-aged,Caucasian,20000.0,43000.0,525,210500.0,360,5.7,Mortgage,Undergraduate,Yes,0,Rural,0.24,0
L01792,Female,38,Middle-aged,Caucasian,97000.0,0.0,689,370300.0,360,5.4,Mortgage,Graduate,No,2,Semiurban,0.275,1
L01793,Male,34,Middle-aged,Caucasian,53400.0,18300.0,648,214300.0,360,3.8,Rent,Graduate,No,0,Semiurban,0.215,1
L01794,Female,37,Middle-aged,Caucasian,28800.0,9400.0,626,136100.0,360,5.7,Mortgage,Undergraduate,No,1,Rural,0.256,1
L01795,Male,47,Middle-aged,Caucasian,58800.0,86800.0,632,433100.0,360,6.9,Rent,Graduate,No,0,Rural,0.214,1
L01796,Male,57,Senior,Caucasian,52900.0,18700.0,594,256300.0,120,10.8,Mortgage,Graduate,No,2,Semiurban,0.477,1
L01797,Female,33,Middle-aged,Hispanic,47100.0,0.0,690,227000.0,180,7.2,Rent,Graduate,No,0,Semiurban,0.488,0
L01798,Male,42,Middle-aged,Caucasian,79500.0,0.0,643,339500.0,120,6.3,Mortgage,Graduate,No,0,Rural,0.569,0
L01799,Male,45,Middle-aged,African American,34900.0,0.0,565,174500.0,360,5.1,Mortgage,Graduate,No,0,Urban,0.36,0
L01800,Male,29,Young,Caucasian,34500.0,42500.0,621,237600.0,360,6.0,Mortgage,Graduate,Yes,1,Rural,0.222,1
L01801,Female,41,Middle-aged,Caucasian,58000.0,0.0,586,203300.0,360,20.4,Mortgage,Graduate,No,0,Rural,0.252,1
L01802,Female,23,Young,Caucasian,57400.0,44500.0,546,267000.0,180,1.8,Mortgage,Graduate,No,1,Semiurban,0.265,0
L01803,Male,19,Young,Caucasian,51000.0,0.0,569,252600.0,180,0.5,Mortgage,Graduate,No,0,Semiurban,0.502,0
L01804,Male,45,Middle-aged,Caucasian,117100.0,35300.0,644,425000.0,360,5.6,Rent,Undergraduate,Yes,2,Urban,0.201,1
L01805,Male,36,Middle-aged,Caucasian,41100.0,0.0,555,134200.0,360,5.4,Rent,Graduate,No,0,Urban,0.235,1
L01806,Female,43,Middle-aged,Caucasian,29100.0,0.0,659,91500.0,360,5.6,Mortgage,Graduate,No,2,Semiurban,0.226,1
L01807,Female,40,Middle-aged,African American,37700.0,0.0,606,149000.0,360,12.3,Own,Graduate,No,1,Rural,0.284,0
L01808,Male,29,Young,Caucasian,37400.0,20000.0,671,201800.0,180,5.0,Mortgage,Graduate,No,0,Urban,0.356,1
L01809,Male,40,Middle-aged,African American,47800.0,0.0,569,145500.0,360,4.7,Rent,Undergraduate,No,0,Urban,0.219,0
L01810,Male,26,Young,Caucasian,35100.0,25400.0,486,202400.0,360,16.2,Rent,Graduate,No,3+,Semiurban,0.241,0
L01811,Female,57,Senior,African American,27100.0,0.0,639,105300.0,360,6.5,Mortgage,Graduate,No,0,Semiurban,0.28,1
L01812,Female,24,Young,Caucasian,88800.0,11600.0,741,450300.0,120,1.6,Rent,Graduate,Yes,1,Semiurban,0.598,1
L01813,Male,38,Middle-aged,African American,33300.0,0.0,638,162100.0,360,4.4,Mortgage,Graduate,No,0,Urban,0.35,1
L01814,Male,28,Young,Hispanic,32100.0,59600.0,783,290100.0,120,1.9,Mortgage,Graduate,Yes,3+,Urban,0.421,1
L01815,Male,47,Middle-aged,Hispanic,70500.0,0.0,669,286600.0,360,11.3,Mortgage,Graduate,No,1,Rural,0.292,1
L01816,Female,37,Middle-aged,Caucasian,27400.0,14400.0,614,122300.0,120,4.7,Rent,Graduate,No,3+,Urban,0.39,0
L01817,Male,34,Middle-aged,Hispanic,33400.0,0.0,471,163900.0,360,8.9,Own,Graduate,No,2,Urban,0.353,0
L01818,Female,51,Middle-aged,Caucasian,52500.0,19400.0,667,236900.0,360,12.1,Mortgage,Undergraduate,No,0,Urban,0.237,1
L01819,Female,41,Middle-aged,Hispanic,53500.0,23100.0,637,250200.0,360,4.8,Own,Graduate,Yes,0,Rural,0.235,1
L01820,Male,47,Middle-aged,Caucasian,79900.0,0.0,632,404400.0,360,8.0,Rent,Graduate,No,0,Semiurban,0.364,0
L01821,Male,29,Young,Caucasian,36400.0,0.0,587,189100.0,360,5.3,Mortgage,Undergraduate,No,0,Semiurban,0.374,0
L01822,Male,24,Young,Caucasian,62200.0,20900.0,604,368300.0,360,11.2,Mortgage,Graduate,No,0,Urban,0.319,1
L01823,Female,42,Middle-aged,Caucasian,34600.0,15900.0,602,226000.0,360,3.7,Rent,Graduate,No,0,Semiurban,0.322,1
L01824,Female,37,Middle-aged,African American,25000.0,0.0,723,123900.0,360,4.8,Rent,Graduate,No,2,Semiurban,0.357,1
L01825,Female,48,Middle-aged,Hispanic,59500.0,0.0,620,272800.0,360,15.2,Mortgage,Graduate,No,0,Urban,0.33,1
L01826,Male,40,Middle-aged,African American,31500.0,0.0,618,115300.0,360,4.7,Own,Graduate,No,0,Rural,0.263,0
L01827,Male,43,Middle-aged,African American,43800.0,0.0,598,225300.0,360,4.5,Mortgage,Undergraduate,No,1,Rural,0.37,0
L01828,Female,21,Young,Asian,44300.0,0.0,636,220300.0,360,4.7,Rent,Graduate,No,2,Rural,0.358,1
L01829,Female,63,Senior,Caucasian,27200.0,44200.0,649,179800.0,120,8.6,Mortgage,Graduate,No,0,Semiurban,0.335,1
L01830,Male,39,Middle-aged,Caucasian,72100.0,0.0,622,295700.0,360,6.3,Rent,Graduate,No,0,Semiurban,0.295,1
L01831,Female,49,Middle-aged,Caucasian,52100.0,0.0,522,164500.0,180,13.2,Mortgage,Graduate,No,0,Semiurban,0.32,0
L01832,Female,30,Middle-aged,Caucasian,20000.0,35400.0,598,200000.0,120,5.5,Mortgage,Undergraduate,No,0,Urban,0.481,0
L01833,Female,44,Middle-aged,Caucasian,46600.0,0.0,607,199900.0,360,7.5,Own,Graduate,No,1,Urban,0.309,1
L01834,Female,25,Young,Caucasian,30600.0,25900.0,581,157700.0,360,2.7,Mortgage,Graduate,No,1,Semiurban,0.201,1
L01835,Female,46,Middle-aged,Caucasian,64600.0,18000.0,572,271400.0,120,12.1,Mortgage,Graduate,Yes,2,Semiurban,0.438,0
L01836,Female,36,Middle-aged,Caucasian,23400.0,0.0,681,121800.0,360,9.4,Mortgage,Graduate,No,3+,Urban,0.374,1
L01837,Male,41,Middle-aged,Hispanic,38300.0,0.0,666,168000.0,360,4.8,Rent,Undergraduate,No,3+,Semiurban,0.316,1
L01838,Male,49,Middle-aged,Caucasian,56700.0,37500.0,727,302700.0,120,6.6,Rent,Graduate,No,0,Semiurban,0.428,1
L01839,Female,26,Young,Caucasian,42600.0,17500.0,664,214200.0,360,9.0,Mortgage,Graduate,Yes,0,Rural,0.256,1
L01840,Male,32,Middle-aged,Caucasian,66500.0,0.0,659,214200.0,180,4.3,Rent,Undergraduate,No,0,Rural,0.326,1
L01841,Male,46,Middle-aged,Caucasian,26700.0,0.0,544,84600.0,360,6.8,Rent,Graduate,No,1,Urban,0.228,0
L01842,Male,66,Senior,Caucasian,94900.0,0.0,808,411300.0,360,9.5,Own,Undergraduate,No,3+,Rural,0.312,1
L01843,Male,39,Middle-aged,Caucasian,60500.0,0.0,574,251200.0,360,4.0,Mortgage,Graduate,No,0,Rural,0.299,0
L01844,Female,48,Middle-aged,Caucasian,71800.0,0.0,636,273400.0,360,6.6,Mortgage,Graduate,No,3+,Semiurban,0.274,1
L01845,Female,39,Middle-aged,Caucasian,59100.0,48300.0,671,362700.0,360,11.3,Mortgage,Undergraduate,No,0,Rural,0.243,1
L01846,Male,64,Senior,Caucasian,48800.0,23300.0,703,193700.0,360,10.3,Own,Undergraduate,No,0,Urban,0.193,1
L01847,Male,20,Young,Caucasian,29300.0,0.0,610,150100.0,180,3.4,Mortgage,Graduate,Yes,2,Rural,0.519,0
L01848,Male,42,Middle-aged,African American,31300.0,40700.0,587,194000.0,120,4.5,Mortgage,Graduate,No,2,Urban,0.359,0
L01849,Female,21,Young,Caucasian,78700.0,0.0,581,248800.0,360,1.4,Mortgage,Graduate,No,0,Rural,0.227,0
L01850,Female,18,Young,Caucasian,72500.0,0.0,760,245200.0,360,0.2,Mortgage,Graduate,No,0,Semiurban,0.243,1
L01851,Male,44,Middle-aged,Caucasian,38300.0,0.0,617,123100.0,360,4.0,Rent,Graduate,No,0,Semiurban,0.231,1
L01852,Female,42,Middle-aged,Asian,20000.0,0.0,592,68000.0,360,6.9,Mortgage,Graduate,No,0,Urban,0.245,0
L01853,Female,37,Middle-aged,Caucasian,38300.0,0.0,566,150800.0,360,5.5,Own,Undergraduate,No,0,Semiurban,0.283,1
L01854,Female,39,Middle-aged,African American,28400.0,20800.0,618,184100.0,360,4.8,Mortgage,Graduate,No,0,Rural,0.269,1
L01855,Female,75,Senior,Asian,37700.0,0.0,677,136200.0,360,31.6,Rent,Undergraduate,No,0,Rural,0.26,1
L01856,Male,37,Middle-aged,Caucasian,60600.0,22800.0,626,289600.0,360,5.4,Mortgage,Graduate,No,0,Semiurban,0.25,0
L01857,Female,47,Middle-aged,Caucasian,59200.0,0.0,663,301300.0,360,12.1,Mortgage,Graduate,No,0,Semiurban,0.366,1
L01858,Male,33,Middle-aged,Caucasian,72800.0,0.0,736,266900.0,360,3.4,Mortgage,Graduate,No,1,Rural,0.264,1
L01859,Female,44,Middle-aged,Caucasian,49800.0,0.0,593,238400.0,360,5.3,Mortgage,Graduate,No,1,Urban,0.344,0
L01860,Female,38,Middle-aged,Caucasian,20300.0,40600.0,598,140800.0,360,7.2,Mortgage,Undergraduate,No,0,Rural,0.166,1
L01861,Female,36,Middle-aged,Caucasian,36400.0,0.0,567,123800.0,360,2.7,Rent,Undergraduate,No,0,Urban,0.245,0
L01862,Female,62,Senior,Caucasian,104700.0,66000.0,717,563300.0,120,6.7,Mortgage,Undergraduate,No,0,Rural,0.44,1
L01863,Male,55,Middle-aged,Caucasian,56900.0,48100.0,616,291100.0,360,6.3,Mortgage,Undergraduate,No,0,Rural,0.199,1
L01864,Male,42,Middle-aged,Asian,56800.0,34200.0,599,377600.0,360,4.9,Mortgage,Graduate,Yes,0,Urban,0.299,1
L01865,Female,18,Young,Caucasian,48100.0,0.0,500,149800.0,360,3.8,Own,Graduate,No,0,Rural,0.224,0
L01866,Female,36,Middle-aged,Hispanic,43400.0,29600.0,617,257100.0,180,8.5,Own,Graduate,No,0,Semiurban,0.357,1
L01867,Male,73,Senior,Hispanic,20000.0,0.0,674,87200.0,360,10.1,Rent,Graduate,Yes,1,Rural,0.314,1
L01868,Male,38,Middle-aged,Hispanic,40100.0,17100.0,723,155000.0,180,4.4,Mortgage,Graduate,No,3+,Urban,0.274,1
L01869,Male,54,Middle-aged,Asian,48300.0,0.0,670,224500.0,180,14.1,Own,Undergraduate,No,3+,Rural,0.471,0
L01870,Female,58,Senior,Caucasian,69600.0,0.0,638,282200.0,180,6.9,Mortgage,Graduate,No,2,Semiurban,0.411,0
L01871,Female,43,Middle-aged,Caucasian,42500.0,0.0,539,196600.0,120,9.4,Mortgage,Graduate,No,1,Semiurban,0.616,0
L01872,Male,30,Middle-aged,Caucasian,25400.0,0.0,515,123500.0,360,15.2,Rent,Undergraduate,No,3+,Semiurban,0.35,0
L01873,Male,18,Young,Caucasian,58200.0,0.0,518,216900.0,360,1.3,Mortgage,Graduate,No,2,Semiurban,0.268,0
L01874,Female,49,Middle-aged,Asian,30200.0,25500.0,733,179100.0,180,5.1,Rent,Graduate,No,0,Urban,0.326,1
L01875,Female,31,Middle-aged,Hispanic,22600.0,14000.0,604,107800.0,360,21.5,Mortgage,Undergraduate,No,1,Rural,0.212,1
L01876,Male,43,Middle-aged,Caucasian,35100.0,0.0,580,121200.0,360,5.3,Own,Graduate,No,0,Semiurban,0.248,1
L01877,Female,26,Young,Caucasian,51800.0,0.0,545,155500.0,360,2.8,Rent,Graduate,No,0,Rural,0.216,0
L01878,Male,37,Middle-aged,Caucasian,81100.0,0.0,592,419100.0,360,6.2,Mortgage,Undergraduate,No,0,Urban,0.372,1
L01879,Male,41,Middle-aged,Caucasian,59500.0,0.0,595,237500.0,360,4.8,Mortgage,Graduate,No,0,Rural,0.287,1
L01880,Female,44,Middle-aged,Caucasian,53700.0,26600.0,710,205700.0,360,28.6,Rent,Undergraduate,No,1,Rural,0.184,1
L01881,Female,27,Young,Caucasian,50300.0,27400.0,601,196000.0,360,1.6,Mortgage,Graduate,No,2,Urban,0.181,1
L01882,Female,55,Middle-aged,Asian,43400.0,0.0,553,158400.0,120,8.6,Mortgage,Graduate,No,3+,Semiurban,0.486,0
L01883,Female,33,Middle-aged,Caucasian,55100.0,0.0,755,167000.0,360,6.2,Rent,Graduate,No,0,Semiurban,0.218,1
L01884,Female,20,Young,Hispanic,20000.0,8300.0,500,93900.0,180,3.4,Mortgage,Undergraduate,No,3+,Semiurban,0.336,0
L01885,Male,39,Middle-aged,African American,41000.0,22500.0,578,166500.0,360,6.8,Mortgage,Undergraduate,No,2,Urban,0.189,1
L01886,Male,41,Middle-aged,Asian,32300.0,0.0,688,99800.0,360,25.4,Mortgage,Undergraduate,No,0,Urban,0.222,1
L01887,Male,42,Middle-aged,Caucasian,78100.0,0.0,673,351900.0,360,14.1,Rent,Graduate,No,1,Rural,0.324,0
L01888,Male,57,Senior,Hispanic,41600.0,0.0,613,209700.0,360,7.7,Mortgage,Graduate,No,0,Semiurban,0.363,1
L01889,Female,38,Middle-aged,African American,32300.0,0.0,531,126700.0,360,7.0,Mortgage,Graduate,No,0,Urban,0.282,0
L01890,Female,39,Middle-aged,Caucasian,22800.0,0.0,541,111300.0,360,3.2,Rent,Graduate,No,0,Semiurban,0.351,0
L01891,Male,27,Young,Caucasian,73600.0,0.0,567,225600.0,360,4.0,Rent,Undergraduate,No,1,Rural,0.221,0
L01892,Male,50,Middle-aged,Hispanic,56700.0,27100.0,643,338000.0,120,5.7,Mortgage,Graduate,No,0,Semiurban,0.537,1
L01893,Female,43,Middle-aged,Caucasian,52100.0,0.0,640,163700.0,360,10.0,Own,Graduate,No,3+,Urban,0.226,1
L01894,Male,35,Middle-aged,Caucasian,35400.0,21100.0,594,228000.0,360,3.8,Rent,Graduate,No,1,Semiurban,0.29,1
L01895,Female,18,Young,Caucasian,30600.0,0.0,572,152600.0,360,6.9,Mortgage,Graduate,No,0,Rural,0.359,0
L01896,Female,58,Senior,African American,34800.0,0.0,574,165900.0,360,7.9,Rent,Graduate,No,1,Rural,0.343,0
L01897,Female,26,Young,Asian,31600.0,0.0,604,153200.0,360,14.2,Mortgage,Graduate,No,0,Semiurban,0.349,1
L01898,Male,33,Middle-aged,Caucasian,58300.0,0.0,695,248600.0,360,5.2,Rent,Graduate,No,0,Urban,0.307,1
L01899,Male,45,Middle-aged,Caucasian,20700.0,26300.0,597,124900.0,360,13.2,Mortgage,Undergraduate,No,2,Rural,0.191,1
L01900,Female,26,Young,Hispanic,30300.0,0.0,575,134800.0,360,6.1,Rent,Graduate,No,0,Rural,0.32,0
L01901,Female,23,Young,Asian,85500.0,0.0,630,341100.0,120,19.7,Own,Undergraduate,No,0,Rural,0.531,0
L01902,Male,18,Young,Hispanic,52600.0,11300.0,659,176600.0,360,6.8,Own,Graduate,No,2,Semiurban,0.199,1
L01903,Female,49,Middle-aged,Caucasian,44500.0,0.0,578,181200.0,360,11.2,Rent,Graduate,No,1,Semiurban,0.293,1
L01904,Male,34,Middle-aged,Caucasian,108500.0,0.0,747,484500.0,360,3.9,Mortgage,Graduate,No,0,Urban,0.321,1
L01905,Female,75,Senior,Caucasian,20000.0,0.0,676,60600.0,360,12.1,Mortgage,Undergraduate,No,2,Rural,0.218,0
L01906,Male,29,Young,African American,28300.0,0.0,590,124500.0,360,3.4,Rent,Undergraduate,No,3+,Semiurban,0.317,0
L01907,Female,29,Young,Caucasian,35500.0,0.0,667,158600.0,360,1.7,Mortgage,Graduate,No,1,Urban,0.321,0
L01908,Male,34,Middle-aged,Caucasian,69100.0,0.0,558,231900.0,360,8.6,Rent,Graduate,No,2,Urban,0.241,0
L01909,Male,43,Middle-aged,Caucasian,69600.0,14900.0,674,307900.0,360,5.1,Own,Graduate,No,0,Rural,0.262,1
L01910,Male,35,Middle-aged,Caucasian,34700.0,37000.0,629,281400.0,360,5.1,Rent,Graduate,Yes,0,Urban,0.282,1
L01911,Male,48,Middle-aged,Asian,73100.0,0.0,597,364700.0,360,6.2,Mortgage,Undergraduate,No,0,Semiurban,0.359,1
L01912,Female,29,Young,Caucasian,35500.0,0.0,622,139300.0,360,2.8,Mortgage,Graduate,No,1,Semiurban,0.282,1
L01913,Female,24,Young,African American,51700.0,0.0,617,195800.0,180,1.2,Rent,Graduate,No,3+,Rural,0.384,0
L01914,Male,19,Young,Hispanic,29200.0,0.0,564,95800.0,360,2.2,Mortgage,Graduate,No,2,Urban,0.236,0
L01915,Male,18,Young,Caucasian,46700.0,0.0,639,143800.0,180,0.4,Rent,Undergraduate,No,0,Semiurban,0.312,0
L01916,Female,34,Middle-aged,African American,26200.0,22000.0,560,139200.0,360,6.3,Rent,Graduate,No,1,Semiurban,0.208,0
L01917,Female,37,Middle-aged,Hispanic,56100.0,26100.0,639,358200.0,360,2.9,Rent,Graduate,No,3+,Rural,0.314,0
L01918,Female,33,Middle-aged,Hispanic,29800.0,0.0,588,153700.0,360,16.3,Mortgage,Graduate,Yes,0,Semiurban,0.371,0
L01919,Male,55,Middle-aged,Caucasian,48200.0,16800.0,607,276000.0,360,22.5,Mortgage,Graduate,No,1,Semiurban,0.305,1
L01920,Male,55,Middle-aged,Caucasian,60000.0,0.0,683,227400.0,360,7.4,Own,Graduate,No,3+,Semiurban,0.273,1
L01921,Female,36,Middle-aged,Caucasian,51800.0,0.0,605,172100.0,360,4.2,Own,Graduate,No,2,Rural,0.239,1
L01922,Male,19,Young,African American,55900.0,0.0,507,242600.0,360,0.7,Own,Graduate,No,0,Semiurban,0.312,0
L01923,Female,34,Middle-aged,African American,34700.0,0.0,493,154600.0,360,14.2,Rent,Undergraduate,No,0,Rural,0.321,0
L01924,Male,33,Middle-aged,African American,33200.0,22200.0,646,178100.0,360,6.7,Mortgage,Graduate,No,1,Urban,0.231,1
L01925,Female,33,Middle-aged,Caucasian,36200.0,0.0,528,164900.0,360,7.0,Rent,Graduate,No,3+,Semiurban,0.328,0
L01926,Male,32,Middle-aged,Caucasian,49500.0,0.0,627,231700.0,360,13.4,Mortgage,Undergraduate,No,0,Urban,0.337,1
L01927,Female,33,Middle-aged,Caucasian,46000.0,7000.0,612,236800.0,360,14.3,Mortgage,Graduate,No,0,Urban,0.321,1
L01928,Male,36,Middle-aged,Caucasian,46200.0,0.0,591,190800.0,360,11.5,Mortgage,Graduate,No,2,Semiurban,0.297,1
L01929,Female,33,Middle-aged,African American,32100.0,0.0,715,153500.0,360,9.7,Mortgage,Graduate,No,0,Semiurban,0.344,1
L01930,Male,43,Middle-aged,Caucasian,26700.0,0.0,619,81600.0,360,14.2,Rent,Undergraduate,No,1,Semiurban,0.22,0
L01931,Female,45,Middle-aged,Caucasian,54400.0,0.0,679,246500.0,360,14.5,Rent,Graduate,No,0,Semiurban,0.326,1
L01932,Female,30,Middle-aged,Caucasian,44800.0,33600.0,620,221400.0,120,4.1,Mortgage,Undergraduate,No,0,Urban,0.376,1
L01933,Female,56,Senior,Caucasian,62200.0,0.0,642,224500.0,360,23.8,Rent,Graduate,No,0,Semiurban,0.26,1
L01934,Female,29,Young,Caucasian,41700.0,54400.0,598,226700.0,360,7.8,Own,Graduate,No,0,Rural,0.17,1
L01935,Female,21,Young,Caucasian,20800.0,0.0,658,71400.0,360,2.8,Own,Undergraduate,No,2,Rural,0.247,0
L01936,Female,45,Middle-aged,Caucasian,36100.0,0.0,684,188900.0,360,7.0,Mortgage,Graduate,No,0,Semiurban,0.376,1
L01937,Male,31,Middle-aged,Caucasian,45300.0,0.0,722,178200.0,120,7.8,Rent,Graduate,No,0,Semiurban,0.524,1
L01938,Female,44,Middle-aged,Caucasian,56100.0,12900.0,647,320400.0,360,6.1,Mortgage,Graduate,No,1,Rural,0.334,0
L01939,Male,18,Young,African American,20000.0,0.0,513,67300.0,180,8.8,Mortgage,Graduate,No,0,Urban,0.341,0
L01940,Male,57,Senior,Caucasian,49800.0,13800.0,621,197700.0,360,6.7,Own,Graduate,No,1,Semiurban,0.224,1
L01941,Male,49,Middle-aged,African American,48200.0,0.0,563,205100.0,360,16.6,Rent,Graduate,No,0,Rural,0.306,0
L01942,Male,22,Young,African American,30100.0,0.0,626,114000.0,360,2.4,Rent,Graduate,No,0,Semiurban,0.272,0
L01943,Female,23,Young,Caucasian,42900.0,0.0,556,190900.0,180,1.6,Mortgage,Graduate,No,0,Semiurban,0.451,0
L01944,Female,61,Senior,Hispanic,28600.0,27500.0,454,170900.0,360,16.2,Rent,Graduate,No,0,Semiurban,0.219,0
L01945,Female,32,Middle-aged,Caucasian,31100.0,0.0,743,150100.0,360,3.5,Own,Undergraduate,No,3+,Semiurban,0.347,1
L01946,Male,30,Middle-aged,African American,33300.0,0.0,560,132200.0,360,11.1,Mortgage,Graduate,No,0,Rural,0.286,0
L01947,Male,18,Young,Hispanic,33200.0,0.0,541,142400.0,180,1.8,Own,Graduate,No,0,Semiurban,0.434,0
L01948,Male,36,Middle-aged,Hispanic,58000.0,46000.0,723,307200.0,360,16.3,Mortgage,Graduate,No,0,Urban,0.213,1
L01949,Male,38,Middle-aged,Caucasian,36500.0,22000.0,536,221100.0,360,4.2,Mortgage,Graduate,No,1,Semiurban,0.272,0
L01950,Male,49,Middle-aged,Caucasian,34200.0,11900.0,692,181400.0,360,5.0,Mortgage,Graduate,No,0,Semiurban,0.283,1
L01951,Male,24,Young,Caucasian,99400.0,0.0,603,387000.0,180,14.7,Rent,Graduate,No,2,Semiurban,0.394,1
L01952,Male,22,Young,African American,57600.0,19800.0,522,246800.0,360,1.5,Mortgage,Graduate,Yes,0,Urban,0.229,0
L01953,Female,46,Middle-aged,African American,20000.0,13200.0,710,118500.0,360,18.6,Mortgage,Graduate,Yes,0,Urban,0.257,1
L01954,Female,53,Middle-aged,Caucasian,30700.0,0.0,682,157200.0,360,13.9,Mortgage,Undergraduate,No,3+,Urban,0.368,1
L01955,Female,22,Young,Caucasian,45900.0,0.0,647,151400.0,360,1.0,Rent,Graduate,No,0,Urban,0.237,1
L01956,Female,53,Middle-aged,African American,36300.0,0.0,653,174200.0,360,8.2,Rent,Graduate,No,1,Semiurban,0.345,1
L01957,Female,41,Middle-aged,Caucasian,23000.0,0.0,638,97100.0,360,3.8,Mortgage,Graduate,No,0,Semiurban,0.304,0
L01958,Male,54,Middle-aged,Hispanic,70100.0,15800.0,586,328400.0,120,7.4,Rent,Graduate,No,0,Rural,0.509,0
L01959,Female,40,Middle-aged,Asian,58000.0,18900.0,636,351600.0,180,5.5,Mortgage,Graduate,No,0,Rural,0.463,0
L01960,Female,18,Young,Caucasian,50500.0,13800.0,534,252500.0,180,4.6,Mortgage,Graduate,No,0,Rural,0.398,1
L01961,Male,39,Middle-aged,African American,67500.0,0.0,552,328600.0,120,21.8,Mortgage,Graduate,No,0,Rural,0.649,0
L01962,Male,53,Middle-aged,Caucasian,58700.0,0.0,674,244000.0,360,6.2,Mortgage,Graduate,No,2,Semiurban,0.299,1
L01963,Female,30,Middle-aged,Caucasian,49900.0,0.0,677,177800.0,180,3.8,Mortgage,Graduate,No,3+,Urban,0.361,0
L01964,Male,36,Middle-aged,Hispanic,82300.0,0.0,619,375500.0,360,7.1,Rent,Graduate,No,0,Semiurban,0.328,1
L01965,Female,38,Middle-aged,Hispanic,57100.0,14900.0,612,330300.0,360,3.9,Mortgage,Graduate,No,0,Urban,0.33,1
L01966,Female,18,Young,Caucasian,29800.0,0.0,505,145800.0,360,6.2,Rent,Graduate,No,1,Semiurban,0.352,0
L01967,Male,61,Senior,Caucasian,63200.0,22900.0,665,259900.0,360,9.0,Rent,Graduate,Yes,0,Urban,0.217,1
L01968,Male,30,Middle-aged,Caucasian,37600.0,24500.0,643,188100.0,180,16.7,Mortgage,Graduate,No,1,Urban,0.307,1
L01969,Male,47,Middle-aged,Caucasian,60000.0,10800.0,688,273800.0,360,9.3,Mortgage,Graduate,No,1,Semiurban,0.278,1
L01970,Male,39,Middle-aged,Caucasian,59300.0,0.0,661,254200.0,360,5.4,Mortgage,Undergraduate,No,2,Urban,0.308,1
L01971,Male,56,Senior,Caucasian,28200.0,26900.0,592,146200.0,360,12.1,Mortgage,Graduate,No,0,Semiurban,0.191,1
L01972,Female,45,Middle-aged,Caucasian,39700.0,18200.0,583,173800.0,360,13.2,Rent,Undergraduate,No,0,Rural,0.216,1
L01973,Male,38,Middle-aged,Caucasian,54500.0,31600.0,671,335900.0,360,11.1,Own,Graduate,No,2,Urban,0.281,1
L01974,Male,30,Middle-aged,Caucasian,41200.0,32500.0,649,271800.0,360,3.3,Mortgage,Graduate,No,0,Urban,0.265,1
L01975,Male,50,Middle-aged,Hispanic,50000.0,16800.0,627,288200.0,360,7.5,Mortgage,Graduate,No,3+,Urban,0.31,1
L01976,Female,18,Young,African American,44000.0,0.0,559,224400.0,360,3.0,Rent,Graduate,No,0,Semiurban,0.367,0
L01977,Male,48,Middle-aged,Caucasian,48400.0,29900.0,703,237700.0,180,7.0,Mortgage,Graduate,No,0,Urban,0.307,1
L01978,Male,27,Young,Caucasian,53600.0,14500.0,584,302600.0,180,3.2,Rent,Graduate,Yes,1,Rural,0.45,0
L01979,Female,56,Senior,Caucasian,72500.0,42700.0,709,428600.0,360,12.7,Mortgage,Graduate,No,0,Semiurban,0.268,1
L01980,Female,42,Middle-aged,Caucasian,50400.0,14800.0,618,300500.0,360,3.7,Rent,Graduate,No,0,Urban,0.332,1
L01981,Male,48,Middle-aged,Caucasian,53100.0,0.0,574,191800.0,360,6.2,Rent,Undergraduate,No,3+,Urban,0.26,0
L01982,Female,41,Middle-aged,Asian,28400.0,0.0,703,102400.0,180,4.2,Rent,Graduate,No,0,Semiurban,0.365,0
L01983,Male,19,Young,African American,51300.0,0.0,599,235200.0,360,0.8,Mortgage,Graduate,No,0,Rural,0.33,0
L01984,Male,30,Middle-aged,African American,44800.0,0.0,561,228000.0,180,3.4,Own,Undergraduate,No,0,Semiurban,0.515,0
L01985,Male,49,Middle-aged,Caucasian,81900.0,0.0,578,397600.0,360,11.8,Rent,Graduate,No,1,Urban,0.349,1
L01986,Male,42,Middle-aged,Hispanic,45000.0,0.0,544,208600.0,120,21.0,Rent,Graduate,No,0,Semiurban,0.618,0
L01987,Female,55,Middle-aged,Hispanic,20000.0,0.0,599,77400.0,120,9.2,Mortgage,Graduate,No,0,Rural,0.516,0
L01988,Male,45,Middle-aged,Caucasian,24800.0,26300.0,725,179200.0,360,6.1,Mortgage,Graduate,No,0,Semiurban,0.252,1
L01989,Male,29,Young,Caucasian,65800.0,0.0,584,316000.0,360,10.5,Own,Graduate,No,2,Semiurban,0.346,0
L01990,Female,31,Middle-aged,Caucasian,33200.0,0.0,682,155900.0,180,2.3,Rent,Graduate,No,2,Semiurban,0.476,0
L01991,Female,42,Middle-aged,Caucasian,49600.0,0.0,617,224300.0,360,4.1,Own,Graduate,No,3+,Semiurban,0.325,1
L01992,Male,18,Young,African American,41100.0,0.0,512,127700.0,180,2.1,Rent,Graduate,No,2,Rural,0.315,0
L01993,Female,61,Senior,Caucasian,39000.0,0.0,617,174900.0,360,9.4,Rent,Graduate,No,2,Semiurban,0.323,0
L01994,Male,46,Middle-aged,Caucasian,47200.0,0.0,552,192400.0,360,12.2,Mortgage,Graduate,No,2,Rural,0.293,1
L01995,Female,55,Middle-aged,Caucasian,29500.0,20100.0,577,207700.0,360,18.5,Rent,Graduate,No,0,Semiurban,0.301,1
L01996,Female,22,Young,Caucasian,41400.0,0.0,535,180800.0,360,4.4,Rent,Graduate,No,0,Rural,0.314,0
L01997,Female,55,Middle-aged,Hispanic,29100.0,13200.0,514,157900.0,120,9.0,Mortgage,Graduate,No,1,Semiurban,0.497,0
L01998,Male,67,Senior,Caucasian,42200.0,34600.0,748,317600.0,180,8.5,Rent,Graduate,No,3+,Semiurban,0.419,1
L01999,Male,25,Young,African American,34500.0,16200.0,600,138500.0,360,4.0,Rent,Undergraduate,No,1,Rural,0.197,0
L02000,Male,50,Middle-aged,Caucasian,44800.0,0.0,592,162300.0,360,17.7,Rent,Graduate,No,0,Urban,0.261,1
L02001,Male,41,Middle-aged,Caucasian,70900.0,0.0,654,317400.0,360,5.9,Mortgage,Graduate,No,3+,Urban,0.322,1
L02002,Male,22,Young,Caucasian,46500.0,0.0,543,172500.0,180,1.8,Mortgage,Graduate,No,2,Urban,0.376,0
L02003,Female,46,Middle-aged,African American,48000.0,0.0,470,181400.0,360,6.3,Rent,Graduate,No,1,Urban,0.272,0
L02004,Male,51,Middle-aged,Caucasian,90700.0,0.0,849,454300.0,360,8.6,Mortgage,Graduate,No,2,Rural,0.36,1
L02005,Male,33,Middle-aged,Caucasian,69000.0,9400.0,639,318500.0,120,6.8,Mortgage,Undergraduate,No,1,Urban,0.541,0
L02006,Female,54,Middle-aged,Caucasian,51600.0,0.0,609,166700.0,360,8.2,Rent,Graduate,No,0,Urban,0.232,1
L02007,Male,20,Young,Caucasian,55900.0,0.0,481,206800.0,360,7.4,Own,Graduate,No,0,Semiurban,0.266,1
L02008,Female,23,Young,Hispanic,52000.0,0.0,509,164900.0,360,5.1,Own,Graduate,No,3+,Semiurban,0.228,0
L02009,Male,42,Middle-aged,Caucasian,50800.0,5200.0,725,227800.0,360,9.1,Rent,Graduate,No,0,Rural,0.293,1
L02010,Male,41,Middle-aged,Caucasian,72700.0,14200.0,732,272100.0,360,13.4,Own,Graduate,No,2,Semiurban,0.225,1
L02011,Male,32,Middle-aged,Caucasian,62700.0,0.0,666,309000.0,120,12.1,Mortgage,Graduate,Yes,0,Semiurban,0.657,1
L02012,Male,50,Middle-aged,Hispanic,38200.0,0.0,561,164200.0,360,5.9,Rent,Undergraduate,No,3+,Semiurban,0.309,0
L02013,Female,47,Middle-aged,Caucasian,59600.0,0.0,731,186800.0,360,9.2,Rent,Graduate,No,1,Rural,0.225,1
L02014,Male,51,Middle-aged,African American,40700.0,43800.0,659,235500.0,360,11.3,Mortgage,Undergraduate,No,1,Urban,0.201,1
L02015,Male,39,Middle-aged,Hispanic,42300.0,41300.0,654,282200.0,360,3.9,Rent,Graduate,Yes,0,Semiurban,0.243,1
L02016,Male,48,Middle-aged,Caucasian,40500.0,15400.0,654,182900.0,360,13.8,Mortgage,Graduate,No,0,Rural,0.235,1
L02017,Male,35,Middle-aged,Caucasian,52400.0,0.0,527,217700.0,360,3.5,Mortgage,Graduate,No,2,Urban,0.299,1
L02018,Female,65,Senior,Caucasian,62100.0,18300.0,598,362600.0,360,15.1,Mortgage,Graduate,No,0,Rural,0.324,1
L02019,Male,31,Middle-aged,Asian,70000.0,17500.0,594,300500.0,360,2.8,Mortgage,Undergraduate,No,1,Semiurban,0.247,1
L02020,Female,66,Senior,Caucasian,48000.0,11300.0,699,202900.0,180,14.0,Rent,Undergraduate,No,1,Urban,0.346,1
L02021,Female,41,Middle-aged,Caucasian,53000.0,0.0,544,256800.0,360,4.3,Mortgage,Graduate,Yes,2,Semiurban,0.349,0
L02022,Female,24,Young,African American,53000.0,0.0,590,197000.0,360,3.3,Own,Graduate,Yes,0,Rural,0.267,1
L02023,Female,57,Senior,Caucasian,39200.0,0.0,629,124500.0,180,6.6,Mortgage,Undergraduate,No,0,Urban,0.322,1
L02024,Male,42,Middle-aged,Caucasian,31400.0,0.0,658,107000.0,180,5.2,Mortgage,Graduate,No,1,Semiurban,0.345,1
L02025,Male,51,Middle-aged,Caucasian,82500.0,13700.0,705,461100.0,360,25.8,Rent,Graduate,Yes,0,Semiurban,0.345,1
L02026,Male,55,Middle-aged,Caucasian,39700.0,36000.0,576,300400.0,360,6.1,Mortgage,Undergraduate,No,1,Rural,0.286,0
L02027,Female,45,Middle-aged,Caucasian,31600.0,0.0,702,110800.0,360,6.7,Own,Graduate,No,0,Semiurban,0.252,1
L02028,Female,33,Middle-aged,Caucasian,20300.0,0.0,518,86200.0,360,7.9,Mortgage,Graduate,No,0,Semiurban,0.306,0
L02029,Male,52,Middle-aged,Hispanic,55400.0,0.0,710,183300.0,120,5.6,Mortgage,Graduate,No,0,Rural,0.441,1
L02030,Female,41,Middle-aged,Caucasian,21800.0,28300.0,568,166700.0,360,4.0,Mortgage,Graduate,Yes,0,Urban,0.239,0
L02031,Male,49,Middle-aged,Hispanic,32700.0,0.0,632,111700.0,360,5.4,Own,Graduate,No,2,Rural,0.246,1
L02032,Female,18,Young,African American,40300.0,0.0,595,125400.0,360,5.2,Rent,Graduate,No,0,Semiurban,0.224,0
L02033,Male,46,Middle-aged,Caucasian,65400.0,0.0,656,317600.0,360,16.2,Rent,Graduate,No,0,Urban,0.349,1
L02034,Female,33,Middle-aged,African American,24600.0,0.0,632,91800.0,180,11.0,Rent,Undergraduate,Yes,0,Urban,0.378,1
L02035,Female,60,Senior,Caucasian,39500.0,25200.0,668,171700.0,360,26.7,Rent,Graduate,No,1,Urban,0.191,1
L02036,Male,48,Middle-aged,Hispanic,31100.0,11300.0,666,181000.0,120,8.8,Mortgage,Undergraduate,Yes,2,Rural,0.569,1
L02037,Male,43,Middle-aged,Hispanic,35400.0,0.0,643,166900.0,180,20.0,Rent,Graduate,No,0,Semiurban,0.477,0
L02038,Male,46,Middle-aged,Caucasian,54500.0,23200.0,559,303500.0,360,6.0,Mortgage,Graduate,No,0,Urban,0.281,0
L02039,Male,29,Young,Caucasian,40100.0,0.0,614,202500.0,180,4.4,Own,Graduate,No,3+,Rural,0.511,0
L02040,Male,60,Senior,Caucasian,44500.0,7000.0,614,197800.0,360,8.8,Mortgage,Graduate,No,0,Rural,0.276,1
L02041,Female,64,Senior,Caucasian,23200.0,0.0,571,76300.0,180,7.1,Own,Graduate,No,0,Urban,0.333,1
L02042,Female,45,Middle-aged,Caucasian,65600.0,0.0,625,205900.0,360,12.9,Own,Graduate,Yes,0,Semiurban,0.226,1
L02043,Male,60,Senior,Caucasian,60100.0,0.0,672,223400.0,120,6.4,Own,Graduate,No,0,Urban,0.495,1
L02044,Male,34,Middle-aged,African American,53900.0,0.0,632,172200.0,360,8.9,Rent,Graduate,No,2,Semiurban,0.23,1
L02045,Female,31,Middle-aged,Caucasian,69800.0,0.0,688,293500.0,120,4.6,Rent,Graduate,No,0,Semiurban,0.56,0
L02046,Female,41,Middle-aged,Asian,30000.0,33600.0,686,145300.0,360,3.5,Mortgage,Undergraduate,Yes,0,Semiurban,0.164,1
L02047,Male,46,Middle-aged,Asian,42500.0,25100.0,646,223500.0,360,5.9,Mortgage,Graduate,No,0,Semiurban,0.238,1
L02048,Female,36,Middle-aged,Caucasian,20000.0,0.0,624,68000.0,360,4.8,Own,Undergraduate,No,0,Rural,0.245,1
L02049,Male,47,Middle-aged,Hispanic,154900.0,11200.0,723,615900.0,360,21.1,Mortgage,Graduate,No,1,Semiurban,0.267,1
L02050,Male,44,Middle-aged,Caucasian,46200.0,0.0,671,208800.0,180,9.3,Mortgage,Graduate,Yes,0,Semiurban,0.458,1
L02051,Male,29,Young,Caucasian,74300.0,49400.0,655,381400.0,360,5.6,Rent,Undergraduate,Yes,3+,Semiurban,0.222,1
L02052,Male,47,Middle-aged,African American,23900.0,0.0,609,90100.0,180,5.0,Own,Graduate,No,1,Urban,0.382,0
L02053,Male,51,Middle-aged,Caucasian,73000.0,9000.0,787,406800.0,360,7.4,Mortgage,Graduate,No,1,Rural,0.357,1
L02054,Female,43,Middle-aged,Caucasian,87600.0,0.0,624,404500.0,360,3.9,Rent,Graduate,Yes,0,Rural,0.332,1
L02055,Female,54,Middle-aged,Hispanic,35900.0,0.0,719,149200.0,180,12.6,Own,Graduate,No,0,Semiurban,0.421,1
L02056,Female,26,Young,Hispanic,24500.0,0.0,500,105400.0,360,2.1,Mortgage,Graduate,Yes,1,Urban,0.31,0
L02057,Male,46,Middle-aged,African American,37100.0,0.0,670,163100.0,360,8.7,Mortgage,Graduate,No,0,Rural,0.316,1
L02058,Male,26,Young,Asian,20100.0,28700.0,664,108200.0,120,7.2,Own,Graduate,Yes,1,Semiurban,0.295,1
L02059,Female,27,Young,Caucasian,41000.0,0.0,481,130400.0,360,3.6,Rent,Graduate,No,0,Semiurban,0.229,0
L02060,Male,33,Middle-aged,Caucasian,68100.0,0.0,635,303800.0,360,7.3,Rent,Graduate,No,0,Semiurban,0.321,1
L02061,Male,29,Young,African American,38700.0,0.0,640,147800.0,360,8.9,Mortgage,Undergraduate,No,1,Rural,0.275,0
L02062,Male,34,Middle-aged,Caucasian,43800.0,0.0,624,136900.0,360,3.4,Mortgage,Graduate,No,1,Urban,0.225,1
L02063,Female,38,Middle-aged,Caucasian,51500.0,29100.0,643,245900.0,180,7.6,Rent,Graduate,No,1,Urban,0.309,1
L02064,Male,51,Middle-aged,Caucasian,62400.0,0.0,657,205500.0,360,11.6,Own,Graduate,No,1,Rural,0.237,1
L02065,Male,37,Middle-aged,African American,20200.0,11900.0,529,134400.0,360,5.1,Own,Undergraduate,No,0,Urban,0.301,0
L02066,Female,21,Young,Caucasian,43200.0,0.0,731,149300.0,360,1.3,Rent,Undergraduate,No,2,Rural,0.249,1
L02067,Male,54,Middle-aged,African American,103900.0,21600.0,656,383600.0,360,7.1,Rent,Graduate,Yes,0,Urban,0.22,1
L02068,Male,30,Middle-aged,Caucasian,28700.0,9700.0,617,149300.0,360,15.3,Rent,Graduate,No,0,Rural,0.28,1
L02069,Male,40,Middle-aged,Caucasian,47400.0,5300.0,582,209700.0,180,5.5,Mortgage,Undergraduate,No,0,Rural,0.403,0
L02070,Male,46,Middle-aged,Caucasian,106600.0,12900.0,540,487500.0,360,4.8,Mortgage,Graduate,No,1,Semiurban,0.294,1
L02071,Female,43,Middle-aged,Caucasian,64800.0,0.0,583,258000.0,360,4.2,Rent,Graduate,No,0,Semiurban,0.286,1
L02072,Male,54,Middle-aged,Hispanic,35900.0,16200.0,545,180400.0,180,6.4,Mortgage,Undergraduate,No,0,Urban,0.351,0
L02073,Male,46,Middle-aged,Caucasian,53200.0,30400.0,700,329900.0,360,4.9,Mortgage,Graduate,No,0,Urban,0.284,1
L02074,Female,30,Middle-aged,Caucasian,41600.0,22800.0,564,187900.0,120,5.2,Mortgage,Undergraduate,No,1,Rural,0.389,0
L02075,Female,67,Senior,Caucasian,30900.0,23100.0,617,168200.0,360,9.5,Own,Graduate,Yes,1,Rural,0.224,1
L02076,Female,43,Middle-aged,Caucasian,40400.0,13300.0,555,244800.0,360,13.0,Mortgage,Undergraduate,Yes,1,Urban,0.328,1
L02077,Male,39,Middle-aged,Caucasian,43800.0,0.0,622,150100.0,120,13.8,Mortgage,Graduate,No,3+,Rural,0.457,1
L02078,Male,52,Middle-aged,Caucasian,51300.0,0.0,599,187800.0,120,8.3,Own,Graduate,No,2,Semiurban,0.488,0
L02079,Female,43,Middle-aged,Hispanic,27300.0,0.0,668,93700.0,360,14.7,Own,Undergraduate,No,0,Semiurban,0.247,1
L02080,Female,45,Middle-aged,African American,20000.0,16900.0,624,88400.0,360,7.0,Mortgage,Graduate,No,2,Urban,0.172,1
L02081,Male,70,Senior,Caucasian,48200.0,0.0,632,173900.0,120,12.9,Own,Undergraduate,No,1,Semiurban,0.481,1
L02082,Male,37,Middle-aged,Caucasian,97300.0,0.0,707,302100.0,360,3.7,Own,Undergraduate,No,0,Semiurban,0.223,1
L02083,Male,37,Middle-aged,Caucasian,50700.0,0.0,619,169700.0,360,3.1,Own,Graduate,No,0,Semiurban,0.241,1
L02084,Female,42,Middle-aged,Caucasian,36500.0,0.0,616,139300.0,180,4.5,Mortgage,Graduate,Yes,2,Semiurban,0.386,1
L02085,Male,53,Middle-aged,African American,53000.0,13800.0,557,183900.0,360,6.7,Mortgage,Graduate,No,0,Semiurban,0.198,1
L02086,Male,22,Young,Hispanic,41400.0,11900.0,584,224100.0,360,7.6,Mortgage,Graduate,No,1,Urban,0.302,1
L02087,Male,18,Young,Caucasian,103500.0,0.0,652,495800.0,180,1.0,Mortgage,Graduate,No,0,Urban,0.485,1
L02088,Female,33,Middle-aged,Asian,41600.0,0.0,685,163300.0,360,3.0,Own,Graduate,No,3+,Urban,0.282,1
L02089,Female,21,Young,Caucasian,55100.0,0.0,553,287400.0,180,13.6,Rent,Undergraduate,No,1,Rural,0.528,0
L02090,Male,35,Middle-aged,Caucasian,36200.0,0.0,741,163900.0,360,8.4,Mortgage,Undergraduate,No,3+,Rural,0.326,1
L02091,Female,47,Middle-aged,Caucasian,51000.0,0.0,667,238300.0,360,7.6,Rent,Graduate,No,0,Rural,0.336,1
L02092,Female,30,Middle-aged,Caucasian,46500.0,0.0,514,159600.0,360,2.3,Rent,Undergraduate,No,1,Urban,0.247,0
L02093,Male,23,Young,Hispanic,43100.0,0.0,541,210500.0,120,10.3,Mortgage,Undergraduate,No,1,Rural,0.651,0
L02094,Male,41,Middle-aged,Caucasian,40100.0,0.0,701,205600.0,120,4.0,Mortgage,Graduate,No,0,Urban,0.683,0
L02095,Male,51,Middle-aged,Caucasian,38000.0,16400.0,704,165100.0,180,9.7,Mortgage,Graduate,No,0,Semiurban,0.307,1
L02096,Female,20,Young,Hispanic,41200.0,0.0,587,187200.0,360,5.8,Mortgage,Graduate,Yes,0,Semiurban,0.327,0
L02097,Female,50,Middle-aged,Hispanic,47300.0,0.0,644,221400.0,360,7.4,Rent,Graduate,No,3+,Urban,0.337,0
L02098,Female,50,Middle-aged,Asian,39600.0,0.0,559,146000.0,120,16.9,Rent,Graduate,No,0,Semiurban,0.491,1
L02099,Female,52,Middle-aged,Hispanic,41200.0,22900.0,713,217300.0,360,5.4,Mortgage,Graduate,No,0,Urban,0.244,1
L02100,Male,55,Middle-aged,Caucasian,48300.0,0.0,584,155500.0,180,14.1,Own,Graduate,No,1,Semiurban,0.326,1
L02101,Female,67,Senior,Asian,43300.0,0.0,708,146800.0,180,11.4,Mortgage,Graduate,No,1,Semiurban,0.343,1
L02102,Male,36,Middle-aged,African American,36200.0,0.0,687,113600.0,180,7.4,Own,Undergraduate,No,0,Semiurban,0.318,1
L02103,Male,42,Middle-aged,Hispanic,44400.0,16500.0,624,226700.0,360,25.2,Mortgage,Graduate,No,3+,Semiurban,0.268,1
L02104,Female,36,Middle-aged,Asian,122600.0,18700.0,733,584200.0,120,7.1,Mortgage,Graduate,No,2,Semiurban,0.551,1
L02105,Female,41,Middle-aged,Caucasian,47200.0,31200.0,733,323100.0,360,11.4,Mortgage,Graduate,No,0,Rural,0.297,1
L02106,Male,59,Senior,Asian,63500.0,0.0,678,268000.0,120,7.0,Rent,Undergraduate,No,1,Rural,0.562,0
L02107,Female,24,Young,Caucasian,49600.0,17100.0,588,210600.0,360,9.2,Rent,Graduate,No,1,Rural,0.227,1
L02108,Female,30,Middle-aged,Caucasian,37500.0,11300.0,593,136400.0,360,9.0,Mortgage,Graduate,No,0,Semiurban,0.201,1
L02109,Male,57,Senior,Caucasian,82300.0,0.0,629,410800.0,120,23.1,Own,Graduate,No,2,Rural,0.665,1
L02110,Female,53,Middle-aged,Hispanic,32700.0,29200.0,582,196800.0,360,19.0,Own,Graduate,No,2,Semiurban,0.229,1
L02111,Male,36,Middle-aged,Caucasian,74800.0,0.0,663,348500.0,360,3.9,Rent,Undergraduate,No,2,Urban,0.335,1
L02112,Male,51,Middle-aged,Caucasian,42900.0,0.0,623,130100.0,180,8.1,Mortgage,Graduate,No,0,Urban,0.307,1
L02113,Male,45,Middle-aged,Caucasian,33400.0,25200.0,636,192000.0,360,16.2,Own,Undergraduate,No,0,Semiurban,0.236,1
L02114,Female,59,Senior,Hispanic,42600.0,26000.0,556,210800.0,360,11.3,Rent,Graduate,No,0,Rural,0.221,0
L02115,Female,41,Middle-aged,Caucasian,26800.0,0.0,600,82200.0,360,6.6,Mortgage,Graduate,No,0,Rural,0.221,1
L02116,Male,53,Middle-aged,Asian,60700.0,0.0,712,288000.0,360,5.8,Mortgage,Graduate,No,3+,Rural,0.341,1
L02117,Male,72,Senior,Hispanic,27400.0,30100.0,585,180500.0,360,10.3,Rent,Graduate,No,2,Semiurban,0.226,0
L02118,Female,48,Middle-aged,Caucasian,36700.0,0.0,625,137600.0,360,10.0,Own,Undergraduate,No,0,Urban,0.27,0
L02119,Male,41,Middle-aged,Caucasian,27600.0,0.0,495,132800.0,180,11.0,Rent,Graduate,No,1,Semiurban,0.487,0
L02120,Female,49,Middle-aged,African American,98600.0,0.0,597,394900.0,360,7.6,Rent,Undergraduate,Yes,0,Semiurban,0.288,0
L02121,Female,36,Middle-aged,Hispanic,20000.0,27700.0,641,104600.0,360,3.0,Own,Graduate,No,0,Urban,0.158,1
L02122,Male,69,Senior,Asian,49200.0,22300.0,647,313100.0,360,12.7,Rent,Graduate,No,0,Rural,0.315,1
L02123,Female,43,Middle-aged,Caucasian,65800.0,0.0,749,235300.0,120,16.5,Mortgage,Graduate,No,0,Urban,0.476,1
L02124,Male,37,Middle-aged,Hispanic,66800.0,0.0,657,325200.0,360,6.3,Rent,Graduate,No,0,Semiurban,0.35,1
L02125,Female,30,Middle-aged,Caucasian,58600.0,0.0,646,283400.0,360,15.0,Mortgage,Graduate,No,0,Semiurban,0.348,1
L02126,Female,54,Middle-aged,Caucasian,36700.0,0.0,568,123500.0,360,7.6,Rent,Undergraduate,No,1,Semiurban,0.242,1
L02127,Female,51,Middle-aged,Asian,71500.0,72800.0,633,448600.0,360,15.8,Mortgage,Graduate,No,0,Semiurban,0.224,1
L02128,Male,35,Middle-aged,Caucasian,70600.0,0.0,588,218200.0,360,10.3,Mortgage,Graduate,No,0,Urban,0.222,1
L02129,Female,47,Middle-aged,Asian,45400.0,0.0,565,172400.0,360,20.7,Rent,Undergraduate,No,2,Urban,0.273,1
L02130,Male,22,Young,Caucasian,54000.0,11600.0,639,279500.0,360,8.4,Mortgage,Graduate,No,0,Urban,0.307,1
L02131,Male,43,Middle-aged,Hispanic,39100.0,0.0,670,138200.0,360,5.7,Mortgage,Graduate,No,2,Urban,0.254,1
L02132,Male,46,Middle-aged,Caucasian,34100.0,0.0,643,111300.0,360,15.7,Mortgage,Undergraduate,No,0,Rural,0.235,1
L02133,Female,61,Senior,Caucasian,68300.0,0.0,619,282800.0,120,12.0,Mortgage,Graduate,No,0,Semiurban,0.552,0
L02134,Male,31,Middle-aged,Asian,82900.0,16400.0,655,385700.0,360,2.8,Mortgage,Undergraduate,No,0,Urban,0.279,1
L02135,Female,25,Young,Caucasian,29300.0,0.0,469,132500.0,180,1.3,Rent,Graduate,No,1,Rural,0.458,0
L02136,Female,30,Middle-aged,Caucasian,39200.0,0.0,678,184600.0,360,4.1,Mortgage,Graduate,No,1,Semiurban,0.339,1
L02137,Male,24,Young,Hispanic,41700.0,0.0,514,190400.0,360,8.6,Mortgage,Undergraduate,No,0,Urban,0.329,0
L02138,Female,57,Senior,Caucasian,41100.0,35700.0,574,294800.0,360,10.7,Rent,Undergraduate,No,0,Rural,0.276,0
L02139,Male,59,Senior,Hispanic,45300.0,0.0,654,158600.0,360,9.9,Mortgage,Graduate,No,1,Semiurban,0.252,1
L02140,Female,44,Middle-aged,Caucasian,60900.0,23700.0,649,314900.0,360,3.9,Rent,Graduate,No,0,Semiurban,0.268,1
L02141,Female,55,Middle-aged,Caucasian,30900.0,32200.0,625,183200.0,180,8.4,Own,Graduate,No,0,Semiurban,0.294,1
L02142,Male,42,Middle-aged,Asian,34900.0,24000.0,547,246400.0,360,4.5,Own,Undergraduate,No,0,Urban,0.301,0
L02143,Female,39,Middle-aged,African American,52300.0,0.0,691,208700.0,120,6.2,Mortgage,Undergraduate,No,0,Rural,0.532,0
L02144,Male,37,Middle-aged,Caucasian,40700.0,0.0,509,210000.0,360,26.9,Own,Graduate,No,0,Urban,0.371,1
L02145,Male,37,Middle-aged,Caucasian,29600.0,0.0,513,140000.0,360,13.4,Mortgage,Undergraduate,No,1,Semiurban,0.34,0
L02146,Female,22,Young,Asian,34300.0,0.0,577,158300.0,180,2.5,Mortgage,Graduate,No,0,Rural,0.467,0
L02147,Male,44,Middle-aged,Caucasian,43000.0,43800.0,547,272500.0,360,8.4,Mortgage,Graduate,No,1,Semiurban,0.226,1
L02148,Male,40,Middle-aged,Caucasian,91300.0,0.0,729,365000.0,120,6.8,Mortgage,Graduate,No,2,Semiurban,0.533,1
L02149,Male,49,Middle-aged,Caucasian,71000.0,0.0,582,297100.0,180,5.3,Rent,Graduate,No,3+,Rural,0.424,1
L02150,Female,42,Middle-aged,Caucasian,65900.0,0.0,732,241200.0,360,26.5,Mortgage,Undergraduate,No,0,Rural,0.263,1
L02151,Male,39,Middle-aged,Caucasian,68000.0,13300.0,698,378100.0,360,5.9,Mortgage,Graduate,No,1,Rural,0.335,1
L02152,Male,30,Middle-aged,Caucasian,71600.0,0.0,699,342800.0,180,5.3,Mortgage,Undergraduate,No,1,Semiurban,0.485,1
L02153,Female,41,Middle-aged,Caucasian,31600.0,0.0,723,151800.0,360,8.7,Mortgage,Undergraduate,No,2,Semiurban,0.346,1
L02154,Female,49,Middle-aged,Caucasian,38500.0,0.0,632,153000.0,360,5.7,Own,Graduate,No,2,Semiurban,0.286,1
L02155,Male,27,Young,Caucasian,33000.0,43100.0,529,176900.0,360,2.6,Mortgage,Graduate,No,2,Semiurban,0.167,1
L02156,Male,42,Middle-aged,African American,36000.0,0.0,608,163300.0,360,4.7,Own,Graduate,No,1,Urban,0.326,0
L02157,Male,43,Middle-aged,Caucasian,64400.0,0.0,605,247500.0,180,6.2,Mortgage,Undergraduate,No,0,Rural,0.389,0
L02158,Male,32,Middle-aged,Hispanic,46600.0,0.0,565,231100.0,120,3.2,Mortgage,Undergraduate,No,0,Urban,0.661,0
L02159,Male,33,Middle-aged,African American,66300.0,39600.0,634,415700.0,360,15.3,Rent,Graduate,No,1,Urban,0.282,1
L02160,Female,43,Middle-aged,Caucasian,26400.0,0.0,589,87800.0,360,10.0,Mortgage,Undergraduate,No,0,Semiurban,0.239,0
L02161,Female,27,Young,African American,38900.0,12000.0,549,197200.0,360,12.8,Mortgage,Graduate,Yes,0,Urban,0.279,0
L02162,Female,45,Middle-aged,Caucasian,25300.0,30200.0,596,188700.0,180,13.5,Mortgage,Graduate,Yes,3+,Semiurban,0.344,0
L02163,Male,30,Middle-aged,Asian,50900.0,0.0,641,217800.0,180,7.9,Rent,Undergraduate,No,3+,Semiurban,0.433,0
L02164,Female,53,Middle-aged,Hispanic,49400.0,0.0,699,205300.0,360,6.6,Own,Graduate,No,0,Urban,0.299,1
L02165,Male,69,Senior,Caucasian,45000.0,0.0,566,158100.0,360,12.4,Mortgage,Undergraduate,No,2,Semiurban,0.253,0
L02166,Female,30,Middle-aged,African American,39700.0,0.0,581,140200.0,360,2.8,Own,Graduate,No,3+,Semiurban,0.254,1
L02167,Female,47,Middle-aged,Caucasian,28400.0,0.0,607,134300.0,360,5.1,Mortgage,Graduate,No,0,Semiurban,0.34,1
L02168,Male,32,Middle-aged,Caucasian,25200.0,0.0,520,76700.0,360,7.1,Mortgage,Graduate,Yes,0,Rural,0.219,0
L02169,Female,53,Middle-aged,Hispanic,45900.0,0.0,632,218100.0,360,10.1,Own,Graduate,No,3+,Semiurban,0.342,0
L02170,Male,25,Young,Caucasian,98500.0,0.0,648,412300.0,180,1.9,Mortgage,Graduate,No,0,Urban,0.424,0
L02171,Female,46,Middle-aged,Caucasian,28000.0,21600.0,645,201800.0,360,6.4,Rent,Graduate,No,2,Semiurban,0.293,1
L02172,Male,30,Middle-aged,Caucasian,79900.0,16300.0,636,464600.0,360,2.1,Rent,Undergraduate,No,0,Urban,0.347,0
L02173,Male,38,Middle-aged,African American,39900.0,0.0,559,179300.0,360,9.3,Rent,Graduate,No,1,Urban,0.323,0
L02174,Female,28,Young,Caucasian,24400.0,0.0,705,95800.0,360,23.4,Mortgage,Graduate,Yes,0,Rural,0.282,1
L02175,Male,50,Middle-aged,Hispanic,28100.0,8600.0,670,133000.0,360,11.5,Rent,Graduate,No,0,Semiurban,0.261,1
L02176,Female,30,Middle-aged,Caucasian,41900.0,13300.0,634,169500.0,360,11.1,Own,Graduate,No,2,Urban,0.221,1
L02177,Male,47,Middle-aged,Caucasian,41700.0,31400.0,687,188400.0,360,7.6,Mortgage,Undergraduate,No,0,Semiurban,0.185,1
L02178,Female,36,Middle-aged,African American,20000.0,0.0,607,86000.0,180,3.2,Mortgage,Graduate,No,1,Semiurban,0.435,1
L02179,Female,39,Middle-aged,Caucasian,21200.0,0.0,675,102000.0,180,9.6,Rent,Graduate,No,2,Urban,0.487,0
L02180,Male,42,Middle-aged,African American,27900.0,0.0,611,100100.0,360,5.1,Mortgage,Undergraduate,Yes,3+,Semiurban,0.258,1
L02181,Male,31,Middle-aged,Caucasian,53000.0,33100.0,612,278700.0,360,4.4,Own,Graduate,No,2,Urban,0.233,1
L02182,Male,43,Middle-aged,Caucasian,48900.0,0.0,664,207700.0,360,9.8,Rent,Graduate,No,0,Semiurban,0.306,1
L02183,Male,59,Senior,Caucasian,40100.0,0.0,738,202200.0,180,17.9,Own,Undergraduate,No,2,Semiurban,0.511,1
L02184,Male,31,Middle-aged,Hispanic,47800.0,0.0,698,158300.0,360,5.3,Mortgage,Graduate,No,0,Semiurban,0.238,1
L02185,Female,55,Middle-aged,Caucasian,63200.0,19800.0,691,260600.0,360,21.8,Mortgage,Graduate,No,0,Rural,0.226,1
L02186,Female,58,Senior,Asian,48800.0,0.0,680,247300.0,360,9.7,Mortgage,Undergraduate,No,0,Urban,0.365,1
L02187,Female,31,Middle-aged,Caucasian,39700.0,33100.0,643,177200.0,180,2.6,Rent,Graduate,No,0,Semiurban,0.246,1
L02188,Female,23,Young,Caucasian,60400.0,35300.0,664,354600.0,360,4.4,Mortgage,Graduate,No,0,Semiurban,0.267,1
L02189,Female,44,Middle-aged,Caucasian,28400.0,23800.0,689,182400.0,360,13.8,Mortgage,Undergraduate,No,0,Semiurban,0.251,1
L02190,Female,34,Middle-aged,Hispanic,33600.0,0.0,586,129800.0,360,6.3,Mortgage,Undergraduate,No,0,Semiurban,0.278,1
L02191,Male,63,Senior,African American,36200.0,15300.0,725,179800.0,360,13.6,Mortgage,Graduate,No,0,Urban,0.251,1
L02192,Female,41,Middle-aged,African American,20000.0,0.0,621,98500.0,360,7.4,Mortgage,Graduate,Yes,0,Semiurban,0.354,0
L02193,Female,31,Middle-aged,Caucasian,35200.0,0.0,636,118700.0,180,5.9,Own,Graduate,No,0,Urban,0.341,1
L02194,Female,27,Young,Caucasian,20000.0,27500.0,662,122100.0,360,3.0,Rent,Undergraduate,No,2,Urban,0.185,1
L02195,Male,54,Middle-aged,Caucasian,105300.0,0.0,733,437300.0,120,6.5,Own,Graduate,No,0,Rural,0.553,1
L02196,Male,34,Middle-aged,Hispanic,30300.0,0.0,653,118800.0,180,4.0,Rent,Graduate,No,1,Semiurban,0.397,1
L02197,Male,41,Middle-aged,Caucasian,92500.0,0.0,635,397000.0,120,6.4,Rent,Graduate,No,0,Semiurban,0.572,0
L02198,Female,52,Middle-aged,Caucasian,42300.0,0.0,724,214500.0,360,13.4,Mortgage,Graduate,No,0,Rural,0.365,1
L02199,Male,35,Middle-aged,Caucasian,61400.0,0.0,666,310900.0,360,11.4,Mortgage,Undergraduate,Yes,1,Semiurban,0.364,1
L02200,Male,40,Middle-aged,Caucasian,40300.0,0.0,622,141800.0,360,4.2,Mortgage,Graduate,No,0,Semiurban,0.253,1
L02201,Female,40,Middle-aged,Caucasian,45300.0,0.0,685,166700.0,360,7.3,Mortgage,Graduate,No,3+,Urban,0.265,1
L02202,Male,49,Middle-aged,Hispanic,57200.0,28100.0,797,242900.0,360,7.3,Rent,Graduate,No,3+,Urban,0.205,1
L02203,Male,48,Middle-aged,Caucasian,63900.0,0.0,575,325100.0,360,8.7,Mortgage,Graduate,No,3+,Semiurban,0.366,1
L02204,Male,38,Middle-aged,Hispanic,60100.0,0.0,579,234100.0,360,8.2,Rent,Graduate,No,0,Semiurban,0.28,1
L02205,Female,41,Middle-aged,Asian,36000.0,0.0,774,144400.0,360,5.1,Rent,Graduate,No,2,Semiurban,0.289,1
L02206,Female,36,Middle-aged,Caucasian,34400.0,30900.0,630,244500.0,360,15.3,Rent,Graduate,No,0,Urban,0.269,1
L02207,Male,23,Young,Caucasian,25900.0,34000.0,589,182900.0,120,14.5,Own,Undergraduate,No,1,Semiurban,0.407,0
L02208,Female,44,Middle-aged,Caucasian,51400.0,11100.0,623,187400.0,360,4.5,Mortgage,Graduate,No,3+,Rural,0.216,1
L02209,Male,63,Senior,Hispanic,68000.0,0.0,744,271000.0,180,12.8,Mortgage,Undergraduate,No,0,Rural,0.404,1
L02210,Female,30,Middle-aged,Caucasian,79500.0,0.0,788,351300.0,120,2.0,Rent,Graduate,No,0,Semiurban,0.589,1
L02211,Female,31,Middle-aged,Caucasian,47100.0,0.0,567,217500.0,360,2.2,Own,Graduate,No,0,Urban,0.332,0
L02212,Female,30,Middle-aged,Caucasian,30700.0,0.0,586,136700.0,120,17.6,Rent,Graduate,No,2,Rural,0.593,0
L02213,Male,49,Middle-aged,Caucasian,24900.0,0.0,595,81400.0,360,10.6,Mortgage,Graduate,No,1,Semiurban,0.235,1
L02214,Female,46,Middle-aged,Caucasian,63200.0,17100.0,686,266500.0,360,6.2,Mortgage,Graduate,No,0,Urban,0.239,1
L02215,Female,39,Middle-aged,Caucasian,20300.0,0.0,671,94400.0,360,8.7,Mortgage,Undergraduate,No,2,Semiurban,0.335,1
L02216,Male,29,Young,Asian,42800.0,8500.0,697,235700.0,360,11.0,Mortgage,Graduate,No,2,Urban,0.331,1
L02217,Female,42,Middle-aged,Asian,38100.0,0.0,662,118300.0,360,13.8,Mortgage,Graduate,Yes,3+,Urban,0.223,1
L02218,Male,22,Young,Caucasian,47700.0,32000.0,745,200500.0,180,0.7,Mortgage,Graduate,No,0,Urban,0.255,1
L02219,Female,42,Middle-aged,Caucasian,42300.0,0.0,585,188100.0,360,12.1,Mortgage,Graduate,No,0,Urban,0.32,0
L02220,Male,51,Middle-aged,Hispanic,46600.0,19800.0,586,242000.0,360,14.5,Rent,Undergraduate,No,3+,Semiurban,0.262,1
L02221,Female,25,Young,Caucasian,20000.0,0.0,664,67000.0,360,5.6,Mortgage,Graduate,No,0,Urban,0.241,1
L02222,Male,22,Young,Hispanic,44400.0,27300.0,598,249600.0,360,3.9,Rent,Graduate,Yes,0,Urban,0.25,1
L02223,Male,59,Senior,Caucasian,20100.0,0.0,545,104400.0,180,6.7,Rent,Graduate,No,3+,Semiurban,0.526,0
L02224,Male,33,Middle-aged,African American,52600.0,0.0,595,232500.0,360,3.6,Mortgage,Graduate,No,1,Semiurban,0.318,0
L02225,Male,54,Middle-aged,Caucasian,39300.0,0.0,650,157600.0,360,8.8,Mortgage,Graduate,Yes,1,Urban,0.289,1
L02226,Male,39,Middle-aged,Caucasian,20700.0,0.0,559,100600.0,360,13.2,Mortgage,Graduate,No,0,Rural,0.35,0
L02227,Male,39,Middle-aged,Hispanic,31900.0,10500.0,546,130500.0,120,11.3,Mortgage,Graduate,No,3+,Semiurban,0.41,0
L02228,Female,46,Middle-aged,Caucasian,33200.0,44400.0,606,223700.0,120,7.6,Rent,Graduate,No,0,Semiurban,0.384,1
L02229,Male,30,Middle-aged,Caucasian,78900.0,12100.0,567,357400.0,180,9.5,Rent,Graduate,No,0,Semiurban,0.398,0
L02230,Male,42,Middle-aged,Caucasian,53000.0,32400.0,666,290600.0,120,10.9,Mortgage,Graduate,No,3+,Semiurban,0.453,0
L02231,Female,36,Middle-aged,Asian,47800.0,0.0,498,242500.0,360,7.0,Rent,Graduate,No,0,Semiurban,0.365,0
L02232,Male,25,Young,Caucasian,78600.0,23400.0,628,333200.0,360,2.3,Mortgage,Graduate,No,1,Urban,0.235,1
L02233,Female,45,Middle-aged,Asian,40100.0,0.0,653,125400.0,180,6.2,Mortgage,Graduate,Yes,0,Urban,0.317,1
L02234,Female,37,Middle-aged,Caucasian,56300.0,20000.0,618,339000.0,360,3.7,Mortgage,Graduate,No,0,Semiurban,0.32,1
L02235,Female,39,Middle-aged,Caucasian,54800.0,0.0,690,191200.0,360,3.2,Mortgage,Undergraduate,No,1,Semiurban,0.251,1
L02236,Female,26,Young,Asian,24900.0,19200.0,499,135400.0,360,1.6,Own,Undergraduate,No,2,Urban,0.221,0
L02237,Female,60,Senior,Caucasian,75100.0,0.0,631,315000.0,360,13.4,Mortgage,Graduate,No,0,Rural,0.302,1
L02238,Male,51,Middle-aged,Caucasian,27800.0,0.0,601,144400.0,360,5.1,Mortgage,Undergraduate,No,1,Semiurban,0.374,0
L02239,Male,52,Middle-aged,Caucasian,70800.0,0.0,700,297700.0,360,7.7,Mortgage,Undergraduate,No,0,Semiurban,0.303,1
L02240,Male,37,Middle-aged,Caucasian,26700.0,0.0,612,107000.0,360,24.1,Rent,Graduate,No,0,Semiurban,0.288,0
L02241,Female,20,Young,African American,40500.0,0.0,714,174700.0,360,8.2,Mortgage,Undergraduate,No,1,Semiurban,0.31,0
L02242,Male,64,Senior,Caucasian,103200.0,0.0,653,535000.0,360,13.8,Mortgage,Graduate,No,1,Urban,0.373,1
L02243,Female,40,Middle-aged,Caucasian,38300.0,16000.0,529,226700.0,360,4.9,Mortgage,Graduate,No,2,Semiurban,0.3,0
L02244,Female,32,Middle-aged,Caucasian,37600.0,0.0,708,127100.0,120,7.2,Mortgage,Undergraduate,No,0,Urban,0.45,1
L02245,Female,46,Middle-aged,Caucasian,53200.0,42100.0,548,363700.0,360,7.7,Rent,Graduate,No,0,Semiurban,0.275,0
L02246,Male,55,Middle-aged,Caucasian,43000.0,0.0,680,210400.0,120,10.4,Rent,Graduate,No,0,Semiurban,0.652,0
L02247,Male,40,Middle-aged,Hispanic,91300.0,0.0,597,415800.0,360,6.2,Own,Undergraduate,No,1,Semiurban,0.328,0
L02248,Female,56,Senior,Hispanic,39700.0,0.0,514,177800.0,360,9.5,Rent,Graduate,No,0,Semiurban,0.322,0
L02249,Female,53,Middle-aged,Caucasian,36700.0,0.0,609,146500.0,360,27.5,Mortgage,Graduate,No,0,Semiurban,0.287,1
L02250,Male,28,Young,Caucasian,39500.0,0.0,650,175500.0,360,3.5,Mortgage,Graduate,No,0,Urban,0.32,0
L02251,Male,32,Middle-aged,Hispanic,30400.0,0.0,522,141700.0,360,3.3,Rent,Undergraduate,No,3+,Urban,0.335,0
L02252,Female,52,Middle-aged,Caucasian,32400.0,0.0,661,106200.0,180,8.1,Mortgage,Undergraduate,Yes,2,Semiurban,0.332,1
L02253,Female,18,Young,Caucasian,36200.0,22200.0,624,171900.0,180,3.7,Rent,Undergraduate,No,0,Semiurban,0.298,0
L02254,Female,39,Middle-aged,Asian,34300.0,0.0,532,117900.0,360,3.6,Rent,Graduate,No,1,Semiurban,0.247,0
L02255,Female,23,Young,Caucasian,32000.0,0.0,569,156600.0,360,8.9,Own,Graduate,No,1,Semiurban,0.352,0
L02256,Female,35,Middle-aged,Caucasian,96500.0,11700.0,747,465400.0,360,5.3,Own,Graduate,No,3+,Urban,0.309,1
L02257,Male,37,Middle-aged,Hispanic,29200.0,18200.0,640,156200.0,180,5.5,Mortgage,Graduate,No,2,Semiurban,0.334,1
L02258,Male,36,Middle-aged,African American,41600.0,0.0,594,202100.0,180,8.1,Rent,Graduate,No,0,Rural,0.492,0
L02259,Male,34,Middle-aged,Caucasian,62100.0,23500.0,648,344300.0,120,9.8,Rent,Graduate,No,3+,Semiurban,0.536,1
L02260,Male,27,Young,Caucasian,63100.0,34500.0,572,412000.0,360,22.7,Rent,Graduate,No,0,Semiurban,0.304,1
L02261,Female,68,Senior,Caucasian,40700.0,0.0,724,129100.0,360,8.5,Mortgage,Undergraduate,No,1,Semiurban,0.228,1
L02262,Female,63,Senior,Asian,37800.0,0.0,714,156700.0,180,8.9,Rent,Undergraduate,Yes,1,Semiurban,0.42,0
L02263,Female,27,Young,Caucasian,49900.0,16300.0,610,269000.0,360,2.3,Rent,Graduate,No,0,Rural,0.292,1
L02264,Male,59,Senior,Caucasian,54500.0,0.0,668,188900.0,360,16.8,Mortgage,Graduate,No,3+,Semiurban,0.249,1
L02265,Female,36,Middle-aged,Hispanic,33100.0,0.0,543,123700.0,360,6.7,Mortgage,Graduate,No,0,Rural,0.269,0
L02266,Female,42,Middle-aged,Caucasian,22300.0,0.0,522,87900.0,360,13.2,Mortgage,Undergraduate,No,0,Urban,0.284,0
L02267,Female,40,Middle-aged,Caucasian,34600.0,16800.0,588,208500.0,360,24.4,Rent,Undergraduate,No,0,Urban,0.292,1
L02268,Female,33,Middle-aged,Caucasian,26300.0,22300.0,588,157000.0,360,6.2,Mortgage,Graduate,No,2,Semiurban,0.232,1
L02269,Male,52,Middle-aged,Caucasian,37500.0,34100.0,694,228800.0,360,5.7,Mortgage,Graduate,No,0,Semiurban,0.23,1
L02270,Male,42,Middle-aged,Caucasian,49700.0,11100.0,681,220800.0,360,5.8,Mortgage,Graduate,No,0,Rural,0.261,1
L02271,Male,35,Middle-aged,Hispanic,50900.0,0.0,627,178900.0,360,2.7,Rent,Graduate,No,0,Urban,0.253,1
L02272,Male,25,Young,Hispanic,89900.0,0.0,703,456400.0,360,10.5,Rent,Undergraduate,No,0,Semiurban,0.365,1
L02273,Male,30,Middle-aged,Caucasian,39500.0,28400.0,542,203000.0,360,1.9,Rent,Graduate,No,0,Semiurban,0.215,0
L02274,Female,21,Young,Caucasian,56800.0,17500.0,664,282800.0,360,4.9,Mortgage,Undergraduate,No,0,Rural,0.274,1
L02275,Female,41,Middle-aged,Caucasian,47100.0,0.0,574,157100.0,360,4.0,Rent,Graduate,No,0,Urban,0.24,1
L02276,Female,26,Young,Caucasian,70000.0,0.0,692,278400.0,360,1.2,Own,Graduate,No,0,Semiurban,0.286,1
L02277,Female,37,Middle-aged,Caucasian,52500.0,0.0,619,264300.0,360,4.3,Rent,Undergraduate,No,1,Urban,0.362,0
L02278,Male,57,Senior,Hispanic,29500.0,0.0,512,154600.0,360,9.9,Mortgage,Graduate,No,0,Semiurban,0.377,0
L02279,Female,55,Middle-aged,Caucasian,20900.0,0.0,666,79700.0,360,5.9,Rent,Undergraduate,No,1,Rural,0.274,1
L02280,Male,40,Middle-aged,Caucasian,55500.0,0.0,675,185700.0,360,8.1,Own,Undergraduate,No,0,Semiurban,0.241,1
L02281,Male,39,Middle-aged,Caucasian,39700.0,18700.0,585,184200.0,360,8.7,Rent,Graduate,No,2,Semiurban,0.227,0
L02282,Male,63,Senior,Caucasian,33100.0,0.0,621,123700.0,360,24.2,Mortgage,Graduate,No,0,Urban,0.269,1
L02283,Male,47,Middle-aged,Caucasian,29500.0,59900.0,607,273400.0,360,15.8,Mortgage,Undergraduate,No,2,Semiurban,0.22,1
L02284,Male,37,Middle-aged,Caucasian,52300.0,0.0,504,215300.0,360,7.0,Mortgage,Graduate,No,2,Rural,0.296,0
L02285,Male,23,Young,Caucasian,89600.0,0.0,487,423700.0,360,8.6,Mortgage,Graduate,No,3+,Rural,0.34,0
L02286,Male,45,Middle-aged,African American,33300.0,0.0,695,152400.0,360,6.3,Mortgage,Undergraduate,No,1,Rural,0.329,1
L02287,Female,50,Middle-aged,Caucasian,52800.0,20000.0,590,226300.0,180,9.2,Mortgage,Undergraduate,Yes,0,Semiurban,0.315,0
L02288,Male,33,Middle-aged,Caucasian,47100.0,0.0,721,224400.0,120,4.8,Mortgage,Undergraduate,No,0,Urban,0.635,0
L02289,Male,44,Middle-aged,Caucasian,29300.0,32100.0,694,227800.0,360,6.0,Rent,Graduate,No,0,Rural,0.267,1
L02290,Male,36,Middle-aged,Hispanic,59200.0,31600.0,718,330600.0,360,9.2,Rent,Undergraduate,No,2,Rural,0.262,1
L02291,Female,38,Middle-aged,Caucasian,26900.0,0.0,562,136800.0,360,4.8,Mortgage,Undergraduate,No,0,Rural,0.366,0
L02292,Male,18,Young,Caucasian,49400.0,0.0,493,235200.0,120,2.4,Own,Graduate,No,1,Rural,0.634,0
L02293,Male,38,Middle-aged,Caucasian,42800.0,12200.0,549,214000.0,360,5.3,Mortgage,Graduate,No,0,Urban,0.28,0
L02294,Male,52,Middle-aged,African American,56100.0,0.0,619,282700.0,180,15.3,Own,Graduate,Yes,2,Urban,0.51,0
L02295,Male,33,Middle-aged,Caucasian,32100.0,0.0,455,139700.0,180,3.2,Rent,Undergraduate,No,1,Semiurban,0.441,0
L02296,Male,41,Middle-aged,Caucasian,57300.0,0.0,601,239100.0,180,5.9,Mortgage,Undergraduate,No,0,Urban,0.423,1
L02297,Male,31,Middle-aged,Caucasian,35000.0,0.0,585,133100.0,360,12.9,Mortgage,Graduate,No,2,Rural,0.274,1
L02298,Male,45,Middle-aged,Caucasian,40000.0,8800.0,544,222900.0,120,4.1,Mortgage,Graduate,No,0,Semiurban,0.609,0
L02299,Male,38,Middle-aged,Caucasian,20000.0,0.0,533,65500.0,360,17.8,Rent,Graduate,No,2,Urban,0.236,1
L02300,Male,29,Young,Caucasian,113200.0,0.0,643,460200.0,360,13.1,Rent,Graduate,No,3+,Urban,0.292,1
L02301,Female,56,Senior,Asian,51900.0,0.0,669,218500.0,180,8.4,Mortgage,Graduate,No,3+,Urban,0.426,0
L02302,Female,52,Middle-aged,African American,23400.0,33200.0,566,174600.0,360,10.4,Rent,Graduate,No,0,Semiurban,0.222,0
L02303,Male,33,Middle-aged,Caucasian,31300.0,12800.0,615,170300.0,360,25.8,Own,Graduate,No,0,Semiurban,0.278,1
L02304,Male,46,Middle-aged,Caucasian,40200.0,9600.0,632,187500.0,360,8.2,Own,Graduate,No,2,Urban,0.271,1
L02305,Female,47,Middle-aged,Caucasian,55500.0,36800.0,640,268800.0,360,4.9,Rent,Graduate,Yes,1,Semiurban,0.21,1
L02306,Male,48,Middle-aged,Caucasian,23000.0,0.0,574,113300.0,360,14.1,Rent,Graduate,Yes,0,Urban,0.354,0
L02307,Male,20,Young,Hispanic,41700.0,0.0,506,186800.0,360,1.0,Mortgage,Graduate,No,1,Urban,0.322,0
L02308,Female,53,Middle-aged,Hispanic,74700.0,0.0,764,368300.0,360,6.7,Mortgage,Undergraduate,No,0,Semiurban,0.355,1
L02309,Male,34,Middle-aged,Caucasian,31100.0,13200.0,636,138100.0,360,12.7,Mortgage,Undergraduate,No,1,Semiurban,0.224,1
L02310,Male,36,Middle-aged,Caucasian,50600.0,15000.0,677,259800.0,360,4.2,Rent,Graduate,No,2,Rural,0.285,1
L02311,Male,72,Senior,Caucasian,118300.0,59100.0,720,690200.0,360,14.9,Rent,Undergraduate,No,1,Semiurban,0.28,1
L02312,Female,44,Middle-aged,African American,41000.0,9600.0,611,178100.0,360,6.9,Own,Graduate,No,0,Urban,0.253,1
L02313,Male,36,Middle-aged,African American,41200.0,0.0,639,198900.0,360,9.8,Rent,Graduate,No,3+,Rural,0.347,1
L02314,Female,18,Young,Asian,51000.0,0.0,480,153300.0,120,1.3,Mortgage,Graduate,Yes,0,Semiurban,0.4,0
L02315,Female,57,Senior,Asian,35500.0,0.0,570,154000.0,360,8.6,Mortgage,Undergraduate,No,0,Semiurban,0.312,0
L02316,Male,24,Young,Caucasian,82400.0,0.0,577,361000.0,360,2.8,Mortgage,Graduate,No,0,Rural,0.315,1
L02317,Male,28,Young,African American,33400.0,0.0,564,140300.0,120,2.9,Mortgage,Graduate,No,0,Semiurban,0.56,0
L02318,Male,37,Middle-aged,African American,20000.0,0.0,541,88400.0,360,4.7,Mortgage,Graduate,No,0,Semiurban,0.318,0
L02319,Male,57,Senior,Caucasian,41900.0,0.0,661,141500.0,180,7.8,Mortgage,Undergraduate,No,2,Semiurban,0.342,1
L02320,Male,50,Middle-aged,Caucasian,33300.0,11800.0,629,179800.0,180,20.3,Mortgage,Graduate,No,1,Semiurban,0.404,1
L02321,Female,39,Middle-aged,African American,28500.0,0.0,687,107000.0,360,7.0,Own,Graduate,No,1,Rural,0.27,1
L02322,Female,44,Middle-aged,Caucasian,37600.0,0.0,767,151000.0,120,7.0,Mortgage,Undergraduate,No,2,Urban,0.535,1
L02323,Female,33,Middle-aged,African American,51400.0,0.0,537,192700.0,360,5.7,Own,Undergraduate,No,3+,Semiurban,0.27,0
L02324,Male,42,Middle-aged,African American,51800.0,0.0,636,210600.0,120,31.4,Mortgage,Graduate,No,0,Rural,0.542,0
L02325,Female,41,Middle-aged,African American,35400.0,17500.0,621,196800.0,360,8.8,Own,Graduate,No,0,Urban,0.268,1
L02326,Female,52,Middle-aged,African American,31800.0,0.0,625,155400.0,360,11.2,Mortgage,Graduate,No,1,Urban,0.352,0
L02327,Female,52,Middle-aged,Caucasian,27300.0,19500.0,557,154100.0,360,7.0,Rent,Undergraduate,No,1,Semiurban,0.237,0
L02328,Male,46,Middle-aged,African American,20000.0,0.0,552,74500.0,360,7.4,Own,Graduate,No,0,Semiurban,0.268,0
L02329,Female,36,Middle-aged,Caucasian,43600.0,0.0,626,178700.0,180,3.7,Mortgage,Graduate,No,1,Rural,0.415,0
L02330,Male,49,Middle-aged,Caucasian,67400.0,0.0,593,306700.0,360,10.4,Rent,Graduate,No,1,Urban,0.327,1
L02331,Male,39,Middle-aged,Caucasian,46900.0,0.0,628,177300.0,360,5.3,Mortgage,Undergraduate,No,3+,Urban,0.272,1
L02332,Male,28,Young,Caucasian,39600.0,0.0,581,155700.0,360,8.4,Mortgage,Undergraduate,No,1,Rural,0.283,1
L02333,Female,36,Middle-aged,Caucasian,50200.0,14100.0,625,246300.0,360,3.9,Mortgage,Graduate,No,1,Urban,0.276,1
L02334,Female,42,Middle-aged,Hispanic,35600.0,0.0,557,130400.0,360,6.2,Mortgage,Graduate,No,2,Urban,0.264,0
L02335,Male,51,Middle-aged,Caucasian,96200.0,0.0,685,333900.0,360,8.1,Rent,Undergraduate,Yes,0,Semiurban,0.25,1
L02336,Male,38,Middle-aged,Caucasian,80300.0,0.0,591,266300.0,360,3.9,Mortgage,Graduate,No,1,Urban,0.239,1
L02337,Male,26,Young,Caucasian,72000.0,0.0,629,273100.0,360,1.6,Mortgage,Undergraduate,No,0,Rural,0.273,1
L02338,Male,41,Middle-aged,Caucasian,66400.0,12300.0,717,226800.0,180,5.4,Mortgage,Undergraduate,No,0,Semiurban,0.292,1
L02339,Male,42,Middle-aged,Asian,29300.0,46900.0,625,234200.0,360,7.5,Mortgage,Undergraduate,No,1,Semiurban,0.221,1
L02340,Male,43,Middle-aged,Caucasian,63900.0,0.0,657,217000.0,180,9.0,Mortgage,Graduate,No,0,Urban,0.344,1
L02341,Female,52,Middle-aged,African American,37000.0,0.0,679,142400.0,360,7.9,Mortgage,Graduate,No,0,Semiurban,0.277,1
L02342,Male,53,Middle-aged,African American,50000.0,0.0,558,180300.0,120,8.7,Mortgage,Graduate,No,0,Rural,0.48,0
L02343,Male,33,Middle-aged,Caucasian,59700.0,25100.0,723,322900.0,360,6.2,Rent,Graduate,No,0,Semiurban,0.274,1
L02344,Male,33,Middle-aged,Hispanic,52900.0,0.0,551,259900.0,360,5.8,Mortgage,Graduate,No,0,Semiurban,0.353,0
L02345,Female,28,Young,Caucasian,122700.0,29500.0,715,612600.0,180,2.0,Mortgage,Graduate,No,0,Semiurban,0.408,1
L02346,Female,49,Middle-aged,Caucasian,40400.0,0.0,673,170500.0,360,7.2,Rent,Graduate,No,0,Semiurban,0.304,1
L02347,Female,58,Senior,Hispanic,53500.0,20600.0,598,290500.0,360,7.1,Rent,Undergraduate,No,0,Rural,0.282,1
L02348,Male,37,Middle-aged,Hispanic,36500.0,0.0,668,112000.0,360,6.7,Mortgage,Graduate,Yes,0,Semiurban,0.221,1
L02349,Female,38,Middle-aged,Caucasian,57200.0,0.0,655,187400.0,360,10.1,Rent,Graduate,No,2,Urban,0.236,1
L02350,Male,58,Senior,Caucasian,71400.0,25500.0,780,273200.0,180,10.3,Mortgage,Graduate,No,3+,Urban,0.286,1
L02351,Female,47,Middle-aged,Caucasian,48200.0,35100.0,643,215500.0,360,5.6,Rent,Graduate,No,0,Urban,0.186,1
L02352,Female,46,Middle-aged,Caucasian,81200.0,13400.0,650,316800.0,360,5.4,Mortgage,Undergraduate,No,0,Semiurban,0.241,1
L02353,Female,26,Young,Hispanic,25800.0,25100.0,551,164500.0,360,1.4,Rent,Undergraduate,Yes,1,Urban,0.233,0
L02354,Female,49,Middle-aged,Caucasian,34300.0,31200.0,519,166000.0,360,7.4,Mortgage,Graduate,Yes,0,Urban,0.182,0
L02355,Female,29,Young,Caucasian,45400.0,0.0,583,231700.0,180,4.5,Rent,Graduate,No,3+,Semiurban,0.517,0
L02356,Male,27,Young,Hispanic,62800.0,47700.0,597,434300.0,360,2.7,Mortgage,Undergraduate,No,1,Semiurban,0.283,0
L02357,Female,36,Middle-aged,Caucasian,44800.0,58300.0,628,393600.0,120,9.9,Rent,Graduate,No,0,Semiurban,0.509,0
L02358,Male,33,Middle-aged,Caucasian,82000.0,0.0,552,253800.0,360,4.7,Rent,Graduate,No,0,Semiurban,0.223,1
L02359,Male,38,Middle-aged,Hispanic,33900.0,22800.0,592,226400.0,360,8.5,Mortgage,Graduate,No,1,Rural,0.287,1
L02360,Male,23,Young,Asian,31100.0,0.0,616,149500.0,120,5.9,Mortgage,Undergraduate,No,0,Rural,0.64,0
L02361,Male,52,Middle-aged,Asian,55500.0,0.0,685,279200.0,360,9.7,Own,Graduate,No,0,Urban,0.362,1
L02362,Male,54,Middle-aged,Caucasian,47500.0,38900.0,530,285800.0,360,17.3,Own,Graduate,No,2,Rural,0.238,1
L02363,Male,18,Young,Asian,60900.0,0.0,641,290700.0,360,0.1,Rent,Undergraduate,Yes,0,Urban,0.343,0
L02364,Male,52,Middle-aged,Caucasian,48500.0,0.0,625,151100.0,360,5.5,Mortgage,Graduate,No,1,Rural,0.224,0
L02365,Female,31,Middle-aged,Caucasian,36400.0,0.0,587,115400.0,180,8.4,Mortgage,Undergraduate,No,3+,Semiurban,0.321,0
L02366,Male,51,Middle-aged,Hispanic,42800.0,0.0,491,139800.0,180,7.1,Rent,Graduate,Yes,0,Urban,0.331,0
L02367,Male,40,Middle-aged,Caucasian,49600.0,0.0,712,250900.0,120,24.8,Mortgage,Graduate,No,0,Semiurban,0.674,0
L02368,Female,41,Middle-aged,Asian,36900.0,5800.0,624,125500.0,120,4.7,Mortgage,Graduate,No,3+,Rural,0.392,0
L02369,Male,38,Middle-aged,Caucasian,45200.0,47900.0,524,228200.0,360,4.0,Mortgage,Undergraduate,No,0,Rural,0.176,1
L02370,Female,55,Middle-aged,Caucasian,35500.0,15300.0,656,222400.0,360,10.0,Mortgage,Graduate,No,0,Semiurban,0.315,1
L02371,Female,26,Young,Asian,58700.0,0.0,629,190300.0,180,2.8,Mortgage,Graduate,No,2,Rural,0.328,1
L02372,Female,48,Middle-aged,Caucasian,45000.0,19500.0,704,274600.0,360,6.6,Own,Graduate,No,0,Urban,0.306,1
L02373,Female,54,Middle-aged,African American,78600.0,27500.0,648,445400.0,360,18.1,Mortgage,Graduate,No,0,Urban,0.302,1
L02374,Male,49,Middle-aged,Caucasian,52300.0,0.0,639,161600.0,360,4.8,Rent,Graduate,No,0,Urban,0.222,1
L02375,Female,68,Senior,Hispanic,29500.0,20400.0,610,123100.0,180,11.3,Own,Graduate,No,3+,Semiurban,0.25,1
L02376,Male,34,Middle-aged,Caucasian,142700.0,24300.0,724,654100.0,360,4.4,Rent,Graduate,No,2,Semiurban,0.282,1
L02377,Male,52,Middle-aged,Caucasian,57800.0,0.0,600,303100.0,360,7.2,Mortgage,Graduate,No,1,Semiurban,0.377,0
L02378,Female,39,Middle-aged,Caucasian,61900.0,0.0,577,308100.0,360,4.6,Own,Graduate,Yes,0,Semiurban,0.358,1
L02379,Male,55,Middle-aged,Hispanic,55900.0,48700.0,646,302700.0,360,6.3,Mortgage,Graduate,No,0,Rural,0.208,1
L02380,Female,40,Middle-aged,African American,40900.0,0.0,542,158300.0,360,3.5,Mortgage,Graduate,No,3+,Semiurban,0.278,0
L02381,Female,36,Middle-aged,African American,39500.0,18200.0,704,190600.0,360,24.7,Rent,Graduate,No,1,Semiurban,0.238,1
L02382,Female,56,Senior,Caucasian,26800.0,0.0,744,124700.0,360,11.1,Rent,Graduate,No,0,Rural,0.335,1
L02383,Female,35,Middle-aged,Caucasian,48300.0,0.0,586,182000.0,120,10.1,Mortgage,Graduate,No,3+,Rural,0.502,1
L02384,Male,24,Young,Caucasian,28900.0,12800.0,498,119100.0,360,1.2,Rent,Graduate,No,3+,Rural,0.205,0
L02385,Male,34,Middle-aged,Caucasian,45700.0,0.0,630,213900.0,360,2.5,Mortgage,Undergraduate,No,1,Urban,0.337,1
L02386,Female,48,Middle-aged,Caucasian,31200.0,54500.0,591,242900.0,180,9.1,Mortgage,Graduate,No,3+,Semiurban,0.287,1
L02387,Male,57,Senior,Hispanic,50900.0,0.0,719,161500.0,360,12.3,Mortgage,Undergraduate,No,0,Urban,0.228,1
L02388,Female,42,Middle-aged,Asian,47600.0,0.0,576,227400.0,360,6.1,Rent,Graduate,No,1,Semiurban,0.344,0
L02389,Female,56,Senior,Caucasian,50500.0,0.0,680,218000.0,360,8.2,Mortgage,Graduate,No,0,Urban,0.311,1
L02390,Female,24,Young,Caucasian,46700.0,0.0,603,191500.0,360,3.3,Mortgage,Graduate,No,1,Rural,0.295,1
L02391,Male,35,Middle-aged,Asian,38500.0,0.0,565,173800.0,180,3.4,Rent,Graduate,No,3+,Semiurban,0.457,0
L02392,Male,37,Middle-aged,Caucasian,44200.0,28700.0,628,246200.0,120,9.9,Rent,Graduate,No,0,Urban,0.45,1
L02393,Male,39,Middle-aged,Caucasian,70800.0,57600.0,690,452700.0,360,4.4,Rent,Graduate,No,2,Semiurban,0.254,1
L02394,Male,42,Middle-aged,Caucasian,75100.0,33900.0,651,461400.0,120,5.6,Mortgage,Graduate,No,0,Rural,0.564,1
L02395,Female,49,Middle-aged,Caucasian,26300.0,0.0,623,115200.0,180,10.2,Mortgage,Undergraduate,No,1,Urban,0.444,1
L02396,Male,35,Middle-aged,Asian,26600.0,11400.0,544,146500.0,360,2.6,Rent,Graduate,No,0,Semiurban,0.277,0
L02397,Male,42,Middle-aged,Caucasian,36700.0,30400.0,684,231800.0,360,10.9,Own,Graduate,No,0,Urban,0.249,1
L02398,Male,40,Middle-aged,Caucasian,74500.0,0.0,705,312500.0,360,14.8,Rent,Graduate,No,1,Rural,0.302,1
L02399,Female,29,Young,Caucasian,67700.0,0.0,596,229300.0,360,1.9,Mortgage,Graduate,No,1,Urban,0.244,0
L02400,Female,39,Middle-aged,African American,22000.0,0.0,591,82600.0,180,7.6,Rent,Graduate,No,0,Semiurban,0.38,0
L02401,Male,39,Middle-aged,Caucasian,55400.0,0.0,710,252600.0,360,5.8,Rent,Graduate,Yes,0,Semiurban,0.328,1
L02402,Male,39,Middle-aged,Caucasian,102100.0,13500.0,595,432500.0,360,3.6,Rent,Graduate,No,1,Urban,0.269,1
L02403,Male,41,Middle-aged,Hispanic,52100.0,0.0,662,203900.0,360,9.2,Mortgage,Undergraduate,No,1,Rural,0.282,0
L02404,Male,41,Middle-aged,Hispanic,77900.0,22100.0,613,422300.0,360,8.2,Rent,Undergraduate,Yes,0,Semiurban,0.304,1
L02405,Female,35,Middle-aged,Hispanic,54800.0,0.0,726,165100.0,180,7.7,Own,Graduate,No,1,Urban,0.305,1
L02406,Female,56,Senior,Asian,29000.0,0.0,634,131300.0,360,14.1,Mortgage,Graduate,No,1,Semiurban,0.326,0
L02407,Male,26,Young,Caucasian,45400.0,0.0,673,186200.0,360,2.9,Mortgage,Undergraduate,No,1,Rural,0.295,1
L02408,Male,32,Middle-aged,Caucasian,49700.0,21200.0,565,234700.0,360,7.8,Mortgage,Graduate,No,2,Rural,0.238,0
L02409,Female,74,Senior,Caucasian,43400.0,0.0,593,163500.0,180,15.2,Mortgage,Graduate,No,1,Semiurban,0.381,1
L02410,Male,28,Young,Caucasian,70700.0,9800.0,607,257300.0,360,2.4,Rent,Graduate,No,3+,Semiurban,0.23,0
L02411,Female,24,Young,Hispanic,43300.0,0.0,609,162500.0,120,16.6,Own,Graduate,Yes,3+,Rural,0.5,0
L02412,Male,49,Middle-aged,Asian,20000.0,14700.0,581,108000.0,360,6.7,Mortgage,Graduate,No,2,Urban,0.224,1
L02413,Male,18,Young,African American,23200.0,66300.0,614,233300.0,360,6.3,Rent,Graduate,No,0,Rural,0.188,1
L02414,Male,38,Middle-aged,Caucasian,20400.0,24800.0,583,151700.0,360,10.0,Mortgage,Graduate,No,0,Urban,0.241,1
L02415,Male,66,Senior,Hispanic,47300.0,0.0,534,190200.0,360,10.7,Mortgage,Graduate,No,2,Semiurban,0.289,0
L02416,Female,22,Young,Asian,45900.0,0.0,625,219900.0,360,1.3,Own,Graduate,No,0,Rural,0.345,1
L02417,Male,18,Young,Caucasian,54900.0,0.0,540,243700.0,360,1.6,Mortgage,Graduate,No,0,Semiurban,0.319,0
L02418,Male,23,Young,Hispanic,30100.0,20200.0,559,140100.0,360,2.1,Own,Graduate,No,3+,Semiurban,0.2,0
L02419,Male,51,Middle-aged,Caucasian,64200.0,0.0,744,232600.0,180,8.6,Own,Graduate,No,1,Urban,0.367,1
L02420,Male,54,Middle-aged,Caucasian,65300.0,0.0,762,207500.0,360,6.9,Mortgage,Undergraduate,No,0,Urban,0.229,1
L02421,Male,34,Middle-aged,African American,23700.0,0.0,558,121500.0,360,6.4,Rent,Graduate,No,3+,Urban,0.369,0
L02422,Male,49,Middle-aged,African American,21800.0,0.0,648,108900.0,360,6.3,Rent,Undergraduate,No,1,Rural,0.359,0
L02423,Female,57,Senior,Caucasian,41700.0,54500.0,608,225800.0,120,5.9,Mortgage,Graduate,No,0,Semiurban,0.313,1
L02424,Male,62,Senior,Caucasian,100400.0,18100.0,679,472300.0,180,8.9,Mortgage,Graduate,No,0,Urban,0.404,1
L02425,Male,38,Middle-aged,Hispanic,87100.0,0.0,613,449500.0,360,7.7,Mortgage,Graduate,No,1,Semiurban,0.371,1
L02426,Female,18,Young,African American,39900.0,21000.0,478,239200.0,360,7.4,Own,Graduate,No,1,Rural,0.283,0
L02427,Male,31,Middle-aged,African American,29300.0,36100.0,598,199400.0,180,2.1,Rent,Undergraduate,No,1,Urban,0.309,1
L02428,Female,35,Middle-aged,Caucasian,59400.0,0.0,640,210400.0,180,4.0,Mortgage,Graduate,No,0,Urban,0.359,1
L02429,Male,37,Middle-aged,Caucasian,40900.0,18000.0,570,183200.0,360,24.0,Rent,Graduate,No,1,Semiurban,0.224,1
L02430,Female,38,Middle-aged,Caucasian,30700.0,15200.0,669,180700.0,120,4.5,Own,Graduate,No,1,Urban,0.524,1
L02431,Female,54,Middle-aged,Caucasian,20000.0,0.0,593,95100.0,360,12.9,Own,Undergraduate,Yes,2,Semiurban,0.342,0
L02432,Female,56,Senior,Caucasian,43400.0,7100.0,603,197700.0,360,9.3,Mortgage,Undergraduate,No,1,Rural,0.282,0
L02433,Female,38,Middle-aged,Caucasian,32400.0,0.0,637,106000.0,360,3.7,Mortgage,Graduate,No,0,Semiurban,0.235,1
L02434,Male,54,Middle-aged,Caucasian,50900.0,0.0,552,259700.0,360,10.6,Rent,Graduate,No,0,Semiurban,0.367,0
L02435,Female,45,Middle-aged,Caucasian,20000.0,13800.0,660,134100.0,120,21.0,Rent,Undergraduate,No,1,Semiurban,0.529,0
L02436,Male,41,Middle-aged,Asian,52500.0,13700.0,602,198300.0,360,14.3,Own,Graduate,Yes,1,Urban,0.216,1
L02437,Male,51,Middle-aged,Caucasian,20000.0,23800.0,674,102300.0,360,10.8,Mortgage,Graduate,Yes,0,Rural,0.168,1
L02438,Male,41,Middle-aged,Caucasian,75700.0,0.0,722,318400.0,360,7.0,Mortgage,Graduate,No,0,Urban,0.303,1
L02439,Male,65,Senior,Caucasian,60400.0,16200.0,707,251300.0,360,9.0,Mortgage,Graduate,No,0,Rural,0.236,1
L02440,Male,23,Young,Caucasian,43900.0,0.0,543,159700.0,360,3.0,Mortgage,Graduate,No,0,Urban,0.262,0
L02441,Female,34,Middle-aged,Caucasian,52200.0,0.0,540,166800.0,360,4.5,Rent,Undergraduate,No,0,Rural,0.23,0
L02442,Male,39,Middle-aged,Hispanic,29800.0,0.0,519,153300.0,360,15.9,Rent,Graduate,No,2,Rural,0.37,0
L02443,Female,46,Middle-aged,Asian,42900.0,0.0,692,208800.0,360,5.4,Mortgage,Graduate,No,1,Urban,0.35,1
L02444,Female,56,Senior,Caucasian,57300.0,0.0,644,186600.0,360,8.1,Mortgage,Graduate,No,3+,Urban,0.234,1
L02445,Male,40,Middle-aged,Caucasian,20000.0,64800.0,563,271300.0,120,6.1,Rent,Graduate,No,2,Urban,0.426,0
L02446,Male,23,Young,Caucasian,41000.0,13000.0,582,217500.0,360,3.4,Mortgage,Undergraduate,Yes,1,Urban,0.29,0
L02447,Male,51,Middle-aged,Asian,48600.0,44400.0,703,269800.0,360,5.0,Own,Graduate,No,0,Semiurban,0.209,1
L02448,Male,50,Middle-aged,Caucasian,45300.0,24600.0,680,289800.0,360,6.4,Mortgage,Graduate,No,2,Semiurban,0.298,1
L02449,Male,18,Young,Caucasian,87800.0,0.0,646,381500.0,360,3.5,Own,Graduate,No,0,Semiurban,0.313,1
L02450,Male,40,Middle-aged,Asian,31300.0,33000.0,646,240100.0,360,10.4,Mortgage,Graduate,Yes,0,Urban,0.269,1
L02451,Male,21,Young,Asian,38200.0,32000.0,595,224200.0,180,4.7,Mortgage,Undergraduate,No,0,Urban,0.323,1
L02452,Female,33,Middle-aged,Asian,20000.0,0.0,606,82500.0,360,4.7,Own,Graduate,No,0,Semiurban,0.297,0
L02453,Female,30,Middle-aged,Hispanic,67300.0,7300.0,635,260200.0,360,7.3,Rent,Undergraduate,Yes,0,Rural,0.251,0
L02454,Male,50,Middle-aged,Hispanic,40000.0,0.0,629,154900.0,360,10.3,Mortgage,Graduate,No,0,Semiurban,0.279,1
L02455,Female,42,Middle-aged,Caucasian,35000.0,0.0,659,149700.0,360,5.0,Mortgage,Graduate,No,0,Urban,0.308,1
L02456,Male,25,Young,Caucasian,48000.0,0.0,620,246300.0,360,1.6,Rent,Graduate,No,1,Semiurban,0.369,0
L02457,Male,51,Middle-aged,Asian,63200.0,21900.0,597,325700.0,360,13.1,Rent,Undergraduate,Yes,1,Semiurban,0.275,1
L02458,Female,23,Young,African American,36600.0,19300.0,618,156200.0,360,4.5,Mortgage,Undergraduate,No,0,Semiurban,0.201,1
L02459,Male,44,Middle-aged,Hispanic,127200.0,0.0,705,383600.0,360,4.9,Rent,Graduate,Yes,0,Semiurban,0.217,1
L02460,Male,31,Middle-aged,Caucasian,58800.0,0.0,653,289000.0,360,3.5,Mortgage,Undergraduate,No,0,Rural,0.354,1
L02461,Female,36,Middle-aged,Caucasian,34600.0,12500.0,598,157600.0,180,10.0,Rent,Graduate,No,0,Semiurban,0.339,0
L02462,Female,47,Middle-aged,Caucasian,33300.0,27700.0,668,178300.0,360,9.6,Rent,Graduate,No,1,Urban,0.21,1
L02463,Female,47,Middle-aged,Caucasian,35600.0,0.0,618,170900.0,180,18.9,Rent,Graduate,Yes,2,Urban,0.486,0
L02464,Female,57,Senior,Caucasian,22900.0,0.0,670,117400.0,360,9.0,Rent,Undergraduate,No,0,Semiurban,0.369,1
L02465,Female,40,Middle-aged,African American,32400.0,52000.0,581,281600.0,360,3.6,Rent,Graduate,No,0,Rural,0.24,0
L02466,Male,44,Middle-aged,Caucasian,67100.0,0.0,619,227500.0,120,9.9,Mortgage,Undergraduate,No,0,Rural,0.452,0
L02467,Male,35,Middle-aged,African American,30700.0,0.0,636,119100.0,360,4.0,Mortgage,Undergraduate,No,0,Urban,0.279,0
L02468,Male,43,Middle-aged,African American,28400.0,0.0,590,133700.0,120,5.7,Mortgage,Graduate,No,0,Urban,0.627,0
L02469,Male,46,Middle-aged,Caucasian,89900.0,5800.0,796,468700.0,360,5.3,Rent,Graduate,No,0,Rural,0.352,1
L02470,Male,39,Middle-aged,Caucasian,27700.0,16900.0,637,192600.0,360,5.0,Mortgage,Graduate,No,0,Urban,0.311,1
L02471,Male,19,Young,African American,20000.0,0.0,568,83000.0,360,9.0,Rent,Undergraduate,No,3+,Rural,0.299,0
L02472,Female,44,Middle-aged,Asian,26300.0,0.0,659,127600.0,360,8.2,Mortgage,Graduate,No,2,Semiurban,0.349,1
L02473,Female,45,Middle-aged,Hispanic,20000.0,0.0,577,62100.0,360,4.6,Rent,Graduate,No,1,Semiurban,0.223,1
L02474,Female,32,Middle-aged,Hispanic,42900.0,0.0,660,156300.0,120,6.5,Rent,Graduate,No,2,Urban,0.485,0
L02475,Male,25,Young,Hispanic,38200.0,0.0,644,146500.0,360,6.1,Mortgage,Graduate,No,0,Semiurban,0.276,1
L02476,Female,58,Senior,Caucasian,38200.0,0.0,715,198400.0,360,16.8,Rent,Graduate,No,0,Rural,0.374,1
L02477,Male,46,Middle-aged,Hispanic,70000.0,0.0,621,210500.0,360,14.0,Mortgage,Undergraduate,No,0,Semiurban,0.216,0
L02478,Female,38,Middle-aged,Asian,31600.0,0.0,531,116700.0,180,3.3,Rent,Graduate,No,1,Semiurban,0.374,0
L02479,Male,27,Young,Hispanic,60200.0,11800.0,575,338700.0,180,11.4,Rent,Graduate,No,2,Rural,0.476,0
L02480,Female,31,Middle-aged,Caucasian,76300.0,22800.0,613,326400.0,360,2.2,Own,Graduate,No,0,Semiurban,0.237,1
L02481,Male,56,Senior,Hispanic,36800.0,0.0,736,129000.0,360,6.5,Mortgage,Undergraduate,No,0,Rural,0.252,1
L02482,Female,42,Middle-aged,Caucasian,56000.0,0.0,762,260000.0,360,4.2,Mortgage,Graduate,Yes,2,Urban,0.334,1
L02483,Female,34,Middle-aged,Asian,37800.0,0.0,624,176800.0,360,3.4,Own,Graduate,No,0,Rural,0.337,0
L02484,Male,47,Middle-aged,Caucasian,70900.0,18700.0,650,328500.0,360,12.5,Own,Graduate,Yes,1,Urban,0.264,1
L02485,Male,31,Middle-aged,Caucasian,26100.0,0.0,569,133900.0,360,7.7,Own,Graduate,No,0,Urban,0.369,0
L02486,Female,59,Senior,Caucasian,21600.0,0.0,678,74700.0,360,12.0,Mortgage,Undergraduate,No,0,Urban,0.249,1
L02487,Male,57,Senior,Caucasian,41900.0,16300.0,773,255800.0,360,18.6,Mortgage,Graduate,No,1,Rural,0.316,1
L02488,Female,35,Middle-aged,Caucasian,29200.0,31100.0,706,215200.0,120,5.0,Rent,Undergraduate,No,0,Urban,0.475,0
L02489,Female,33,Middle-aged,Asian,33900.0,0.0,667,129800.0,360,2.3,Mortgage,Graduate,No,0,Rural,0.275,1
L02490,Male,18,Young,Caucasian,44900.0,0.0,653,216200.0,360,5.1,Rent,Graduate,No,3+,Semiurban,0.346,0
L02491,Male,23,Young,Caucasian,65400.0,49900.0,659,303600.0,360,10.9,Own,Graduate,No,0,Semiurban,0.189,1
L02492,Male,24,Young,Caucasian,41600.0,83300.0,589,283400.0,360,19.6,Rent,Graduate,No,0,Semiurban,0.163,1
L02493,Female,42,Middle-aged,Caucasian,30000.0,0.0,565,152800.0,360,5.9,Rent,Graduate,No,0,Urban,0.366,0
L02494,Male,37,Middle-aged,Caucasian,42600.0,15200.0,611,162900.0,360,11.5,Mortgage,Graduate,No,0,Rural,0.203,1
L02495,Male,24,Young,Caucasian,36000.0,0.0,613,108300.0,120,10.4,Mortgage,Graduate,No,0,Rural,0.401,0
L02496,Male,37,Middle-aged,Caucasian,33700.0,8900.0,518,149000.0,360,3.6,Mortgage,Graduate,No,0,Semiurban,0.252,1
L02497,Female,47,Middle-aged,African American,20000.0,0.0,600,64700.0,360,9.3,Mortgage,Graduate,No,0,Rural,0.233,0
L02498,Female,47,Middle-aged,Caucasian,42800.0,29100.0,578,288200.0,360,5.3,Mortgage,Undergraduate,No,0,Rural,0.288,0
L02499,Female,18,Young,Caucasian,33200.0,49300.0,637,302000.0,360,3.0,Mortgage,Graduate,Yes,2,Semiurban,0.263,1
L02500,Male,39,Middle-aged,Caucasian,72200.0,0.0,606,295000.0,360,13.7,Mortgage,Graduate,No,0,Semiurban,0.294,0
L02501,Female,24,Young,Hispanic,20600.0,33100.0,595,151400.0,360,8.7,Rent,Undergraduate,No,1,Semiurban,0.203,0
L02502,Female,51,Middle-aged,Caucasian,33500.0,0.0,584,141100.0,180,9.2,Rent,Graduate,No,0,Semiurban,0.427,0
L02503,Female,50,Middle-aged,Caucasian,86000.0,0.0,762,301800.0,360,13.1,Mortgage,Graduate,No,0,Semiurban,0.252,1
L02504,Female,30,Middle-aged,Caucasian,28600.0,0.0,488,105000.0,180,2.6,Own,Undergraduate,Yes,0,Rural,0.372,0
L02505,Male,31,Middle-aged,Caucasian,44600.0,49200.0,633,228600.0,180,3.0,Mortgage,Graduate,Yes,2,Semiurban,0.247,1
L02506,Male,35,Middle-aged,Caucasian,30100.0,0.0,522,120500.0,180,3.7,Rent,Graduate,No,0,Semiurban,0.405,0
L02507,Female,18,Young,Caucasian,24300.0,19700.0,538,152300.0,120,7.5,Rent,Undergraduate,No,0,Semiurban,0.461,0
L02508,Male,45,Middle-aged,Caucasian,91000.0,16200.0,675,507500.0,360,15.1,Own,Graduate,No,0,Semiurban,0.341,1
L02509,Female,37,Middle-aged,Caucasian,44600.0,0.0,629,208000.0,360,7.0,Rent,Graduate,No,1,Urban,0.336,1
L02510,Female,52,Middle-aged,Caucasian,44000.0,0.0,649,203600.0,120,20.9,Rent,Graduate,No,3+,Rural,0.616,0
L02511,Male,27,Young,African American,20000.0,23300.0,588,119800.0,360,7.9,Mortgage,Graduate,No,0,Semiurban,0.199,1
L02512,Female,33,Middle-aged,Hispanic,42400.0,18700.0,567,261800.0,360,6.4,Rent,Graduate,No,1,Semiurban,0.308,0
L02513,Male,22,Young,Caucasian,77900.0,0.0,608,399700.0,360,5.3,Mortgage,Graduate,No,0,Semiurban,0.369,1
L02514,Male,28,Young,African American,62100.0,0.0,616,316600.0,360,11.0,Mortgage,Undergraduate,No,3+,Rural,0.367,0
L02515,Female,26,Young,Hispanic,48000.0,0.0,612,148200.0,360,1.7,Mortgage,Graduate,No,1,Urban,0.222,0
L02516,Female,52,Middle-aged,Asian,26500.0,0.0,618,115500.0,360,6.0,Mortgage,Graduate,No,0,Rural,0.314,0
L02517,Male,32,Middle-aged,Caucasian,55600.0,0.0,659,247300.0,180,3.6,Rent,Undergraduate,No,0,Semiurban,0.45,0
L02518,Male,42,Middle-aged,African American,51200.0,0.0,632,187600.0,360,14.9,Rent,Undergraduate,No,0,Rural,0.264,1
L02519,Female,36,Middle-aged,Caucasian,20300.0,0.0,605,106200.0,360,17.2,Mortgage,Graduate,No,1,Rural,0.376,0
L02520,Female,25,Young,Caucasian,26600.0,0.0,558,97200.0,360,3.3,Mortgage,Undergraduate,No,0,Urban,0.263,0
L02521,Female,38,Middle-aged,Caucasian,59400.0,30700.0,564,264300.0,360,15.9,Mortgage,Graduate,No,1,Rural,0.211,1
L02522,Male,48,Middle-aged,Caucasian,69600.0,35800.0,659,362700.0,360,8.5,Mortgage,Graduate,No,1,Semiurban,0.248,1
L02523,Male,26,Young,Caucasian,26400.0,0.0,655,98400.0,120,4.4,Rent,Graduate,No,0,Urban,0.497,0
L02524,Male,50,Middle-aged,Caucasian,67400.0,37200.0,678,443100.0,360,13.7,Mortgage,Graduate,No,1,Rural,0.305,1
L02525,Female,30,Middle-aged,African American,33100.0,0.0,545,132100.0,120,5.7,Mortgage,Graduate,No,3+,Semiurban,0.532,0
L02526,Male,35,Middle-aged,Caucasian,67000.0,28400.0,677,322200.0,360,5.6,Mortgage,Graduate,No,0,Urban,0.243,1
L02527,Male,47,Middle-aged,Caucasian,38000.0,24900.0,603,226100.0,360,4.4,Mortgage,Graduate,Yes,2,Urban,0.259,1
L02528,Female,33,Middle-aged,Caucasian,53900.0,32800.0,658,227200.0,360,2.3,Rent,Graduate,No,0,Semiurban,0.189,1
L02529,Male,41,Middle-aged,Caucasian,68700.0,0.0,617,323100.0,360,8.4,Mortgage,Graduate,No,0,Urban,0.338,1
L02530,Female,37,Middle-aged,Caucasian,36200.0,0.0,628,171200.0,180,3.2,Mortgage,Undergraduate,No,3+,Urban,0.479,0
L02531,Female,42,Middle-aged,Hispanic,37000.0,0.0,584,150500.0,360,10.3,Rent,Graduate,No,1,Rural,0.293,0
L02532,Female,18,Young,Caucasian,32100.0,0.0,546,165300.0,360,4.9,Mortgage,Graduate,No,1,Semiurban,0.37,0
L02533,Male,19,Young,Caucasian,94900.0,0.0,533,408400.0,360,3.2,Rent,Undergraduate,No,0,Semiurban,0.31,1
L02534,Male,48,Middle-aged,Hispanic,42000.0,0.0,659,191700.0,360,10.7,Mortgage,Undergraduate,No,0,Urban,0.328,1
L02535,Female,53,Middle-aged,Caucasian,28800.0,8300.0,647,168800.0,180,30.1,Rent,Graduate,No,0,Urban,0.461,1
L02536,Female,30,Middle-aged,Hispanic,27600.0,0.0,615,124200.0,360,3.2,Mortgage,Graduate,No,1,Semiurban,0.324,1
L02537,Female,38,Middle-aged,Caucasian,43800.0,0.0,631,174000.0,360,7.1,Mortgage,Undergraduate,No,1,Rural,0.286,0
L02538,Male,44,Middle-aged,Caucasian,66300.0,0.0,596,202600.0,180,13.2,Mortgage,Graduate,No,0,Urban,0.309,1
L02539,Female,49,Middle-aged,Caucasian,24400.0,0.0,673,113200.0,360,4.7,Mortgage,Graduate,No,0,Urban,0.334,1
L02540,Female,18,Young,Caucasian,87300.0,24500.0,679,519000.0,180,1.1,Rent,Graduate,No,1,Rural,0.47,1
L02541,Female,30,Middle-aged,Caucasian,47100.0,0.0,558,191100.0,180,5.5,Mortgage,Graduate,No,3+,Rural,0.411,1
L02542,Female,37,Middle-aged,Hispanic,44300.0,0.0,645,166800.0,360,6.9,Rent,Undergraduate,No,0,Semiurban,0.271,0
L02543,Female,49,Middle-aged,African American,30600.0,0.0,673,127600.0,180,5.1,Rent,Undergraduate,No,1,Semiurban,0.422,0
L02544,Female,70,Senior,African American,32100.0,22600.0,625,204800.0,360,10.4,Mortgage,Graduate,No,2,Urban,0.269,1
L02545,Male,38,Middle-aged,Asian,46200.0,0.0,599,138700.0,360,6.7,Rent,Undergraduate,No,0,Urban,0.216,1
L02546,Male,24,Young,Caucasian,73700.0,24500.0,650,433500.0,360,3.6,Mortgage,Graduate,No,0,Rural,0.318,0
L02547,Male,45,Middle-aged,African American,39100.0,0.0,531,195300.0,360,10.1,Rent,Graduate,No,1,Semiurban,0.359,0
L02548,Male,56,Senior,Caucasian,66600.0,21100.0,594,328400.0,360,13.1,Rent,Graduate,No,2,Semiurban,0.269,1
L02549,Male,42,Middle-aged,Asian,41200.0,0.0,559,134900.0,180,6.7,Mortgage,Graduate,No,1,Semiurban,0.332,0
L02550,Male,30,Middle-aged,Caucasian,53000.0,0.0,502,239100.0,360,4.6,Mortgage,Graduate,No,0,Semiurban,0.325,0
L02551,Male,52,Middle-aged,African American,28400.0,0.0,688,94000.0,360,11.2,Rent,Undergraduate,No,0,Urban,0.238,1
L02552,Male,48,Middle-aged,Hispanic,71800.0,0.0,533,297400.0,120,8.6,Own,Graduate,No,0,Semiurban,0.552,0
L02553,Female,28,Young,Caucasian,29900.0,0.0,609,96000.0,360,11.7,Mortgage,Undergraduate,No,0,Semiurban,0.231,0
L02554,Female,45,Middle-aged,Caucasian,36600.0,0.0,668,158300.0,360,7.3,Own,Graduate,No,0,Urban,0.311,1
L02555,Male,52,Middle-aged,Caucasian,43200.0,0.0,617,160500.0,360,9.4,Mortgage,Graduate,No,0,Semiurban,0.267,1
L02556,Female,55,Middle-aged,Caucasian,36200.0,0.0,594,176300.0,180,6.2,Own,Undergraduate,No,1,Semiurban,0.493,0
L02557,Male,40,Middle-aged,African American,52400.0,27300.0,638,321400.0,120,12.3,Rent,Graduate,No,0,Semiurban,0.537,0
L02558,Male,36,Middle-aged,Hispanic,38900.0,16500.0,608,250300.0,120,5.4,Mortgage,Graduate,Yes,0,Semiurban,0.602,0
L02559,Male,55,Middle-aged,Caucasian,85600.0,0.0,734,306400.0,360,11.9,Rent,Graduate,No,2,Urban,0.258,1
L02560,Male,26,Young,Caucasian,35300.0,0.0,432,110800.0,360,4.0,Rent,Graduate,No,2,Semiurban,0.226,0
L02561,Female,46,Middle-aged,African American,34100.0,0.0,564,136300.0,360,4.2,Rent,Graduate,No,0,Semiurban,0.288,0
L02562,Female,24,Young,Caucasian,30600.0,0.0,617,97500.0,360,3.5,Own,Graduate,No,3+,Rural,0.229,1
L02563,Male,53,Middle-aged,Caucasian,58000.0,38700.0,651,267500.0,360,6.0,Mortgage,Graduate,No,0,Urban,0.199,1
L02564,Male,37,Middle-aged,Hispanic,43800.0,27900.0,658,254900.0,360,5.4,Rent,Graduate,No,0,Urban,0.256,1
L02565,Male,56,Senior,African American,36900.0,0.0,652,159900.0,360,7.6,Mortgage,Graduate,No,0,Rural,0.312,0
L02566,Male,46,Middle-aged,Caucasian,78900.0,0.0,647,244400.0,360,5.3,Mortgage,Undergraduate,No,2,Semiurban,0.223,1
L02567,Male,26,Young,Caucasian,37700.0,23800.0,574,201400.0,360,1.9,Mortgage,Graduate,No,2,Urban,0.236,1
L02568,Male,58,Senior,African American,49600.0,0.0,789,208000.0,360,12.5,Mortgage,Graduate,Yes,1,Rural,0.302,1
L02569,Female,59,Senior,Asian,30600.0,0.0,728,110300.0,360,13.2,Rent,Undergraduate,No,0,Urban,0.259,1
L02570,Female,51,Middle-aged,Asian,43600.0,15500.0,664,257400.0,120,6.5,Mortgage,Graduate,No,1,Semiurban,0.58,0
L02571,Male,31,Middle-aged,Caucasian,30400.0,0.0,598,102200.0,360,5.4,Own,Graduate,No,0,Rural,0.242,1
L02572,Female,37,Middle-aged,Hispanic,28200.0,0.0,633,100700.0,360,6.0,Rent,Graduate,Yes,2,Rural,0.257,0
L02573,Male,42,Middle-aged,Caucasian,47400.0,33100.0,673,218100.0,360,5.8,Rent,Undergraduate,No,0,Urban,0.195,1
L02574,Male,32,Middle-aged,African American,81000.0,0.0,660,264200.0,360,3.7,Mortgage,Graduate,Yes,0,Urban,0.235,1
L02575,Male,61,Senior,Caucasian,51000.0,24400.0,610,318600.0,360,7.5,Mortgage,Graduate,Yes,3+,Semiurban,0.304,1
L02576,Female,42,Middle-aged,Caucasian,80800.0,0.0,757,292900.0,360,13.9,Rent,Graduate,Yes,0,Urban,0.261,1
L02577,Female,18,Young,Hispanic,40200.0,15100.0,596,223200.0,360,9.0,Mortgage,Undergraduate,No,0,Urban,0.29,0
L02578,Female,45,Middle-aged,Caucasian,35700.0,21400.0,739,186700.0,360,6.7,Mortgage,Graduate,No,0,Semiurban,0.235,1
L02579,Male,36,Middle-aged,Caucasian,90700.0,0.0,660,401900.0,360,9.1,Mortgage,Graduate,No,2,Urban,0.319,1
L02580,Female,40,Middle-aged,Asian,49600.0,30200.0,607,334300.0,360,6.7,Rent,Undergraduate,No,0,Rural,0.301,0
L02581,Male,36,Middle-aged,African American,30300.0,29000.0,684,224300.0,360,3.1,Rent,Undergraduate,No,0,Semiurban,0.272,1
L02582,Female,50,Middle-aged,Asian,50300.0,0.0,656,158700.0,360,13.4,Mortgage,Graduate,No,0,Semiurban,0.227,1
L02583,Male,54,Middle-aged,Caucasian,43600.0,28100.0,646,287200.0,360,6.6,Rent,Undergraduate,No,0,Rural,0.288,1
L02584,Male,44,Middle-aged,Caucasian,22100.0,23100.0,534,138300.0,180,10.0,Rent,Undergraduate,No,3+,Semiurban,0.31,0
L02585,Female,36,Middle-aged,Hispanic,53500.0,0.0,659,202600.0,180,6.4,Rent,Graduate,No,3+,Rural,0.383,0
L02586,Female,40,Middle-aged,Caucasian,64600.0,0.0,605,291500.0,360,9.2,Rent,Undergraduate,No,3+,Urban,0.325,1
L02587,Male,41,Middle-aged,Hispanic,92000.0,0.0,631,472700.0,180,6.6,Rent,Undergraduate,No,0,Semiurban,0.52,0
L02588,Female,31,Middle-aged,Caucasian,49300.0,0.0,579,158300.0,360,8.0,Mortgage,Graduate,No,2,Rural,0.231,0
L02589,Male,47,Middle-aged,Asian,44400.0,0.0,655,209900.0,180,4.5,Mortgage,Graduate,No,1,Semiurban,0.479,0
L02590,Female,46,Middle-aged,Caucasian,58200.0,0.0,546,201200.0,360,4.4,Rent,Graduate,No,0,Urban,0.249,0
L02591,Female,59,Senior,Caucasian,58500.0,0.0,645,225500.0,360,17.5,Rent,Graduate,No,2,Semiurban,0.277,1
L02592,Female,56,Senior,Hispanic,70800.0,0.0,722,351600.0,360,12.6,Rent,Graduate,No,2,Semiurban,0.357,1
L02593,Female,32,Middle-aged,Caucasian,40900.0,0.0,528,172900.0,360,10.9,Own,Graduate,No,0,Semiurban,0.304,0
L02594,Male,50,Middle-aged,African American,36700.0,0.0,637,115700.0,120,7.8,Rent,Undergraduate,No,3+,Rural,0.42,0
L02595,Male,29,Young,Asian,36800.0,0.0,558,152500.0,360,4.7,Mortgage,Undergraduate,No,2,Rural,0.298,0
L02596,Female,49,Middle-aged,African American,39500.0,36800.0,603,282400.0,360,8.5,Rent,Graduate,No,1,Urban,0.266,1
L02597,Male,34,Middle-aged,Hispanic,23700.0,0.0,692,99300.0,360,3.8,Own,Graduate,No,2,Semiurban,0.301,1
L02598,Male,28,Young,Caucasian,66900.0,0.0,519,225800.0,180,8.1,Rent,Graduate,No,0,Semiurban,0.342,0
L02599,Male,44,Middle-aged,Caucasian,62000.0,0.0,684,248100.0,360,12.7,Mortgage,Graduate,No,2,Urban,0.288,1
L02600,Male,18,Young,Caucasian,61900.0,0.0,570,314400.0,180,11.9,Rent,Graduate,No,1,Urban,0.514,0
L02601,Female,19,Young,Caucasian,44000.0,0.0,555,197200.0,360,3.8,Mortgage,Graduate,No,0,Semiurban,0.322,0
L02602,Male,38,Middle-aged,Caucasian,90500.0,40900.0,585,521400.0,360,5.7,Mortgage,Graduate,No,0,Semiurban,0.285,1
L02603,Female,41,Middle-aged,Caucasian,59100.0,0.0,677,281800.0,360,12.3,Rent,Graduate,No,2,Semiurban,0.343,1
L02604,Male,36,Middle-aged,Caucasian,38500.0,31800.0,596,177700.0,360,9.7,Rent,Graduate,No,2,Semiurban,0.182,1
L02605,Male,22,Young,Caucasian,38700.0,0.0,567,166700.0,180,10.7,Mortgage,Graduate,No,3+,Rural,0.436,0
L02606,Male,31,Middle-aged,Caucasian,34500.0,0.0,603,132700.0,360,7.3,Rent,Graduate,Yes,0,Rural,0.277,1
L02607,Male,45,Middle-aged,Asian,61100.0,16400.0,629,231400.0,360,14.8,Mortgage,Graduate,No,0,Semiurban,0.215,1
L02608,Male,47,Middle-aged,Caucasian,32900.0,13000.0,499,137700.0,360,4.8,Rent,Graduate,No,1,Semiurban,0.216,0
L02609,Female,40,Middle-aged,Caucasian,64300.0,16800.0,604,348500.0,360,9.0,Mortgage,Graduate,No,2,Rural,0.309,1
L02610,Male,54,Middle-aged,Hispanic,74900.0,58500.0,717,356900.0,360,5.9,Mortgage,Undergraduate,No,2,Semiurban,0.192,1
L02611,Female,45,Middle-aged,Caucasian,29300.0,0.0,523,108500.0,360,11.0,Rent,Undergraduate,No,0,Semiurban,0.266,0
L02612,Male,32,Middle-aged,Hispanic,41000.0,25400.0,538,198600.0,360,7.1,Mortgage,Graduate,No,1,Semiurban,0.215,1
L02613,Male,37,Middle-aged,African American,39500.0,0.0,584,122800.0,360,2.9,Mortgage,Graduate,No,0,Semiurban,0.224,1
L02614,Female,24,Young,Caucasian,59300.0,63800.0,562,377000.0,120,5.5,Rent,Graduate,No,1,Urban,0.408,0
L02615,Male,39,Middle-aged,African American,74700.0,0.0,639,352800.0,360,3.9,Mortgage,Graduate,No,0,Semiurban,0.34,1
L02616,Male,54,Middle-aged,Asian,25000.0,0.0,558,76200.0,360,6.2,Mortgage,Graduate,No,0,Urban,0.219,1
L02617,Male,49,Middle-aged,Caucasian,43200.0,20700.0,607,176500.0,360,5.5,Mortgage,Graduate,No,2,Rural,0.199,1
L02618,Male,57,Senior,Hispanic,39700.0,0.0,637,183400.0,360,9.2,Rent,Graduate,No,0,Semiurban,0.332,1
L02619,Female,37,Middle-aged,Caucasian,23800.0,0.0,636,103200.0,360,3.5,Mortgage,Undergraduate,No,0,Urban,0.312,0
L02620,Male,57,Senior,Caucasian,40400.0,0.0,715,186200.0,360,6.5,Own,Graduate,No,0,Semiurban,0.332,1
L02621,Female,38,Middle-aged,Caucasian,49400.0,19400.0,603,210200.0,360,4.5,Mortgage,Undergraduate,No,0,Rural,0.22,0
L02622,Female,58,Senior,Caucasian,37300.0,21200.0,753,233700.0,360,6.0,Mortgage,Graduate,Yes,0,Rural,0.287,1
L02623,Male,40,Middle-aged,Caucasian,26400.0,21000.0,593,153400.0,360,4.9,Mortgage,Graduate,No,0,Urban,0.233,1
L02624,Female,49,Middle-aged,Hispanic,116100.0,15000.0,739,542700.0,360,9.5,Rent,Graduate,No,0,Rural,0.298,1
L02625,Male,58,Senior,Caucasian,54500.0,0.0,769,174800.0,360,10.6,Own,Undergraduate,No,0,Rural,0.231,1
L02626,Female,38,Middle-aged,Caucasian,43600.0,0.0,623,150900.0,360,20.5,Rent,Graduate,No,0,Semiurban,0.249,0
L02627,Male,43,Middle-aged,Caucasian,31600.0,0.0,530,149800.0,360,4.4,Rent,Graduate,No,0,Rural,0.341,0
L02628,Female,56,Senior,Hispanic,40800.0,0.0,645,143000.0,360,15.7,Mortgage,Undergraduate,No,0,Rural,0.252,1
L02629,Male,39,Middle-aged,Hispanic,41300.0,0.0,577,132500.0,360,5.6,Mortgage,Graduate,No,0,Semiurban,0.231,1
L02630,Male,25,Young,Asian,23000.0,0.0,562,99900.0,360,3.5,Rent,Graduate,No,2,Rural,0.312,0
L02631,Female,66,Senior,Hispanic,24000.0,0.0,760,101600.0,360,9.3,Rent,Graduate,No,2,Urban,0.305,1
L02632,Female,35,Middle-aged,Asian,57300.0,12400.0,547,279200.0,360,3.2,Rent,Graduate,No,2,Rural,0.288,0
L02633,Male,42,Middle-aged,Hispanic,96000.0,0.0,680,421600.0,180,6.9,Mortgage,Graduate,No,0,Semiurban,0.445,1
L02634,Male,54,Middle-aged,African American,45400.0,28300.0,587,249600.0,120,13.1,Rent,Graduate,No,0,Semiurban,0.451,0
L02635,Female,33,Middle-aged,Caucasian,64800.0,37300.0,605,348200.0,360,12.7,Rent,Undergraduate,No,0,Rural,0.245,1
L02636,Female,28,Young,Caucasian,39200.0,74800.0,641,401700.0,360,18.0,Own,Undergraduate,No,1,Rural,0.254,1
L02637,Female,44,Middle-aged,African American,30800.0,17700.0,632,169100.0,360,11.6,Mortgage,Graduate,No,0,Semiurban,0.251,1
L02638,Female,19,Young,Caucasian,64500.0,0.0,589,283100.0,360,5.0,Rent,Graduate,No,1,Urban,0.316,0
L02639,Female,37,Middle-aged,Caucasian,81000.0,18500.0,604,327200.0,360,6.3,Mortgage,Graduate,No,1,Semiurban,0.237,1
L02640,Female,43,Middle-aged,Caucasian,70100.0,15000.0,662,387400.0,360,14.1,Rent,Undergraduate,No,3+,Rural,0.328,1
L02641,Male,37,Middle-aged,Hispanic,28800.0,0.0,704,88000.0,360,9.6,Rent,Graduate,Yes,3+,Semiurban,0.22,1
L02642,Male,22,Young,Caucasian,47700.0,38700.0,540,290700.0,360,1.5,Own,Graduate,No,2,Rural,0.242,0
L02643,Female,60,Senior,Asian,46600.0,0.0,764,180000.0,360,12.0,Rent,Undergraduate,No,0,Rural,0.278,1
L02644,Female,42,Middle-aged,African American,28700.0,0.0,680,125100.0,360,6.4,Mortgage,Graduate,No,3+,Semiurban,0.314,1
L02645,Male,58,Senior,Hispanic,51500.0,0.0,733,196200.0,360,10.5,Mortgage,Undergraduate,No,1,Semiurban,0.274,1
L02646,Male,37,Middle-aged,Hispanic,61300.0,33100.0,646,364400.0,360,14.3,Rent,Graduate,No,1,Urban,0.278,1
L02647,Female,30,Middle-aged,Asian,62200.0,14200.0,688,212500.0,360,7.1,Mortgage,Graduate,No,0,Semiurban,0.2,1
L02648,Male,44,Middle-aged,Caucasian,96200.0,14000.0,605,405700.0,360,17.9,Mortgage,Graduate,No,0,Urban,0.265,1
L02649,Male,38,Middle-aged,Caucasian,43000.0,35500.0,574,301600.0,360,13.1,Mortgage,Undergraduate,No,1,Semiurban,0.276,0
L02650,Male,26,Young,Caucasian,28400.0,0.0,630,101200.0,360,1.9,Mortgage,Graduate,No,0,Rural,0.256,1
L02651,Male,58,Senior,Asian,56600.0,0.0,673,176500.0,360,6.1,Mortgage,Undergraduate,No,0,Semiurban,0.224,1
L02652,Male,33,Middle-aged,Hispanic,93700.0,26700.0,638,444400.0,180,4.7,Mortgage,Graduate,No,0,Urban,0.374,0
L02653,Male,18,Young,Asian,40500.0,0.0,432,210500.0,360,10.0,Mortgage,Graduate,No,0,Rural,0.374,0
L02654,Male,56,Senior,Caucasian,64500.0,0.0,632,202800.0,360,7.0,Mortgage,Graduate,No,0,Semiurban,0.226,1
L02655,Female,34,Middle-aged,Caucasian,55000.0,0.0,547,173700.0,180,8.3,Mortgage,Graduate,No,0,Semiurban,0.32,0
L02656,Male,33,Middle-aged,Caucasian,52900.0,0.0,644,229500.0,360,5.5,Mortgage,Graduate,No,0,Semiurban,0.312,1
L02657,Female,19,Young,Caucasian,41800.0,32200.0,573,210100.0,360,7.0,Mortgage,Graduate,No,0,Semiurban,0.204,0
L02658,Female,61,Senior,Caucasian,28800.0,0.0,599,113000.0,180,7.4,Mortgage,Graduate,No,0,Urban,0.397,0
L02659,Male,25,Young,Caucasian,20000.0,14200.0,735,134200.0,360,2.4,Mortgage,Undergraduate,No,3+,Semiurban,0.282,1
L02660,Female,41,Middle-aged,Asian,26700.0,8600.0,668,107900.0,360,4.8,Own,Undergraduate,No,0,Urban,0.22,1
L02661,Male,51,Middle-aged,Caucasian,41900.0,0.0,696,193500.0,360,8.9,Own,Graduate,Yes,1,Rural,0.332,1
L02662,Female,46,Middle-aged,Caucasian,64600.0,0.0,775,267100.0,360,5.9,Mortgage,Graduate,Yes,0,Rural,0.297,1
L02663,Male,40,Middle-aged,Hispanic,42300.0,0.0,664,213000.0,360,11.6,Mortgage,Graduate,No,0,Urban,0.362,0
L02664,Female,20,Young,Caucasian,33900.0,14200.0,533,215200.0,120,2.4,Mortgage,Graduate,No,0,Rural,0.596,0
L02665,Female,31,Middle-aged,Caucasian,29200.0,0.0,539,119500.0,360,7.4,Mortgage,Graduate,Yes,3+,Rural,0.294,0
L02666,Male,43,Middle-aged,Caucasian,63700.0,0.0,696,274900.0,360,18.6,Own,Graduate,No,0,Semiurban,0.31,1
L02667,Male,31,Middle-aged,Caucasian,84400.0,31100.0,513,472400.0,360,6.6,Mortgage,Undergraduate,Yes,0,Urban,0.294,0
L02668,Female,43,Middle-aged,Caucasian,63800.0,0.0,633,237100.0,360,5.1,Own,Graduate,Yes,1,Semiurban,0.267,1
L02669,Female,49,Middle-aged,Caucasian,53100.0,63300.0,508,304900.0,180,13.5,Mortgage,Graduate,No,2,Semiurban,0.265,0
L02670,Male,52,Middle-aged,Caucasian,27200.0,17800.0,628,189700.0,360,5.2,Rent,Graduate,No,1,Urban,0.303,0
L02671,Female,26,Young,Caucasian,36200.0,0.0,642,143800.0,360,2.7,Mortgage,Undergraduate,No,0,Urban,0.286,1
L02672,Male,67,Senior,Caucasian,106800.0,68700.0,725,430800.0,120,9.8,Mortgage,Undergraduate,No,1,Urban,0.327,1
L02673,Female,50,Middle-aged,Hispanic,57600.0,0.0,700,281400.0,360,5.9,Own,Graduate,Yes,3+,Urban,0.351,1
L02674,Male,40,Middle-aged,Caucasian,26500.0,33400.0,722,192700.0,120,7.9,Own,Undergraduate,No,2,Rural,0.429,1
L02675,Female,54,Middle-aged,Hispanic,36000.0,11000.0,624,141500.0,120,9.5,Mortgage,Graduate,Yes,0,Rural,0.401,1
L02676,Male,69,Senior,Caucasian,56700.0,0.0,840,173900.0,120,10.3,Mortgage,Graduate,No,0,Semiurban,0.409,1
L02677,Male,23,Young,Caucasian,36100.0,0.0,599,132000.0,360,2.5,Mortgage,Graduate,No,0,Semiurban,0.263,1
L02678,Male,38,Middle-aged,Asian,20000.0,24500.0,652,168200.0,360,5.8,Mortgage,Graduate,Yes,1,Rural,0.272,1
L02679,Male,18,Young,Caucasian,51000.0,0.0,554,260100.0,180,1.7,Own,Undergraduate,No,0,Rural,0.516,0
L02680,Male,43,Middle-aged,Caucasian,35800.0,33900.0,713,199300.0,360,5.0,Rent,Graduate,No,0,Rural,0.206,1
L02681,Male,45,Middle-aged,African American,28700.0,0.0,675,140100.0,180,6.2,Mortgage,Graduate,Yes,0,Semiurban,0.494,1
L02682,Female,40,Middle-aged,Caucasian,36200.0,0.0,700,144600.0,360,7.9,Mortgage,Graduate,No,0,Semiurban,0.287,1
L02683,Male,33,Middle-aged,Asian,46500.0,6600.0,612,223700.0,180,7.5,Rent,Undergraduate,Yes,0,Rural,0.427,0
L02684,Male,18,Young,Hispanic,44000.0,0.0,509,165100.0,360,1.8,Own,Graduate,No,0,Rural,0.27,0
L02685,Male,45,Middle-aged,Caucasian,34400.0,30400.0,645,210600.0,360,18.8,Mortgage,Graduate,Yes,3+,Rural,0.234,1
L02686,Male,58,Senior,Caucasian,44900.0,0.0,544,164400.0,360,7.5,Mortgage,Graduate,No,2,Rural,0.263,1
L02687,Male,33,Middle-aged,Caucasian,24300.0,0.0,571,76200.0,120,8.5,Mortgage,Graduate,Yes,0,Semiurban,0.418,0
L02688,Male,46,Middle-aged,Hispanic,50000.0,39600.0,643,235700.0,360,4.6,Own,Undergraduate,No,0,Semiurban,0.189,1
L02689,Male,22,Young,Asian,20000.0,0.0,714,73100.0,360,6.1,Rent,Undergraduate,No,0,Urban,0.263,1
L02690,Male,46,Middle-aged,Hispanic,39300.0,26900.0,642,278800.0,360,7.3,Rent,Graduate,No,1,Urban,0.303,1
L02691,Male,36,Middle-aged,Caucasian,70800.0,21400.0,642,425300.0,360,6.9,Mortgage,Graduate,No,0,Semiurban,0.332,1
L02692,Female,31,Middle-aged,Asian,27300.0,20200.0,587,185100.0,360,3.0,Mortgage,Undergraduate,No,3+,Rural,0.28,0
L02693,Male,31,Middle-aged,Caucasian,65300.0,19600.0,541,266900.0,120,4.8,Mortgage,Graduate,Yes,1,Semiurban,0.419,0
L02694,Male,36,Middle-aged,Caucasian,77800.0,0.0,644,310700.0,360,10.0,Mortgage,Graduate,No,3+,Urban,0.287,1
L02695,Female,45,Middle-aged,Hispanic,20000.0,12200.0,612,105700.0,360,11.3,Rent,Graduate,No,0,Rural,0.236,1
L02696,Male,25,Young,Caucasian,46100.0,0.0,539,178400.0,360,2.4,Mortgage,Graduate,No,1,Semiurban,0.278,0
L02697,Female,36,Middle-aged,Hispanic,20000.0,0.0,521,62000.0,180,4.9,Mortgage,Graduate,No,0,Rural,0.314,0
L02698,Male,40,Middle-aged,Caucasian,46800.0,0.0,591,196700.0,180,3.3,Own,Graduate,No,0,Semiurban,0.426,0
L02699,Female,27,Young,Asian,41500.0,0.0,600,131300.0,360,1.8,Rent,Graduate,No,2,Urban,0.228,0
L02700,Female,62,Senior,Caucasian,20000.0,15600.0,604,136100.0,360,7.3,Own,Graduate,No,0,Semiurban,0.275,1
L02701,Male,30,Middle-aged,Caucasian,105900.0,0.0,589,482400.0,360,3.5,Rent,Graduate,No,0,Semiurban,0.328,1
L02702,Female,32,Middle-aged,Caucasian,46700.0,0.0,625,177200.0,180,9.2,Rent,Undergraduate,No,0,Semiurban,0.384,0
L02703,Male,29,Young,Caucasian,34900.0,0.0,626,155500.0,180,5.2,Mortgage,Undergraduate,No,0,Urban,0.451,0
L02704,Male,62,Senior,Caucasian,88100.0,0.0,693,310500.0,360,14.5,Mortgage,Undergraduate,No,1,Urban,0.254,1
L02705,Female,47,Middle-aged,African American,20000.0,17900.0,575,106300.0,360,11.4,Mortgage,Graduate,No,1,Urban,0.202,0
L02706,Female,29,Young,Caucasian,25500.0,0.0,622,94500.0,360,6.1,Mortgage,Graduate,No,2,Rural,0.267,0
L02707,Male,54,Middle-aged,Caucasian,20000.0,0.0,608,95900.0,360,8.9,Rent,Graduate,No,3+,Urban,0.345,0
L02708,Male,43,Middle-aged,Caucasian,100800.0,0.0,596,350200.0,360,17.1,Rent,Graduate,No,0,Semiurban,0.25,1
L02709,Male,44,Middle-aged,Caucasian,56000.0,0.0,695,238900.0,360,8.1,Mortgage,Graduate,No,0,Rural,0.307,1
L02710,Male,36,Middle-aged,Asian,63800.0,0.0,649,220200.0,180,6.0,Mortgage,Graduate,No,0,Semiurban,0.349,1
L02711,Female,32,Middle-aged,Hispanic,41500.0,0.0,597,151100.0,360,12.3,Rent,Undergraduate,Yes,0,Urban,0.262,0
L02712,Male,45,Middle-aged,Caucasian,61700.0,0.0,545,217800.0,360,4.4,Rent,Graduate,No,2,Urban,0.254,1
L02713,Male,34,Middle-aged,Caucasian,50600.0,0.0,569,225200.0,360,7.7,Rent,Graduate,Yes,1,Semiurban,0.32,0
L02714,Male,62,Senior,Asian,54600.0,0.0,780,228500.0,180,7.2,Mortgage,Graduate,No,0,Urban,0.424,1
L02715,Male,25,Young,Caucasian,51200.0,23300.0,510,294100.0,360,9.6,Own,Graduate,No,2,Urban,0.284,0
L02716,Male,59,Senior,Caucasian,38400.0,0.0,627,134200.0,360,14.0,Own,Graduate,No,1,Semiurban,0.251,1
L02717,Female,39,Middle-aged,Caucasian,40900.0,16700.0,613,150400.0,360,6.7,Mortgage,Graduate,No,0,Urban,0.188,1
L02718,Female,44,Middle-aged,Caucasian,46500.0,14300.0,645,245300.0,360,9.3,Rent,Undergraduate,No,0,Urban,0.29,0
L02719,Female,50,Middle-aged,Caucasian,43600.0,0.0,543,142100.0,360,12.2,Mortgage,Undergraduate,No,2,Rural,0.234,1
L02720,Male,33,Middle-aged,Caucasian,27100.0,32200.0,604,157400.0,360,5.6,Mortgage,Graduate,No,0,Semiurban,0.191,1
L02721,Female,51,Middle-aged,African American,20000.0,26500.0,514,125900.0,360,16.8,Rent,Graduate,No,3+,Rural,0.195,0
L02722,Female,18,Young,Caucasian,64300.0,16800.0,607,342900.0,120,2.9,Own,Graduate,No,0,Urban,0.563,0
L02723,Female,32,Middle-aged,Caucasian,36900.0,0.0,561,162700.0,360,13.2,Rent,Graduate,No,0,Urban,0.317,0
L02724,Male,29,Young,Caucasian,61900.0,0.0,564,211400.0,360,6.0,Mortgage,Graduate,Yes,1,Semiurban,0.246,0
L02725,Male,25,Young,Caucasian,31700.0,0.0,635,137700.0,360,3.8,Own,Graduate,No,0,Semiurban,0.313,0
L02726,Male,38,Middle-aged,Caucasian,27200.0,0.0,587,124900.0,360,3.0,Rent,Graduate,No,2,Rural,0.33,0
L02727,Male,45,Middle-aged,Hispanic,31500.0,28400.0,644,180800.0,360,5.8,Rent,Graduate,No,1,Rural,0.217,1
L02728,Male,49,Middle-aged,Caucasian,44800.0,17600.0,662,192500.0,180,14.8,Rent,Undergraduate,No,3+,Semiurban,0.312,1
L02729,Male,43,Middle-aged,African American,30100.0,0.0,687,136300.0,360,6.5,Rent,Graduate,No,1,Semiurban,0.326,1
L02730,Male,33,Middle-aged,Caucasian,82300.0,22700.0,565,413000.0,120,5.0,Rent,Graduate,No,0,Rural,0.524,0
L02731,Female,45,Middle-aged,African American,34200.0,35900.0,673,169400.0,180,7.4,Mortgage,Graduate,No,0,Rural,0.245,1
L02732,Male,42,Middle-aged,Caucasian,102700.0,0.0,669,462200.0,360,5.3,Rent,Undergraduate,No,0,Urban,0.324,1
L02733,Male,52,Middle-aged,Caucasian,57600.0,0.0,624,236100.0,360,8.5,Mortgage,Graduate,No,3+,Semiurban,0.295,1
L02734,Female,50,Middle-aged,Asian,20000.0,0.0,545,93900.0,360,7.2,Mortgage,Graduate,No,0,Semiurban,0.338,0
L02735,Female,41,Middle-aged,Caucasian,63600.0,16300.0,671,247900.0,360,15.5,Mortgage,Undergraduate,No,1,Rural,0.223,1
L02736,Female,30,Middle-aged,Asian,22800.0,12300.0,530,105100.0,120,6.0,Rent,Undergraduate,No,0,Rural,0.399,0
L02737,Female,33,Middle-aged,Caucasian,45700.0,0.0,640,193000.0,360,11.2,Mortgage,Undergraduate,No,0,Urban,0.304,0
L02738,Male,34,Middle-aged,Hispanic,32400.0,0.0,715,132300.0,180,8.2,Mortgage,Graduate,No,0,Rural,0.413,1
L02739,Female,37,Middle-aged,Asian,98200.0,20500.0,715,422300.0,120,4.0,Rent,Graduate,No,1,Rural,0.474,1
L02740,Male,44,Middle-aged,Hispanic,78500.0,11100.0,735,395000.0,360,14.0,Mortgage,Undergraduate,No,0,Urban,0.317,1
L02741,Male,49,Middle-aged,Caucasian,36400.0,0.0,582,155500.0,180,5.1,Rent,Graduate,No,0,Semiurban,0.433,0
L02742,Male,40,Middle-aged,Caucasian,46600.0,0.0,666,214300.0,360,6.3,Rent,Graduate,No,0,Semiurban,0.331,0
L02743,Male,41,Middle-aged,Asian,54100.0,19200.0,559,215200.0,180,4.8,Mortgage,Graduate,No,1,Semiurban,0.297,1
L02744,Male,42,Middle-aged,Hispanic,62300.0,0.0,621,289100.0,360,7.5,Own,Graduate,No,0,Semiurban,0.334,0
L02745,Female,34,Middle-aged,Hispanic,37200.0,0.0,708,150200.0,360,4.2,Mortgage,Graduate,No,0,Urban,0.29,1
L02746,Female,29,Young,Caucasian,27700.0,19100.0,552,116500.0,360,8.1,Mortgage,Graduate,No,0,Rural,0.179,0
L02747,Female,19,Young,Asian,31300.0,0.0,643,110400.0,360,14.0,Rent,Undergraduate,No,1,Urban,0.254,0
L02748,Male,32,Middle-aged,Caucasian,48900.0,6400.0,671,160000.0,360,8.3,Mortgage,Graduate,Yes,0,Semiurban,0.208,1
L02749,Female,46,Middle-aged,Caucasian,68300.0,0.0,711,275100.0,360,6.4,Rent,Graduate,No,3+,Urban,0.29,1
L02750,Female,32,Middle-aged,Caucasian,49400.0,0.0,534,184400.0,360,6.7,Rent,Undergraduate,No,0,Semiurban,0.269,0
L02751,Male,38,Middle-aged,Caucasian,36000.0,0.0,640,188000.0,360,14.0,Mortgage,Graduate,No,1,Semiurban,0.376,1
L02752,Female,46,Middle-aged,Hispanic,47700.0,0.0,620,236300.0,180,5.8,Rent,Graduate,No,2,Rural,0.502,0
L02753,Male,47,Middle-aged,Caucasian,42000.0,0.0,692,204000.0,360,5.0,Mortgage,Graduate,No,0,Rural,0.349,1
L02754,Male,28,Young,African American,56000.0,28700.0,510,294300.0,360,2.2,Own,Graduate,No,0,Semiurban,0.25,0
L02755,Female,52,Middle-aged,Caucasian,114500.0,0.0,714,551400.0,120,8.5,Mortgage,Undergraduate,No,2,Semiurban,0.642,1
L02756,Male,54,Middle-aged,Caucasian,42500.0,20100.0,651,191600.0,360,12.0,Own,Undergraduate,Yes,0,Semiurban,0.22,1
L02757,Male,27,Young,Caucasian,67600.0,0.0,498,288100.0,360,6.7,Rent,Graduate,No,0,Semiurban,0.307,0
L02758,Female,31,Middle-aged,Caucasian,30900.0,0.0,541,120000.0,360,5.0,Mortgage,Graduate,No,0,Semiurban,0.279,1
L02759,Female,55,Middle-aged,Caucasian,39800.0,0.0,527,134700.0,180,12.1,Mortgage,Graduate,No,0,Urban,0.343,0
L02760,Male,39,Middle-aged,Asian,49600.0,39800.0,577,224100.0,360,8.2,Rent,Graduate,No,1,Semiurban,0.18,1
L02761,Male,18,Young,Hispanic,40800.0,0.0,615,173600.0,360,4.9,Rent,Graduate,No,0,Urban,0.306,0
L02762,Male,24,Young,Caucasian,131300.0,0.0,675,422700.0,360,2.0,Mortgage,Undergraduate,No,0,Urban,0.232,1
L02763,Female,38,Middle-aged,Caucasian,36900.0,24500.0,619,230600.0,360,4.9,Rent,Graduate,Yes,1,Rural,0.27,0
L02764,Male,27,Young,Caucasian,62000.0,0.0,550,314500.0,360,3.5,Mortgage,Graduate,No,2,Urban,0.365,0
L02765,Male,36,Middle-aged,African American,20000.0,0.0,660,67300.0,180,11.0,Rent,Graduate,No,0,Semiurban,0.341,0
L02766,Female,41,Middle-aged,Caucasian,49500.0,0.0,622,201000.0,360,10.9,Rent,Graduate,No,3+,Rural,0.292,1
L02767,Male,58,Senior,Caucasian,77400.0,31800.0,673,439900.0,360,7.5,Mortgage,Graduate,No,0,Rural,0.29,1
L02768,Male,37,Middle-aged,Caucasian,39700.0,0.0,666,144700.0,360,3.1,Mortgage,Graduate,No,1,Semiurban,0.262,1
L02769,Male,53,Middle-aged,Hispanic,20000.0,39900.0,559,209400.0,120,12.6,Rent,Graduate,No,0,Urban,0.466,0
L02770,Female,58,Senior,Caucasian,41000.0,20600.0,656,259900.0,360,8.6,Rent,Graduate,No,0,Rural,0.304,1
L02771,Male,58,Senior,Caucasian,49400.0,22000.0,674,197700.0,360,7.2,Own,Graduate,No,2,Semiurban,0.199,1
L02772,Male,44,Middle-aged,Hispanic,58900.0,0.0,603,180300.0,360,4.5,Mortgage,Graduate,No,1,Semiurban,0.22,1
L02773,Female,18,Young,African American,71200.0,10000.0,646,397700.0,120,0.1,Mortgage,Undergraduate,No,3+,Urban,0.653,0
L02774,Male,46,Middle-aged,African American,33700.0,0.0,647,173600.0,360,7.0,Own,Graduate,No,2,Urban,0.371,1
L02775,Male,53,Middle-aged,Caucasian,34800.0,0.0,624,137500.0,360,7.3,Mortgage,Graduate,No,0,Urban,0.284,1
L02776,Male,40,Middle-aged,Hispanic,27700.0,0.0,597,86300.0,360,9.3,Mortgage,Graduate,No,2,Rural,0.224,1
L02777,Male,61,Senior,African American,42500.0,40900.0,679,282500.0,360,25.2,Mortgage,Graduate,No,0,Urban,0.244,1
L02778,Male,51,Middle-aged,Hispanic,53400.0,0.0,689,195500.0,360,6.1,Mortgage,Graduate,No,0,Urban,0.263,1
L02779,Male,47,Middle-aged,African American,31500.0,0.0,622,160900.0,360,5.7,Rent,Graduate,No,0,Urban,0.367,0
L02780,Male,54,Middle-aged,African American,53500.0,20500.0,714,308500.0,120,7.5,Mortgage,Undergraduate,Yes,2,Semiurban,0.555,0
L02781,Male,45,Middle-aged,Caucasian,59100.0,0.0,677,263700.0,360,7.2,Mortgage,Graduate,No,0,Urban,0.321,1
L02782,Female,18,Young,Caucasian,42400.0,0.0,476,154300.0,360,6.0,Mortgage,Graduate,Yes,1,Rural,0.262,0
L02783,Female,35,Middle-aged,Asian,29000.0,13300.0,514,165200.0,360,4.7,Rent,Graduate,No,0,Urban,0.281,0
L02784,Female,55,Middle-aged,Caucasian,34400.0,31900.0,703,187700.0,360,6.1,Mortgage,Undergraduate,No,2,Rural,0.204,1
L02785,Female,31,Middle-aged,Caucasian,20000.0,0.0,570,61700.0,360,8.5,Mortgage,Graduate,No,2,Rural,0.222,0
L02786,Male,38,Middle-aged,Caucasian,53900.0,0.0,632,223400.0,180,10.9,Rent,Graduate,No,0,Rural,0.42,0
L02787,Female,28,Young,Asian,42100.0,7400.0,667,188800.0,360,2.9,Rent,Graduate,No,1,Urban,0.274,1
L02788,Male,62,Senior,Caucasian,52900.0,0.0,657,249500.0,360,7.3,Mortgage,Graduate,No,0,Urban,0.339,1
L02789,Female,61,Senior,Asian,51000.0,0.0,657,252300.0,360,10.2,Own,Graduate,No,1,Urban,0.356,1
L02790,Female,30,Middle-aged,African American,37200.0,17800.0,545,177300.0,360,3.0,Own,Graduate,No,2,Semiurban,0.232,0
L02791,Female,42,Middle-aged,Caucasian,39900.0,0.0,640,160100.0,360,5.9,Mortgage,Graduate,No,3+,Urban,0.289,1
L02792,Female,32,Middle-aged,Caucasian,42500.0,0.0,640,172500.0,120,9.6,Mortgage,Graduate,No,0,Urban,0.541,0
L02793,Female,48,Middle-aged,Caucasian,23800.0,0.0,579,88800.0,120,5.7,Own,Undergraduate,No,0,Urban,0.497,0
L02794,Male,47,Middle-aged,Caucasian,38800.0,0.0,569,181300.0,360,12.6,Mortgage,Graduate,No,0,Semiurban,0.336,0
L02795,Male,50,Middle-aged,Caucasian,50000.0,34700.0,795,286000.0,360,10.4,Mortgage,Graduate,No,2,Urban,0.243,1
L02796,Female,44,Middle-aged,Caucasian,31000.0,0.0,608,156700.0,360,5.1,Rent,Undergraduate,Yes,1,Urban,0.364,0
L02797,Male,75,Senior,Hispanic,62200.0,0.0,644,277600.0,360,12.3,Rent,Graduate,No,0,Urban,0.321,1
L02798,Female,28,Young,Caucasian,32000.0,17700.0,632,144100.0,120,6.3,Own,Graduate,No,0,Rural,0.386,1
L02799,Female,20,Young,African American,34700.0,0.0,577,117000.0,360,1.4,Rent,Graduate,Yes,1,Urban,0.243,0
L02800,Male,36,Middle-aged,Caucasian,51400.0,15400.0,552,228800.0,360,3.5,Rent,Undergraduate,No,0,Rural,0.246,0
L02801,Female,22,Young,African American,42900.0,0.0,619,162200.0,360,4.4,Mortgage,Graduate,Yes,0,Semiurban,0.272,0
L02802,Female,23,Young,Caucasian,59700.0,17900.0,554,271200.0,360,6.7,Own,Undergraduate,No,0,Rural,0.251,1
L02803,Female,28,Young,African American,42100.0,0.0,693,143700.0,360,4.6,Own,Graduate,No,2,Semiurban,0.246,1
L02804,Female,29,Young,African American,20000.0,0.0,612,104000.0,360,2.0,Rent,Undergraduate,No,0,Rural,0.374,0
L02805,Male,29,Young,African American,63200.0,0.0,600,210300.0,180,14.6,Mortgage,Graduate,No,1,Urban,0.337,0
L02806,Female,47,Middle-aged,Caucasian,76800.0,8100.0,661,362500.0,180,10.3,Own,Undergraduate,No,3+,Rural,0.432,1
L02807,Female,34,Middle-aged,African American,26300.0,31500.0,649,130600.0,180,7.3,Mortgage,Graduate,No,0,Urban,0.229,1
L02808,Male,38,Middle-aged,Caucasian,53900.0,20700.0,634,254300.0,360,8.2,Rent,Graduate,No,1,Rural,0.245,0
L02809,Male,51,Middle-aged,Caucasian,34300.0,0.0,754,126800.0,360,7.5,Mortgage,Graduate,No,3+,Urban,0.266,1
L02810,Female,31,Middle-aged,Caucasian,20000.0,0.0,653,77200.0,360,22.8,Mortgage,Graduate,No,0,Semiurban,0.278,1
L02811,Male,37,Middle-aged,Caucasian,36500.0,19200.0,636,192600.0,360,3.6,Mortgage,Graduate,Yes,3+,Semiurban,0.249,1
L02812,Female,45,Middle-aged,Caucasian,33600.0,19300.0,561,191000.0,360,10.8,Mortgage,Graduate,No,0,Semiurban,0.26,0
L02813,Female,18,Young,African American,27600.0,22200.0,563,170100.0,360,2.7,Mortgage,Graduate,No,0,Semiurban,0.246,0
L02814,Male,18,Young,Caucasian,33400.0,0.0,605,147600.0,120,10.6,Mortgage,Graduate,No,2,Semiurban,0.589,0
L02815,Female,45,Middle-aged,Caucasian,31100.0,0.0,566,152400.0,360,10.4,Mortgage,Graduate,Yes,0,Rural,0.353,1
L02816,Female,46,Middle-aged,Caucasian,41500.0,0.0,702,207300.0,360,8.3,Own,Graduate,No,1,Urban,0.359,1
L02817,Male,65,Senior,African American,28800.0,0.0,585,134200.0,120,20.9,Own,Undergraduate,Yes,0,Urban,0.621,0
L02818,Male,42,Middle-aged,Caucasian,60900.0,30500.0,596,245200.0,360,15.8,Mortgage,Graduate,Yes,1,Rural,0.193,1
L02819,Male,50,Middle-aged,Caucasian,64400.0,21500.0,615,391700.0,120,5.1,Own,Graduate,No,0,Urban,0.607,1
L02820,Male,38,Middle-aged,African American,101600.0,0.0,705,521400.0,360,4.1,Mortgage,Graduate,No,0,Rural,0.369,1
L02821,Female,44,Middle-aged,Caucasian,65400.0,0.0,593,300900.0,180,9.5,Own,Undergraduate,No,1,Semiurban,0.466,0
L02822,Male,61,Senior,Caucasian,54000.0,0.0,549,224900.0,360,19.2,Mortgage,Graduate,No,0,Urban,0.3,1
L02823,Female,18,Young,Caucasian,32500.0,11100.0,641,136900.0,360,2.8,Mortgage,Graduate,No,2,Urban,0.226,1
L02824,Male,45,Middle-aged,African American,44100.0,29400.0,599,281100.0,180,4.2,Rent,Undergraduate,No,3+,Rural,0.387,0
L02825,Male,66,Senior,African American,44700.0,0.0,593,222400.0,360,12.4,Rent,Graduate,No,0,Rural,0.358,0
L02826,Female,44,Middle-aged,Caucasian,33900.0,28300.0,570,220300.0,120,5.0,Mortgage,Graduate,No,2,Urban,0.472,0
L02827,Female,60,Senior,Caucasian,57000.0,0.0,761,251700.0,180,10.3,Mortgage,Graduate,Yes,0,Urban,0.447,1
L02828,Male,33,Middle-aged,Caucasian,28000.0,0.0,555,96200.0,360,4.7,Rent,Graduate,No,3+,Rural,0.247,0
L02829,Male,40,Middle-aged,African American,35600.0,24400.0,604,185000.0,360,7.4,Mortgage,Graduate,No,3+,Semiurban,0.222,1
L02830,Male,41,Middle-aged,Hispanic,55100.0,37700.0,601,348000.0,360,16.9,Rent,Graduate,No,1,Urban,0.27,1
L02831,Male,18,Young,Caucasian,43700.0,22400.0,511,169100.0,180,3.3,Rent,Undergraduate,No,0,Semiurban,0.259,0
L02832,Female,26,Young,Caucasian,38400.0,0.0,548,170600.0,120,1.4,Rent,Graduate,No,2,Rural,0.592,0
L02833,Male,27,Young,Asian,46400.0,0.0,522,219200.0,360,5.7,Mortgage,Graduate,No,3+,Semiurban,0.34,0
L02834,Male,50,Middle-aged,Asian,35100.0,0.0,683,131700.0,360,6.8,Own,Graduate,No,0,Semiurban,0.27,1
L02835,Male,51,Middle-aged,Hispanic,70600.0,0.0,662,223900.0,180,12.5,Own,Graduate,No,0,Urban,0.321,1
L02836,Female,44,Middle-aged,African American,21200.0,0.0,754,102700.0,360,7.1,Mortgage,Graduate,No,0,Semiurban,0.349,1
L02837,Female,50,Middle-aged,Hispanic,41800.0,0.0,588,138700.0,360,11.6,Mortgage,Undergraduate,No,2,Urban,0.239,0
L02838,Male,39,Middle-aged,Caucasian,57800.0,0.0,576,221600.0,120,15.1,Mortgage,Graduate,Yes,0,Semiurban,0.511,1
L02839,Female,55,Middle-aged,Caucasian,28500.0,0.0,720,130900.0,120,7.8,Mortgage,Graduate,No,1,Semiurban,0.612,0
L02840,Male,41,Middle-aged,Caucasian,50500.0,38400.0,688,343400.0,360,26.2,Rent,Undergraduate,No,0,Semiurban,0.278,1
L02841,Male,41,Middle-aged,African American,27300.0,44500.0,629,252100.0,360,4.3,Mortgage,Graduate,No,2,Urban,0.253,1
L02842,Female,37,Middle-aged,Caucasian,72700.0,29500.0,569,370800.0,180,8.0,Mortgage,Graduate,Yes,0,Semiurban,0.367,0
L02843,Female,49,Middle-aged,Caucasian,26400.0,0.0,722,107500.0,360,4.8,Rent,Graduate,No,3+,Semiurban,0.293,0
L02844,Female,35,Middle-aged,Caucasian,32100.0,0.0,596,157600.0,360,3.7,Mortgage,Graduate,No,0,Semiurban,0.353,1
L02845,Female,52,Middle-aged,Caucasian,25500.0,0.0,595,108800.0,360,10.1,Mortgage,Graduate,No,0,Urban,0.307,1
L02846,Male,27,Young,Hispanic,25600.0,0.0,652,110100.0,180,1.6,Rent,Graduate,No,0,Semiurban,0.436,0
L02847,Female,27,Young,Caucasian,78700.0,0.0,625,312900.0,360,1.9,Own,Graduate,No,0,Semiurban,0.286,1
L02848,Male,49,Middle-aged,Caucasian,60900.0,0.0,575,233800.0,360,6.4,Rent,Undergraduate,Yes,1,Rural,0.276,0
L02849,Female,39,Middle-aged,Asian,44100.0,15200.0,619,213100.0,360,7.4,Rent,Graduate,No,2,Semiurban,0.259,1
L02850,Male,35,Middle-aged,Caucasian,37700.0,20600.0,558,186000.0,360,2.6,Mortgage,Undergraduate,No,1,Rural,0.23,1
L02851,Female,51,Middle-aged,African American,45800.0,0.0,455,172800.0,360,8.2,Mortgage,Graduate,No,3+,Rural,0.271,0
L02852,Male,33,Middle-aged,Asian,35300.0,40900.0,547,299000.0,360,7.2,Mortgage,Undergraduate,No,0,Semiurban,0.282,1
L02853,Male,38,Middle-aged,Hispanic,60600.0,0.0,596,227600.0,360,5.6,Rent,Graduate,No,3+,Urban,0.27,0
L02854,Female,57,Senior,Hispanic,25900.0,10400.0,559,112500.0,120,6.2,Mortgage,Graduate,No,0,Urban,0.413,0
L02855,Male,59,Senior,Caucasian,37900.0,18100.0,676,180500.0,360,10.9,Mortgage,Graduate,No,2,Urban,0.232,1
L02856,Male,59,Senior,Caucasian,66400.0,18600.0,617,330400.0,360,10.8,Own,Undergraduate,No,0,Semiurban,0.28,1
L02857,Male,37,Middle-aged,Caucasian,69300.0,0.0,662,349900.0,360,6.4,Rent,Graduate,No,0,Semiurban,0.363,1
L02858,Male,55,Middle-aged,Caucasian,62300.0,0.0,581,297300.0,360,11.5,Rent,Graduate,No,0,Rural,0.343,0
L02859,Male,29,Young,Caucasian,32200.0,0.0,646,157600.0,360,2.8,Rent,Graduate,No,2,Urban,0.352,0
L02860,Male,30,Middle-aged,Caucasian,41000.0,0.0,524,202200.0,180,7.5,Mortgage,Graduate,No,1,Semiurban,0.499,0
L02861,Female,18,Young,Hispanic,39100.0,14300.0,440,237000.0,360,0.9,Mortgage,Graduate,No,0,Semiurban,0.319,0
L02862,Male,61,Senior,Caucasian,34900.0,34100.0,716,187300.0,360,8.9,Mortgage,Graduate,No,2,Semiurban,0.195,1
L02863,Female,30,Middle-aged,Caucasian,72100.0,26600.0,574,347800.0,360,2.1,Rent,Graduate,No,2,Semiurban,0.254,1
L02864,Female,39,Middle-aged,Caucasian,20000.0,0.0,702,77300.0,180,11.7,Mortgage,Graduate,No,0,Semiurban,0.391,1
L02865,Male,30,Middle-aged,Caucasian,35900.0,15400.0,630,170200.0,360,5.7,Mortgage,Graduate,No,2,Semiurban,0.239,1
L02866,Female,49,Middle-aged,Hispanic,30000.0,0.0,667,134000.0,360,22.4,Rent,Graduate,Yes,0,Semiurban,0.321,1
L02867,Male,36,Middle-aged,Caucasian,20000.0,0.0,655,78100.0,120,17.0,Mortgage,Graduate,No,2,Semiurban,0.52,1
L02868,Female,25,Young,African American,20000.0,29800.0,583,157500.0,180,33.8,Rent,Graduate,No,0,Rural,0.32,1
L02869,Male,46,Middle-aged,Caucasian,63000.0,0.0,649,243200.0,360,4.7,Mortgage,Graduate,No,0,Semiurban,0.278,1
L02870,Male,23,Young,Caucasian,49600.0,0.0,674,183500.0,180,5.4,Own,Graduate,No,1,Rural,0.375,1
L02871,Female,30,Middle-aged,Caucasian,78200.0,0.0,637,296700.0,360,4.4,Rent,Graduate,No,0,Rural,0.273,1
L02872,Female,18,Young,Asian,77300.0,20300.0,568,423800.0,360,3.8,Rent,Graduate,No,1,Semiurban,0.312,0
L02873,Female,23,Young,Caucasian,49500.0,14100.0,632,248200.0,360,2.6,Mortgage,Undergraduate,No,1,Semiurban,0.281,1
L02874,Male,43,Middle-aged,Caucasian,55600.0,0.0,505,288600.0,360,4.0,Mortgage,Undergraduate,Yes,1,Rural,0.373,0
L02875,Female,18,Young,Caucasian,42800.0,15400.0,663,248600.0,360,6.2,Rent,Graduate,No,1,Semiurban,0.307,1
L02876,Male,23,Young,Asian,20000.0,27400.0,653,141700.0,180,17.6,Rent,Undergraduate,No,1,Semiurban,0.303,0
L02877,Male,40,Middle-aged,African American,22400.0,35200.0,672,146000.0,360,7.1,Rent,Graduate,No,0,Rural,0.182,1
L02878,Male,34,Middle-aged,Caucasian,51000.0,0.0,684,230300.0,360,4.4,Mortgage,Graduate,No,0,Rural,0.325,1
L02879,Female,64,Senior,Caucasian,53300.0,17300.0,656,289800.0,360,20.8,Mortgage,Undergraduate,No,2,Urban,0.295,1
L02880,Male,63,Senior,Hispanic,49500.0,28900.0,650,262500.0,180,9.0,Rent,Undergraduate,No,2,Rural,0.339,1
L02881,Male,30,Middle-aged,Asian,34300.0,0.0,521,120600.0,360,14.1,Mortgage,Graduate,No,0,Rural,0.253,1
L02882,Female,47,Middle-aged,Asian,60600.0,0.0,746,257800.0,180,14.0,Mortgage,Graduate,No,2,Urban,0.431,1
L02883,Male,49,Middle-aged,Asian,88700.0,0.0,638,316800.0,180,8.4,Mortgage,Undergraduate,No,0,Semiurban,0.362,1
L02884,Male,33,Middle-aged,African American,57100.0,0.0,638,292100.0,360,7.9,Mortgage,Graduate,No,0,Urban,0.368,0
L02885,Male,23,Young,Caucasian,72800.0,0.0,630,321400.0,360,6.8,Mortgage,Graduate,No,0,Urban,0.318,1
L02886,Female,40,Middle-aged,Hispanic,29400.0,0.0,526,107500.0,360,8.4,Own,Undergraduate,No,1,Semiurban,0.263,0
L02887,Male,38,Middle-aged,Hispanic,67800.0,0.0,529,236300.0,360,3.9,Mortgage,Graduate,No,0,Semiurban,0.251,0
L02888,Male,35,Middle-aged,Caucasian,52000.0,0.0,617,239900.0,180,8.5,Mortgage,Graduate,No,2,Semiurban,0.467,0
L02889,Female,46,Middle-aged,Caucasian,51100.0,0.0,605,234700.0,360,4.2,Rent,Graduate,No,3+,Semiurban,0.33,1
L02890,Female,31,Middle-aged,Hispanic,42600.0,48600.0,598,297600.0,360,8.1,Mortgage,Graduate,No,3+,Rural,0.235,1
L02891,Male,27,Young,Caucasian,46700.0,11700.0,664,232000.0,180,5.4,Mortgage,Graduate,No,0,Urban,0.402,1
L02892,Female,42,Middle-aged,Hispanic,26100.0,0.0,620,113800.0,360,5.1,Rent,Graduate,No,3+,Semiurban,0.314,0
L02893,Female,45,Middle-aged,Caucasian,40300.0,0.0,668,153600.0,180,12.2,Mortgage,Graduate,No,1,Semiurban,0.386,1
L02894,Female,26,Young,Caucasian,61800.0,0.0,638,315700.0,360,3.8,Mortgage,Graduate,No,1,Urban,0.368,1
L02895,Male,52,Middle-aged,Caucasian,41100.0,0.0,614,167600.0,360,8.4,Rent,Graduate,No,3+,Urban,0.293,1
L02896,Female,19,Young,Caucasian,59600.0,0.0,539,181500.0,360,0.3,Rent,Undergraduate,No,1,Semiurban,0.219,0
L02897,Male,34,Middle-aged,Caucasian,65800.0,26300.0,642,302000.0,360,5.0,Mortgage,Graduate,No,0,Rural,0.236,1
L02898,Male,37,Middle-aged,Caucasian,43500.0,0.0,618,143300.0,360,3.8,Rent,Graduate,No,0,Urban,0.237,1
L02899,Male,33,Middle-aged,African American,68300.0,33400.0,682,328700.0,120,3.9,Own,Undergraduate,No,1,Urban,0.431,0
L02900,Male,34,Middle-aged,Hispanic,38300.0,21000.0,595,216200.0,360,3.9,Mortgage,Graduate,No,3+,Semiurban,0.262,1
L02901,Male,63,Senior,Caucasian,89700.0,0.0,671,273700.0,180,7.0,Rent,Graduate,No,2,Rural,0.309,1
L02902,Female,30,Middle-aged,Caucasian,49600.0,0.0,593,245900.0,180,4.9,Mortgage,Graduate,No,1,Semiurban,0.502,0
L02903,Male,70,Senior,Caucasian,48700.0,0.0,611,213000.0,360,11.5,Rent,Graduate,No,0,Semiurban,0.315,1
L02904,Male,46,Middle-aged,Caucasian,34400.0,0.0,706,126100.0,360,8.4,Mortgage,Graduate,No,0,Urban,0.264,1
L02905,Male,42,Middle-aged,Caucasian,47300.0,0.0,692,175000.0,360,6.7,Mortgage,Undergraduate,No,0,Urban,0.266,1
L02906,Male,46,Middle-aged,Caucasian,45200.0,40900.0,555,271300.0,180,14.4,Mortgage,Graduate,No,0,Urban,0.319,1
L02907,Female,71,Senior,Caucasian,25200.0,66100.0,697,215100.0,360,8.1,Rent,Graduate,No,1,Urban,0.17,1
L02908,Male,29,Young,Caucasian,44900.0,26200.0,491,177200.0,360,6.4,Mortgage,Undergraduate,Yes,2,Semiurban,0.179,1
L02909,Male,27,Young,Caucasian,35500.0,0.0,651,108600.0,360,11.4,Own,Undergraduate,Yes,0,Rural,0.22,1
L02910,Male,31,Middle-aged,African American,49600.0,0.0,567,188700.0,360,2.2,Rent,Graduate,No,2,Rural,0.274,1
L02911,Male,41,Middle-aged,Caucasian,82700.0,0.0,672,271200.0,180,6.9,Rent,Graduate,No,1,Semiurban,0.332,1
L02912,Male,20,Young,Hispanic,27000.0,0.0,458,82400.0,360,4.7,Mortgage,Graduate,No,0,Semiurban,0.22,0
L02913,Female,41,Middle-aged,Hispanic,72900.0,0.0,570,359600.0,360,4.5,Mortgage,Graduate,No,1,Semiurban,0.355,0
L02914,Female,61,Senior,Hispanic,34900.0,19600.0,670,164000.0,360,7.9,Mortgage,Graduate,No,2,Semiurban,0.216,1
L02915,Male,42,Middle-aged,Hispanic,29900.0,0.0,567,123500.0,120,11.3,Rent,Graduate,Yes,1,Urban,0.55,0
L02916,Female,37,Middle-aged,Caucasian,56400.0,35900.0,573,257100.0,180,7.0,Mortgage,Graduate,No,0,Semiurban,0.282,1
L02917,Female,33,Middle-aged,Caucasian,34900.0,33600.0,684,164000.0,360,4.1,Rent,Graduate,No,0,Semiurban,0.172,1
L02918,Female,51,Middle-aged,Caucasian,40300.0,0.0,764,188400.0,360,12.2,Rent,Undergraduate,No,0,Rural,0.336,1
L02919,Male,31,Middle-aged,Asian,41700.0,6300.0,659,147800.0,180,8.8,Mortgage,Graduate,No,3+,Semiurban,0.312,1
L02920,Male,63,Senior,Hispanic,31800.0,0.0,577,97200.0,360,8.9,Mortgage,Graduate,Yes,0,Rural,0.22,1
L02921,Male,64,Senior,Hispanic,58900.0,0.0,771,254500.0,180,10.3,Mortgage,Graduate,No,1,Urban,0.438,1
L02922,Female,44,Middle-aged,Caucasian,37200.0,22000.0,525,148300.0,120,9.4,Rent,Graduate,No,3+,Rural,0.334,0
L02923,Female,40,Middle-aged,Asian,23500.0,0.0,583,93600.0,180,5.4,Mortgage,Graduate,No,2,Rural,0.403,0
L02924,Male,53,Middle-aged,Caucasian,61100.0,18100.0,654,258200.0,360,10.2,Rent,Graduate,No,0,Semiurban,0.235,1
L02925,Male,54,Middle-aged,Caucasian,30300.0,26900.0,743,166000.0,120,6.8,Rent,Undergraduate,No,2,Semiurban,0.387,1
L02926,Female,31,Middle-aged,Asian,26300.0,20000.0,645,111200.0,360,3.7,Mortgage,Undergraduate,No,1,Rural,0.173,1
L02927,Female,34,Middle-aged,Caucasian,67100.0,21100.0,599,405100.0,360,4.3,Mortgage,Graduate,No,0,Semiurban,0.33,1
L02928,Female,25,Young,Hispanic,22800.0,0.0,522,94900.0,360,14.8,Rent,Graduate,No,1,Rural,0.299,0
L02929,Female,45,Middle-aged,Caucasian,20000.0,0.0,666,85800.0,180,13.0,Own,Graduate,No,2,Semiurban,0.434,0
L02930,Male,48,Middle-aged,Hispanic,56600.0,0.0,608,254600.0,360,8.7,Mortgage,Undergraduate,No,0,Semiurban,0.324,1
L02931,Female,24,Young,Caucasian,36900.0,0.0,601,176900.0,360,5.0,Own,Undergraduate,No,2,Semiurban,0.345,1
L02932,Female,35,Middle-aged,Asian,38200.0,0.0,523,166800.0,180,2.8,Rent,Graduate,No,0,Urban,0.442,0
L02933,Male,24,Young,Asian,43200.0,14300.0,627,239600.0,360,6.1,Rent,Graduate,No,0,Rural,0.3,0
L02934,Male,30,Middle-aged,Hispanic,48400.0,0.0,636,194100.0,180,3.8,Own,Graduate,Yes,0,Semiurban,0.406,1
L02935,Female,47,Middle-aged,Caucasian,30800.0,31800.0,543,183200.0,360,9.1,Rent,Graduate,No,1,Urban,0.211,0
L02936,Male,32,Middle-aged,Hispanic,79600.0,50400.0,696,516600.0,360,11.3,Mortgage,Graduate,No,0,Semiurban,0.286,1
L02937,Female,37,Middle-aged,Caucasian,23100.0,0.0,630,114300.0,360,3.1,Rent,Graduate,No,0,Rural,0.356,0
L02938,Female,21,Young,Caucasian,49800.0,0.0,638,164800.0,360,5.1,Rent,Graduate,No,0,Semiurban,0.238,0
L02939,Female,43,Middle-aged,Caucasian,53900.0,0.0,607,227500.0,360,7.9,Mortgage,Graduate,No,2,Semiurban,0.304,0
L02940,Male,40,Middle-aged,Asian,36200.0,0.0,622,164300.0,360,4.5,Mortgage,Undergraduate,No,0,Rural,0.327,1
L02941,Male,32,Middle-aged,Caucasian,32500.0,0.0,600,103600.0,360,7.3,Mortgage,Graduate,No,1,Urban,0.229,1
L02942,Female,38,Middle-aged,Asian,62600.0,0.0,621,318700.0,360,7.0,Rent,Graduate,No,1,Urban,0.366,1
L02943,Male,43,Middle-aged,African American,26400.0,14400.0,618,142100.0,360,11.0,Mortgage,Graduate,Yes,0,Urban,0.251,1
L02944,Female,31,Middle-aged,Caucasian,32700.0,0.0,671,145600.0,360,2.5,Rent,Graduate,No,1,Semiurban,0.32,0
L02945,Female,23,Young,Hispanic,52400.0,11000.0,663,198200.0,360,3.7,Mortgage,Graduate,No,0,Urban,0.225,1
L02946,Male,62,Senior,Caucasian,49700.0,22200.0,584,221200.0,360,37.5,Mortgage,Undergraduate,No,1,Semiurban,0.221,1
L02947,Male,33,Middle-aged,Hispanic,21500.0,0.0,648,70400.0,360,8.1,Rent,Graduate,No,3+,Rural,0.236,0
L02948,Male,39,Middle-aged,Caucasian,98600.0,0.0,731,354400.0,180,8.9,Rent,Graduate,No,0,Rural,0.364,1
L02949,Male,53,Middle-aged,Caucasian,39700.0,21700.0,625,210600.0,360,7.2,Mortgage,Graduate,No,2,Semiurban,0.247,1
L02950,Female,75,Senior,Caucasian,35500.0,39600.0,694,276100.0,360,9.0,Mortgage,Undergraduate,No,2,Rural,0.265,1
L02951,Female,26,Young,Caucasian,46200.0,0.0,628,194100.0,360,16.1,Own,Graduate,No,0,Urban,0.302,1
L02952,Female,46,Middle-aged,Caucasian,53500.0,0.0,583,189900.0,360,4.8,Rent,Undergraduate,No,1,Semiurban,0.255,1
L02953,Female,32,Middle-aged,Caucasian,91300.0,0.0,621,283100.0,360,26.7,Rent,Graduate,No,1,Urban,0.223,1
L02954,Male,34,Middle-aged,Caucasian,25200.0,0.0,639,110900.0,360,3.1,Own,Undergraduate,No,0,Semiurban,0.317,0
L02955,Female,32,Middle-aged,Caucasian,58000.0,0.0,587,228800.0,180,3.0,Mortgage,Graduate,Yes,0,Semiurban,0.399,0
L02956,Female,27,Young,Caucasian,56100.0,0.0,666,292600.0,360,3.2,Mortgage,Graduate,No,0,Urban,0.375,1
L02957,Female,40,Middle-aged,Asian,39400.0,11900.0,692,217500.0,360,6.9,Mortgage,Graduate,No,1,Rural,0.305,1
L02958,Female,23,Young,Caucasian,57100.0,0.0,671,275200.0,360,8.6,Mortgage,Graduate,No,0,Urban,0.347,1
L02959,Male,52,Middle-aged,Hispanic,64100.0,0.0,771,194100.0,360,22.8,Rent,Graduate,No,0,Semiurban,0.218,1
L02960,Female,41,Middle-aged,African American,20000.0,0.0,595,95000.0,360,5.7,Rent,Graduate,No,2,Semiurban,0.342,0
L02961,Male,46,Middle-aged,African American,79000.0,16800.0,665,302400.0,360,4.3,Own,Graduate,No,0,Semiurban,0.227,1
L02962,Male,35,Middle-aged,African American,21000.0,0.0,611,90700.0,360,7.3,Mortgage,Undergraduate,No,0,Urban,0.311,0
L02963,Male,36,Middle-aged,Caucasian,31100.0,7500.0,598,140600.0,360,8.9,Mortgage,Undergraduate,No,0,Semiurban,0.262,0
L02964,Female,44,Middle-aged,African American,28700.0,0.0,644,123000.0,180,6.4,Mortgage,Graduate,No,0,Urban,0.434,0
L02965,Female,27,Young,Caucasian,90000.0,0.0,532,297000.0,360,2.4,Rent,Graduate,No,1,Rural,0.237,0
L02966,Female,36,Middle-aged,Hispanic,32500.0,0.0,615,130900.0,360,4.5,Mortgage,Graduate,No,0,Urban,0.29,1
L02967,Female,30,Middle-aged,Asian,41100.0,43800.0,518,198700.0,120,7.1,Mortgage,Graduate,No,0,Urban,0.312,1
L02968,Female,30,Middle-aged,Caucasian,73900.0,0.0,569,228500.0,360,5.2,Mortgage,Graduate,No,0,Semiurban,0.222,1
L02969,Female,18,Young,Asian,37000.0,25000.0,623,225500.0,360,6.8,Mortgage,Graduate,No,0,Semiurban,0.262,1
L02970,Male,57,Senior,Caucasian,30600.0,17500.0,621,205300.0,360,7.1,Mortgage,Undergraduate,No,0,Semiurban,0.307,1
L02971,Male,32,Middle-aged,Caucasian,41500.0,11400.0,646,226000.0,120,11.3,Rent,Graduate,No,0,Urban,0.569,0
L02972,Male,54,Middle-aged,Caucasian,84800.0,0.0,658,343900.0,360,6.2,Rent,Undergraduate,Yes,1,Urban,0.292,0
L02973,Female,53,Middle-aged,Asian,42900.0,11900.0,703,153900.0,120,7.3,Own,Graduate,No,0,Semiurban,0.374,1
L02974,Female,25,Young,Asian,90200.0,0.0,618,279700.0,360,5.5,Mortgage,Graduate,No,0,Rural,0.223,1
L02975,Male,27,Young,Asian,65900.0,0.0,498,221100.0,120,8.0,Mortgage,Graduate,No,2,Urban,0.447,0
L02976,Male,71,Senior,Caucasian,37900.0,0.0,673,196900.0,180,9.5,Rent,Graduate,No,0,Urban,0.526,0
L02977,Female,62,Senior,Caucasian,42500.0,27100.0,519,221900.0,360,21.4,Rent,Undergraduate,No,0,Urban,0.229,1
L02978,Male,40,Middle-aged,African American,27900.0,0.0,518,136600.0,360,9.4,Rent,Undergraduate,No,1,Rural,0.352,0
L02979,Female,44,Middle-aged,Caucasian,31900.0,0.0,561,146300.0,360,5.1,Own,Graduate,No,0,Semiurban,0.33,0
L02980,Female,33,Middle-aged,African American,191200.0,0.0,664,750000.0,180,8.7,Mortgage,Graduate,No,0,Rural,0.397,1
L02981,Male,46,Middle-aged,Caucasian,73700.0,0.0,618,378300.0,360,10.2,Rent,Graduate,No,1,Semiurban,0.369,1
L02982,Male,32,Middle-aged,Caucasian,69200.0,0.0,563,243500.0,120,9.1,Rent,Graduate,No,0,Rural,0.469,1
L02983,Female,18,Young,Caucasian,32500.0,0.0,491,130800.0,180,12.4,Mortgage,Graduate,Yes,0,Rural,0.408,0
L02984,Female,25,Young,African American,59700.0,0.0,700,295300.0,180,7.3,Mortgage,Undergraduate,No,0,Semiurban,0.501,0
L02985,Male,41,Middle-aged,Caucasian,76100.0,0.0,604,322800.0,120,5.6,Mortgage,Graduate,No,0,Semiurban,0.565,0
L02986,Female,27,Young,Caucasian,88400.0,12700.0,500,338300.0,360,9.2,Rent,Graduate,No,3+,Semiurban,0.241,0
L02987,Male,40,Middle-aged,Caucasian,102100.0,0.0,643,354300.0,180,9.3,Rent,Undergraduate,Yes,0,Urban,0.351,0
L02988,Male,28,Young,Caucasian,27100.0,0.0,519,127200.0,360,5.8,Mortgage,Graduate,No,0,Semiurban,0.338,0
L02989,Female,31,Middle-aged,Caucasian,26700.0,0.0,537,80900.0,360,4.1,Mortgage,Graduate,No,0,Rural,0.218,0
L02990,Female,51,Middle-aged,Caucasian,27900.0,23200.0,664,203700.0,180,17.6,Mortgage,Undergraduate,Yes,1,Rural,0.404,0
L02991,Male,43,Middle-aged,African American,26900.0,0.0,582,81800.0,360,7.3,Mortgage,Graduate,Yes,0,Rural,0.219,0
L02992,Female,40,Middle-aged,Caucasian,47400.0,0.0,551,209500.0,360,8.2,Rent,Graduate,No,1,Rural,0.318,0
L02993,Female,51,Middle-aged,Asian,33200.0,0.0,652,144800.0,360,7.6,Own,Graduate,No,2,Semiurban,0.314,1
L02994,Male,46,Middle-aged,African American,89800.0,61200.0,732,526700.0,360,11.8,Mortgage,Undergraduate,No,0,Urban,0.251,1
L02995,Male,58,Senior,Caucasian,105000.0,0.0,726,427100.0,360,8.1,Mortgage,Graduate,No,0,Semiurban,0.293,1
L02996,Female,35,Middle-aged,Caucasian,41600.0,0.0,461,204600.0,360,10.9,Rent,Graduate,No,3+,Semiurban,0.354,0
L02997,Male,35,Middle-aged,Hispanic,96400.0,0.0,585,432200.0,360,3.1,Mortgage,Graduate,Yes,2,Urban,0.323,0
L02998,Male,25,Young,Caucasian,88900.0,0.0,634,423100.0,180,7.2,Mortgage,Graduate,No,0,Rural,0.482,1
L02999,Male,35,Middle-aged,Caucasian,40900.0,0.0,593,133300.0,360,5.8,Own,Undergraduate,No,2,Semiurban,0.234,1
L03000,Female,52,Middle-aged,Caucasian,20000.0,18500.0,597,93000.0,360,11.1,Rent,Graduate,Yes,1,Rural,0.174,1
L03001,Female,56,Senior,African American,29200.0,0.0,571,89500.0,360,9.5,Mortgage,Graduate,No,0,Urban,0.221,1
L03002,Female,52,Middle-aged,Caucasian,32200.0,13600.0,542,131400.0,360,5.8,Rent,Graduate,No,2,Rural,0.206,0
L03003,Male,19,Young,Hispanic,47900.0,0.0,710,215600.0,360,3.4,Mortgage,Undergraduate,No,1,Urban,0.324,1
L03004,Female,53,Middle-aged,Hispanic,38100.0,0.0,634,156700.0,120,21.9,Own,Graduate,No,2,Semiurban,0.548,0
L03005,Female,18,Young,Caucasian,42700.0,0.0,622,200400.0,180,7.0,Mortgage,Graduate,No,0,Urban,0.475,0
L03006,Female,51,Middle-aged,Caucasian,51400.0,0.0,640,176400.0,360,6.7,Mortgage,Graduate,No,2,Semiurban,0.247,1
L03007,Female,36,Middle-aged,Caucasian,25700.0,26700.0,600,152800.0,120,17.1,Rent,Undergraduate,No,0,Urban,0.388,0
L03008,Male,49,Middle-aged,Caucasian,57800.0,0.0,639,288900.0,360,12.2,Mortgage,Graduate,No,1,Semiurban,0.36,1
L03009,Female,25,Young,Caucasian,34900.0,11900.0,521,210600.0,360,3.3,Rent,Graduate,No,0,Rural,0.324,0
L03010,Male,55,Middle-aged,Caucasian,53100.0,52100.0,557,410400.0,180,10.2,Own,Graduate,No,0,Rural,0.395,1
L03011,Male,23,Young,Caucasian,71900.0,0.0,638,348100.0,360,3.5,Own,Graduate,Yes,2,Rural,0.348,1
L03012,Male,32,Middle-aged,Caucasian,30000.0,44400.0,606,244200.0,360,2.6,Rent,Graduate,No,0,Semiurban,0.236,1
L03013,Male,29,Young,Caucasian,43800.0,0.0,657,221400.0,360,9.9,Rent,Graduate,No,3+,Semiurban,0.364,0
L03014,Male,19,Young,Hispanic,42100.0,0.0,629,194000.0,360,1.2,Rent,Graduate,No,0,Urban,0.332,0
L03015,Female,42,Middle-aged,Caucasian,33900.0,20300.0,564,230200.0,180,6.7,Rent,Graduate,No,1,Semiurban,0.43,0
L03016,Male,62,Senior,Hispanic,63200.0,0.0,734,193100.0,360,12.7,Rent,Undergraduate,No,0,Semiurban,0.22,1
L03017,Female,73,Senior,Caucasian,31200.0,0.0,703,158300.0,360,21.7,Own,Graduate,No,1,Urban,0.365,1
L03018,Male,42,Middle-aged,Caucasian,39300.0,14100.0,658,199000.0,360,3.9,Mortgage,Graduate,No,1,Semiurban,0.268,1
L03019,Male,54,Middle-aged,Caucasian,36900.0,17800.0,768,150900.0,360,7.9,Mortgage,Graduate,No,2,Urban,0.198,1
L03020,Female,43,Middle-aged,Caucasian,64500.0,0.0,761,224700.0,360,8.5,Rent,Graduate,No,2,Semiurban,0.251,1
L03021,Male,46,Middle-aged,Caucasian,40300.0,19000.0,665,248000.0,360,11.8,Mortgage,Graduate,No,0,Urban,0.301,1
L03022,Male,36,Middle-aged,Hispanic,53000.0,0.0,653,219400.0,120,15.4,Mortgage,Graduate,No,1,Semiurban,0.551,1
L03023,Female,43,Middle-aged,Hispanic,81000.0,26700.0,717,496300.0,360,3.8,Rent,Undergraduate,No,2,Semiurban,0.332,1
L03024,Male,47,Middle-aged,Caucasian,47600.0,0.0,596,155400.0,360,9.3,Rent,Undergraduate,No,2,Semiurban,0.235,0
L03025,Male,34,Middle-aged,Caucasian,76500.0,37000.0,601,378000.0,360,2.4,Own,Undergraduate,No,2,Urban,0.24,1
L03026,Male,40,Middle-aged,Caucasian,95700.0,0.0,699,358600.0,360,11.0,Mortgage,Graduate,No,2,Semiurban,0.27,1
L03027,Female,40,Middle-aged,Caucasian,62800.0,13100.0,581,290400.0,360,4.1,Own,Undergraduate,No,1,Urban,0.275,1
L03028,Female,50,Middle-aged,Caucasian,41400.0,36500.0,666,269300.0,360,16.1,Mortgage,Graduate,No,1,Rural,0.249,1
L03029,Female,28,Young,Caucasian,53900.0,0.0,617,241900.0,360,2.3,Mortgage,Graduate,No,2,Urban,0.323,0
L03030,Female,40,Middle-aged,Caucasian,24900.0,0.0,551,74800.0,180,10.5,Own,Undergraduate,No,2,Semiurban,0.304,0
L03031,Male,63,Senior,Caucasian,35900.0,30000.0,647,166100.0,360,8.5,Rent,Undergraduate,No,0,Semiurban,0.181,1
L03032,Male,54,Middle-aged,Caucasian,38500.0,17100.0,713,146600.0,180,9.5,Rent,Undergraduate,No,2,Urban,0.267,1
L03033,Female,57,Senior,Caucasian,102100.0,0.0,695,504900.0,360,10.5,Rent,Graduate,No,3+,Semiurban,0.356,0
L03034,Male,41,Middle-aged,Caucasian,35400.0,0.0,618,131200.0,360,4.6,Mortgage,Graduate,No,0,Semiurban,0.267,1
L03035,Male,44,Middle-aged,Hispanic,31700.0,12800.0,634,147400.0,180,5.7,Rent,Undergraduate,No,0,Urban,0.335,0
L03036,Male,53,Middle-aged,Caucasian,32300.0,0.0,655,129600.0,360,5.8,Rent,Graduate,No,0,Semiurban,0.289,1
L03037,Male,59,Senior,Hispanic,55200.0,0.0,635,271100.0,360,6.2,Rent,Undergraduate,No,0,Urban,0.353,0
L03038,Female,18,Young,Asian,44100.0,23300.0,606,171400.0,180,1.4,Rent,Graduate,No,3+,Urban,0.258,1
L03039,Male,25,Young,Hispanic,68100.0,0.0,552,222500.0,180,4.7,Rent,Undergraduate,No,0,Semiurban,0.331,0
L03040,Male,56,Senior,Asian,64100.0,0.0,610,291100.0,360,12.0,Mortgage,Graduate,No,1,Semiurban,0.327,1
L03041,Male,37,Middle-aged,African American,22600.0,0.0,556,116800.0,360,10.7,Rent,Graduate,No,2,Urban,0.372,0
L03042,Female,32,Middle-aged,Hispanic,26600.0,13000.0,620,149100.0,360,2.5,Rent,Undergraduate,No,2,Semiurban,0.271,0
L03043,Male,25,Young,Caucasian,84600.0,0.0,637,303500.0,360,2.6,Mortgage,Graduate,No,0,Semiurban,0.258,1
L03044,Male,34,Middle-aged,Caucasian,45200.0,36700.0,602,270100.0,360,9.8,Mortgage,Graduate,No,0,Semiurban,0.237,1
L03045,Female,24,Young,Hispanic,59100.0,12600.0,647,341800.0,180,4.2,Mortgage,Undergraduate,Yes,0,Semiurban,0.483,0
L03046,Female,66,Senior,Asian,39200.0,0.0,676,164200.0,360,8.2,Rent,Graduate,No,0,Rural,0.301,1
L03047,Male,40,Middle-aged,Hispanic,30000.0,29000.0,589,174600.0,360,5.8,Rent,Graduate,No,0,Semiurban,0.213,0
L03048,Male,40,Middle-aged,Asian,43400.0,0.0,555,167600.0,360,4.9,Mortgage,Graduate,No,0,Urban,0.278,1
L03049,Male,48,Middle-aged,Hispanic,30000.0,21200.0,569,213800.0,180,4.8,Mortgage,Graduate,No,0,Urban,0.423,0
L03050,Male,52,Middle-aged,African American,31300.0,0.0,538,144500.0,360,12.3,Mortgage,Graduate,No,0,Rural,0.332,0
L03051,Male,52,Middle-aged,Asian,53100.0,16600.0,651,281600.0,360,6.8,Rent,Undergraduate,No,0,Semiurban,0.291,1
L03052,Male,53,Middle-aged,Caucasian,60200.0,0.0,598,212000.0,360,19.8,Own,Graduate,No,2,Urban,0.253,1
L03053,Male,33,Middle-aged,Hispanic,23400.0,0.0,561,99700.0,360,13.2,Mortgage,Undergraduate,Yes,1,Urban,0.307,1
L03054,Male,37,Middle-aged,Asian,48700.0,20900.0,609,227600.0,360,9.1,Rent,Graduate,No,1,Semiurban,0.235,0
L03055,Female,50,Middle-aged,Asian,33000.0,0.0,687,116800.0,120,6.8,Mortgage,Graduate,Yes,2,Semiurban,0.472,0
L03056,Female,34,Middle-aged,African American,24600.0,37800.0,649,224500.0,360,4.0,Mortgage,Graduate,No,0,Semiurban,0.259,0
L03057,Female,40,Middle-aged,Caucasian,43900.0,0.0,614,169500.0,120,6.5,Own,Graduate,No,2,Semiurban,0.514,1
L03058,Male,45,Middle-aged,Caucasian,39300.0,0.0,697,142900.0,360,6.2,Mortgage,Undergraduate,No,0,Rural,0.262,1
L03059,Male,50,Middle-aged,Hispanic,76700.0,12100.0,538,423800.0,360,16.4,Rent,Graduate,No,0,Semiurban,0.343,1
L03060,Female,19,Young,Caucasian,67000.0,0.0,717,230700.0,360,0.8,Own,Graduate,No,0,Semiurban,0.248,1
L03061,Male,49,Middle-aged,Caucasian,78600.0,17900.0,700,412300.0,360,11.1,Mortgage,Undergraduate,No,0,Rural,0.307,1
L03062,Male,38,Middle-aged,Caucasian,40200.0,0.0,618,179600.0,180,7.7,Mortgage,Undergraduate,No,0,Urban,0.452,0
L03063,Female,49,Middle-aged,Asian,28400.0,0.0,565,144000.0,360,12.9,Mortgage,Undergraduate,No,3+,Semiurban,0.365,0
L03064,Female,50,Middle-aged,Asian,43100.0,15100.0,606,249200.0,360,8.7,Mortgage,Graduate,No,1,Semiurban,0.308,1
L03065,Female,60,Senior,Asian,39200.0,0.0,680,179800.0,180,11.3,Mortgage,Graduate,Yes,0,Rural,0.464,1
L03066,Male,57,Senior,African American,30700.0,0.0,670,113800.0,180,22.3,Mortgage,Graduate,No,2,Urban,0.375,1
L03067,Male,57,Senior,Caucasian,30600.0,21600.0,673,173300.0,360,6.3,Own,Graduate,No,2,Semiurban,0.239,1
L03068,Female,58,Senior,Caucasian,41000.0,0.0,599,210100.0,360,6.6,Mortgage,Graduate,Yes,0,Urban,0.369,1
L03069,Male,44,Middle-aged,Caucasian,41700.0,0.0,566,127300.0,360,6.4,Rent,Graduate,No,1,Semiurban,0.22,1
L03070,Female,41,Middle-aged,Asian,54900.0,15600.0,640,302600.0,360,6.7,Mortgage,Graduate,No,3+,Rural,0.309,1
L03071,Female,51,Middle-aged,Caucasian,54400.0,9100.0,689,211300.0,360,6.1,Mortgage,Graduate,No,1,Semiurban,0.239,1
L03072,Female,49,Middle-aged,African American,49500.0,0.0,636,169100.0,360,5.1,Mortgage,Graduate,No,1,Rural,0.246,1
L03073,Male,37,Middle-aged,Caucasian,29600.0,0.0,691,104300.0,180,3.0,Mortgage,Undergraduate,No,2,Rural,0.357,1
L03074,Male,45,Middle-aged,Caucasian,57600.0,13000.0,638,202300.0,360,11.3,Mortgage,Graduate,No,1,Semiurban,0.206,1
L03075,Female,40,Middle-aged,Hispanic,27500.0,0.0,604,143900.0,360,6.6,Mortgage,Undergraduate,No,3+,Rural,0.376,0
L03076,Female,30,Middle-aged,Caucasian,25600.0,0.0,628,126900.0,120,11.1,Mortgage,Undergraduate,No,0,Rural,0.66,0
L03077,Female,56,Senior,Asian,35100.0,50000.0,708,257700.0,360,7.9,Mortgage,Graduate,No,2,Semiurban,0.218,1
L03078,Male,41,Middle-aged,Caucasian,75200.0,0.0,563,346600.0,360,9.5,Own,Graduate,No,1,Semiurban,0.332,1
L03079,Male,65,Senior,Caucasian,42200.0,0.0,587,179400.0,360,10.4,Mortgage,Graduate,No,0,Urban,0.306,0
L03080,Female,21,Young,Caucasian,77900.0,24900.0,598,440000.0,360,5.2,Mortgage,Undergraduate,Yes,2,Semiurban,0.308,1
L03081,Female,34,Middle-aged,Caucasian,51900.0,24500.0,805,318400.0,180,4.7,Mortgage,Graduate,No,3+,Semiurban,0.422,1
L03082,Female,41,Middle-aged,Asian,35600.0,19100.0,597,161300.0,360,3.9,Rent,Graduate,No,0,Semiurban,0.212,1
L03083,Male,54,Middle-aged,Caucasian,78000.0,0.0,659,314700.0,360,20.1,Own,Graduate,No,3+,Urban,0.29,1
L03084,Female,45,Middle-aged,Caucasian,49800.0,0.0,667,220500.0,360,13.1,Rent,Graduate,No,0,Rural,0.319,1
L03085,Female,44,Middle-aged,Caucasian,28700.0,21500.0,670,208900.0,360,5.8,Rent,Undergraduate,Yes,0,Semiurban,0.299,1
L03086,Female,27,Young,African American,67000.0,0.0,627,303900.0,360,17.3,Mortgage,Undergraduate,Yes,0,Semiurban,0.326,0
L03087,Male,27,Young,Asian,54400.0,17800.0,676,320700.0,120,3.1,Rent,Graduate,No,3+,Urban,0.592,0
L03088,Male,44,Middle-aged,Caucasian,49400.0,0.0,556,242200.0,180,6.8,Rent,Graduate,No,2,Rural,0.496,0
L03089,Female,24,Young,Caucasian,29600.0,28700.0,536,193500.0,360,7.9,Mortgage,Graduate,No,0,Semiurban,0.239,0
L03090,Male,34,Middle-aged,Asian,78600.0,0.0,706,393800.0,360,4.2,Mortgage,Undergraduate,No,1,Rural,0.36,1
L03091,Male,47,Middle-aged,African American,48200.0,0.0,632,185500.0,360,6.3,Own,Graduate,No,0,Urban,0.277,1
L03092,Female,29,Young,Caucasian,53600.0,0.0,533,206500.0,360,4.3,Mortgage,Undergraduate,No,2,Urban,0.277,0
L03093,Male,60,Senior,African American,32000.0,23200.0,559,211100.0,180,9.5,Mortgage,Graduate,No,0,Semiurban,0.387,0
L03094,Female,55,Middle-aged,African American,44500.0,0.0,592,147000.0,180,6.2,Rent,Graduate,No,0,Rural,0.335,0
L03095,Male,22,Young,African American,56500.0,12300.0,601,232600.0,360,0.7,Mortgage,Graduate,No,2,Semiurban,0.243,0
L03096,Female,29,Young,African American,24400.0,0.0,614,106600.0,360,14.2,Rent,Graduate,No,1,Semiurban,0.314,0
L03097,Female,18,Young,Hispanic,20900.0,0.0,546,82500.0,180,2.2,Mortgage,Undergraduate,No,2,Semiurban,0.4,0
L03098,Male,31,Middle-aged,Caucasian,61900.0,25000.0,642,384900.0,360,2.5,Rent,Graduate,Yes,1,Urban,0.319,1
L03099,Male,50,Middle-aged,Hispanic,23500.0,0.0,590,121200.0,360,11.9,Mortgage,Undergraduate,No,0,Semiurban,0.371,1
L03100,Male,36,Middle-aged,Caucasian,52100.0,0.0,692,215200.0,360,4.4,Mortgage,Undergraduate,No,1,Urban,0.297,1
L03101,Male,46,Middle-aged,African American,32800.0,0.0,771,138200.0,360,5.2,Rent,Undergraduate,No,0,Urban,0.303,1
L03102,Female,22,Young,Caucasian,67800.0,6400.0,586,329700.0,360,17.0,Mortgage,Graduate,No,0,Semiurban,0.32,0
L03103,Female,50,Middle-aged,Caucasian,35600.0,27100.0,655,201700.0,180,17.5,Mortgage,Graduate,No,2,Urban,0.326,1
L03104,Male,34,Middle-aged,Asian,76300.0,0.0,658,261500.0,180,3.0,Rent,Graduate,No,2,Rural,0.347,1
L03105,Male,41,Middle-aged,African American,31900.0,0.0,618,149300.0,120,14.9,Mortgage,Undergraduate,No,2,Urban,0.624,0
L03106,Male,39,Middle-aged,Caucasian,73100.0,0.0,679,340600.0,180,14.2,Mortgage,Graduate,No,1,Semiurban,0.472,1
L03107,Female,25,Young,Caucasian,95000.0,10900.0,665,358000.0,360,6.1,Mortgage,Graduate,No,3+,Semiurban,0.243,1
L03108,Male,27,Young,Caucasian,32000.0,0.0,560,156000.0,180,5.1,Mortgage,Undergraduate,No,1,Rural,0.494,0
L03109,Female,52,Middle-aged,Hispanic,41300.0,21000.0,713,230000.0,360,6.3,Mortgage,Graduate,No,0,Semiurban,0.266,1
L03110,Female,45,Middle-aged,Hispanic,110400.0,0.0,690,389900.0,360,4.7,Mortgage,Graduate,Yes,0,Urban,0.254,1
L03111,Female,53,Middle-aged,Caucasian,42800.0,12100.0,613,220000.0,360,9.9,Rent,Graduate,No,2,Semiurban,0.288,1
L03112,Male,44,Middle-aged,Hispanic,45200.0,0.0,771,159400.0,360,12.5,Own,Undergraduate,Yes,1,Semiurban,0.254,1
L03113,Female,42,Middle-aged,Hispanic,50400.0,22100.0,619,223700.0,360,9.4,Mortgage,Graduate,No,0,Urban,0.222,1
L03114,Male,20,Young,Caucasian,49800.0,0.0,608,244400.0,360,1.3,Rent,Undergraduate,No,0,Urban,0.353,0
L03115,Male,37,Middle-aged,African American,20000.0,0.0,605,101800.0,360,4.6,Rent,Graduate,No,0,Semiurban,0.366,0
L03116,Female,40,Middle-aged,Caucasian,65500.0,29400.0,627,290500.0,120,7.3,Own,Undergraduate,No,0,Urban,0.408,1
L03117,Female,64,Senior,African American,20000.0,46700.0,661,228500.0,120,11.8,Mortgage,Graduate,No,0,Urban,0.456,0
L03118,Male,49,Middle-aged,Caucasian,41500.0,0.0,579,146800.0,360,5.0,Rent,Graduate,No,0,Urban,0.254,0
L03119,Male,59,Senior,Caucasian,79500.0,10200.0,710,277200.0,360,10.9,Rent,Undergraduate,No,2,Semiurban,0.222,1
L03120,Male,48,Middle-aged,Caucasian,42500.0,0.0,523,133100.0,360,11.2,Rent,Graduate,Yes,2,Urban,0.225,0
L03121,Male,32,Middle-aged,Caucasian,37100.0,0.0,522,131500.0,360,3.1,Own,Graduate,No,2,Urban,0.255,0
L03122,Male,42,Middle-aged,Asian,69700.0,0.0,751,269500.0,360,5.0,Mortgage,Graduate,Yes,1,Semiurban,0.278,1
L03123,Male,43,Middle-aged,Caucasian,34900.0,0.0,540,177500.0,360,5.2,Own,Graduate,No,1,Semiurban,0.366,0
L03124,Male,29,Young,Caucasian,30100.0,35900.0,472,174600.0,360,15.7,Rent,Graduate,No,2,Urban,0.19,0
L03125,Female,36,Middle-aged,Hispanic,41000.0,0.0,535,156700.0,180,5.3,Rent,Graduate,No,0,Semiurban,0.387,0
L03126,Female,38,Middle-aged,Caucasian,38700.0,0.0,715,180000.0,360,6.8,Mortgage,Graduate,No,0,Rural,0.335,1
L03127,Female,60,Senior,Caucasian,25300.0,0.0,525,93100.0,360,12.7,Own,Graduate,No,0,Semiurban,0.265,0
L03128,Male,18,Young,Hispanic,56900.0,0.0,538,258300.0,360,2.3,Rent,Graduate,No,1,Urban,0.327,0
L03129,Female,55,Middle-aged,Hispanic,44300.0,23500.0,553,225800.0,360,6.1,Rent,Undergraduate,No,0,Semiurban,0.24,0
L03130,Female,29,Young,Caucasian,36100.0,17600.0,578,156600.0,360,7.0,Mortgage,Graduate,No,0,Semiurban,0.21,0
L03131,Female,24,Young,Caucasian,37100.0,0.0,562,172600.0,360,6.4,Rent,Graduate,No,2,Urban,0.335,0
L03132,Female,55,Middle-aged,Hispanic,44400.0,0.0,612,135900.0,180,7.1,Own,Graduate,No,1,Urban,0.31,0
L03133,Female,49,Middle-aged,Caucasian,67100.0,32200.0,761,308300.0,360,4.8,Rent,Graduate,No,0,Semiurban,0.223,1
L03134,Male,56,Senior,Caucasian,43800.0,0.0,570,166500.0,360,11.2,Mortgage,Undergraduate,No,1,Urban,0.273,1
L03135,Male,50,Middle-aged,Caucasian,63700.0,0.0,642,256800.0,360,10.9,Mortgage,Graduate,No,2,Semiurban,0.29,1
L03136,Female,65,Senior,Caucasian,52200.0,0.0,682,236500.0,360,7.2,Rent,Graduate,Yes,0,Semiurban,0.326,1
L03137,Female,47,Middle-aged,African American,45300.0,0.0,570,182700.0,360,10.3,Mortgage,Graduate,No,0,Rural,0.29,0
L03138,Female,39,Middle-aged,Asian,42300.0,19600.0,644,228800.0,180,17.1,Mortgage,Graduate,No,0,Semiurban,0.374,1
L03139,Male,45,Middle-aged,Hispanic,30600.0,0.0,590,132800.0,360,5.0,Mortgage,Graduate,No,2,Rural,0.312,1
L03140,Male,55,Middle-aged,Asian,40700.0,31500.0,660,220800.0,360,9.2,Mortgage,Graduate,No,2,Urban,0.22,1
L03141,Male,31,Middle-aged,Caucasian,56200.0,0.0,607,286700.0,360,7.9,Rent,Graduate,No,0,Rural,0.367,1
L03142,Female,33,Middle-aged,Caucasian,86200.0,0.0,518,444000.0,360,3.6,Mortgage,Graduate,Yes,0,Semiurban,0.371,0
L03143,Female,37,Middle-aged,Hispanic,30300.0,13400.0,681,161400.0,360,9.8,Own,Graduate,Yes,0,Rural,0.266,1
L03144,Male,18,Young,Caucasian,67600.0,16100.0,728,240800.0,180,10.1,Rent,Graduate,No,0,Semiurban,0.291,1
L03145,Male,42,Middle-aged,Caucasian,43000.0,35300.0,609,253800.0,120,12.0,Mortgage,Graduate,No,0,Semiurban,0.432,1
L03146,Male,18,Young,Hispanic,46100.0,0.0,533,157400.0,360,1.5,Mortgage,Graduate,Yes,0,Rural,0.246,0
L03147,Female,41,Middle-aged,Caucasian,76400.0,46300.0,735,413200.0,360,11.6,Mortgage,Graduate,No,0,Rural,0.242,1
L03148,Female,51,Middle-aged,Caucasian,56600.0,0.0,758,193800.0,180,7.6,Rent,Graduate,No,0,Semiurban,0.347,1
L03149,Female,35,Middle-aged,Hispanic,22400.0,0.0,583,102700.0,120,4.1,Mortgage,Graduate,No,0,Rural,0.611,0
L03150,Male,61,Senior,Hispanic,35100.0,21600.0,629,148300.0,360,7.4,Rent,Undergraduate,No,2,Semiurban,0.188,1
L03151,Female,23,Young,Caucasian,68900.0,5500.0,607,369600.0,180,12.7,Mortgage,Graduate,No,0,Semiurban,0.503,0
L03152,Male,55,Middle-aged,Hispanic,46700.0,19900.0,542,197100.0,360,8.3,Own,Graduate,No,0,Rural,0.213,1
L03153,Female,49,Middle-aged,Caucasian,26300.0,22400.0,600,171600.0,360,14.7,Mortgage,Undergraduate,No,3+,Urban,0.254,1
L03154,Male,20,Young,Caucasian,35300.0,0.0,684,178700.0,360,1.2,Mortgage,Undergraduate,No,0,Semiurban,0.364,1
L03155,Male,73,Senior,Hispanic,58500.0,0.0,669,208100.0,360,15.5,Rent,Graduate,No,0,Semiurban,0.256,1
L03156,Female,40,Middle-aged,Hispanic,54700.0,19600.0,564,332400.0,180,3.9,Rent,Graduate,No,0,Rural,0.453,0
L03157,Female,30,Middle-aged,Caucasian,42000.0,0.0,631,162700.0,360,1.9,Rent,Graduate,No,0,Urban,0.279,0
L03158,Male,24,Young,Caucasian,131900.0,0.0,624,680800.0,180,27.4,Mortgage,Undergraduate,No,1,Semiurban,0.523,1
L03159,Female,38,Middle-aged,Caucasian,57900.0,0.0,622,300200.0,360,3.4,Mortgage,Undergraduate,No,0,Semiurban,0.373,0
L03160,Male,39,Middle-aged,Caucasian,44500.0,0.0,540,152300.0,360,6.2,Mortgage,Graduate,Yes,0,Urban,0.246,1
L03161,Male,42,Middle-aged,Caucasian,35400.0,26100.0,552,240200.0,360,14.1,Mortgage,Graduate,No,3+,Urban,0.281,1
L03162,Male,37,Middle-aged,Caucasian,33200.0,0.0,649,114000.0,360,11.4,Rent,Graduate,No,0,Urban,0.247,1
L03163,Male,48,Middle-aged,Caucasian,56100.0,0.0,646,196900.0,360,7.7,Rent,Graduate,No,1,Urban,0.253,0
L03164,Male,36,Middle-aged,Caucasian,40300.0,17400.0,562,158100.0,360,7.4,Rent,Graduate,No,2,Rural,0.197,1
L03165,Male,18,Young,Caucasian,95800.0,0.0,633,321100.0,360,5.0,Own,Undergraduate,No,3+,Rural,0.241,1
L03166,Male,39,Middle-aged,Asian,88100.0,33500.0,615,468600.0,360,3.7,Rent,Undergraduate,No,0,Rural,0.277,1
L03167,Female,18,Young,Caucasian,53700.0,0.0,545,215400.0,180,1.7,Mortgage,Graduate,No,3+,Semiurban,0.406,0
L03168,Male,45,Middle-aged,Caucasian,30600.0,12300.0,684,177600.0,360,5.8,Mortgage,Graduate,No,1,Semiurban,0.298,1
L03169,Female,29,Young,Hispanic,28100.0,0.0,635,105300.0,360,4.0,Mortgage,Graduate,No,1,Rural,0.27,0
L03170,Male,42,Middle-aged,African American,64800.0,0.0,636,335600.0,360,5.2,Rent,Undergraduate,Yes,1,Rural,0.373,0
L03171,Female,56,Senior,Caucasian,33300.0,0.0,642,103600.0,360,7.1,Mortgage,Graduate,Yes,0,Urban,0.224,1
L03172,Male,29,Young,Caucasian,76800.0,0.0,627,241300.0,360,3.8,Mortgage,Graduate,No,0,Urban,0.226,1
L03173,Male,53,Middle-aged,African American,47400.0,40900.0,669,316900.0,360,7.6,Mortgage,Graduate,No,1,Rural,0.258,0
L03174,Male,35,Middle-aged,Caucasian,50000.0,0.0,567,249800.0,120,5.9,Rent,Graduate,No,0,Semiurban,0.666,0
L03175,Male,62,Senior,Asian,37000.0,47800.0,697,299300.0,360,7.6,Rent,Graduate,No,2,Rural,0.254,1
L03176,Male,36,Middle-aged,Caucasian,47200.0,0.0,635,193600.0,360,10.5,Mortgage,Graduate,Yes,0,Semiurban,0.295,1
L03177,Female,30,Middle-aged,Caucasian,45000.0,14000.0,588,189200.0,180,11.7,Rent,Undergraduate,No,2,Semiurban,0.325,1
L03178,Female,49,Middle-aged,Caucasian,63000.0,13900.0,617,213400.0,360,6.1,Mortgage,Graduate,No,0,Semiurban,0.2,0
L03179,Female,35,Middle-aged,African American,22400.0,0.0,643,92900.0,360,3.2,Mortgage,Graduate,No,0,Semiurban,0.298,0
L03180,Female,30,Middle-aged,Hispanic,33100.0,0.0,585,134700.0,360,8.2,Mortgage,Graduate,No,2,Semiurban,0.293,1
L03181,Male,35,Middle-aged,Caucasian,49900.0,27000.0,573,242700.0,360,15.5,Mortgage,Graduate,No,0,Semiurban,0.227,1
L03182,Male,40,Middle-aged,Caucasian,63900.0,0.0,611,274800.0,360,3.5,Own,Graduate,No,2,Urban,0.309,1
L03183,Male,57,Senior,Caucasian,34100.0,0.0,681,158200.0,360,5.9,Rent,Graduate,No,2,Semiurban,0.334,0
L03184,Male,18,Young,Caucasian,29000.0,12200.0,476,162500.0,360,1.0,Rent,Undergraduate,No,0,Semiurban,0.284,0
L03185,Male,41,Middle-aged,Hispanic,57800.0,17200.0,609,240600.0,360,9.2,Mortgage,Graduate,No,0,Semiurban,0.231,1
L03186,Male,48,Middle-aged,Caucasian,26700.0,38200.0,680,203200.0,360,21.2,Mortgage,Graduate,No,0,Urban,0.225,1
L03187,Male,43,Middle-aged,Hispanic,73800.0,0.0,636,246100.0,360,10.7,Mortgage,Undergraduate,Yes,2,Rural,0.24,1
L03188,Male,56,Senior,African American,36800.0,0.0,652,120500.0,360,10.0,Own,Graduate,No,2,Semiurban,0.236,1
L03189,Female,40,Middle-aged,Hispanic,20000.0,31900.0,664,176500.0,360,9.3,Mortgage,Graduate,No,0,Urban,0.245,1
L03190,Female,38,Middle-aged,Asian,34400.0,0.0,661,156900.0,360,4.3,Rent,Graduate,No,0,Urban,0.328,1
L03191,Male,48,Middle-aged,Caucasian,57000.0,0.0,614,269500.0,360,10.3,Mortgage,Undergraduate,No,0,Semiurban,0.34,1
L03192,Female,42,Middle-aged,Caucasian,33700.0,59300.0,605,218400.0,360,5.5,Own,Graduate,No,0,Semiurban,0.169,1
L03193,Female,36,Middle-aged,Caucasian,42000.0,0.0,664,212400.0,360,4.0,Mortgage,Graduate,No,3+,Semiurban,0.364,1
L03194,Male,47,Middle-aged,Caucasian,65900.0,0.0,702,217400.0,360,5.7,Rent,Undergraduate,Yes,0,Rural,0.237,1
L03195,Male,33,Middle-aged,Caucasian,45200.0,24000.0,603,287500.0,180,7.8,Mortgage,Graduate,No,0,Semiurban,0.421,1
L03196,Male,33,Middle-aged,Caucasian,33700.0,0.0,596,127800.0,360,9.5,Mortgage,Graduate,No,2,Semiurban,0.273,1
L03197,Female,34,Middle-aged,Hispanic,32600.0,0.0,616,105500.0,360,6.8,Mortgage,Graduate,No,1,Semiurban,0.233,1
L03198,Female,57,Senior,Caucasian,73400.0,0.0,749,267600.0,180,6.2,Own,Graduate,No,0,Urban,0.369,1
L03199,Male,18,Young,Asian,96200.0,0.0,691,327900.0,360,0.2,Rent,Graduate,No,0,Semiurban,0.245,1
L03200,Male,45,Middle-aged,Hispanic,20000.0,16200.0,648,117500.0,360,5.3,Own,Graduate,No,1,Rural,0.234,1
L03201,Female,41,Middle-aged,Hispanic,56900.0,0.0,565,292300.0,180,5.1,Rent,Graduate,No,1,Semiurban,0.52,0
L03202,Male,20,Young,Caucasian,54200.0,0.0,579,202600.0,360,2.9,Own,Undergraduate,No,0,Rural,0.269,1
L03203,Male,44,Middle-aged,Caucasian,70900.0,0.0,632,310300.0,120,4.3,Mortgage,Graduate,No,0,Rural,0.583,0
L03204,Female,46,Middle-aged,Caucasian,33400.0,22600.0,703,227600.0,120,10.7,Rent,Graduate,No,2,Urban,0.541,1
L03205,Female,48,Middle-aged,Caucasian,20500.0,20400.0,597,138600.0,360,10.7,Rent,Graduate,No,0,Semiurban,0.244,1
L03206,Female,18,Young,Caucasian,52600.0,0.0,667,200700.0,360,2.1,Mortgage,Graduate,No,0,Semiurban,0.275,1
L03207,Female,57,Senior,Asian,28600.0,0.0,597,149600.0,360,10.0,Mortgage,Graduate,No,1,Semiurban,0.376,0
L03208,Female,32,Middle-aged,Caucasian,23900.0,20600.0,560,119400.0,360,2.6,Mortgage,Graduate,No,1,Semiurban,0.193,0
L03209,Male,49,Middle-aged,Caucasian,28900.0,0.0,648,120700.0,360,7.3,Rent,Undergraduate,No,1,Urban,0.3,1
L03210,Female,49,Middle-aged,Hispanic,46800.0,0.0,728,224300.0,360,14.4,Rent,Undergraduate,No,1,Semiurban,0.345,1
L03211,Male,30,Middle-aged,Caucasian,51800.0,0.0,596,155500.0,360,7.2,Mortgage,Graduate,No,2,Semiurban,0.216,1
L03212,Female,48,Middle-aged,Caucasian,57000.0,0.0,486,261000.0,360,5.0,Mortgage,Graduate,No,0,Semiurban,0.329,0
L03213,Male,36,Middle-aged,Asian,64100.0,21800.0,534,272600.0,360,12.1,Mortgage,Graduate,No,1,Urban,0.228,1
L03214,Female,18,Young,Caucasian,35200.0,13800.0,596,143900.0,180,5.7,Rent,Graduate,No,1,Rural,0.297,0
L03215,Male,55,Middle-aged,African American,38100.0,25400.0,547,186800.0,360,8.6,Mortgage,Graduate,No,1,Rural,0.212,1
L03216,Male,31,Middle-aged,Caucasian,40000.0,10900.0,549,237100.0,120,7.8,Mortgage,Graduate,No,3+,Urban,0.621,0
L03217,Male,30,Middle-aged,Hispanic,40600.0,15400.0,601,244400.0,360,2.7,Rent,Graduate,No,1,Rural,0.314,1
L03218,Male,36,Middle-aged,Caucasian,33300.0,20800.0,456,154500.0,360,6.7,Mortgage,Graduate,No,0,Urban,0.205,1
L03219,Female,44,Middle-aged,Caucasian,48700.0,0.0,605,158900.0,360,8.7,Mortgage,Graduate,No,2,Semiurban,0.235,1
L03220,Female,40,Middle-aged,Caucasian,64100.0,0.0,564,244800.0,360,16.4,Mortgage,Graduate,No,0,Rural,0.275,1
L03221,Male,47,Middle-aged,Caucasian,35400.0,7100.0,531,169800.0,360,4.7,Mortgage,Graduate,No,0,Semiurban,0.287,0
L03222,Male,24,Young,Caucasian,81800.0,0.0,576,405000.0,360,3.2,Mortgage,Undergraduate,No,1,Semiurban,0.356,0
L03223,Male,32,Middle-aged,Caucasian,51300.0,0.0,547,265400.0,180,15.9,Mortgage,Graduate,No,0,Semiurban,0.524,0
L03224,Male,39,Middle-aged,Caucasian,54000.0,0.0,652,253300.0,360,4.4,Own,Graduate,No,1,Rural,0.337,1
L03225,Male,63,Senior,Caucasian,24800.0,0.0,709,107800.0,180,15.1,Own,Graduate,No,0,Semiurban,0.44,1
L03226,Female,39,Middle-aged,Caucasian,20200.0,0.0,575,67100.0,360,3.2,Mortgage,Graduate,No,2,Semiurban,0.239,1
L03227,Male,54,Middle-aged,Caucasian,51900.0,0.0,609,164300.0,360,5.5,Own,Graduate,No,2,Rural,0.228,1
L03228,Male,41,Middle-aged,African American,53800.0,0.0,602,233500.0,120,5.4,Own,Graduate,No,0,Semiurban,0.578,0
L03229,Male,35,Middle-aged,Caucasian,37500.0,32400.0,539,230800.0,180,9.9,Mortgage,Undergraduate,No,0,Semiurban,0.334,1
L03230,Male,38,Middle-aged,Caucasian,95600.0,7900.0,579,489500.0,360,3.5,Mortgage,Graduate,Yes,0,Semiurban,0.34,1
L03231,Male,38,Middle-aged,Asian,65800.0,30800.0,533,306400.0,360,5.4,Rent,Graduate,No,2,Urban,0.228,0
L03232,Female,48,Middle-aged,Hispanic,25600.0,11500.0,535,98000.0,180,5.2,Mortgage,Graduate,No,0,Urban,0.267,0
L03233,Male,57,Senior,Caucasian,49600.0,0.0,746,196100.0,360,7.1,Rent,Graduate,No,0,Rural,0.284,1
L03234,Male,45,Middle-aged,Caucasian,132000.0,0.0,654,683800.0,360,7.5,Own,Graduate,No,0,Urban,0.373,1
L03235,Male,55,Middle-aged,Caucasian,29800.0,0.0,452,142700.0,360,7.5,Rent,Graduate,No,2,Urban,0.345,0
L03236,Male,29,Young,Caucasian,60600.0,18000.0,579,215900.0,360,2.8,Rent,Graduate,No,0,Semiurban,0.198,0
L03237,Male,36,Middle-aged,African American,34500.0,0.0,509,171400.0,360,5.2,Mortgage,Graduate,No,1,Rural,0.357,0
L03238,Female,32,Middle-aged,Caucasian,55300.0,28600.0,618,286500.0,120,8.1,Mortgage,Graduate,No,0,Rural,0.455,1
L03239,Female,44,Middle-aged,African American,52900.0,0.0,628,202100.0,360,4.5,Mortgage,Graduate,No,0,Rural,0.275,0
L03240,Female,36,Middle-aged,Caucasian,35700.0,66100.0,608,268200.0,360,6.0,Rent,Graduate,No,0,Rural,0.19,1
L03241,Male,49,Middle-aged,Caucasian,76700.0,0.0,655,332800.0,360,6.3,Mortgage,Undergraduate,No,1,Urban,0.312,1
L03242,Male,29,Young,Asian,119200.0,23300.0,639,552000.0,360,4.0,Mortgage,Graduate,No,3+,Semiurban,0.279,0
L03243,Male,41,Middle-aged,Caucasian,50300.0,0.0,537,225200.0,360,12.1,Rent,Graduate,No,0,Rural,0.322,0
L03244,Female,49,Middle-aged,Caucasian,57000.0,0.0,637,244600.0,360,17.9,Mortgage,Graduate,Yes,1,Semiurban,0.309,1
L03245,Female,18,Young,Hispanic,29000.0,0.0,634,96400.0,360,1.4,Rent,Undergraduate,No,0,Rural,0.239,1
L03246,Male,66,Senior,Hispanic,44500.0,8200.0,766,174900.0,360,12.2,Own,Graduate,No,0,Urban,0.239,1
L03247,Male,37,Middle-aged,Asian,45700.0,0.0,600,223600.0,120,8.5,Mortgage,Graduate,No,0,Semiurban,0.652,0
L03248,Male,18,Young,Caucasian,67400.0,35500.0,596,387800.0,360,9.2,Mortgage,Graduate,No,0,Rural,0.271,0
L03249,Female,42,Middle-aged,Caucasian,67500.0,19600.0,670,312500.0,180,15.1,Mortgage,Graduate,No,0,Urban,0.363,1
L03250,Female,41,Middle-aged,Hispanic,35200.0,22800.0,702,161500.0,360,6.6,Mortgage,Undergraduate,No,2,Rural,0.2,1
L03251,Male,40,Middle-aged,Caucasian,90500.0,0.0,626,273100.0,360,23.5,Mortgage,Undergraduate,No,0,Urban,0.217,1
L03252,Male,52,Middle-aged,Hispanic,81400.0,0.0,707,301300.0,360,22.8,Rent,Graduate,No,2,Urban,0.266,1
L03253,Female,49,Middle-aged,Caucasian,58500.0,0.0,593,182700.0,360,8.2,Mortgage,Graduate,No,0,Semiurban,0.225,1
L03254,Male,44,Middle-aged,Caucasian,39900.0,29100.0,640,226400.0,180,7.8,Rent,Graduate,No,0,Urban,0.332,1
L03255,Male,46,Middle-aged,Hispanic,34500.0,7200.0,677,185900.0,360,9.7,Mortgage,Undergraduate,No,0,Urban,0.321,1
L03256,Male,39,Middle-aged,Caucasian,35400.0,22100.0,532,171900.0,180,5.5,Mortgage,Graduate,No,2,Urban,0.303,1
L03257,Female,62,Senior,Caucasian,60900.0,0.0,633,298900.0,180,12.0,Own,Graduate,No,1,Semiurban,0.497,1
L03258,Male,23,Young,Caucasian,30200.0,0.0,638,138500.0,360,4.4,Rent,Graduate,No,1,Semiurban,0.33,0
L03259,Male,42,Middle-aged,Caucasian,64300.0,17900.0,674,242400.0,180,3.8,Mortgage,Graduate,No,0,Rural,0.299,1
L03260,Female,41,Middle-aged,Caucasian,27000.0,0.0,668,120200.0,180,13.0,Rent,Graduate,No,0,Rural,0.451,0
L03261,Male,50,Middle-aged,Caucasian,68100.0,40600.0,703,299900.0,180,18.9,Mortgage,Graduate,No,3+,Semiurban,0.279,1
L03262,Male,30,Middle-aged,Caucasian,49400.0,0.0,587,221000.0,360,1.9,Mortgage,Graduate,No,3+,Semiurban,0.322,1
L03263,Male,20,Young,Asian,83600.0,0.0,751,277600.0,360,8.1,Rent,Graduate,No,1,Urban,0.239,1
L03264,Male,42,Middle-aged,Caucasian,77400.0,31700.0,656,366200.0,360,6.0,Mortgage,Graduate,No,1,Semiurban,0.241,1
L03265,Female,44,Middle-aged,Hispanic,65300.0,0.0,457,279100.0,360,8.3,Mortgage,Graduate,No,1,Urban,0.308,1
L03266,Male,58,Senior,Caucasian,87900.0,0.0,663,273700.0,360,9.5,Mortgage,Graduate,No,1,Semiurban,0.224,1
L03267,Male,25,Young,Caucasian,51900.0,9800.0,573,191100.0,360,5.1,Rent,Undergraduate,Yes,1,Semiurban,0.223,0
L03268,Female,54,Middle-aged,Caucasian,26200.0,41400.0,672,179600.0,360,8.8,Rent,Undergraduate,No,3+,Semiurban,0.191,1
L03269,Female,69,Senior,African American,20900.0,27600.0,616,143900.0,360,17.2,Rent,Undergraduate,Yes,2,Rural,0.213,0
L03270,Female,36,Middle-aged,Hispanic,20000.0,10200.0,658,125500.0,360,8.5,Mortgage,Graduate,No,1,Semiurban,0.299,1
L03271,Male,25,Young,Asian,31800.0,0.0,619,108800.0,360,3.7,Mortgage,Undergraduate,No,0,Urban,0.246,1
L03272,Male,36,Middle-aged,Caucasian,50400.0,0.0,557,190600.0,120,8.5,Own,Graduate,No,3+,Urban,0.504,0
L03273,Female,41,Middle-aged,Caucasian,33300.0,0.0,602,135500.0,120,20.2,Mortgage,Undergraduate,Yes,0,Rural,0.542,1
L03274,Male,47,Middle-aged,Asian,45600.0,0.0,583,167100.0,360,4.8,Mortgage,Graduate,No,3+,Semiurban,0.264,0
L03275,Female,33,Middle-aged,Hispanic,44800.0,0.0,619,197500.0,360,4.7,Mortgage,Graduate,No,1,Urban,0.317,0
L03276,Female,59,Senior,Hispanic,32600.0,22600.0,590,159700.0,360,16.4,Mortgage,Graduate,No,0,Urban,0.208,0
L03277,Female,27,Young,Caucasian,26600.0,0.0,589,126000.0,360,8.1,Rent,Undergraduate,No,0,Semiurban,0.341,0
L03278,Male,20,Young,Hispanic,43200.0,37000.0,571,260300.0,360,14.0,Own,Graduate,Yes,2,Urban,0.234,1
L03279,Male,54,Middle-aged,Caucasian,34200.0,0.0,622,109200.0,360,5.6,Rent,Undergraduate,No,0,Semiurban,0.23,1
L03280,Female,18,Young,Caucasian,37400.0,0.0,702,165000.0,120,9.9,Own,Graduate,No,2,Semiurban,0.588,0
L03281,Male,38,Middle-aged,Caucasian,83900.0,0.0,625,359200.0,360,10.8,Own,Graduate,No,1,Urban,0.308,1
L03282,Male,75,Senior,Caucasian,44000.0,12000.0,554,189600.0,360,17.0,Rent,Undergraduate,No,0,Urban,0.244,1
L03283,Female,40,Middle-aged,Asian,84600.0,0.0,711,255900.0,360,7.8,Mortgage,Graduate,No,0,Urban,0.218,1
L03284,Female,27,Young,Hispanic,65200.0,0.0,676,225000.0,360,1.6,Rent,Graduate,No,0,Semiurban,0.248,1
L03285,Male,40,Middle-aged,Asian,38900.0,43900.0,495,243800.0,180,7.2,Mortgage,Undergraduate,No,0,Urban,0.298,0
L03286,Male,40,Middle-aged,African American,25100.0,0.0,561,86600.0,360,5.9,Rent,Undergraduate,No,2,Rural,0.248,0
L03287,Male,42,Middle-aged,Caucasian,48000.0,0.0,650,206400.0,120,7.3,Mortgage,Graduate,No,1,Semiurban,0.573,1
L03288,Female,48,Middle-aged,African American,50500.0,10300.0,666,257700.0,360,11.2,Mortgage,Undergraduate,No,0,Semiurban,0.305,1
L03289,Female,28,Young,Caucasian,34200.0,0.0,592,168500.0,360,6.0,Rent,Graduate,No,0,Semiurban,0.354,0
L03290,Male,61,Senior,Asian,70500.0,0.0,671,314100.0,360,8.2,Mortgage,Graduate,No,0,Urban,0.321,1
L03291,Male,43,Middle-aged,African American,63600.0,14800.0,582,325300.0,360,8.3,Own,Graduate,Yes,3+,Rural,0.299,1
L03292,Female,49,Middle-aged,African American,23400.0,0.0,471,102200.0,360,5.1,Own,Graduate,No,1,Rural,0.314,0
L03293,Male,33,Middle-aged,Caucasian,37400.0,0.0,725,195100.0,360,2.3,Rent,Graduate,No,0,Semiurban,0.375,1
L03294,Male,56,Senior,Hispanic,58700.0,0.0,595,210600.0,180,8.3,Mortgage,Graduate,Yes,1,Rural,0.363,1
L03295,Female,37,Middle-aged,Caucasian,44300.0,0.0,624,159400.0,360,9.9,Mortgage,Graduate,No,3+,Urban,0.259,1
L03296,Male,44,Middle-aged,Caucasian,37300.0,0.0,609,122500.0,360,12.5,Rent,Graduate,No,2,Rural,0.236,1
L03297,Female,29,Young,Asian,36200.0,0.0,649,148200.0,360,5.6,Rent,Graduate,No,0,Urban,0.295,0
L03298,Male,29,Young,Caucasian,47700.0,0.0,611,153400.0,180,11.8,Mortgage,Graduate,No,2,Urban,0.326,1
L03299,Male,49,Middle-aged,Hispanic,23600.0,0.0,624,85100.0,360,5.3,Rent,Graduate,No,1,Semiurban,0.259,1
L03300,Female,35,Middle-aged,Caucasian,56600.0,13700.0,462,261100.0,360,19.2,Mortgage,Graduate,Yes,0,Semiurban,0.267,0
L03301,Male,30,Middle-aged,Caucasian,40500.0,43800.0,550,329200.0,360,14.5,Rent,Graduate,No,3+,Urban,0.281,1
L03302,Female,33,Middle-aged,Hispanic,20000.0,17200.0,633,150800.0,360,6.8,Own,Graduate,No,2,Semiurban,0.292,0
L03303,Female,49,Middle-aged,Caucasian,41300.0,0.0,668,193000.0,180,5.0,Own,Graduate,No,1,Urban,0.473,1
L03304,Male,33,Middle-aged,Caucasian,36400.0,0.0,544,141100.0,360,5.3,Rent,Undergraduate,No,0,Semiurban,0.279,0
L03305,Male,39,Middle-aged,Caucasian,96300.0,0.0,563,476400.0,360,4.1,Mortgage,Graduate,No,0,Urban,0.356,0
L03306,Male,41,Middle-aged,Caucasian,38800.0,12300.0,623,225400.0,360,8.4,Mortgage,Graduate,Yes,2,Rural,0.317,1
L03307,Male,18,Young,African American,25300.0,0.0,395,127700.0,180,1.1,Rent,Graduate,No,0,Semiurban,0.511,0
L03308,Male,23,Young,Caucasian,60100.0,0.0,536,266800.0,180,4.0,Mortgage,Graduate,No,1,Rural,0.45,0
L03309,Male,45,Middle-aged,Hispanic,33900.0,0.0,723,117100.0,360,5.2,Own,Graduate,No,0,Semiurban,0.249,1
L03310,Male,32,Middle-aged,Asian,35900.0,0.0,686,115100.0,360,3.1,Rent,Undergraduate,No,0,Urban,0.231,1
L03311,Female,53,Middle-aged,Caucasian,51100.0,0.0,672,258500.0,360,6.7,Mortgage,Graduate,No,3+,Semiurban,0.364,1
L03312,Female,52,Middle-aged,African American,21000.0,0.0,636,65600.0,360,5.2,Rent,Graduate,No,0,Semiurban,0.225,0
L03313,Female,49,Middle-aged,African American,20000.0,0.0,495,73300.0,360,10.9,Mortgage,Graduate,No,2,Semiurban,0.264,0
L03314,Male,62,Senior,Caucasian,97800.0,27500.0,649,460600.0,360,8.4,Mortgage,Graduate,No,2,Semiurban,0.264,1
L03315,Male,40,Middle-aged,Caucasian,61800.0,0.0,614,188500.0,180,9.3,Mortgage,Graduate,No,3+,Semiurban,0.309,1
L03316,Female,48,Middle-aged,Caucasian,37500.0,30700.0,581,271600.0,360,9.8,Own,Graduate,No,3+,Urban,0.287,1
L03317,Male,33,Middle-aged,African American,39200.0,0.0,582,142900.0,360,2.6,Own,Undergraduate,Yes,0,Rural,0.262,1
L03318,Male,70,Senior,African American,48000.0,0.0,744,147100.0,360,9.7,Own,Graduate,No,3+,Semiurban,0.22,1
L03319,Female,64,Senior,Caucasian,61500.0,0.0,635,322000.0,360,11.1,Rent,Undergraduate,No,0,Rural,0.377,1
L03320,Female,41,Middle-aged,Asian,30800.0,0.0,588,114000.0,360,16.0,Rent,Graduate,No,1,Urban,0.266,0
L03321,Male,45,Middle-aged,Asian,56800.0,0.0,680,282500.0,360,6.6,Mortgage,Graduate,No,2,Semiurban,0.358,1
L03322,Male,57,Senior,African American,32000.0,0.0,548,128700.0,120,9.4,Mortgage,Graduate,No,3+,Rural,0.536,0
L03323,Female,39,Middle-aged,Asian,38600.0,0.0,561,173400.0,360,10.1,Own,Undergraduate,No,0,Semiurban,0.323,0
L03324,Female,33,Middle-aged,Caucasian,44400.0,0.0,563,157300.0,360,10.4,Mortgage,Graduate,No,0,Urban,0.255,0
L03325,Female,51,Middle-aged,Hispanic,36700.0,0.0,632,151600.0,360,17.8,Rent,Graduate,No,1,Semiurban,0.297,1
L03326,Female,41,Middle-aged,African American,42800.0,0.0,598,153200.0,120,6.9,Mortgage,Graduate,No,0,Semiurban,0.477,0
L03327,Female,43,Middle-aged,Asian,50600.0,0.0,609,260100.0,120,4.8,Rent,Graduate,No,1,Semiurban,0.685,0
L03328,Male,30,Middle-aged,Caucasian,26800.0,0.0,549,84100.0,360,9.0,Mortgage,Undergraduate,No,2,Urban,0.226,1
L03329,Male,20,Young,Caucasian,28500.0,30800.0,511,162500.0,180,1.0,Mortgage,Graduate,No,2,Urban,0.277,0
L03330,Female,43,Middle-aged,Caucasian,35900.0,0.0,652,179800.0,360,6.5,Mortgage,Graduate,No,0,Semiurban,0.36,1
L03331,Female,51,Middle-aged,Caucasian,86600.0,0.0,648,353300.0,360,9.9,Own,Undergraduate,No,1,Semiurban,0.294,1
L03332,Female,38,Middle-aged,African American,22700.0,19200.0,635,143300.0,360,8.9,Mortgage,Graduate,No,0,Semiurban,0.246,1
L03333,Male,58,Senior,Caucasian,45100.0,25000.0,579,261000.0,120,12.6,Rent,Undergraduate,No,2,Rural,0.496,0
L03334,Male,32,Middle-aged,Asian,39600.0,15900.0,562,151900.0,180,3.2,Mortgage,Graduate,No,0,Rural,0.277,0
L03335,Female,28,Young,African American,25500.0,50900.0,572,160000.0,360,21.5,Mortgage,Graduate,No,2,Urban,0.151,1
L03336,Female,40,Middle-aged,African American,34200.0,39000.0,602,281100.0,360,4.3,Mortgage,Graduate,No,0,Urban,0.276,0
L03337,Female,40,Middle-aged,Caucasian,73000.0,37900.0,686,336600.0,360,3.8,Mortgage,Graduate,Yes,0,Urban,0.218,1
L03338,Female,50,Middle-aged,Hispanic,44100.0,0.0,607,170000.0,360,10.3,Mortgage,Undergraduate,No,2,Urban,0.277,0
L03339,Female,31,Middle-aged,Asian,30200.0,32800.0,638,216300.0,360,14.0,Own,Graduate,No,0,Rural,0.247,1
L03340,Female,57,Senior,Asian,125300.0,28600.0,731,496400.0,120,9.9,Rent,Graduate,No,0,Urban,0.43,1
L03341,Female,64,Senior,Caucasian,43000.0,11800.0,646,229200.0,360,11.4,Own,Graduate,No,1,Rural,0.301,1
L03342,Female,40,Middle-aged,Caucasian,33100.0,30200.0,552,198400.0,360,7.2,Mortgage,Undergraduate,Yes,0,Urban,0.225,1
L03343,Female,55,Middle-aged,Caucasian,73300.0,0.0,709,361200.0,360,5.8,Mortgage,Graduate,No,0,Semiurban,0.355,1
L03344,Male,28,Young,Caucasian,40600.0,0.0,541,147200.0,360,7.2,Own,Graduate,No,0,Urban,0.261,0
L03345,Male,53,Middle-aged,Caucasian,95300.0,23300.0,677,372600.0,180,7.5,Rent,Undergraduate,Yes,0,Urban,0.318,0
L03346,Female,53,Middle-aged,Caucasian,29400.0,0.0,622,143200.0,360,19.0,Rent,Graduate,No,1,Urban,0.35,0
L03347,Male,51,Middle-aged,African American,69500.0,41400.0,642,342000.0,180,6.0,Rent,Undergraduate,No,0,Semiurban,0.312,1
L03348,Male,40,Middle-aged,Caucasian,53100.0,0.0,602,208500.0,360,5.1,Mortgage,Graduate,No,0,Semiurban,0.283,1
L03349,Male,18,Young,Caucasian,82200.0,33000.0,566,477600.0,180,3.5,Mortgage,Undergraduate,No,1,Urban,0.42,0
L03350,Male,33,Middle-aged,Hispanic,94400.0,29000.0,551,486700.0,360,5.5,Own,Graduate,No,3+,Rural,0.284,1
L03351,Male,33,Middle-aged,Caucasian,31200.0,0.0,681,124600.0,360,4.8,Mortgage,Undergraduate,No,0,Semiurban,0.287,1
L03352,Male,29,Young,Asian,81700.0,0.0,602,291000.0,360,3.5,Own,Graduate,No,3+,Rural,0.256,1
L03353,Female,42,Middle-aged,Caucasian,23700.0,0.0,597,111900.0,180,4.4,Rent,Graduate,No,0,Urban,0.478,0
L03354,Male,35,Middle-aged,Caucasian,32200.0,9500.0,593,126900.0,360,11.1,Own,Graduate,No,2,Urban,0.219,1
L03355,Male,31,Middle-aged,Caucasian,35500.0,21100.0,663,237900.0,360,4.9,Own,Graduate,No,0,Rural,0.302,1
L03356,Male,28,Young,Asian,60000.0,0.0,728,200300.0,360,5.8,Rent,Undergraduate,No,3+,Semiurban,0.24,1
L03357,Female,32,Middle-aged,Caucasian,42200.0,0.0,614,203000.0,360,6.1,Rent,Graduate,No,2,Rural,0.346,0
L03358,Male,54,Middle-aged,Hispanic,41300.0,16700.0,627,198500.0,360,9.7,Own,Graduate,No,0,Urban,0.246,1
L03359,Female,33,Middle-aged,Caucasian,44200.0,25000.0,540,196700.0,360,8.4,Mortgage,Graduate,No,0,Urban,0.205,1
L03360,Female,34,Middle-aged,Caucasian,52800.0,0.0,529,206200.0,360,7.4,Rent,Graduate,No,0,Rural,0.281,0
L03361,Female,35,Middle-aged,African American,41600.0,0.0,502,145500.0,360,4.2,Mortgage,Graduate,No,0,Semiurban,0.252,0
L03362,Male,45,Middle-aged,Caucasian,75900.0,17900.0,603,282500.0,120,8.1,Rent,Graduate,No,1,Rural,0.401,0
L03363,Female,46,Middle-aged,Asian,86300.0,0.0,535,305300.0,360,5.6,Mortgage,Graduate,No,0,Urban,0.255,1
L03364,Male,18,Young,Caucasian,48600.0,19200.0,653,291400.0,360,4.4,Own,Undergraduate,No,1,Urban,0.309,1
L03365,Female,53,Middle-aged,Caucasian,33800.0,0.0,654,109500.0,180,8.1,Own,Graduate,No,0,Semiurban,0.328,1
L03366,Female,58,Senior,Asian,53300.0,27700.0,637,353200.0,360,6.2,Mortgage,Graduate,No,0,Rural,0.314,0
L03367,Male,28,Young,Hispanic,27900.0,0.0,653,84000.0,360,8.1,Rent,Graduate,No,0,Rural,0.217,1
L03368,Male,29,Young,Caucasian,37400.0,17700.0,532,209900.0,360,3.3,Rent,Graduate,No,0,Urban,0.274,0
L03369,Male,35,Middle-aged,Asian,73100.0,0.0,584,360200.0,180,15.2,Rent,Undergraduate,No,0,Urban,0.499,0
L03370,Female,31,Middle-aged,Caucasian,39600.0,0.0,485,202000.0,120,3.6,Mortgage,Undergraduate,No,1,Semiurban,0.68,0
L03371,Male,43,Middle-aged,Asian,30200.0,0.0,658,100400.0,360,32.2,Rent,Graduate,No,2,Rural,0.239,1
L03372,Female,18,Young,African American,20000.0,23400.0,517,148500.0,360,3.1,Rent,Graduate,No,0,Rural,0.246,0
L03373,Male,27,Young,Caucasian,50000.0,0.0,604,162100.0,360,1.5,Rent,Graduate,No,0,Urban,0.233,1
L03374,Female,59,Senior,Caucasian,65800.0,0.0,724,249600.0,360,6.5,Mortgage,Graduate,No,0,Semiurban,0.273,1
L03375,Female,29,Young,Caucasian,65400.0,0.0,701,303900.0,360,2.1,Mortgage,Undergraduate,No,3+,Semiurban,0.334,0
L03376,Female,55,Middle-aged,Caucasian,43600.0,0.0,638,164700.0,360,5.8,Mortgage,Graduate,Yes,1,Semiurban,0.272,1
L03377,Female,45,Middle-aged,Caucasian,93100.0,0.0,688,344900.0,360,5.6,Mortgage,Graduate,No,1,Semiurban,0.267,1
L03378,Male,19,Young,African American,37600.0,0.0,527,122600.0,360,2.1,Mortgage,Undergraduate,No,0,Urban,0.235,0
L03379,Male,48,Middle-aged,Hispanic,41700.0,10300.0,729,148600.0,360,5.1,Rent,Graduate,No,0,Semiurban,0.206,1
L03380,Female,39,Middle-aged,Caucasian,20000.0,14500.0,587,90400.0,180,6.0,Rent,Undergraduate,No,0,Semiurban,0.265,0
L03381,Male,35,Middle-aged,Caucasian,41000.0,30600.0,613,284900.0,360,4.8,Mortgage,Graduate,No,1,Urban,0.286,1
L03382,Male,43,Middle-aged,Caucasian,68900.0,11900.0,618,227600.0,360,8.8,Mortgage,Graduate,No,3+,Rural,0.203,1
L03383,Male,46,Middle-aged,Hispanic,82500.0,0.0,729,376100.0,360,5.3,Mortgage,Graduate,No,0,Urban,0.328,1
L03384,Male,49,Middle-aged,Caucasian,35200.0,41100.0,636,270100.0,360,16.9,Rent,Undergraduate,Yes,1,Semiurban,0.255,0
L03385,Male,55,Middle-aged,Caucasian,59000.0,0.0,698,252400.0,360,9.2,Rent,Undergraduate,No,0,Semiurban,0.308,1
L03386,Female,45,Middle-aged,Caucasian,63300.0,0.0,662,294000.0,360,8.9,Mortgage,Graduate,Yes,1,Urban,0.334,1
L03387,Male,24,Young,Caucasian,49200.0,0.0,585,219800.0,360,1.1,Rent,Graduate,No,1,Semiurban,0.321,0
L03388,Female,35,Middle-aged,Caucasian,20000.0,0.0,647,80500.0,360,6.6,Mortgage,Undergraduate,Yes,0,Rural,0.29,1
L03389,Male,75,Senior,Caucasian,54100.0,0.0,699,208900.0,360,10.8,Mortgage,Undergraduate,No,1,Rural,0.278,1
L03390,Female,49,Middle-aged,Caucasian,56500.0,0.0,584,289200.0,360,17.5,Mortgage,Undergraduate,No,0,Semiurban,0.368,0
L03391,Male,69,Senior,Caucasian,33600.0,35900.0,594,273600.0,180,18.5,Own,Graduate,No,1,Semiurban,0.399,1
L03392,Female,57,Senior,Caucasian,37600.0,0.0,647,167900.0,360,10.9,Rent,Undergraduate,No,0,Rural,0.321,1
L03393,Female,43,Middle-aged,Caucasian,26200.0,0.0,662,90200.0,360,11.1,Rent,Graduate,No,0,Urban,0.248,1
L03394,Male,44,Middle-aged,Caucasian,20000.0,0.0,703,80200.0,360,9.1,Mortgage,Graduate,No,0,Semiurban,0.289,1
L03395,Female,40,Middle-aged,Hispanic,55400.0,0.0,520,228100.0,120,3.4,Rent,Graduate,No,2,Semiurban,0.549,0
L03396,Female,20,Young,Hispanic,36700.0,0.0,583,172700.0,180,6.4,Mortgage,Undergraduate,No,0,Semiurban,0.477,0
L03397,Female,41,Middle-aged,Caucasian,78900.0,0.0,676,355200.0,360,4.4,Mortgage,Undergraduate,No,0,Urban,0.324,1
L03398,Female,55,Middle-aged,Caucasian,58700.0,0.0,670,244100.0,360,11.3,Own,Graduate,No,0,Semiurban,0.299,1
L03399,Male,33,Middle-aged,African American,34000.0,19300.0,660,200700.0,360,2.3,Rent,Graduate,No,0,Urban,0.271,1
L03400,Female,45,Middle-aged,Caucasian,40300.0,98700.0,662,283900.0,180,5.9,Rent,Graduate,No,1,Semiurban,0.207,1
L03401,Male,51,Middle-aged,Caucasian,61500.0,0.0,589,292000.0,360,8.6,Mortgage,Undergraduate,No,2,Semiurban,0.342,0
L03402,Male,30,Middle-aged,Caucasian,72200.0,0.0,564,251000.0,360,3.8,Mortgage,Graduate,No,3+,Semiurban,0.25,1
L03403,Female,35,Middle-aged,Hispanic,41800.0,41000.0,627,285000.0,360,8.5,Rent,Undergraduate,No,3+,Rural,0.248,0
L03404,Male,28,Young,Hispanic,68700.0,0.0,679,223700.0,360,5.2,Mortgage,Graduate,No,0,Semiurban,0.234,1
L03405,Female,31,Middle-aged,Caucasian,37000.0,0.0,607,120500.0,360,18.0,Rent,Graduate,No,0,Rural,0.234,1
L03406,Female,25,Young,Caucasian,28000.0,0.0,488,86200.0,180,3.3,Mortgage,Graduate,Yes,0,Semiurban,0.312,0
L03407,Female,30,Middle-aged,Hispanic,35800.0,13700.0,533,217600.0,180,8.2,Mortgage,Graduate,No,2,Rural,0.445,0
L03408,Female,58,Senior,Hispanic,39900.0,0.0,683,174000.0,360,15.0,Mortgage,Graduate,Yes,0,Rural,0.314,1
L03409,Male,30,Middle-aged,Hispanic,27300.0,32000.0,568,169200.0,360,3.3,Mortgage,Graduate,No,1,Semiurban,0.205,0
L03410,Male,42,Middle-aged,Caucasian,28700.0,0.0,616,137000.0,180,10.6,Mortgage,Graduate,Yes,1,Semiurban,0.483,1
L03411,Male,34,Middle-aged,Caucasian,58600.0,0.0,684,258300.0,120,4.9,Mortgage,Graduate,No,0,Semiurban,0.587,1
L03412,Male,55,Middle-aged,African American,33300.0,0.0,560,146400.0,360,6.2,Rent,Graduate,No,1,Semiurban,0.316,0
L03413,Male,56,Senior,Caucasian,45900.0,22800.0,618,237800.0,180,5.7,Mortgage,Graduate,No,0,Urban,0.351,1
L03414,Male,51,Middle-aged,Caucasian,42500.0,14900.0,602,152200.0,360,11.8,Mortgage,Graduate,No,0,Semiurban,0.191,1
L03415,Female,44,Middle-aged,Caucasian,76600.0,0.0,671,274300.0,360,4.9,Rent,Graduate,No,0,Semiurban,0.258,1
L03416,Female,38,Middle-aged,Hispanic,60900.0,0.0,675,197600.0,360,3.3,Rent,Graduate,No,0,Rural,0.233,1
L03417,Male,26,Young,Hispanic,26900.0,0.0,494,120800.0,360,4.6,Mortgage,Graduate,No,0,Rural,0.323,0
L03418,Female,64,Senior,Caucasian,33700.0,0.0,645,120000.0,360,9.0,Rent,Undergraduate,Yes,2,Urban,0.256,1
L03419,Male,31,Middle-aged,Hispanic,62000.0,0.0,671,248800.0,360,7.8,Mortgage,Undergraduate,No,2,Semiurban,0.289,1
L03420,Male,48,Middle-aged,Caucasian,62400.0,0.0,533,236800.0,120,5.1,Mortgage,Graduate,Yes,2,Rural,0.506,0
L03421,Female,53,Middle-aged,Asian,41000.0,12900.0,631,159100.0,360,6.0,Mortgage,Graduate,No,0,Rural,0.212,1
L03422,Female,34,Middle-aged,Caucasian,26400.0,0.0,522,136100.0,360,5.0,Mortgage,Undergraduate,No,0,Rural,0.371,0
L03423,Female,53,Middle-aged,Caucasian,31700.0,0.0,589,161700.0,360,8.9,Mortgage,Graduate,No,0,Urban,0.367,1
L03424,Male,50,Middle-aged,Caucasian,39900.0,0.0,479,127300.0,360,13.5,Rent,Graduate,Yes,1,Urban,0.23,1
L03425,Female,61,Senior,Caucasian,46500.0,0.0,735,226100.0,180,10.9,Rent,Graduate,No,0,Urban,0.492,1
L03426,Female,35,Middle-aged,Caucasian,82400.0,0.0,620,337700.0,360,14.2,Rent,Graduate,No,0,Rural,0.295,1
L03427,Female,25,Young,Caucasian,31700.0,36200.0,537,241800.0,360,2.3,Mortgage,Graduate,No,0,Semiurban,0.256,0
L03428,Female,34,Middle-aged,Hispanic,24400.0,0.0,613,81500.0,360,6.9,Rent,Graduate,No,1,Semiurban,0.24,0
L03429,Female,43,Middle-aged,Caucasian,39900.0,16300.0,556,160200.0,360,9.1,Mortgage,Graduate,No,0,Rural,0.205,0
L03430,Female,41,Middle-aged,Caucasian,63000.0,0.0,566,315300.0,360,9.9,Mortgage,Graduate,No,3+,Urban,0.36,0
L03431,Female,36,Middle-aged,Caucasian,23400.0,0.0,686,117500.0,360,25.1,Rent,Graduate,No,1,Semiurban,0.361,1
L03432,Female,18,Young,Caucasian,74500.0,0.0,718,301600.0,360,3.2,Mortgage,Graduate,No,0,Semiurban,0.291,1
L03433,Female,46,Middle-aged,Caucasian,38900.0,20900.0,587,248100.0,360,6.5,Mortgage,Undergraduate,No,0,Semiurban,0.298,1
L03434,Male,64,Senior,Asian,36500.0,0.0,712,164300.0,360,16.5,Rent,Graduate,No,0,Semiurban,0.324,1
L03435,Female,46,Middle-aged,Caucasian,22000.0,0.0,630,75200.0,360,5.2,Rent,Graduate,No,0,Urban,0.246,1
L03436,Male,48,Middle-aged,African American,52000.0,0.0,551,194500.0,360,4.7,Own,Graduate,No,0,Semiurban,0.269,0
L03437,Male,47,Middle-aged,African American,36600.0,13900.0,567,145500.0,360,7.3,Rent,Graduate,No,1,Semiurban,0.207,0
L03438,Female,45,Middle-aged,Caucasian,44600.0,0.0,719,211500.0,360,5.5,Mortgage,Undergraduate,Yes,1,Urban,0.341,1
L03439,Female,52,Middle-aged,Caucasian,29100.0,0.0,538,151800.0,360,7.6,Rent,Graduate,No,0,Rural,0.375,0
L03440,Female,45,Middle-aged,Hispanic,32400.0,0.0,753,137000.0,360,25.4,Own,Graduate,No,1,Semiurban,0.304,1
L03441,Male,37,Middle-aged,Caucasian,40400.0,0.0,576,180800.0,360,5.0,Rent,Graduate,No,3+,Semiurban,0.322,0
L03442,Male,31,Middle-aged,Caucasian,47100.0,0.0,702,220400.0,360,8.1,Rent,Graduate,No,1,Urban,0.337,1
L03443,Male,38,Middle-aged,Hispanic,33800.0,0.0,588,118500.0,360,4.4,Mortgage,Undergraduate,No,3+,Urban,0.252,0
L03444,Female,44,Middle-aged,Caucasian,22600.0,15200.0,655,115300.0,360,5.7,Rent,Graduate,No,0,Rural,0.219,1
L03445,Female,37,Middle-aged,Caucasian,124100.0,0.0,761,487400.0,360,4.2,Rent,Undergraduate,No,0,Semiurban,0.283,1
L03446,Female,44,Middle-aged,Hispanic,21300.0,20700.0,689,140300.0,120,8.1,Mortgage,Graduate,No,0,Semiurban,0.445,1
L03447,Female,46,Middle-aged,Caucasian,44800.0,26700.0,592,290100.0,360,5.5,Rent,Graduate,No,3+,Semiurban,0.292,0
L03448,Female,50,Middle-aged,Caucasian,20500.0,0.0,562,73200.0,360,11.1,Rent,Undergraduate,No,0,Urban,0.257,0
L03449,Female,56,Senior,Hispanic,20000.0,0.0,618,81200.0,360,11.4,Mortgage,Graduate,Yes,3+,Rural,0.292,1
L03450,Male,41,Middle-aged,Hispanic,45900.0,6000.0,543,230300.0,360,6.2,Own,Graduate,No,0,Urban,0.319,1
L03451,Male,25,Young,Caucasian,52600.0,22200.0,616,206000.0,360,1.2,Mortgage,Graduate,No,0,Urban,0.198,1
L03452,Female,36,Middle-aged,Caucasian,69000.0,15200.0,582,320300.0,180,2.8,Mortgage,Graduate,No,0,Rural,0.385,0
L03453,Female,41,Middle-aged,Asian,48900.0,44400.0,688,241300.0,180,7.3,Own,Graduate,No,0,Urban,0.262,1
L03454,Male,18,Young,African American,36900.0,0.0,545,155500.0,180,9.1,Own,Graduate,No,0,Rural,0.427,0
L03455,Female,57,Senior,Caucasian,28500.0,95900.0,526,376500.0,180,10.4,Rent,Graduate,No,1,Rural,0.306,0
L03456,Male,42,Middle-aged,Caucasian,89300.0,0.0,741,315500.0,180,6.5,Rent,Graduate,No,0,Semiurban,0.358,1
L03457,Male,45,Middle-aged,Caucasian,71100.0,0.0,658,349200.0,360,14.7,Rent,Graduate,Yes,1,Urban,0.353,1
L03458,Female,57,Senior,Hispanic,22300.0,0.0,628,83700.0,360,6.9,Rent,Undergraduate,No,2,Rural,0.27,0
L03459,Female,33,Middle-aged,Hispanic,37300.0,18400.0,668,161600.0,360,4.5,Mortgage,Graduate,No,3+,Semiurban,0.209,1
L03460,Female,47,Middle-aged,Hispanic,38900.0,0.0,676,157400.0,360,8.5,Rent,Undergraduate,No,0,Urban,0.291,1
L03461,Male,39,Middle-aged,Hispanic,38400.0,9300.0,566,215500.0,360,4.9,Mortgage,Graduate,No,0,Rural,0.325,1
L03462,Male,38,Middle-aged,Caucasian,66800.0,23400.0,606,250100.0,360,33.4,Mortgage,Graduate,No,0,Semiurban,0.199,1
L03463,Female,31,Middle-aged,Caucasian,58100.0,19900.0,549,256800.0,360,5.0,Mortgage,Graduate,No,0,Rural,0.237,1
L03464,Female,60,Senior,Asian,38600.0,59000.0,556,313200.0,120,6.6,Mortgage,Graduate,No,0,Semiurban,0.428,1
L03465,Male,36,Middle-aged,African American,35000.0,0.0,639,133200.0,180,3.7,Own,Graduate,No,1,Urban,0.385,1
L03466,Female,49,Middle-aged,Caucasian,75900.0,50700.0,680,325200.0,180,8.5,Mortgage,Graduate,No,1,Rural,0.26,1
L03467,Male,18,Young,Caucasian,71200.0,34000.0,652,334700.0,360,4.0,Rent,Graduate,No,2,Semiurban,0.229,1
L03468,Female,55,Middle-aged,Hispanic,37800.0,16400.0,712,225600.0,360,26.3,Own,Graduate,No,3+,Semiurban,0.299,1
L03469,Female,53,Middle-aged,Caucasian,21700.0,30900.0,666,197700.0,360,9.8,Mortgage,Undergraduate,No,0,Semiurban,0.27,1
L03470,Male,42,Middle-aged,Caucasian,56300.0,0.0,682,173900.0,180,9.1,Rent,Graduate,No,3+,Semiurban,0.313,1
L03471,Male,38,Middle-aged,African American,51800.0,0.0,496,221800.0,360,4.2,Mortgage,Undergraduate,No,0,Urban,0.308,0
L03472,Female,45,Middle-aged,African American,20000.0,0.0,588,64700.0,180,4.6,Rent,Graduate,No,2,Semiurban,0.328,0
L03473,Female,68,Senior,Caucasian,46100.0,25100.0,719,269500.0,180,12.1,Mortgage,Graduate,No,0,Semiurban,0.383,1
L03474,Female,19,Young,Asian,35300.0,0.0,509,106500.0,360,10.2,Own,Graduate,No,3+,Rural,0.217,0
L03475,Female,50,Middle-aged,Caucasian,38100.0,24900.0,633,155800.0,180,9.2,Mortgage,Graduate,Yes,0,Urban,0.25,1
L03476,Female,30,Middle-aged,Caucasian,29000.0,0.0,622,137700.0,360,4.7,Mortgage,Graduate,No,1,Urban,0.342,0
L03477,Female,40,Middle-aged,Caucasian,39300.0,10100.0,641,141500.0,360,7.6,Mortgage,Undergraduate,No,0,Rural,0.206,1
L03478,Male,38,Middle-aged,African American,68400.0,37500.0,656,325900.0,360,6.2,Mortgage,Undergraduate,No,0,Rural,0.221,1
L03479,Male,35,Middle-aged,Hispanic,36900.0,0.0,640,190200.0,180,3.3,Rent,Graduate,No,0,Urban,0.522,0
L03480,Male,40,Middle-aged,Asian,72100.0,23200.0,651,440700.0,360,10.1,Mortgage,Graduate,No,1,Urban,0.333,1
L03481,Male,27,Young,Hispanic,32000.0,20900.0,501,145100.0,360,5.2,Mortgage,Graduate,No,0,Semiurban,0.197,0
L03482,Female,53,Middle-aged,Caucasian,56400.0,0.0,678,240400.0,360,7.8,Rent,Graduate,Yes,0,Urban,0.307,1
L03483,Male,19,Young,Caucasian,49100.0,0.0,607,209100.0,360,4.3,Mortgage,Graduate,No,0,Semiurban,0.306,1
L03484,Female,47,Middle-aged,Caucasian,48000.0,0.0,544,192900.0,180,5.7,Mortgage,Undergraduate,No,1,Semiurban,0.407,0
L03485,Female,37,Middle-aged,Caucasian,41800.0,16300.0,694,256500.0,360,5.6,Mortgage,Undergraduate,Yes,0,Rural,0.318,1
L03486,Female,26,Young,Asian,53900.0,0.0,637,253100.0,180,6.1,Mortgage,Undergraduate,No,1,Semiurban,0.476,0
L03487,Male,43,Middle-aged,African American,20000.0,0.0,520,94400.0,360,5.0,Rent,Graduate,No,3+,Semiurban,0.34,0
L03488,Male,22,Young,Hispanic,25000.0,0.0,526,90200.0,360,7.5,Rent,Graduate,No,3+,Rural,0.26,0
L03489,Male,41,Middle-aged,Caucasian,57900.0,0.0,596,230300.0,360,7.1,Mortgage,Graduate,No,0,Rural,0.286,1
L03490,Male,23,Young,Caucasian,21600.0,14800.0,540,120800.0,360,10.6,Rent,Graduate,No,0,Urban,0.239,0
L03491,Male,46,Middle-aged,Caucasian,39600.0,25800.0,641,196000.0,360,13.6,Own,Graduate,No,0,Urban,0.216,1
L03492,Female,29,Young,Caucasian,40800.0,0.0,540,131100.0,360,5.1,Own,Undergraduate,No,2,Rural,0.231,0
L03493,Female,35,Middle-aged,Caucasian,29900.0,9200.0,667,114300.0,360,3.6,Rent,Graduate,No,0,Semiurban,0.21,1
L03494,Female,44,Middle-aged,Caucasian,31600.0,32700.0,677,167100.0,360,10.6,Mortgage,Graduate,No,0,Semiurban,0.187,1
L03495,Female,31,Middle-aged,Caucasian,46400.0,0.0,643,160500.0,360,4.7,Rent,Graduate,No,0,Rural,0.249,1
L03496,Male,40,Middle-aged,Caucasian,73400.0,0.0,644,260200.0,360,7.8,Mortgage,Graduate,No,2,Semiurban,0.255,1
L03497,Female,22,Young,Caucasian,28400.0,13000.0,634,126300.0,360,1.2,Mortgage,Graduate,No,3+,Semiurban,0.219,1
L03498,Female,48,Middle-aged,Caucasian,33100.0,7900.0,604,150200.0,360,9.5,Rent,Graduate,No,2,Urban,0.264,0
L03499,Male,62,Senior,Caucasian,36600.0,54800.0,601,273000.0,180,8.9,Rent,Graduate,Yes,2,Rural,0.302,1
L03500,Female,74,Senior,Caucasian,20000.0,0.0,721,73900.0,360,10.4,Rent,Undergraduate,No,1,Semiurban,0.266,1
L03501,Male,42,Middle-aged,Caucasian,51900.0,14300.0,646,300100.0,360,23.1,Rent,Undergraduate,No,0,Urban,0.326,1
L03502,Female,50,Middle-aged,Caucasian,60600.0,0.0,605,257200.0,360,7.6,Mortgage,Graduate,No,1,Semiurban,0.305,1
L03503,Female,19,Young,Caucasian,62600.0,15400.0,576,337900.0,360,5.8,Rent,Graduate,Yes,0,Semiurban,0.312,1
L03504,Male,59,Senior,Caucasian,34600.0,38800.0,594,280900.0,120,11.1,Rent,Graduate,No,0,Urban,0.51,0
L03505,Female,50,Middle-aged,Caucasian,25300.0,55700.0,739,185200.0,360,5.4,Mortgage,Graduate,No,1,Urban,0.164,1
L03506,Female,35,Middle-aged,African American,32100.0,10200.0,601,148800.0,360,9.4,Rent,Graduate,No,0,Semiurban,0.253,0
L03507,Female,55,Middle-aged,African American,44400.0,0.0,650,176500.0,360,7.5,Rent,Graduate,No,0,Semiurban,0.286,1
L03508,Male,37,Middle-aged,Asian,52200.0,13700.0,663,226000.0,360,10.9,Mortgage,Graduate,Yes,2,Rural,0.247,1
L03509,Female,35,Middle-aged,Caucasian,46800.0,0.0,540,141300.0,180,7.2,Mortgage,Graduate,No,1,Urban,0.306,0
L03510,Male,46,Middle-aged,Caucasian,77400.0,14200.0,719,410900.0,360,6.1,Rent,Graduate,No,2,Rural,0.323,1
L03511,Male,28,Young,Asian,36500.0,0.0,557,118700.0,360,3.7,Mortgage,Graduate,No,0,Semiurban,0.234,1
L03512,Male,53,Middle-aged,Caucasian,44900.0,35200.0,748,333600.0,120,11.8,Own,Graduate,No,0,Urban,0.555,1
L03513,Female,28,Young,African American,61300.0,0.0,595,290500.0,180,5.5,Rent,Graduate,No,0,Semiurban,0.48,0
L03514,Female,28,Young,Caucasian,38500.0,50000.0,658,280500.0,180,7.0,Mortgage,Graduate,No,0,Rural,0.321,1
L03515,Female,30,Middle-aged,Caucasian,25100.0,0.0,438,84000.0,360,2.7,Own,Graduate,No,0,Semiurban,0.241,0
L03516,Female,50,Middle-aged,Asian,31900.0,0.0,553,132700.0,360,12.5,Mortgage,Undergraduate,No,0,Rural,0.299,0
L03517,Male,33,Middle-aged,Caucasian,33700.0,12800.0,581,145400.0,120,4.2,Mortgage,Graduate,No,0,Urban,0.417,1
L03518,Male,24,Young,Caucasian,56500.0,44700.0,482,286600.0,360,5.7,Rent,Graduate,No,0,Rural,0.204,0
L03519,Male,33,Middle-aged,Caucasian,34300.0,0.0,635,166900.0,180,2.9,Mortgage,Graduate,No,0,Semiurban,0.493,0
L03520,Male,40,Middle-aged,Caucasian,54600.0,0.0,645,210600.0,360,5.2,Mortgage,Graduate,No,1,Rural,0.278,1
L03521,Male,26,Young,Caucasian,36500.0,0.0,531,146500.0,360,6.4,Mortgage,Graduate,No,2,Rural,0.289,0
L03522,Male,27,Young,Caucasian,21000.0,15500.0,579,143300.0,360,3.0,Rent,Graduate,No,0,Semiurban,0.282,1
L03523,Male,66,Senior,Asian,55400.0,26100.0,714,221700.0,180,17.8,Rent,Graduate,No,2,Semiurban,0.275,1
L03524,Male,30,Middle-aged,Asian,52000.0,11700.0,483,252600.0,360,7.2,Rent,Graduate,No,0,Urban,0.285,0
L03525,Male,37,Middle-aged,Caucasian,60300.0,0.0,550,259300.0,180,13.1,Mortgage,Graduate,No,3+,Semiurban,0.435,0
L03526,Male,36,Middle-aged,Hispanic,33700.0,0.0,583,133300.0,360,5.2,Rent,Graduate,No,0,Semiurban,0.285,0
L03527,Female,35,Middle-aged,Caucasian,30500.0,20700.0,601,202200.0,180,2.7,Mortgage,Undergraduate,No,2,Semiurban,0.4,0
L03528,Female,48,Middle-aged,Caucasian,48900.0,0.0,630,250400.0,360,8.8,Own,Graduate,No,0,Semiurban,0.368,1
L03529,Female,52,Middle-aged,Asian,76500.0,0.0,715,309600.0,360,7.2,Mortgage,Undergraduate,No,3+,Rural,0.291,1
L03530,Male,37,Middle-aged,African American,39400.0,0.0,638,158600.0,360,5.8,Mortgage,Graduate,No,2,Urban,0.29,1
L03531,Male,26,Young,African American,46500.0,20800.0,640,237800.0,360,6.9,Mortgage,Graduate,No,0,Semiurban,0.254,0
L03532,Female,56,Senior,Caucasian,36600.0,18800.0,552,215700.0,360,11.7,Mortgage,Undergraduate,No,0,Semiurban,0.28,1
L03533,Male,39,Middle-aged,Caucasian,26400.0,0.0,611,118900.0,360,3.3,Mortgage,Graduate,No,0,Rural,0.324,1
L03534,Male,61,Senior,Hispanic,65000.0,26700.0,648,277400.0,360,13.8,Rent,Graduate,Yes,0,Rural,0.218,1
L03535,Male,18,Young,Caucasian,70500.0,0.0,694,221600.0,360,3.4,Mortgage,Graduate,No,0,Semiurban,0.226,1
L03536,Male,43,Middle-aged,African American,52100.0,0.0,639,267600.0,360,7.8,Rent,Graduate,No,0,Semiurban,0.37,0
L03537,Male,64,Senior,Caucasian,45600.0,0.0,615,163600.0,360,8.7,Mortgage,Undergraduate,No,0,Rural,0.258,1
L03538,Male,36,Middle-aged,Asian,62200.0,0.0,677,276000.0,360,5.4,Mortgage,Graduate,No,0,Urban,0.319,1
L03539,Female,38,Middle-aged,Caucasian,59600.0,0.0,661,289900.0,360,9.2,Own,Undergraduate,No,1,Semiurban,0.35,0
L03540,Male,44,Middle-aged,Caucasian,93700.0,13300.0,614,370500.0,360,11.4,Mortgage,Graduate,No,0,Urban,0.249,1
L03541,Male,34,Middle-aged,Caucasian,72800.0,0.0,611,322500.0,180,4.8,Rent,Graduate,No,0,Rural,0.449,1
L03542,Female,37,Middle-aged,African American,32700.0,0.0,584,106000.0,360,8.7,Rent,Graduate,No,0,Semiurban,0.233,1
L03543,Male,36,Middle-aged,African American,23200.0,0.0,669,120200.0,180,4.2,Mortgage,Graduate,No,0,Semiurban,0.525,1
L03544,Male,33,Middle-aged,Caucasian,52200.0,0.0,626,163400.0,360,11.2,Mortgage,Graduate,No,0,Semiurban,0.225,1
L03545,Female,55,Middle-aged,African American,35300.0,0.0,677,140700.0,180,10.3,Mortgage,Graduate,No,0,Rural,0.404,0
L03546,Male,46,Middle-aged,Caucasian,65100.0,0.0,614,273900.0,180,11.7,Own,Graduate,No,0,Rural,0.426,1
L03547,Male,44,Middle-aged,Caucasian,84300.0,14200.0,676,439000.0,180,7.1,Rent,Undergraduate,No,0,Urban,0.451,0
L03548,Male,50,Middle-aged,Caucasian,47200.0,27400.0,713,202300.0,360,6.1,Mortgage,Undergraduate,No,2,Semiurban,0.195,1
L03549,Male,37,Middle-aged,Caucasian,113600.0,43100.0,647,545200.0,180,5.7,Mortgage,Graduate,No,3+,Semiurban,0.352,1
L03550,Female,31,Middle-aged,Caucasian,20600.0,0.0,592,75700.0,360,4.4,Mortgage,Undergraduate,No,2,Urban,0.264,0
L03551,Female,33,Middle-aged,Caucasian,49300.0,21800.0,530,225600.0,180,4.3,Mortgage,Undergraduate,No,0,Semiurban,0.321,0
L03552,Male,41,Middle-aged,African American,28500.0,0.0,561,135400.0,360,4.6,Rent,Graduate,No,0,Rural,0.342,0
L03553,Female,28,Young,Asian,20000.0,0.0,560,60200.0,120,8.6,Own,Graduate,No,1,Semiurban,0.401,0
L03554,Male,34,Middle-aged,African American,36200.0,0.0,539,169600.0,180,2.9,Mortgage,Graduate,No,3+,Urban,0.474,0
L03555,Male,34,Middle-aged,Caucasian,27400.0,0.0,675,132200.0,360,13.3,Rent,Undergraduate,No,0,Rural,0.347,1
L03556,Female,66,Senior,Hispanic,34500.0,28300.0,599,249400.0,360,8.2,Mortgage,Graduate,No,2,Rural,0.286,1
L03557,Male,18,Young,African American,39800.0,0.0,629,175500.0,360,19.5,Mortgage,Graduate,No,1,Semiurban,0.317,0
L03558,Male,38,Middle-aged,Caucasian,76700.0,0.0,652,287600.0,360,25.3,Mortgage,Graduate,No,3+,Urban,0.27,1
L03559,Male,61,Senior,Asian,26800.0,0.0,637,106200.0,180,9.0,Rent,Graduate,No,0,Semiurban,0.401,1
L03560,Male,42,Middle-aged,Caucasian,70500.0,32200.0,731,454300.0,180,25.6,Rent,Graduate,No,0,Urban,0.448,1
L03561,Male,50,Middle-aged,Caucasian,51000.0,33400.0,503,342900.0,360,15.0,Rent,Graduate,No,0,Semiurban,0.292,0
L03562,Female,42,Middle-aged,Caucasian,62900.0,0.0,624,254300.0,360,4.0,Rent,Graduate,No,1,Urban,0.291,1
L03563,Male,32,Middle-aged,Caucasian,41200.0,13700.0,539,248400.0,360,16.8,Mortgage,Graduate,No,1,Semiurban,0.326,1
L03564,Male,18,Young,Hispanic,25900.0,14900.0,453,164200.0,360,0.2,Mortgage,Graduate,No,3+,Urban,0.29,0
L03565,Male,43,Middle-aged,Caucasian,30100.0,0.0,539,151300.0,360,4.8,Rent,Graduate,No,2,Semiurban,0.362,1
L03566,Female,31,Middle-aged,Caucasian,24900.0,15600.0,590,150700.0,180,6.3,Mortgage,Undergraduate,No,0,Urban,0.377,0
L03567,Female,31,Middle-aged,Hispanic,44500.0,0.0,561,219400.0,360,2.4,Mortgage,Graduate,No,0,Rural,0.355,0
L03568,Female,35,Middle-aged,Hispanic,66400.0,0.0,682,332400.0,360,3.4,Rent,Graduate,No,0,Rural,0.36,0
L03569,Female,61,Senior,African American,25400.0,57800.0,621,180300.0,360,21.8,Own,Graduate,No,3+,Urban,0.156,1
L03570,Female,69,Senior,Caucasian,53600.0,0.0,649,277200.0,360,33.8,Mortgage,Undergraduate,No,0,Semiurban,0.372,1
L03571,Male,43,Middle-aged,Caucasian,26700.0,0.0,589,100100.0,360,11.8,Rent,Graduate,No,1,Semiurban,0.27,1
L03572,Male,35,Middle-aged,Asian,52700.0,28400.0,611,270700.0,120,6.2,Rent,Graduate,No,0,Semiurban,0.445,0
L03573,Female,26,Young,Caucasian,54400.0,0.0,580,260100.0,120,12.7,Mortgage,Graduate,No,1,Urban,0.637,0
L03574,Female,46,Middle-aged,Caucasian,23300.0,0.0,559,104800.0,360,4.8,Mortgage,Graduate,No,0,Semiurban,0.324,0
L03575,Female,62,Senior,Caucasian,38400.0,0.0,706,192400.0,360,20.9,Own,Graduate,No,1,Urban,0.36,1
L03576,Male,38,Middle-aged,Caucasian,65300.0,0.0,594,254800.0,360,5.2,Mortgage,Graduate,No,2,Urban,0.281,1
L03577,Male,18,Young,Caucasian,20000.0,0.0,542,76800.0,180,9.9,Mortgage,Graduate,No,0,Semiurban,0.389,0
L03578,Male,49,Middle-aged,Caucasian,83600.0,27800.0,689,302300.0,360,10.2,Rent,Graduate,No,0,Semiurban,0.195,1
L03579,Female,52,Middle-aged,Caucasian,48000.0,0.0,658,194000.0,360,21.2,Mortgage,Graduate,Yes,3+,Urban,0.291,1
L03580,Male,21,Young,Caucasian,65300.0,26500.0,553,367700.0,360,10.5,Rent,Graduate,Yes,0,Urban,0.288,1
L03581,Male,43,Middle-aged,Caucasian,41600.0,0.0,666,153000.0,360,14.7,Rent,Graduate,No,0,Semiurban,0.265,1
L03582,Female,46,Middle-aged,Caucasian,20900.0,11400.0,640,109000.0,360,9.2,Rent,Graduate,No,0,Semiurban,0.243,0
L03583,Male,40,Middle-aged,African American,48600.0,58100.0,632,278000.0,180,12.3,Mortgage,Graduate,Yes,2,Urban,0.264,1
L03584,Female,31,Middle-aged,Asian,40300.0,0.0,575,191000.0,360,9.0,Mortgage,Graduate,No,1,Semiurban,0.341,0
L03585,Male,53,Middle-aged,Caucasian,49700.0,28000.0,617,202700.0,180,6.1,Rent,Graduate,No,0,Rural,0.264,1
L03586,Male,36,Middle-aged,Caucasian,75700.0,31600.0,625,424600.0,180,7.9,Rent,Graduate,No,0,Semiurban,0.401,1
L03587,Male,23,Young,Caucasian,66500.0,0.0,536,256200.0,180,1.6,Mortgage,Undergraduate,No,3+,Semiurban,0.39,0
L03588,Female,18,Young,Caucasian,89900.0,0.0,619,278100.0,360,10.2,Rent,Graduate,No,0,Semiurban,0.223,1
L03589,Male,56,Senior,Caucasian,52100.0,9100.0,702,280200.0,360,6.0,Mortgage,Graduate,No,0,Semiurban,0.329,1
L03590,Male,48,Middle-aged,Caucasian,37200.0,32500.0,677,223400.0,360,26.2,Rent,Graduate,No,0,Rural,0.231,1
L03591,Female,42,Middle-aged,African American,29600.0,0.0,586,128700.0,360,6.2,Mortgage,Undergraduate,No,0,Urban,0.313,0
L03592,Male,35,Middle-aged,African American,46300.0,0.0,676,215200.0,360,3.5,Rent,Undergraduate,No,0,Rural,0.334,1
L03593,Female,34,Middle-aged,Caucasian,62600.0,0.0,738,280100.0,120,16.1,Rent,Undergraduate,No,1,Urban,0.596,1
L03594,Female,28,Young,Caucasian,23200.0,0.0,564,107800.0,360,1.7,Rent,Graduate,Yes,2,Urban,0.334,0
L03595,Male,35,Middle-aged,Asian,49200.0,18400.0,656,278300.0,360,5.7,Rent,Undergraduate,No,0,Semiurban,0.296,1
L03596,Female,18,Young,Caucasian,79300.0,0.0,477,343000.0,360,7.4,Mortgage,Graduate,No,0,Urban,0.311,0
L03597,Male,32,Middle-aged,African American,35600.0,0.0,523,136100.0,180,4.0,Mortgage,Graduate,No,0,Semiurban,0.387,0
L03598,Female,37,Middle-aged,Caucasian,60500.0,11400.0,632,236200.0,120,6.6,Mortgage,Graduate,No,0,Semiurban,0.438,1
L03599,Male,48,Middle-aged,African American,47800.0,0.0,572,240500.0,360,10.5,Mortgage,Undergraduate,No,2,Semiurban,0.362,0
L03600,Female,40,Middle-aged,Hispanic,53900.0,0.0,748,279300.0,180,18.5,Mortgage,Undergraduate,No,0,Urban,0.525,1
L03601,Male,50,Middle-aged,Hispanic,31900.0,0.0,659,121400.0,360,5.3,Mortgage,Undergraduate,No,0,Semiurban,0.274,1
L03602,Female,57,Senior,Caucasian,30200.0,0.0,690,98200.0,180,6.7,Rent,Undergraduate,No,0,Urban,0.329,0
L03603,Male,53,Middle-aged,Caucasian,49400.0,0.0,640,172900.0,180,8.8,Rent,Graduate,No,0,Rural,0.354,1
L03604,Male,46,Middle-aged,Caucasian,26600.0,0.0,553,119900.0,360,6.9,Mortgage,Undergraduate,No,0,Rural,0.324,0
L03605,Male,41,Middle-aged,Hispanic,39600.0,0.0,585,134200.0,360,6.1,Rent,Graduate,No,0,Rural,0.244,0
L03606,Male,29,Young,Caucasian,54200.0,13700.0,625,292500.0,360,3.4,Mortgage,Graduate,No,1,Rural,0.31,0
L03607,Female,49,Middle-aged,Caucasian,85100.0,11700.0,626,463700.0,360,8.8,Mortgage,Graduate,No,0,Semiurban,0.345,1
L03608,Male,61,Senior,Caucasian,57600.0,0.0,700,297700.0,360,17.2,Rent,Undergraduate,Yes,2,Rural,0.372,1
L03609,Female,45,Middle-aged,Caucasian,53500.0,0.0,675,161600.0,360,4.9,Mortgage,Undergraduate,No,0,Semiurban,0.217,1
L03610,Female,64,Senior,Caucasian,66400.0,11600.0,672,374200.0,360,8.1,Mortgage,Graduate,Yes,1,Semiurban,0.345,1
L03611,Female,22,Young,Caucasian,28300.0,0.0,469,132000.0,360,6.2,Mortgage,Graduate,No,0,Semiurban,0.336,0
L03612,Male,27,Young,Caucasian,45900.0,22700.0,703,185000.0,180,1.6,Mortgage,Graduate,No,0,Semiurban,0.273,1
L03613,Male,51,Middle-aged,Caucasian,129300.0,18200.0,690,546900.0,180,10.6,Mortgage,Graduate,Yes,0,Semiurban,0.375,1
L03614,Female,44,Middle-aged,Hispanic,35600.0,0.0,780,162900.0,360,5.8,Mortgage,Graduate,No,0,Semiurban,0.329,1
L03615,Male,56,Senior,Asian,76600.0,0.0,707,394700.0,360,7.9,Mortgage,Graduate,No,0,Semiurban,0.371,1
L03616,Male,40,Middle-aged,Asian,72100.0,0.0,628,242900.0,360,5.9,Rent,Graduate,No,0,Semiurban,0.242,0
L03617,Female,30,Middle-aged,Caucasian,23100.0,0.0,613,75900.0,120,4.0,Mortgage,Graduate,No,0,Urban,0.438,0
L03618,Female,38,Middle-aged,Asian,47200.0,26000.0,496,248100.0,360,12.2,Own,Graduate,No,1,Semiurban,0.244,0
L03619,Female,22,Young,Caucasian,44200.0,50900.0,652,369400.0,360,15.2,Own,Graduate,No,0,Semiurban,0.279,1
L03620,Male,27,Young,Caucasian,55900.0,0.0,762,289900.0,360,5.3,Mortgage,Graduate,No,0,Semiurban,0.373,1
L03621,Female,52,Middle-aged,Caucasian,30800.0,0.0,500,108200.0,360,9.5,Mortgage,Undergraduate,No,0,Urban,0.253,0
L03622,Male,51,Middle-aged,Caucasian,31400.0,0.0,607,116800.0,360,5.3,Mortgage,Graduate,No,1,Semiurban,0.268,1
L03623,Male,45,Middle-aged,Caucasian,40500.0,0.0,616,204200.0,360,10.3,Rent,Graduate,No,3+,Urban,0.363,0
L03624,Female,20,Young,Hispanic,35400.0,20600.0,633,215900.0,360,4.7,Mortgage,Graduate,No,0,Urban,0.277,1
L03625,Male,36,Middle-aged,Caucasian,78700.0,7200.0,766,428200.0,360,3.0,Mortgage,Graduate,No,0,Semiurban,0.359,1
L03626,Male,26,Young,Caucasian,101400.0,0.0,666,508000.0,120,2.3,Rent,Undergraduate,No,0,Semiurban,0.667,0
L03627,Male,55,Middle-aged,Caucasian,85700.0,0.0,802,298600.0,360,6.7,Own,Graduate,No,2,Urban,0.251,1
L03628,Female,33,Middle-aged,Caucasian,58800.0,0.0,629,276900.0,360,3.2,Rent,Graduate,No,0,Urban,0.339,0
L03629,Female,27,Young,Caucasian,27900.0,0.0,612,86700.0,360,6.7,Mortgage,Undergraduate,Yes,1,Semiurban,0.224,1
L03630,Female,41,Middle-aged,Caucasian,35400.0,0.0,632,171300.0,360,16.6,Rent,Graduate,No,3+,Semiurban,0.348,0
L03631,Female,33,Middle-aged,Asian,45300.0,0.0,681,197200.0,180,9.4,Rent,Graduate,No,2,Urban,0.441,1
L03632,Male,58,Senior,Caucasian,38100.0,0.0,615,196300.0,360,9.2,Mortgage,Graduate,Yes,1,Urban,0.371,1
L03633,Male,32,Middle-aged,Caucasian,61800.0,19500.0,669,372600.0,360,4.7,Mortgage,Graduate,No,1,Urban,0.33,1
L03634,Male,24,Young,African American,52300.0,0.0,526,162900.0,360,3.3,Mortgage,Graduate,No,0,Rural,0.224,0
L03635,Male,18,Young,Hispanic,54700.0,0.0,576,183900.0,120,4.6,Rent,Graduate,No,0,Semiurban,0.448,0
L03636,Male,40,Middle-aged,Asian,73900.0,40000.0,603,389500.0,180,5.5,Mortgage,Graduate,No,2,Rural,0.346,0
L03637,Female,34,Middle-aged,African American,22200.0,21100.0,597,166600.0,360,3.7,Rent,Undergraduate,Yes,0,Semiurban,0.277,0
L03638,Male,23,Young,Caucasian,71200.0,0.0,595,344100.0,360,5.4,Rent,Undergraduate,No,1,Rural,0.348,0
L03639,Male,55,Middle-aged,Caucasian,37100.0,0.0,703,191800.0,360,8.0,Mortgage,Graduate,Yes,0,Semiurban,0.372,1
L03640,Male,49,Middle-aged,Asian,33600.0,47300.0,570,258300.0,360,4.7,Rent,Graduate,Yes,0,Semiurban,0.23,1
L03641,Male,40,Middle-aged,Hispanic,54600.0,0.0,522,195300.0,360,3.4,Own,Undergraduate,No,2,Semiurban,0.257,0
L03642,Female,57,Senior,Caucasian,67800.0,0.0,581,207200.0,360,7.5,Mortgage,Graduate,No,0,Urban,0.22,1
L03643,Male,48,Middle-aged,Caucasian,59600.0,0.0,702,208700.0,360,8.1,Mortgage,Graduate,No,2,Urban,0.252,1
L03644,Male,31,Middle-aged,Asian,49400.0,0.0,550,223300.0,360,4.1,Mortgage,Graduate,Yes,3+,Urban,0.325,0
L03645,Female,28,Young,Caucasian,47200.0,0.0,626,240000.0,360,1.6,Mortgage,Undergraduate,No,2,Semiurban,0.366,0
L03646,Male,50,Middle-aged,Caucasian,51800.0,0.0,621,192800.0,360,6.1,Mortgage,Graduate,No,0,Semiurban,0.268,1
L03647,Male,45,Middle-aged,Caucasian,31200.0,27600.0,664,228200.0,360,4.6,Rent,Undergraduate,No,2,Semiurban,0.279,1
L03648,Male,43,Middle-aged,African American,23900.0,8800.0,592,111200.0,360,18.6,Rent,Undergraduate,No,0,Rural,0.245,1
L03649,Female,30,Middle-aged,Hispanic,35600.0,23300.0,762,177400.0,360,3.7,Rent,Graduate,No,0,Rural,0.217,1
L03650,Female,48,Middle-aged,Caucasian,43000.0,0.0,743,178200.0,360,4.6,Rent,Graduate,No,0,Rural,0.298,1
L03651,Female,31,Middle-aged,Caucasian,41900.0,0.0,584,167400.0,120,7.4,Rent,Graduate,No,0,Semiurban,0.532,0
L03652,Male,39,Middle-aged,Caucasian,64200.0,25600.0,605,393600.0,360,4.5,Mortgage,Graduate,No,0,Semiurban,0.315,1
L03653,Female,58,Senior,Caucasian,38200.0,0.0,828,154800.0,180,10.2,Own,Graduate,No,0,Semiurban,0.41,1
L03654,Male,33,Middle-aged,Caucasian,61400.0,0.0,556,222500.0,180,3.1,Own,Undergraduate,No,3+,Semiurban,0.367,0
L03655,Male,22,Young,Caucasian,46300.0,0.0,589,226700.0,360,21.3,Mortgage,Undergraduate,No,2,Semiurban,0.352,0
L03656,Male,28,Young,Caucasian,101700.0,0.0,647,533600.0,360,19.1,Rent,Graduate,No,1,Semiurban,0.377,1
L03657,Male,52,Middle-aged,African American,40500.0,0.0,633,180600.0,360,10.4,Rent,Graduate,No,0,Urban,0.321,1
L03658,Male,44,Middle-aged,African American,100000.0,0.0,564,356400.0,360,10.0,Rent,Graduate,No,0,Semiurban,0.256,1
L03659,Female,39,Middle-aged,Caucasian,48000.0,37800.0,649,241100.0,360,5.9,Mortgage,Graduate,No,0,Semiurban,0.202,1
L03660,Female,34,Middle-aged,Caucasian,38300.0,0.0,546,119900.0,360,18.8,Mortgage,Undergraduate,No,1,Semiurban,0.225,0
L03661,Male,46,Middle-aged,Hispanic,30800.0,54700.0,702,190300.0,360,7.0,Rent,Graduate,No,3+,Urban,0.16,1
L03662,Male,30,Middle-aged,Caucasian,27500.0,34700.0,502,232700.0,360,3.2,Mortgage,Graduate,No,2,Urban,0.269,0
L03663,Male,44,Middle-aged,Asian,33000.0,0.0,618,106200.0,180,4.5,Mortgage,Undergraduate,Yes,2,Semiurban,0.326,1
L03664,Male,32,Middle-aged,Caucasian,34500.0,27500.0,465,201100.0,360,3.3,Rent,Graduate,No,0,Urban,0.233,0
L03665,Female,30,Middle-aged,Asian,48800.0,30900.0,477,298400.0,360,6.0,Mortgage,Graduate,No,0,Semiurban,0.269,0
L03666,Male,33,Middle-aged,Asian,39700.0,0.0,553,195100.0,360,3.7,Rent,Graduate,Yes,0,Rural,0.354,0
L03667,Female,36,Middle-aged,African American,34300.0,0.0,562,116100.0,180,8.0,Rent,Graduate,No,0,Semiurban,0.343,0
L03668,Male,40,Middle-aged,Hispanic,73700.0,0.0,729,293700.0,360,5.7,Mortgage,Undergraduate,No,2,Semiurban,0.287,1
L03669,Male,43,Middle-aged,Hispanic,42600.0,20300.0,619,190500.0,360,14.6,Own,Graduate,No,3+,Semiurban,0.218,1
L03670,Male,18,Young,Caucasian,112600.0,0.0,717,402600.0,360,4.1,Rent,Undergraduate,No,0,Semiurban,0.257,1
L03671,Male,31,Middle-aged,Caucasian,30600.0,0.0,571,112700.0,360,6.8,Rent,Undergraduate,No,2,Semiurban,0.265,0
L03672,Male,36,Middle-aged,Caucasian,46200.0,0.0,650,199600.0,360,6.8,Own,Undergraduate,No,0,Rural,0.311,1
L03673,Female,59,Senior,Asian,33600.0,0.0,594,102100.0,360,17.0,Mortgage,Graduate,No,1,Semiurban,0.219,1
L03674,Male,28,Young,African American,57000.0,0.0,562,223400.0,360,1.8,Mortgage,Graduate,No,0,Semiurban,0.282,0
L03675,Female,42,Middle-aged,Caucasian,20000.0,0.0,492,68400.0,360,3.9,Rent,Graduate,No,0,Semiurban,0.246,0
L03676,Male,58,Senior,Caucasian,27500.0,10600.0,652,171600.0,360,12.0,Mortgage,Undergraduate,Yes,2,Semiurban,0.324,1
L03677,Male,25,Young,African American,37600.0,22500.0,606,213800.0,360,8.4,Mortgage,Undergraduate,No,0,Semiurban,0.256,1
L03678,Male,45,Middle-aged,Caucasian,91200.0,26400.0,710,521500.0,360,6.9,Mortgage,Graduate,No,0,Semiurban,0.319,1
L03679,Female,31,Middle-aged,Caucasian,45600.0,0.0,618,156900.0,180,4.1,Mortgage,Graduate,No,1,Urban,0.348,0
L03680,Male,34,Middle-aged,African American,22800.0,12100.0,713,141100.0,360,4.0,Rent,Undergraduate,No,0,Urban,0.291,0
L03681,Female,31,Middle-aged,Caucasian,25800.0,0.0,600,101500.0,360,3.3,Rent,Graduate,No,2,Semiurban,0.283,0
L03682,Male,32,Middle-aged,Caucasian,95700.0,0.0,707,325400.0,360,14.2,Own,Undergraduate,No,2,Rural,0.245,1
L03683,Female,73,Senior,Caucasian,32500.0,42800.0,639,260700.0,180,10.0,Mortgage,Graduate,Yes,0,Rural,0.351,0
L03684,Male,51,Middle-aged,Caucasian,33600.0,0.0,571,158400.0,360,10.2,Own,Undergraduate,Yes,0,Semiurban,0.339,0
L03685,Female,54,Middle-aged,Caucasian,75200.0,0.0,707,394100.0,360,13.1,Mortgage,Graduate,No,0,Urban,0.377,1
L03686,Female,46,Middle-aged,Caucasian,62400.0,0.0,636,296800.0,360,4.3,Rent,Graduate,Yes,0,Rural,0.342,1
L03687,Female,21,Young,Caucasian,69400.0,0.0,659,230900.0,360,0.6,Mortgage,Graduate,No,0,Semiurban,0.239,1
L03688,Male,45,Middle-aged,Caucasian,33500.0,36400.0,638,197100.0,180,6.1,Own,Undergraduate,Yes,0,Urban,0.286,1
L03689,Male,53,Middle-aged,Caucasian,26600.0,0.0,576,106800.0,360,11.2,Mortgage,Graduate,No,2,Rural,0.289,1
L03690,Male,30,Middle-aged,Caucasian,51700.0,11100.0,673,189300.0,360,3.3,Mortgage,Graduate,No,0,Semiurban,0.217,1
L03691,Female,52,Middle-aged,Hispanic,42000.0,0.0,582,200500.0,180,5.1,Mortgage,Graduate,No,0,Rural,0.483,0
L03692,Male,49,Middle-aged,Caucasian,56700.0,0.0,679,237300.0,360,6.3,Rent,Undergraduate,No,1,Urban,0.301,1
L03693,Female,63,Senior,Hispanic,66400.0,0.0,747,340300.0,360,7.2,Mortgage,Graduate,No,1,Rural,0.369,1
L03694,Male,35,Middle-aged,Asian,24500.0,43600.0,572,206600.0,120,3.8,Own,Graduate,No,3+,Semiurban,0.404,0
L03695,Male,27,Young,Caucasian,69100.0,18900.0,688,330700.0,360,3.4,Rent,Graduate,No,1,Urban,0.27,1
L03696,Male,36,Middle-aged,African American,25300.0,0.0,621,80000.0,360,3.4,Rent,Graduate,No,0,Semiurban,0.227,1
L03697,Female,58,Senior,Caucasian,58700.0,0.0,708,195800.0,360,12.1,Mortgage,Graduate,No,3+,Semiurban,0.24,1
L03698,Female,19,Young,African American,26400.0,14900.0,522,168700.0,180,1.6,Mortgage,Graduate,No,0,Urban,0.414,0
L03699,Female,18,Young,Caucasian,30100.0,0.0,586,157400.0,360,5.4,Own,Undergraduate,No,2,Semiurban,0.376,0
L03700,Male,42,Middle-aged,Asian,38400.0,0.0,532,151100.0,360,8.2,Mortgage,Graduate,No,0,Semiurban,0.283,0
L03701,Female,35,Middle-aged,Caucasian,23400.0,0.0,696,112900.0,120,14.0,Rent,Graduate,Yes,0,Semiurban,0.643,0
L03702,Female,41,Middle-aged,Asian,42300.0,0.0,497,186600.0,360,3.9,Mortgage,Graduate,No,1,Semiurban,0.317,0
L03703,Male,52,Middle-aged,Caucasian,36000.0,0.0,608,185700.0,360,6.3,Mortgage,Graduate,No,0,Semiurban,0.371,0
L03704,Female,34,Middle-aged,Hispanic,50400.0,0.0,558,178200.0,360,12.4,Rent,Graduate,No,0,Urban,0.254,1
L03705,Female,18,Young,Caucasian,53800.0,37800.0,633,312500.0,360,8.6,Rent,Undergraduate,Yes,1,Urban,0.245,1
L03706,Female,65,Senior,African American,62600.0,21500.0,786,290300.0,360,8.1,Mortgage,Graduate,No,0,Semiurban,0.248,1
L03707,Female,29,Young,Caucasian,48200.0,56900.0,644,331400.0,360,2.2,Mortgage,Graduate,No,0,Urban,0.227,1
L03708,Male,28,Young,Caucasian,60400.0,0.0,790,217700.0,360,11.2,Mortgage,Graduate,No,0,Semiurban,0.259,1
L03709,Male,54,Middle-aged,African American,68700.0,0.0,576,283000.0,360,6.4,Rent,Graduate,No,2,Semiurban,0.296,0
L03710,Female,36,Middle-aged,Hispanic,28600.0,14400.0,521,159800.0,360,12.9,Own,Undergraduate,Yes,0,Rural,0.267,0
L03711,Male,40,Middle-aged,Caucasian,27000.0,9300.0,551,101700.0,180,19.5,Own,Graduate,No,1,Urban,0.284,1
L03712,Female,46,Middle-aged,Hispanic,39800.0,0.0,631,185900.0,360,5.4,Own,Graduate,No,0,Semiurban,0.336,1
L03713,Female,54,Middle-aged,African American,20000.0,0.0,558,91800.0,360,14.6,Mortgage,Graduate,No,0,Semiurban,0.33,0
L03714,Female,36,Middle-aged,Asian,111200.0,19100.0,620,604600.0,360,5.5,Mortgage,Undergraduate,No,0,Semiurban,0.334,1
L03715,Female,59,Senior,Caucasian,74600.0,32700.0,708,364300.0,360,13.9,Rent,Graduate,No,1,Urban,0.244,1
L03716,Male,18,Young,Caucasian,116500.0,13900.0,568,388900.0,120,2.6,Rent,Undergraduate,No,0,Semiurban,0.397,0
L03717,Male,50,Middle-aged,Hispanic,45200.0,11300.0,566,206900.0,360,5.2,Rent,Graduate,Yes,0,Rural,0.263,0
L03718,Male,30,Middle-aged,Caucasian,61100.0,0.0,592,202200.0,180,8.0,Own,Graduate,No,0,Urban,0.335,1
L03719,Male,57,Senior,Caucasian,40800.0,0.0,622,181800.0,360,6.7,Mortgage,Graduate,No,2,Rural,0.321,1
L03720,Male,42,Middle-aged,Caucasian,69800.0,24700.0,702,257700.0,180,16.7,Own,Graduate,No,2,Semiurban,0.276,1
L03721,Male,32,Middle-aged,Caucasian,30100.0,0.0,541,115600.0,360,4.8,Own,Graduate,No,0,Rural,0.276,1
L03722,Female,48,Middle-aged,African American,20000.0,0.0,567,63700.0,360,4.9,Mortgage,Graduate,No,0,Rural,0.229,0
L03723,Female,51,Middle-aged,African American,23200.0,10600.0,652,86800.0,360,6.2,Rent,Graduate,No,1,Urban,0.185,0
L03724,Male,48,Middle-aged,Caucasian,27400.0,0.0,665,141400.0,360,14.4,Rent,Graduate,No,2,Semiurban,0.371,0
L03725,Male,28,Young,Caucasian,88500.0,25700.0,721,535700.0,180,3.4,Rent,Undergraduate,No,0,Urban,0.475,1
L03726,Female,35,Middle-aged,Caucasian,86100.0,18600.0,672,408100.0,360,12.3,Mortgage,Undergraduate,No,1,Urban,0.28,1
L03727,Male,40,Middle-aged,Caucasian,28000.0,0.0,613,99100.0,180,4.2,Mortgage,Graduate,No,2,Semiurban,0.358,0
L03728,Male,40,Middle-aged,Caucasian,82200.0,0.0,683,415100.0,360,6.5,Rent,Graduate,No,0,Urban,0.363,1
L03729,Male,49,Middle-aged,Hispanic,64500.0,0.0,632,327500.0,180,15.2,Rent,Graduate,No,0,Semiurban,0.514,0
L03730,Female,18,Young,Asian,22200.0,28200.0,551,183300.0,360,0.2,Mortgage,Graduate,No,0,Semiurban,0.262,1
L03731,Male,45,Middle-aged,Caucasian,41900.0,0.0,517,177000.0,360,5.9,Mortgage,Graduate,No,3+,Semiurban,0.304,0
L03732,Female,37,Middle-aged,Hispanic,29200.0,0.0,655,92500.0,180,14.9,Own,Graduate,No,1,Semiurban,0.321,1
L03733,Male,30,Middle-aged,Caucasian,66100.0,11000.0,633,230200.0,360,6.3,Rent,Graduate,No,0,Rural,0.215,1
L03734,Male,32,Middle-aged,African American,24000.0,0.0,636,120400.0,360,8.4,Mortgage,Graduate,No,0,Rural,0.361,0
L03735,Male,38,Middle-aged,Caucasian,47100.0,0.0,448,234100.0,360,12.2,Mortgage,Graduate,No,1,Semiurban,0.358,0
L03736,Male,18,Young,African American,29800.0,0.0,571,118500.0,360,3.7,Mortgage,Graduate,Yes,0,Urban,0.286,0
L03737,Female,32,Middle-aged,Caucasian,50400.0,0.0,559,188400.0,360,11.4,Rent,Graduate,No,0,Semiurban,0.269,0
L03738,Female,30,Middle-aged,Caucasian,38200.0,42200.0,688,270100.0,120,6.9,Own,Graduate,No,0,Semiurban,0.448,1
L03739,Female,47,Middle-aged,Caucasian,33600.0,0.0,657,161800.0,180,10.1,Own,Undergraduate,No,0,Urban,0.488,1
L03740,Female,31,Middle-aged,Caucasian,38300.0,0.0,614,178000.0,360,2.8,Rent,Graduate,No,0,Semiurban,0.334,0
L03741,Female,38,Middle-aged,Caucasian,94100.0,20100.0,629,459600.0,360,17.0,Mortgage,Graduate,No,1,Urban,0.29,1
L03742,Female,59,Senior,Caucasian,35300.0,32300.0,663,184900.0,360,14.1,Mortgage,Undergraduate,No,1,Semiurban,0.197,1
L03743,Female,52,Middle-aged,Caucasian,27500.0,0.0,567,98700.0,360,6.6,Rent,Graduate,No,1,Rural,0.258,0
L03744,Male,51,Middle-aged,African American,49500.0,35600.0,633,317000.0,180,9.3,Rent,Graduate,No,2,Rural,0.377,0
L03745,Male,35,Middle-aged,Caucasian,46300.0,12300.0,577,254000.0,360,4.9,Mortgage,Graduate,No,0,Rural,0.312,0
L03746,Male,47,Middle-aged,African American,22300.0,0.0,747,72700.0,360,9.7,Rent,Graduate,No,0,Urban,0.235,1
L03747,Female,38,Middle-aged,Caucasian,101700.0,34200.0,749,410400.0,360,28.4,Mortgage,Undergraduate,No,0,Urban,0.217,1
L03748,Male,38,Middle-aged,Hispanic,38300.0,10800.0,674,199600.0,360,3.2,Rent,Graduate,No,0,Urban,0.292,1
L03749,Male,45,Middle-aged,Hispanic,37900.0,0.0,531,146900.0,120,19.3,Rent,Graduate,No,2,Semiurban,0.516,0
L03750,Female,33,Middle-aged,Caucasian,44400.0,11100.0,659,214700.0,120,2.6,Mortgage,Graduate,No,0,Urban,0.515,0
L03751,Female,58,Senior,African American,63700.0,58800.0,672,416700.0,360,9.1,Rent,Graduate,No,0,Rural,0.245,1
L03752,Female,39,Middle-aged,Caucasian,21300.0,38400.0,671,198300.0,180,6.4,Rent,Graduate,No,0,Urban,0.336,1
L03753,Male,48,Middle-aged,Hispanic,49300.0,0.0,653,237300.0,360,6.1,Rent,Graduate,No,0,Semiurban,0.346,1
L03754,Female,58,Senior,Caucasian,96000.0,0.0,686,348500.0,360,10.2,Mortgage,Graduate,Yes,0,Rural,0.261,1
L03755,Male,53,Middle-aged,Caucasian,51600.0,0.0,657,217600.0,360,14.2,Mortgage,Graduate,No,0,Rural,0.303,1
L03756,Male,24,Young,Caucasian,29900.0,0.0,474,98000.0,360,2.6,Mortgage,Graduate,No,0,Semiurban,0.236,0
L03757,Male,46,Middle-aged,Caucasian,38300.0,62100.0,576,349600.0,360,4.6,Mortgage,Undergraduate,Yes,0,Semiurban,0.251,1
L03758,Male,51,Middle-aged,Caucasian,53200.0,0.0,664,260800.0,360,10.0,Mortgage,Graduate,Yes,0,Semiurban,0.353,1
L03759,Male,51,Middle-aged,African American,66800.0,0.0,721,245400.0,360,11.9,Mortgage,Graduate,No,2,Semiurban,0.264,1
L03760,Female,27,Young,Caucasian,36400.0,18300.0,559,155200.0,360,16.8,Rent,Graduate,No,0,Semiurban,0.204,1
L03761,Male,33,Middle-aged,Caucasian,68200.0,0.0,624,215400.0,360,3.1,Mortgage,Graduate,No,2,Semiurban,0.227,1
L03762,Female,52,Middle-aged,Caucasian,23500.0,0.0,523,100900.0,360,16.7,Mortgage,Graduate,No,0,Semiurban,0.309,0
L03763,Male,31,Middle-aged,Caucasian,27500.0,0.0,679,88200.0,360,5.2,Mortgage,Graduate,No,0,Semiurban,0.231,1
L03764,Male,37,Middle-aged,Caucasian,40400.0,0.0,677,183100.0,180,4.2,Mortgage,Graduate,No,1,Urban,0.459,1
L03765,Male,59,Senior,Asian,87100.0,23200.0,720,450200.0,360,22.6,Rent,Graduate,No,3+,Urban,0.294,1
L03766,Male,40,Middle-aged,Caucasian,50400.0,28700.0,647,287900.0,360,4.7,Mortgage,Graduate,No,0,Semiurban,0.262,1
L03767,Female,32,Middle-aged,Caucasian,46800.0,0.0,701,232700.0,360,8.7,Mortgage,Graduate,No,1,Semiurban,0.358,1
L03768,Male,30,Middle-aged,Caucasian,54800.0,0.0,563,211000.0,180,9.5,Rent,Graduate,No,1,Semiurban,0.39,1
L03769,Male,44,Middle-aged,Caucasian,76400.0,21900.0,595,443100.0,360,6.7,Mortgage,Undergraduate,Yes,1,Rural,0.324,1
L03770,Male,25,Young,African American,30700.0,15200.0,648,119600.0,360,6.9,Mortgage,Graduate,No,0,Rural,0.187,1
L03771,Male,38,Middle-aged,Caucasian,64600.0,0.0,691,210200.0,360,7.2,Own,Graduate,No,1,Urban,0.234,1
L03772,Female,44,Middle-aged,Caucasian,29900.0,14100.0,541,147000.0,360,5.0,Mortgage,Undergraduate,No,0,Rural,0.24,1
L03773,Male,56,Senior,Caucasian,108400.0,0.0,661,470100.0,180,12.8,Rent,Graduate,No,0,Semiurban,0.439,1
L03774,Female,49,Middle-aged,Caucasian,30300.0,0.0,722,93100.0,360,17.8,Mortgage,Graduate,No,1,Rural,0.221,1
L03775,Female,32,Middle-aged,Caucasian,29300.0,24500.0,619,181200.0,360,5.5,Mortgage,Graduate,Yes,1,Rural,0.242,1
L03776,Female,55,Middle-aged,Caucasian,51900.0,0.0,694,191600.0,360,31.4,Mortgage,Graduate,No,2,Semiurban,0.266,1
L03777,Female,37,Middle-aged,African American,32900.0,0.0,535,164400.0,360,5.6,Mortgage,Graduate,No,0,Urban,0.36,0
L03778,Female,26,Young,Caucasian,47500.0,0.0,639,199500.0,360,4.5,Own,Graduate,No,0,Semiurban,0.302,1
L03779,Female,38,Middle-aged,Caucasian,45600.0,0.0,531,197100.0,360,8.6,Mortgage,Graduate,No,0,Urban,0.311,0
L03780,Female,58,Senior,Caucasian,26900.0,12900.0,512,173200.0,360,7.0,Mortgage,Graduate,No,0,Semiurban,0.313,0
L03781,Male,42,Middle-aged,Caucasian,93500.0,0.0,704,441300.0,360,15.2,Rent,Graduate,No,0,Urban,0.34,1
L03782,Male,41,Middle-aged,Caucasian,70100.0,0.0,726,279400.0,360,11.5,Rent,Graduate,No,0,Rural,0.287,1
L03783,Male,60,Senior,Hispanic,76000.0,0.0,658,309500.0,120,16.6,Own,Graduate,No,0,Semiurban,0.543,1
L03784,Female,23,Young,Hispanic,29800.0,12700.0,548,163000.0,180,5.5,Rent,Graduate,No,1,Rural,0.388,0
L03785,Female,25,Young,Caucasian,49200.0,0.0,702,169800.0,360,11.8,Rent,Graduate,No,0,Rural,0.248,1
L03786,Male,21,Young,Caucasian,53000.0,26800.0,585,215300.0,360,6.1,Rent,Undergraduate,No,0,Rural,0.194,0
L03787,Female,45,Middle-aged,Caucasian,65400.0,21000.0,638,283400.0,360,7.6,Mortgage,Graduate,No,2,Semiurban,0.236,0
L03788,Male,42,Middle-aged,Caucasian,78000.0,35200.0,750,459800.0,360,17.0,Rent,Undergraduate,No,0,Semiurban,0.292,1
L03789,Male,59,Senior,Asian,53000.0,17800.0,632,223700.0,360,9.0,Rent,Undergraduate,No,0,Semiurban,0.227,1
L03790,Female,43,Middle-aged,African American,20000.0,0.0,564,65900.0,360,7.2,Rent,Undergraduate,No,0,Rural,0.237,0
L03791,Male,36,Middle-aged,Hispanic,89900.0,0.0,697,314000.0,360,3.6,Rent,Graduate,No,2,Semiurban,0.251,1
L03792,Male,41,Middle-aged,Caucasian,61200.0,16500.0,590,316900.0,360,18.2,Own,Graduate,No,0,Urban,0.293,1
L03793,Female,42,Middle-aged,Caucasian,32700.0,27200.0,603,206800.0,360,4.8,Mortgage,Graduate,No,0,Urban,0.248,1
L03794,Female,20,Young,Asian,49000.0,0.0,513,222900.0,180,1.4,Rent,Undergraduate,No,3+,Semiurban,0.461,0
L03795,Male,73,Senior,African American,21400.0,0.0,660,79700.0,360,8.8,Mortgage,Graduate,No,1,Semiurban,0.268,1
L03796,Female,47,Middle-aged,Hispanic,56100.0,0.0,642,282000.0,360,7.4,Mortgage,Graduate,No,1,Urban,0.362,1
L03797,Male,43,Middle-aged,Caucasian,27200.0,14700.0,667,140700.0,360,5.3,Own,Graduate,Yes,0,Semiurban,0.242,1
L03798,Male,48,Middle-aged,Caucasian,44900.0,15900.0,682,221800.0,360,11.3,Mortgage,Undergraduate,No,0,Urban,0.262,1
L03799,Male,49,Middle-aged,Caucasian,54100.0,0.0,672,277800.0,360,6.5,Mortgage,Graduate,No,3+,Rural,0.369,1
L03800,Female,39,Middle-aged,Caucasian,63100.0,0.0,655,328300.0,180,9.5,Rent,Graduate,No,1,Semiurban,0.527,0
L03801,Male,33,Middle-aged,Caucasian,51200.0,0.0,609,229800.0,360,3.3,Rent,Graduate,No,0,Semiurban,0.323,1
L03802,Female,48,Middle-aged,African American,41100.0,0.0,664,210700.0,180,5.8,Mortgage,Undergraduate,No,3+,Semiurban,0.519,0
L03803,Female,45,Middle-aged,Caucasian,41200.0,16200.0,556,210200.0,120,12.3,Mortgage,Graduate,No,0,Urban,0.488,0
L03804,Female,31,Middle-aged,Caucasian,41100.0,19800.0,461,190700.0,360,4.3,Mortgage,Undergraduate,No,0,Semiurban,0.225,0
L03805,Male,58,Senior,African American,40600.0,0.0,712,150600.0,360,6.6,Own,Undergraduate,No,1,Rural,0.267,1
L03806,Female,44,Middle-aged,Caucasian,38600.0,0.0,660,164300.0,360,20.2,Rent,Undergraduate,No,0,Urban,0.306,0
L03807,Male,49,Middle-aged,Hispanic,22500.0,0.0,606,98100.0,360,5.6,Mortgage,Graduate,No,0,Rural,0.314,0
L03808,Male,57,Senior,Caucasian,36100.0,53400.0,701,257600.0,360,6.7,Mortgage,Graduate,No,2,Urban,0.207,1
L03809,Male,41,Middle-aged,Caucasian,54100.0,0.0,583,269900.0,360,5.7,Own,Graduate,No,0,Semiurban,0.359,1
L03810,Male,44,Middle-aged,Hispanic,39900.0,0.0,578,158000.0,360,4.4,Rent,Graduate,No,0,Rural,0.285,0
L03811,Female,50,Middle-aged,Hispanic,34500.0,11100.0,574,146100.0,360,5.6,Mortgage,Graduate,No,2,Semiurban,0.231,1
L03812,Male,32,Middle-aged,Caucasian,43100.0,42100.0,639,197800.0,360,11.5,Mortgage,Graduate,No,3+,Semiurban,0.167,1
L03813,Male,41,Middle-aged,Asian,34700.0,31900.0,517,268100.0,180,4.4,Rent,Graduate,Yes,0,Urban,0.408,0
L03814,Female,42,Middle-aged,Caucasian,34200.0,0.0,567,166000.0,360,4.2,Mortgage,Graduate,No,0,Semiurban,0.349,0
L03815,Male,29,Young,Caucasian,43400.0,0.0,618,190300.0,360,12.2,Mortgage,Graduate,No,3+,Rural,0.315,1
L03816,Female,68,Senior,Caucasian,41800.0,0.0,586,203500.0,360,10.4,Rent,Undergraduate,No,0,Rural,0.35,1
L03817,Male,24,Young,Caucasian,57400.0,48200.0,565,400800.0,180,1.8,Rent,Graduate,No,0,Semiurban,0.384,0
L03818,Female,25,Young,Asian,38800.0,100000.0,458,469600.0,360,5.4,Rent,Graduate,No,0,Rural,0.243,0
L03819,Female,56,Senior,African American,21100.0,45100.0,660,174700.0,360,5.9,Rent,Graduate,No,0,Semiurban,0.19,1
L03820,Male,49,Middle-aged,Hispanic,25200.0,0.0,575,107100.0,360,7.4,Own,Graduate,No,0,Rural,0.306,0
L03821,Male,28,Young,African American,110800.0,35000.0,587,417100.0,180,6.0,Rent,Graduate,No,0,Urban,0.29,1
L03822,Male,48,Middle-aged,Caucasian,31200.0,0.0,542,161400.0,360,20.2,Own,Graduate,No,0,Urban,0.372,1
L03823,Female,58,Senior,African American,25900.0,0.0,605,135100.0,360,8.0,Mortgage,Graduate,No,1,Rural,0.375,0
L03824,Male,40,Middle-aged,Hispanic,54300.0,0.0,531,259300.0,360,10.5,Own,Graduate,No,0,Semiurban,0.344,0
L03825,Male,72,Senior,African American,45300.0,11400.0,783,206600.0,360,8.8,Rent,Graduate,No,0,Semiurban,0.262,1
L03826,Male,20,Young,Asian,60400.0,0.0,458,248700.0,360,3.1,Mortgage,Graduate,No,2,Urban,0.296,0
L03827,Male,49,Middle-aged,Hispanic,37000.0,12200.0,599,173100.0,120,5.9,Mortgage,Graduate,No,1,Semiurban,0.469,0
L03828,Male,54,Middle-aged,Caucasian,53900.0,26400.0,653,248800.0,180,8.8,Mortgage,Undergraduate,No,2,Urban,0.314,1
L03829,Female,51,Middle-aged,African American,32700.0,0.0,579,136900.0,360,7.6,Mortgage,Undergraduate,No,0,Urban,0.301,1
L03830,Male,38,Middle-aged,Hispanic,38900.0,9400.0,623,137000.0,360,22.5,Mortgage,Graduate,No,0,Urban,0.204,1
L03831,Male,37,Middle-aged,Hispanic,48700.0,0.0,569,254800.0,360,15.3,Own,Graduate,No,0,Rural,0.376,0
L03832,Female,46,Middle-aged,Caucasian,63600.0,0.0,734,251500.0,180,8.6,Mortgage,Undergraduate,No,2,Urban,0.4,1
L03833,Female,50,Middle-aged,Caucasian,41300.0,30000.0,563,291500.0,360,5.8,Rent,Undergraduate,No,0,Urban,0.294,0
L03834,Male,48,Middle-aged,African American,39000.0,7600.0,485,199300.0,360,8.6,Mortgage,Graduate,No,3+,Semiurban,0.308,0
L03835,Male,53,Middle-aged,Caucasian,75200.0,0.0,584,274700.0,360,13.1,Rent,Graduate,No,2,Semiurban,0.263,1
L03836,Male,28,Young,African American,57600.0,39200.0,634,274700.0,120,1.7,Mortgage,Graduate,No,0,Semiurban,0.378,0
L03837,Female,38,Middle-aged,Caucasian,78500.0,18800.0,635,463900.0,360,5.8,Own,Graduate,No,2,Semiurban,0.343,0
L03838,Male,29,Young,Caucasian,24300.0,0.0,631,115100.0,360,1.9,Rent,Graduate,No,0,Urban,0.341,0
L03839,Female,36,Middle-aged,Caucasian,59800.0,0.0,654,213000.0,360,4.1,Rent,Graduate,No,0,Semiurban,0.256,1
L03840,Female,53,Middle-aged,Caucasian,53000.0,23500.0,606,206500.0,360,5.7,Mortgage,Undergraduate,No,0,Urban,0.194,1
L03841,Male,42,Middle-aged,Caucasian,34400.0,0.0,584,157100.0,360,19.8,Rent,Undergraduate,Yes,0,Urban,0.329,1
L03842,Male,72,Senior,Caucasian,54200.0,15200.0,651,229400.0,360,9.0,Mortgage,Graduate,No,0,Rural,0.238,1
L03843,Male,43,Middle-aged,Caucasian,74600.0,8500.0,760,276800.0,360,4.6,Mortgage,Graduate,No,0,Semiurban,0.24,1
L03844,Male,41,Middle-aged,Caucasian,35200.0,0.0,654,163800.0,360,21.3,Mortgage,Undergraduate,No,1,Rural,0.335,1
L03845,Male,42,Middle-aged,Caucasian,58500.0,40800.0,746,363400.0,360,7.2,Mortgage,Graduate,No,0,Urban,0.263,1
L03846,Female,33,Middle-aged,Caucasian,59000.0,0.0,670,240900.0,180,9.3,Mortgage,Undergraduate,No,0,Semiurban,0.413,1
L03847,Female,40,Middle-aged,Caucasian,27100.0,43000.0,600,256200.0,120,5.3,Own,Graduate,No,0,Semiurban,0.487,0
L03848,Female,54,Middle-aged,Asian,39400.0,0.0,574,178400.0,180,9.2,Mortgage,Undergraduate,No,1,Urban,0.459,0
L03849,Female,42,Middle-aged,Caucasian,47000.0,18500.0,635,284900.0,360,3.6,Rent,Graduate,No,0,Rural,0.313,0
L03850,Male,31,Middle-aged,Caucasian,35700.0,0.0,594,122400.0,180,4.6,Own,Graduate,No,2,Urban,0.347,1
L03851,Male,29,Young,African American,27600.0,30700.0,582,161300.0,360,5.7,Mortgage,Graduate,Yes,3+,Semiurban,0.199,0
L03852,Male,35,Middle-aged,Caucasian,46400.0,0.0,600,150100.0,360,6.2,Rent,Undergraduate,No,3+,Semiurban,0.233,1
L03853,Female,41,Middle-aged,Hispanic,50700.0,0.0,501,186800.0,360,6.1,Mortgage,Graduate,No,0,Rural,0.265,0
L03854,Female,55,Middle-aged,African American,41200.0,0.0,714,213700.0,360,13.3,Mortgage,Graduate,No,0,Semiurban,0.373,1
L03855,Female,24,Young,Caucasian,29500.0,18100.0,579,202300.0,360,4.4,Rent,Graduate,No,0,Urban,0.306,0
L03856,Male,37,Middle-aged,Caucasian,63600.0,0.0,544,299600.0,120,7.9,Mortgage,Undergraduate,No,2,Rural,0.628,0
L03857,Male,42,Middle-aged,Caucasian,35100.0,25400.0,642,203000.0,360,4.6,Mortgage,Graduate,No,0,Urban,0.241,1
L03858,Female,18,Young,Caucasian,21900.0,32200.0,516,185900.0,360,9.9,Mortgage,Graduate,No,0,Semiurban,0.247,1
L03859,Male,30,Middle-aged,Caucasian,42300.0,29100.0,635,245500.0,360,4.1,Rent,Graduate,No,1,Urban,0.247,1
L03860,Female,32,Middle-aged,Caucasian,65300.0,0.0,676,196400.0,360,5.4,Rent,Graduate,No,0,Rural,0.216,1
L03861,Female,31,Middle-aged,Asian,54200.0,43100.0,674,318700.0,120,4.1,Mortgage,Graduate,No,1,Rural,0.436,0
L03862,Female,43,Middle-aged,Caucasian,41600.0,0.0,611,180900.0,360,14.9,Mortgage,Graduate,No,0,Rural,0.313,0
L03863,Male,39,Middle-aged,Caucasian,41500.0,28600.0,589,204200.0,360,14.7,Mortgage,Graduate,No,0,Semiurban,0.21,1
L03864,Male,34,Middle-aged,African American,33600.0,22300.0,563,157300.0,120,3.7,Mortgage,Graduate,No,0,Urban,0.375,0
L03865,Male,46,Middle-aged,Caucasian,51200.0,0.0,589,185100.0,360,11.2,Mortgage,Graduate,No,0,Urban,0.26,1
L03866,Male,61,Senior,Caucasian,32000.0,0.0,639,140900.0,180,7.0,Rent,Graduate,No,0,Semiurban,0.446,0
L03867,Male,60,Senior,Caucasian,42600.0,0.0,634,141800.0,360,6.5,Rent,Graduate,No,1,Urban,0.239,1
L03868,Female,18,Young,Caucasian,38200.0,0.0,531,176500.0,360,9.1,Rent,Graduate,No,3+,Urban,0.332,0
L03869,Female,47,Middle-aged,Hispanic,21400.0,15100.0,541,116400.0,360,5.1,Rent,Undergraduate,No,1,Urban,0.229,0
L03870,Male,38,Middle-aged,Caucasian,35100.0,0.0,601,133200.0,360,3.8,Mortgage,Graduate,No,0,Urban,0.273,1
L03871,Male,42,Middle-aged,Caucasian,57800.0,17300.0,606,322800.0,180,8.3,Rent,Graduate,No,0,Semiurban,0.435,0
L03872,Male,36,Middle-aged,Caucasian,49200.0,0.0,547,203600.0,360,11.2,Rent,Graduate,No,0,Urban,0.298,0
L03873,Male,42,Middle-aged,Caucasian,43300.0,33000.0,670,234600.0,360,4.7,Mortgage,Graduate,Yes,2,Rural,0.221,1
L03874,Female,42,Middle-aged,Caucasian,28900.0,10400.0,715,171400.0,120,4.2,Mortgage,Undergraduate,No,0,Urban,0.581,0
L03875,Male,34,Middle-aged,Asian,92100.0,38300.0,705,430800.0,360,2.8,Mortgage,Graduate,No,0,Semiurban,0.238,1
L03876,Male,30,Middle-aged,Hispanic,31600.0,0.0,550,155900.0,180,1.9,Rent,Undergraduate,No,0,Urban,0.5,0
L03877,Male,35,Middle-aged,Caucasian,54200.0,0.0,615,224100.0,360,3.2,Rent,Graduate,No,3+,Semiurban,0.297,1
L03878,Female,43,Middle-aged,Caucasian,34300.0,0.0,707,119000.0,180,18.0,Mortgage,Graduate,No,0,Urban,0.351,1
L03879,Female,48,Middle-aged,African American,32300.0,0.0,550,141400.0,360,5.0,Rent,Graduate,No,2,Urban,0.315,0
L03880,Male,51,Middle-aged,Caucasian,58900.0,19100.0,693,251600.0,360,9.5,Mortgage,Graduate,No,0,Urban,0.232,1
L03881,Male,35,Middle-aged,Caucasian,28300.0,14600.0,511,120200.0,360,15.2,Rent,Graduate,Yes,0,Semiurban,0.202,0
L03882,Female,44,Middle-aged,Caucasian,41600.0,0.0,723,132900.0,360,8.8,Mortgage,Graduate,No,1,Semiurban,0.23,1
L03883,Female,52,Middle-aged,Caucasian,67100.0,0.0,628,237800.0,360,5.3,Mortgage,Undergraduate,No,1,Semiurban,0.255,1
L03884,Male,54,Middle-aged,Caucasian,99200.0,0.0,817,462000.0,360,9.9,Rent,Graduate,No,2,Rural,0.335,1
L03885,Female,40,Middle-aged,Asian,39600.0,0.0,718,193500.0,120,15.0,Mortgage,Graduate,No,1,Urban,0.651,0
L03886,Female,38,Middle-aged,Asian,42400.0,0.0,607,209400.0,180,4.9,Rent,Undergraduate,No,0,Urban,0.5,0
L03887,Female,43,Middle-aged,Caucasian,100900.0,12700.0,625,388500.0,360,5.6,Mortgage,Graduate,No,0,Semiurban,0.246,1
L03888,Female,27,Young,Caucasian,65600.0,0.0,627,294400.0,360,2.8,Rent,Graduate,No,1,Urban,0.323,1
L03889,Female,38,Middle-aged,Hispanic,28700.0,30900.0,592,159000.0,360,6.5,Own,Graduate,Yes,2,Urban,0.192,1
L03890,Male,49,Middle-aged,Caucasian,38300.0,0.0,603,168600.0,360,6.0,Mortgage,Graduate,No,3+,Semiurban,0.317,1
L03891,Female,48,Middle-aged,Hispanic,53900.0,21900.0,538,327700.0,120,10.9,Own,Undergraduate,No,0,Semiurban,0.576,0
L03892,Male,37,Middle-aged,Caucasian,32700.0,0.0,573,101100.0,360,8.0,Mortgage,Graduate,No,1,Urban,0.222,0
L03893,Female,43,Middle-aged,Caucasian,64400.0,48700.0,572,471500.0,360,6.3,Mortgage,Undergraduate,No,0,Rural,0.3,1
L03894,Male,31,Middle-aged,Caucasian,56000.0,0.0,647,272200.0,360,8.4,Mortgage,Graduate,No,0,Semiurban,0.35,0
L03895,Female,49,Middle-aged,Hispanic,45200.0,0.0,692,213100.0,180,5.2,Rent,Graduate,Yes,0,Rural,0.477,0
L03896,Female,40,Middle-aged,Caucasian,37600.0,0.0,657,171300.0,360,10.2,Mortgage,Graduate,No,2,Semiurban,0.328,0
L03897,Male,37,Middle-aged,Caucasian,38100.0,11700.0,629,209900.0,360,7.5,Mortgage,Graduate,No,3+,Semiurban,0.303,1
L03898,Female,36,Middle-aged,Caucasian,74800.0,16500.0,585,437900.0,120,7.7,Rent,Undergraduate,No,0,Rural,0.639,0
L03899,Male,40,Middle-aged,Hispanic,40000.0,0.0,627,189300.0,120,3.6,Rent,Graduate,No,2,Semiurban,0.63,0
L03900,Female,35,Middle-aged,Hispanic,31200.0,0.0,648,118300.0,180,7.4,Own,Graduate,Yes,0,Rural,0.384,1
L03901,Male,48,Middle-aged,Hispanic,42700.0,0.0,593,187100.0,360,7.9,Mortgage,Graduate,No,0,Semiurban,0.315,0
L03902,Male,36,Middle-aged,Hispanic,47700.0,0.0,622,179300.0,360,6.0,Own,Graduate,No,1,Semiurban,0.27,1
L03903,Female,60,Senior,Caucasian,27600.0,21000.0,626,201100.0,360,8.2,Own,Graduate,No,0,Rural,0.298,1
L03904,Male,58,Senior,Caucasian,39100.0,15100.0,741,237000.0,360,6.0,Mortgage,Undergraduate,No,0,Urban,0.315,1
L03905,Female,30,Middle-aged,Caucasian,32500.0,22100.0,645,189400.0,360,4.5,Rent,Graduate,No,3+,Semiurban,0.25,1
L03906,Male,41,Middle-aged,Caucasian,68700.0,25800.0,676,392300.0,360,6.0,Mortgage,Graduate,No,1,Urban,0.299,1
L03907,Male,33,Middle-aged,Asian,34400.0,28100.0,497,249200.0,360,5.0,Mortgage,Undergraduate,No,3+,Semiurban,0.287,0
L03908,Male,37,Middle-aged,Hispanic,21900.0,0.0,606,77700.0,360,7.6,Mortgage,Graduate,No,2,Rural,0.255,1
L03909,Female,65,Senior,Caucasian,20000.0,0.0,627,86100.0,360,8.8,Mortgage,Undergraduate,No,2,Semiurban,0.31,0
L03910,Male,37,Middle-aged,African American,21800.0,0.0,586,89000.0,360,4.4,Rent,Graduate,No,0,Semiurban,0.294,0
L03911,Male,45,Middle-aged,Hispanic,76100.0,0.0,557,360400.0,120,7.5,Rent,Graduate,No,3+,Semiurban,0.631,0
L03912,Male,47,Middle-aged,Caucasian,49300.0,46800.0,567,286100.0,360,8.8,Mortgage,Graduate,No,2,Semiurban,0.214,1
L03913,Male,28,Young,Caucasian,59900.0,11500.0,608,303400.0,120,5.7,Mortgage,Graduate,No,0,Semiurban,0.566,0
L03914,Female,30,Middle-aged,Caucasian,51600.0,26100.0,676,256000.0,180,12.5,Rent,Graduate,No,2,Urban,0.334,1
L03915,Female,26,Young,Caucasian,42600.0,0.0,560,138400.0,360,8.5,Rent,Graduate,No,2,Semiurban,0.234,1
L03916,Male,30,Middle-aged,Caucasian,47600.0,0.0,582,154300.0,180,2.1,Mortgage,Graduate,No,1,Semiurban,0.328,1
L03917,Female,18,Young,Caucasian,63300.0,15900.0,707,234600.0,180,4.1,Rent,Graduate,No,0,Semiurban,0.3,1
L03918,Male,47,Middle-aged,Caucasian,52000.0,27300.0,617,204600.0,180,7.1,Mortgage,Undergraduate,No,0,Semiurban,0.261,1
L03919,Female,65,Senior,Hispanic,64300.0,0.0,664,270000.0,120,9.3,Rent,Graduate,No,1,Urban,0.559,0
L03920,Female,42,Middle-aged,Caucasian,53400.0,27300.0,621,306600.0,360,19.4,Own,Graduate,No,0,Semiurban,0.273,1
L03921,Female,24,Young,Caucasian,32500.0,13400.0,504,130200.0,360,4.0,Mortgage,Graduate,No,0,Urban,0.204,0
L03922,Male,33,Middle-aged,Hispanic,36200.0,0.0,635,158400.0,360,8.6,Mortgage,Graduate,Yes,0,Semiurban,0.315,0
L03923,Female,35,Middle-aged,Caucasian,31100.0,0.0,561,135100.0,360,19.6,Rent,Graduate,No,2,Semiurban,0.313,0
L03924,Male,28,Young,Caucasian,79800.0,14000.0,627,290700.0,360,2.3,Mortgage,Graduate,No,0,Semiurban,0.223,1
L03925,Female,51,Middle-aged,Asian,35400.0,28400.0,654,197600.0,360,5.2,Mortgage,Graduate,No,1,Semiurban,0.223,1
L03926,Male,50,Middle-aged,Caucasian,35600.0,0.0,743,167300.0,180,6.7,Rent,Graduate,Yes,2,Semiurban,0.476,0
L03927,Female,27,Young,Asian,47400.0,22300.0,522,180100.0,180,1.6,Mortgage,Graduate,Yes,0,Urban,0.262,0
L03928,Female,49,Middle-aged,Caucasian,40100.0,19700.0,680,168600.0,360,5.3,Mortgage,Graduate,Yes,0,Rural,0.203,1
L03929,Female,59,Senior,Caucasian,46900.0,30600.0,701,331300.0,360,30.1,Mortgage,Undergraduate,No,0,Semiurban,0.308,1
L03930,Male,63,Senior,Caucasian,104400.0,0.0,662,485500.0,120,22.9,Rent,Graduate,No,3+,Semiurban,0.62,1
L03931,Female,75,Senior,Caucasian,60000.0,31800.0,719,311200.0,360,14.4,Mortgage,Graduate,Yes,0,Urban,0.244,1
L03932,Male,30,Middle-aged,Asian,49600.0,0.0,706,219100.0,360,8.8,Rent,Graduate,Yes,1,Semiurban,0.318,1
L03933,Female,74,Senior,African American,20000.0,16900.0,604,142300.0,180,9.2,Rent,Graduate,No,2,Semiurban,0.391,0
L03934,Male,36,Middle-aged,Hispanic,36100.0,14400.0,620,214300.0,360,7.2,Own,Graduate,No,0,Urban,0.305,1
L03935,Male,33,Middle-aged,Asian,65100.0,0.0,648,242900.0,360,3.1,Mortgage,Graduate,Yes,1,Rural,0.268,1
L03936,Male,44,Middle-aged,Caucasian,30700.0,0.0,645,126000.0,360,6.3,Own,Graduate,Yes,0,Rural,0.295,1
L03937,Male,34,Middle-aged,Asian,115400.0,11700.0,712,539500.0,180,4.5,Mortgage,Graduate,No,0,Semiurban,0.43,1
L03938,Male,45,Middle-aged,African American,39400.0,22400.0,631,162300.0,180,8.8,Mortgage,Graduate,No,0,Urban,0.266,1
L03939,Male,25,Young,African American,40000.0,0.0,623,205100.0,360,1.5,Rent,Undergraduate,No,0,Rural,0.369,0
L03940,Male,38,Middle-aged,Asian,37500.0,0.0,555,149000.0,120,3.5,Mortgage,Graduate,No,0,Urban,0.529,0
L03941,Female,56,Senior,Caucasian,50800.0,0.0,657,194800.0,120,10.4,Mortgage,Graduate,No,0,Urban,0.511,0
L03942,Female,40,Middle-aged,Caucasian,26200.0,0.0,575,132100.0,360,8.4,Mortgage,Graduate,No,2,Semiurban,0.363,0
L03943,Male,42,Middle-aged,African American,93200.0,10800.0,586,323200.0,180,5.7,Rent,Graduate,No,0,Urban,0.315,0
L03944,Male,46,Middle-aged,Caucasian,83000.0,23100.0,627,294400.0,360,5.0,Mortgage,Graduate,No,1,Semiurban,0.2,1
L03945,Male,55,Middle-aged,Caucasian,72700.0,40500.0,679,428200.0,360,16.4,Rent,Graduate,No,0,Semiurban,0.272,1
L03946,Male,21,Young,African American,22500.0,0.0,598,87000.0,360,0.7,Mortgage,Graduate,No,0,Semiurban,0.278,0
L03947,Female,48,Middle-aged,Caucasian,45200.0,18500.0,555,259900.0,360,10.8,Mortgage,Undergraduate,No,1,Urban,0.294,1
L03948,Female,37,Middle-aged,Caucasian,67600.0,0.0,576,213200.0,360,3.6,Rent,Graduate,No,1,Semiurban,0.227,0
L03949,Male,42,Middle-aged,Caucasian,62100.0,16800.0,679,274500.0,360,8.7,Mortgage,Graduate,No,0,Urban,0.25,1
L03950,Male,53,Middle-aged,African American,26300.0,0.0,654,92800.0,360,10.7,Mortgage,Graduate,No,1,Semiurban,0.254,1
L03951,Male,26,Young,Caucasian,37800.0,0.0,645,176300.0,360,9.4,Mortgage,Graduate,No,0,Rural,0.336,1
L03952,Female,28,Young,Asian,34800.0,0.0,674,122200.0,180,4.0,Rent,Graduate,No,0,Semiurban,0.356,0
L03953,Female,18,Young,Caucasian,32700.0,0.0,608,131800.0,120,0.1,Own,Graduate,No,1,Semiurban,0.537,0
L03954,Male,34,Middle-aged,Caucasian,90400.0,59800.0,621,592200.0,120,10.7,Mortgage,Graduate,No,0,Urban,0.525,0
L03955,Male,56,Senior,Caucasian,22700.0,46900.0,632,241400.0,360,8.6,Rent,Graduate,No,0,Urban,0.25,1
L03956,Female,39,Middle-aged,African American,41400.0,15000.0,714,228500.0,360,12.5,Own,Graduate,No,0,Urban,0.291,1
L03957,Female,24,Young,Caucasian,24800.0,23600.0,744,148300.0,180,8.4,Mortgage,Graduate,No,0,Semiurban,0.31,1
L03958,Male,35,Middle-aged,Hispanic,30000.0,0.0,627,128600.0,360,6.0,Mortgage,Graduate,No,1,Urban,0.308,0
L03959,Male,23,Young,Hispanic,20000.0,0.0,605,91000.0,360,37.8,Mortgage,Graduate,No,0,Semiurban,0.327,0
L03960,Male,27,Young,Asian,39400.0,26000.0,638,264700.0,360,4.5,Mortgage,Graduate,No,2,Urban,0.291,1
L03961,Female,45,Middle-aged,Hispanic,67300.0,0.0,645,336500.0,360,10.0,Rent,Graduate,No,0,Rural,0.36,0
L03962,Male,26,Young,Caucasian,54500.0,0.0,675,277700.0,360,6.7,Mortgage,Undergraduate,No,0,Semiurban,0.367,1
L03963,Male,54,Middle-aged,Caucasian,30400.0,24400.0,688,209400.0,120,9.0,Own,Graduate,No,1,Semiurban,0.509,1
L03964,Female,40,Middle-aged,African American,47900.0,0.0,642,159500.0,360,7.7,Mortgage,Graduate,Yes,0,Rural,0.24,1
L03965,Male,42,Middle-aged,African American,64200.0,0.0,618,300600.0,120,11.6,Rent,Graduate,No,3+,Rural,0.624,0
L03966,Female,37,Middle-aged,Hispanic,38300.0,0.0,517,185100.0,360,7.1,Own,Undergraduate,No,2,Rural,0.348,0
L03967,Male,50,Middle-aged,African American,88500.0,0.0,712,440300.0,360,7.8,Mortgage,Undergraduate,No,0,Semiurban,0.358,1
L03968,Male,50,Middle-aged,Hispanic,61300.0,0.0,659,311500.0,360,10.2,Rent,Graduate,No,0,Semiurban,0.366,1
L03969,Female,45,Middle-aged,Caucasian,54800.0,0.0,590,227200.0,360,4.2,Rent,Graduate,Yes,0,Semiurban,0.298,0
L03970,Male,47,Middle-aged,Asian,35500.0,0.0,554,158800.0,360,4.9,Rent,Graduate,Yes,2,Semiurban,0.322,0
L03971,Female,38,Middle-aged,African American,41000.0,0.0,652,123900.0,360,3.7,Mortgage,Graduate,No,0,Semiurban,0.217,1
L03972,Male,47,Middle-aged,African American,42800.0,0.0,531,183600.0,360,7.1,Mortgage,Graduate,No,0,Urban,0.309,0
L03973,Male,36,Middle-aged,Caucasian,60400.0,54600.0,643,363900.0,180,13.0,Mortgage,Graduate,Yes,0,Rural,0.32,1
L03974,Female,41,Middle-aged,Asian,31700.0,0.0,660,163700.0,360,8.6,Mortgage,Graduate,No,0,Rural,0.372,0
L03975,Male,37,Middle-aged,Hispanic,46400.0,0.0,648,233300.0,180,20.8,Mortgage,Undergraduate,No,0,Urban,0.509,0
L03976,Female,35,Middle-aged,Caucasian,30100.0,0.0,576,144300.0,360,2.8,Own,Graduate,No,2,Urban,0.345,0
L03977,Male,32,Middle-aged,African American,20000.0,0.0,512,62600.0,360,8.5,Mortgage,Graduate,No,2,Urban,0.225,0
L03978,Male,46,Middle-aged,Caucasian,73100.0,0.0,685,285400.0,360,6.1,Rent,Graduate,Yes,2,Rural,0.281,1
L03979,Male,56,Senior,Hispanic,24200.0,0.0,698,110500.0,360,5.8,Rent,Graduate,Yes,2,Urban,0.329,1
L03980,Male,55,Middle-aged,Caucasian,51200.0,23000.0,612,194600.0,360,14.3,Mortgage,Graduate,Yes,0,Semiurban,0.189,1
L03981,Female,25,Young,Caucasian,47600.0,24800.0,628,214800.0,360,1.9,Own,Undergraduate,No,3+,Urban,0.213,1
L03982,Female,56,Senior,Caucasian,47500.0,31100.0,739,320200.0,360,6.9,Rent,Undergraduate,No,0,Semiurban,0.293,1
L03983,Male,37,Middle-aged,African American,35000.0,0.0,626,115200.0,360,4.9,Mortgage,Graduate,Yes,0,Semiurban,0.237,0
L03984,Male,48,Middle-aged,Caucasian,54600.0,0.0,614,170100.0,360,12.3,Mortgage,Graduate,No,0,Semiurban,0.224,1
L03985,Female,30,Middle-aged,African American,38500.0,0.0,661,165800.0,360,6.7,Rent,Graduate,No,0,Semiurban,0.31,0
L03986,Female,42,Middle-aged,Hispanic,49300.0,39900.0,581,362000.0,360,5.1,Own,Undergraduate,No,0,Rural,0.292,1
L03987,Male,44,Middle-aged,Hispanic,88300.0,0.0,581,430700.0,360,4.8,Mortgage,Graduate,No,1,Semiurban,0.351,1
L03988,Male,23,Young,Caucasian,53800.0,0.0,649,279400.0,120,1.3,Rent,Graduate,Yes,0,Rural,0.692,1
L03989,Male,48,Middle-aged,Hispanic,45300.0,0.0,606,212700.0,360,5.3,Own,Graduate,No,1,Rural,0.338,1
L03990,Female,57,Senior,African American,22200.0,35200.0,607,163200.0,360,16.0,Mortgage,Graduate,No,1,Urban,0.205,1
L03991,Male,38,Middle-aged,Caucasian,58400.0,28800.0,589,378400.0,360,15.8,Rent,Graduate,No,3+,Urban,0.312,1
L03992,Male,57,Senior,Caucasian,64000.0,10100.0,631,274800.0,360,23.1,Mortgage,Graduate,No,2,Semiurban,0.267,1
L03993,Female,38,Middle-aged,Caucasian,38600.0,0.0,695,146200.0,360,12.0,Mortgage,Graduate,No,0,Urban,0.273,1
L03994,Male,51,Middle-aged,Asian,61000.0,0.0,748,244500.0,360,15.9,Rent,Graduate,No,3+,Semiurban,0.288,1
L03995,Male,18,Young,Caucasian,43600.0,17300.0,692,255200.0,360,8.5,Mortgage,Graduate,Yes,0,Semiurban,0.301,1
L03996,Male,70,Senior,Caucasian,64100.0,0.0,744,324700.0,180,23.7,Mortgage,Graduate,No,0,Urban,0.513,1
L03997,Male,58,Senior,Asian,70600.0,0.0,694,268600.0,360,15.3,Own,Undergraduate,No,0,Semiurban,0.274,1
L03998,Male,37,Middle-aged,Caucasian,70200.0,33200.0,548,355100.0,180,5.9,Mortgage,Graduate,No,0,Urban,0.348,1
L03999,Male,18,Young,Asian,51400.0,25000.0,579,325000.0,180,2.0,Rent,Graduate,No,0,Urban,0.431,0
L04000,Male,44,Middle-aged,African American,25900.0,33300.0,739,135600.0,360,8.3,Rent,Graduate,No,1,Semiurban,0.165,1
L04001,Female,23,Young,Caucasian,32600.0,0.0,557,155300.0,360,5.4,Mortgage,Undergraduate,No,0,Urban,0.343,0
L04002,Female,46,Middle-aged,Hispanic,46600.0,0.0,720,187400.0,360,8.5,Mortgage,Undergraduate,Yes,0,Semiurban,0.289,1
L04003,Female,45,Middle-aged,Caucasian,111000.0,0.0,682,427000.0,360,10.2,Mortgage,Graduate,No,0,Semiurban,0.277,1
L04004,Male,29,Young,Caucasian,42800.0,56600.0,440,292400.0,180,7.7,Mortgage,Graduate,No,0,Urban,0.298,0
L04005,Male,54,Middle-aged,African American,47100.0,12200.0,680,211300.0,360,5.9,Rent,Graduate,No,0,Urban,0.256,1
L04006,Male,50,Middle-aged,Caucasian,39200.0,38900.0,705,281900.0,360,6.5,Own,Graduate,No,1,Semiurban,0.26,1
L04007,Male,52,Middle-aged,Hispanic,29900.0,18700.0,621,202900.0,360,16.1,Rent,Undergraduate,No,0,Semiurban,0.3,1
L04008,Male,41,Middle-aged,Caucasian,37400.0,35200.0,688,230600.0,360,7.9,Mortgage,Graduate,No,0,Semiurban,0.229,1
L04009,Female,24,Young,Caucasian,20000.0,0.0,474,97500.0,120,2.9,Rent,Undergraduate,No,0,Rural,0.649,0
L04010,Male,52,Middle-aged,Hispanic,75800.0,21600.0,578,405800.0,360,14.6,Mortgage,Graduate,No,0,Urban,0.3,1
L04011,Male,37,Middle-aged,Caucasian,20100.0,63800.0,606,202700.0,360,4.3,Rent,Graduate,Yes,0,Urban,0.174,1
L04012,Male,24,Young,African American,35300.0,0.0,615,152500.0,360,3.5,Rent,Undergraduate,No,0,Semiurban,0.311,0
L04013,Female,57,Senior,Caucasian,26000.0,0.0,710,117000.0,120,7.5,Mortgage,Graduate,No,0,Rural,0.6,0
L04014,Male,66,Senior,Asian,34400.0,23500.0,687,143300.0,360,17.5,Mortgage,Undergraduate,No,0,Semiurban,0.178,1
L04015,Female,40,Middle-aged,Caucasian,72300.0,0.0,569,281300.0,120,9.8,Mortgage,Undergraduate,No,0,Semiurban,0.518,1
L04016,Male,66,Senior,Caucasian,53100.0,16000.0,677,322600.0,360,10.3,Mortgage,Graduate,No,1,Semiurban,0.336,1
L04017,Female,42,Middle-aged,Caucasian,28300.0,0.0,644,125500.0,120,17.1,Mortgage,Graduate,No,0,Semiurban,0.591,0
L04018,Female,36,Middle-aged,Caucasian,32900.0,27200.0,490,177900.0,180,15.8,Mortgage,Graduate,No,1,Semiurban,0.3,0
L04019,Male,33,Middle-aged,African American,28900.0,0.0,593,103000.0,360,8.5,Mortgage,Graduate,No,1,Rural,0.256,1
L04020,Male,60,Senior,Caucasian,48200.0,0.0,631,167300.0,180,17.4,Mortgage,Undergraduate,No,0,Urban,0.351,0
L04021,Male,31,Middle-aged,Caucasian,52500.0,0.0,572,204900.0,180,8.3,Own,Graduate,No,0,Semiurban,0.395,1
L04022,Male,49,Middle-aged,Caucasian,104600.0,0.0,710,359300.0,360,9.6,Rent,Undergraduate,No,1,Semiurban,0.247,1
L04023,Female,34,Middle-aged,African American,20000.0,0.0,521,66100.0,120,5.1,Mortgage,Undergraduate,No,0,Rural,0.44,0
L04024,Female,35,Middle-aged,Asian,41100.0,0.0,633,157000.0,360,4.1,Mortgage,Graduate,No,0,Rural,0.275,1
L04025,Female,53,Middle-aged,Caucasian,36700.0,25900.0,665,220500.0,360,5.6,Own,Graduate,No,1,Semiurban,0.253,1
L04026,Female,36,Middle-aged,Caucasian,60800.0,0.0,690,202400.0,180,10.8,Mortgage,Graduate,No,1,Semiurban,0.337,1
L04027,Male,36,Middle-aged,Caucasian,56500.0,38900.0,554,239400.0,180,3.4,Own,Graduate,No,0,Semiurban,0.254,1
L04028,Male,54,Middle-aged,African American,49700.0,27600.0,553,198300.0,360,8.0,Rent,Undergraduate,No,2,Semiurban,0.185,0
L04029,Female,60,Senior,Caucasian,47800.0,75900.0,667,318000.0,360,7.6,Own,Graduate,No,0,Urban,0.185,1
L04030,Male,48,Middle-aged,Caucasian,33800.0,0.0,604,115900.0,360,7.5,Rent,Undergraduate,No,0,Urban,0.247,0
L04031,Female,33,Middle-aged,African American,51700.0,0.0,788,217800.0,360,4.1,Mortgage,Graduate,No,1,Rural,0.303,1
L04032,Male,34,Middle-aged,Hispanic,60700.0,0.0,650,244300.0,180,11.3,Rent,Graduate,No,3+,Urban,0.408,0
L04033,Male,41,Middle-aged,Caucasian,70700.0,20800.0,644,305100.0,360,22.6,Own,Graduate,No,1,Urban,0.24,1
L04034,Female,44,Middle-aged,Asian,69100.0,21000.0,633,391500.0,360,18.1,Own,Graduate,No,3+,Rural,0.313,1
L04035,Male,29,Young,Caucasian,57900.0,0.0,539,239500.0,120,6.5,Mortgage,Graduate,No,0,Urban,0.551,0
L04036,Female,49,Middle-aged,Hispanic,66500.0,0.0,683,213200.0,120,24.0,Mortgage,Graduate,No,0,Urban,0.427,1
L04037,Female,42,Middle-aged,Caucasian,48500.0,0.0,620,177800.0,360,6.2,Mortgage,Graduate,No,0,Rural,0.264,1
L04038,Female,20,Young,Caucasian,38200.0,0.0,578,198300.0,360,4.0,Own,Graduate,No,1,Semiurban,0.373,0
L04039,Female,29,Young,Hispanic,36700.0,0.0,601,190800.0,180,3.1,Mortgage,Graduate,No,0,Semiurban,0.526,0
L04040,Female,34,Middle-aged,Caucasian,41300.0,16300.0,620,178600.0,360,13.8,Rent,Graduate,No,0,Semiurban,0.223,1
L04041,Female,40,Middle-aged,Caucasian,33900.0,0.0,505,114500.0,120,4.3,Mortgage,Undergraduate,Yes,0,Rural,0.45,0
L04042,Male,63,Senior,Caucasian,94200.0,23000.0,743,438100.0,360,11.5,Rent,Undergraduate,Yes,1,Urban,0.269,1
L04043,Male,43,Middle-aged,Asian,55200.0,24700.0,580,279200.0,120,11.8,Mortgage,Graduate,No,2,Urban,0.466,0
L04044,Female,30,Middle-aged,Caucasian,43300.0,25400.0,594,223000.0,360,6.3,Mortgage,Graduate,No,0,Semiurban,0.234,1
L04045,Male,43,Middle-aged,Hispanic,51500.0,0.0,705,215800.0,360,4.2,Rent,Graduate,No,0,Semiurban,0.301,1
L04046,Male,36,Middle-aged,Caucasian,161400.0,0.0,812,568500.0,360,7.4,Mortgage,Graduate,No,0,Urban,0.253,1
L04047,Male,44,Middle-aged,Caucasian,31200.0,0.0,511,101700.0,360,11.2,Mortgage,Graduate,No,0,Semiurban,0.235,0
L04048,Female,47,Middle-aged,Caucasian,29700.0,22800.0,619,179300.0,360,5.4,Rent,Graduate,No,0,Rural,0.246,1
L04049,Female,55,Middle-aged,Caucasian,24000.0,0.0,641,122400.0,180,12.2,Mortgage,Graduate,No,2,Urban,0.516,1
L04050,Male,40,Middle-aged,African American,35700.0,0.0,521,118200.0,120,13.8,Mortgage,Graduate,No,2,Urban,0.441,0
L04051,Female,60,Senior,African American,35200.0,0.0,689,161400.0,360,27.8,Rent,Graduate,No,0,Urban,0.33,1
L04052,Female,51,Middle-aged,Caucasian,34600.0,0.0,634,137900.0,360,7.6,Rent,Graduate,No,0,Semiurban,0.287,0
L04053,Female,32,Middle-aged,Caucasian,33600.0,16200.0,609,154700.0,360,2.2,Mortgage,Undergraduate,No,0,Urban,0.223,1
L04054,Female,67,Senior,African American,33700.0,0.0,595,165800.0,180,10.1,Own,Undergraduate,No,0,Semiurban,0.498,0
L04055,Female,44,Middle-aged,Asian,34100.0,0.0,641,137300.0,360,9.3,Rent,Graduate,No,0,Rural,0.29,1
L04056,Male,30,Middle-aged,African American,44400.0,0.0,653,191500.0,180,12.9,Mortgage,Graduate,No,0,Urban,0.437,1
L04057,Female,60,Senior,Asian,65100.0,0.0,672,260200.0,360,20.2,Mortgage,Graduate,No,0,Semiurban,0.288,1
L04058,Male,65,Senior,Caucasian,64300.0,14200.0,641,228800.0,120,19.1,Rent,Graduate,No,1,Semiurban,0.388,1
L04059,Female,40,Middle-aged,Hispanic,52300.0,0.0,598,226900.0,360,8.7,Rent,Graduate,No,1,Semiurban,0.312,0
L04060,Female,34,Middle-aged,Caucasian,64300.0,0.0,638,253500.0,120,8.1,Mortgage,Graduate,No,0,Semiurban,0.525,1
L04061,Male,38,Middle-aged,Caucasian,54900.0,18300.0,626,206600.0,360,3.0,Mortgage,Graduate,Yes,2,Urban,0.203,1
L04062,Male,49,Middle-aged,Asian,46000.0,39000.0,687,290000.0,360,6.9,Rent,Graduate,No,0,Rural,0.245,1
L04063,Female,56,Senior,Hispanic,27000.0,0.0,599,81600.0,360,17.6,Mortgage,Graduate,No,0,Rural,0.217,1
L04064,Male,47,Middle-aged,African American,33500.0,0.0,547,116200.0,360,10.2,Mortgage,Undergraduate,No,1,Semiurban,0.25,0
L04065,Female,42,Middle-aged,Caucasian,33800.0,0.0,634,160800.0,120,6.8,Rent,Undergraduate,No,0,Rural,0.634,0
L04066,Male,58,Senior,Caucasian,65700.0,0.0,633,202700.0,360,6.6,Mortgage,Undergraduate,No,1,Semiurban,0.222,1
L04067,Male,37,Middle-aged,Caucasian,56300.0,0.0,670,250800.0,360,4.3,Rent,Graduate,No,2,Semiurban,0.32,0
L04068,Female,53,Middle-aged,Hispanic,48600.0,0.0,641,249700.0,180,9.3,Rent,Graduate,No,0,Semiurban,0.52,0
L04069,Female,37,Middle-aged,Caucasian,26200.0,43400.0,638,167000.0,360,14.2,Rent,Graduate,No,0,Urban,0.173,1
L04070,Female,46,Middle-aged,Asian,73900.0,0.0,590,291100.0,360,4.7,Rent,Graduate,No,0,Urban,0.283,1
L04071,Male,39,Middle-aged,Caucasian,41300.0,21200.0,623,225900.0,360,4.0,Mortgage,Undergraduate,No,0,Semiurban,0.26,1
L04072,Female,40,Middle-aged,Asian,26800.0,13800.0,562,137100.0,360,8.6,Rent,Graduate,No,0,Rural,0.243,0
L04073,Female,36,Middle-aged,Hispanic,30800.0,21200.0,528,185100.0,360,4.4,Rent,Graduate,No,1,Urban,0.256,0
L04074,Female,57,Senior,Caucasian,112500.0,0.0,646,439800.0,120,6.8,Rent,Graduate,Yes,0,Rural,0.521,0
L04075,Female,32,Middle-aged,Caucasian,35700.0,62700.0,566,230500.0,360,3.1,Rent,Undergraduate,No,0,Rural,0.169,0
L04076,Female,32,Middle-aged,Asian,36600.0,36300.0,674,179100.0,180,5.5,Rent,Graduate,No,0,Semiurban,0.249,1
L04077,Male,66,Senior,Caucasian,45400.0,0.0,624,212200.0,360,11.6,Own,Undergraduate,No,0,Semiurban,0.336,0
L04078,Male,52,Middle-aged,African American,37000.0,0.0,554,130900.0,360,16.8,Own,Graduate,No,0,Semiurban,0.255,1
L04079,Female,18,Young,African American,23300.0,0.0,576,114300.0,360,3.8,Mortgage,Undergraduate,No,1,Rural,0.353,0
L04080,Male,34,Middle-aged,Caucasian,51900.0,29000.0,617,314700.0,360,8.3,Own,Graduate,No,3+,Urban,0.28,1
L04081,Female,19,Young,Asian,64100.0,0.0,573,199400.0,360,1.1,Own,Graduate,No,0,Semiurban,0.224,1
L04082,Male,29,Young,Caucasian,55600.0,0.0,601,192000.0,360,7.9,Own,Graduate,No,1,Urban,0.248,1
L04083,Female,18,Young,Hispanic,23600.0,35600.0,627,155700.0,360,5.2,Rent,Graduate,No,2,Rural,0.189,1
L04084,Female,39,Middle-aged,Caucasian,36300.0,0.0,650,157500.0,360,4.4,Mortgage,Graduate,No,0,Urban,0.312,1
L04085,Male,27,Young,African American,31500.0,47600.0,623,274300.0,360,6.9,Mortgage,Graduate,No,0,Semiurban,0.249,1
L04086,Male,41,Middle-aged,Caucasian,50100.0,0.0,553,157100.0,360,4.6,Rent,Undergraduate,No,3+,Semiurban,0.226,1
L04087,Male,21,Young,Caucasian,83500.0,12400.0,794,320900.0,360,5.0,Own,Undergraduate,No,3+,Semiurban,0.241,1
L04088,Female,41,Middle-aged,Caucasian,39300.0,0.0,679,151200.0,360,9.0,Mortgage,Graduate,No,0,Rural,0.277,1
L04089,Female,36,Middle-aged,African American,30800.0,0.0,632,105100.0,360,8.6,Mortgage,Graduate,No,1,Semiurban,0.246,0
L04090,Male,59,Senior,Caucasian,99800.0,18100.0,621,462600.0,360,18.1,Own,Graduate,No,1,Urban,0.282,1
L04091,Female,57,Senior,Hispanic,52200.0,0.0,707,212700.0,360,20.6,Rent,Graduate,No,1,Semiurban,0.293,1
L04092,Male,50,Middle-aged,Caucasian,61700.0,0.0,617,229000.0,180,13.1,Rent,Undergraduate,No,2,Rural,0.376,0
L04093,Male,37,Middle-aged,African American,85800.0,16900.0,635,394700.0,360,13.4,Rent,Graduate,No,1,Semiurban,0.277,1
L04094,Female,64,Senior,Asian,50700.0,0.0,558,192700.0,360,7.0,Rent,Graduate,No,0,Rural,0.273,0
L04095,Male,22,Young,Caucasian,22100.0,29500.0,499,142700.0,360,2.9,Mortgage,Graduate,No,2,Semiurban,0.199,1
L04096,Male,24,Young,Caucasian,68400.0,0.0,640,246000.0,120,1.1,Rent,Graduate,No,0,Semiurban,0.479,0
L04097,Male,39,Middle-aged,Caucasian,25900.0,0.0,662,109200.0,360,4.4,Rent,Graduate,No,1,Semiurban,0.303,1
L04098,Male,68,Senior,Caucasian,58700.0,0.0,713,234800.0,180,9.9,Rent,Graduate,No,1,Urban,0.405,1
L04099,Male,38,Middle-aged,Caucasian,24700.0,23900.0,638,128900.0,360,13.1,Mortgage,Graduate,No,2,Semiurban,0.191,1
L04100,Male,38,Middle-aged,African American,32500.0,0.0,602,98400.0,360,6.6,Mortgage,Graduate,No,3+,Semiurban,0.218,1
L04101,Female,23,Young,Caucasian,36000.0,32100.0,561,177400.0,120,6.0,Mortgage,Undergraduate,No,1,Rural,0.347,0
L04102,Male,52,Middle-aged,African American,28800.0,17100.0,641,117400.0,360,7.4,Mortgage,Graduate,No,0,Rural,0.184,1
L04103,Male,52,Middle-aged,Hispanic,38400.0,0.0,681,152500.0,360,9.7,Rent,Graduate,No,1,Urban,0.286,1
L04104,Male,50,Middle-aged,Caucasian,74100.0,43700.0,657,341600.0,360,13.3,Mortgage,Graduate,No,1,Semiurban,0.209,1
L04105,Male,33,Middle-aged,African American,29500.0,21300.0,668,161200.0,360,4.0,Mortgage,Graduate,Yes,1,Rural,0.228,1
L04106,Female,32,Middle-aged,Caucasian,51800.0,0.0,599,193800.0,360,15.6,Mortgage,Graduate,No,0,Semiurban,0.269,1
L04107,Female,25,Young,Hispanic,25000.0,0.0,521,105300.0,180,2.2,Own,Graduate,No,0,Urban,0.427,0
L04108,Male,42,Middle-aged,Caucasian,45400.0,0.0,621,210100.0,360,16.2,Mortgage,Graduate,No,0,Urban,0.333,1
L04109,Female,28,Young,African American,36300.0,31200.0,600,215900.0,360,1.6,Rent,Graduate,No,0,Semiurban,0.23,0
L04110,Female,26,Young,Hispanic,24700.0,40000.0,576,144500.0,180,5.1,Rent,Graduate,No,1,Semiurban,0.226,1
L04111,Female,35,Middle-aged,Caucasian,24700.0,0.0,672,75100.0,180,23.6,Rent,Graduate,No,2,Urban,0.308,1
L04112,Male,35,Middle-aged,African American,47700.0,0.0,661,166000.0,360,7.3,Rent,Graduate,No,3+,Semiurban,0.25,1
L04113,Male,34,Middle-aged,Caucasian,76800.0,38500.0,549,385100.0,360,6.4,Own,Graduate,Yes,0,Urban,0.24,1
L04114,Male,46,Middle-aged,Caucasian,47500.0,0.0,722,147300.0,360,9.9,Own,Graduate,No,2,Semiurban,0.223,1
L04115,Female,41,Middle-aged,Asian,34700.0,26400.0,447,182300.0,360,5.2,Mortgage,Undergraduate,No,1,Semiurban,0.215,0
L04116,Male,37,Middle-aged,Caucasian,52200.0,0.0,749,260800.0,360,3.1,Mortgage,Graduate,Yes,0,Semiurban,0.359,1
L04117,Female,43,Middle-aged,African American,32600.0,33200.0,596,161100.0,360,5.2,Mortgage,Undergraduate,No,0,Semiurban,0.176,1
L04118,Male,29,Young,Caucasian,54000.0,52600.0,598,421300.0,360,2.6,Own,Graduate,No,1,Urban,0.284,1
L04119,Male,42,Middle-aged,Hispanic,20000.0,0.0,598,98600.0,360,16.5,Own,Graduate,No,0,Urban,0.355,0
L04120,Female,42,Middle-aged,Caucasian,27200.0,0.0,630,132500.0,360,13.2,Rent,Undergraduate,No,0,Semiurban,0.35,0
L04121,Male,22,Young,Caucasian,35000.0,0.0,583,173000.0,360,2.5,Mortgage,Graduate,No,0,Rural,0.356,0
L04122,Male,52,Middle-aged,Caucasian,52100.0,0.0,634,165700.0,360,14.1,Rent,Graduate,No,2,Semiurban,0.229,1
L04123,Female,30,Middle-aged,Caucasian,44900.0,0.0,682,150000.0,360,3.0,Mortgage,Graduate,No,1,Rural,0.24,1
L04124,Female,42,Middle-aged,Caucasian,53700.0,28500.0,662,227500.0,360,4.7,Mortgage,Graduate,No,2,Rural,0.199,1
L04125,Female,54,Middle-aged,Caucasian,46200.0,0.0,583,150200.0,180,12.7,Rent,Undergraduate,No,2,Rural,0.329,0
L04126,Female,52,Middle-aged,Caucasian,24800.0,0.0,665,92700.0,180,7.1,Rent,Graduate,Yes,3+,Rural,0.379,0
L04127,Female,41,Middle-aged,Caucasian,74300.0,15300.0,675,401400.0,360,3.8,Mortgage,Graduate,No,2,Rural,0.322,1
L04128,Female,36,Middle-aged,Caucasian,69300.0,29500.0,599,303300.0,180,9.1,Mortgage,Undergraduate,No,0,Rural,0.311,1
L04129,Male,52,Middle-aged,Caucasian,29600.0,0.0,672,105100.0,120,27.9,Mortgage,Graduate,No,3+,Semiurban,0.473,1
L04130,Male,49,Middle-aged,Caucasian,56000.0,21600.0,631,305200.0,360,8.8,Rent,Graduate,No,0,Semiurban,0.283,1
L04131,Male,33,Middle-aged,Hispanic,34800.0,6800.0,587,123700.0,360,3.8,Mortgage,Undergraduate,Yes,1,Rural,0.214,1
L04132,Male,31,Middle-aged,Caucasian,51800.0,0.0,596,197400.0,360,4.3,Mortgage,Graduate,No,3+,Urban,0.274,1
L04133,Female,18,Young,Caucasian,63500.0,0.0,455,232700.0,360,5.2,Own,Graduate,No,0,Rural,0.264,0
L04134,Female,42,Middle-aged,Caucasian,97700.0,0.0,632,479400.0,360,9.6,Mortgage,Graduate,No,2,Semiurban,0.353,0
L04135,Female,40,Middle-aged,Hispanic,49700.0,27800.0,665,268300.0,180,14.2,Mortgage,Graduate,No,3+,Urban,0.351,1
L04136,Male,54,Middle-aged,Caucasian,55200.0,23300.0,646,301200.0,360,17.4,Rent,Graduate,No,2,Rural,0.276,1
L04137,Female,45,Middle-aged,African American,27800.0,39300.0,535,160400.0,360,13.9,Rent,Graduate,No,2,Semiurban,0.172,0
L04138,Male,57,Senior,Caucasian,52700.0,0.0,708,268200.0,120,11.1,Mortgage,Graduate,No,0,Rural,0.678,0
L04139,Female,32,Middle-aged,Caucasian,71800.0,0.0,610,267500.0,360,5.1,Mortgage,Graduate,No,0,Urban,0.268,1
L04140,Female,54,Middle-aged,Asian,40900.0,15100.0,563,224700.0,360,11.1,Own,Graduate,No,2,Rural,0.289,0
L04141,Male,34,Middle-aged,Caucasian,34400.0,0.0,733,177100.0,360,7.9,Mortgage,Graduate,No,0,Semiurban,0.37,1
L04142,Male,50,Middle-aged,Caucasian,25600.0,0.0,555,106100.0,360,6.0,Own,Graduate,No,2,Urban,0.298,0
L04143,Male,23,Young,Asian,60200.0,0.0,658,249300.0,360,4.3,Rent,Graduate,No,0,Urban,0.298,0
L04144,Female,43,Middle-aged,African American,35200.0,10400.0,569,133000.0,360,4.9,Mortgage,Graduate,No,1,Semiurban,0.21,0
L04145,Female,18,Young,Hispanic,28400.0,0.0,580,110100.0,360,11.5,Mortgage,Graduate,No,0,Rural,0.279,0
L04146,Female,37,Middle-aged,African American,48000.0,0.0,562,236100.0,360,4.8,Mortgage,Graduate,No,0,Semiurban,0.354,0
L04147,Male,46,Middle-aged,African American,33100.0,24000.0,544,151700.0,360,12.4,Own,Graduate,No,1,Semiurban,0.191,1
L04148,Male,34,Middle-aged,Asian,46500.0,26600.0,642,307300.0,360,4.8,Mortgage,Graduate,No,1,Rural,0.302,1
L04149,Female,28,Young,Caucasian,41400.0,23100.0,622,241800.0,360,8.7,Rent,Graduate,No,0,Rural,0.27,1
L04150,Female,51,Middle-aged,Asian,36200.0,22300.0,697,189800.0,360,6.2,Mortgage,Undergraduate,No,0,Rural,0.233,1
L04151,Male,39,Middle-aged,African American,43100.0,0.0,613,182300.0,180,10.4,Mortgage,Graduate,No,0,Semiurban,0.428,0
L04152,Male,35,Middle-aged,Caucasian,77700.0,0.0,770,259400.0,360,3.5,Mortgage,Undergraduate,No,2,Urban,0.24,1
L04153,Female,41,Middle-aged,Caucasian,26400.0,12900.0,621,116100.0,360,6.8,Mortgage,Undergraduate,Yes,0,Semiurban,0.213,0
L04154,Male,72,Senior,Caucasian,59600.0,0.0,712,217200.0,360,8.7,Mortgage,Graduate,No,1,Rural,0.262,1
L04155,Male,54,Middle-aged,African American,42000.0,20500.0,556,204600.0,180,9.2,Own,Graduate,No,0,Semiurban,0.331,0
L04156,Male,54,Middle-aged,Caucasian,52100.0,18500.0,608,313500.0,360,14.0,Mortgage,Undergraduate,No,3+,Semiurban,0.319,0
L04157,Male,46,Middle-aged,Hispanic,62500.0,0.0,673,239200.0,360,11.2,Rent,Undergraduate,Yes,0,Semiurban,0.275,1
L04158,Female,42,Middle-aged,Caucasian,42500.0,0.0,614,177600.0,360,3.9,Rent,Graduate,No,0,Semiurban,0.301,1
L04159,Female,18,Young,African American,38600.0,0.0,592,129900.0,360,3.4,Own,Graduate,No,0,Rural,0.242,0
L04160,Female,32,Middle-aged,Caucasian,55500.0,0.0,566,258400.0,360,11.7,Own,Graduate,No,2,Urban,0.335,1
L04161,Male,35,Middle-aged,African American,32100.0,0.0,608,136800.0,360,7.8,Rent,Graduate,No,3+,Semiurban,0.307,1
L04162,Male,18,Young,African American,44200.0,37700.0,592,256600.0,180,0.3,Mortgage,Graduate,No,2,Semiurban,0.317,0
L04163,Male,27,Young,African American,35500.0,0.0,521,182200.0,360,3.3,Rent,Graduate,No,1,Rural,0.369,0
L04164,Male,18,Young,Asian,46500.0,26600.0,625,303700.0,360,4.1,Mortgage,Graduate,No,0,Semiurban,0.299,1
L04165,Female,40,Middle-aged,Hispanic,32300.0,0.0,506,144800.0,360,4.2,Mortgage,Graduate,Yes,0,Urban,0.323,0
L04166,Male,50,Middle-aged,Caucasian,59200.0,0.0,656,300400.0,360,10.5,Mortgage,Graduate,No,3+,Semiurban,0.365,1
L04167,Male,54,Middle-aged,Caucasian,50600.0,0.0,750,216100.0,360,10.4,Own,Graduate,No,1,Semiurban,0.307,1
L04168,Male,45,Middle-aged,African American,45900.0,19200.0,668,272900.0,360,5.2,Mortgage,Graduate,Yes,0,Urban,0.302,1
L04169,Male,29,Young,Caucasian,48700.0,0.0,645,191000.0,360,5.6,Own,Graduate,No,1,Urban,0.282,1
L04170,Male,18,Young,Caucasian,25800.0,0.0,516,82400.0,360,8.3,Mortgage,Graduate,No,0,Urban,0.23,0
L04171,Male,19,Young,Caucasian,49600.0,52200.0,697,405500.0,360,2.5,Rent,Graduate,No,2,Urban,0.287,1
L04172,Female,25,Young,Caucasian,42700.0,0.0,677,144000.0,360,2.5,Mortgage,Graduate,No,1,Rural,0.243,1
L04173,Male,30,Middle-aged,Caucasian,54000.0,0.0,560,192600.0,360,7.8,Own,Undergraduate,No,0,Semiurban,0.257,1
L04174,Male,39,Middle-aged,Asian,38700.0,0.0,583,130300.0,360,3.5,Rent,Graduate,No,0,Semiurban,0.242,0
L04175,Female,28,Young,Caucasian,25800.0,0.0,660,97000.0,360,10.4,Own,Graduate,No,2,Urban,0.27,1
L04176,Female,45,Middle-aged,Caucasian,53500.0,0.0,741,195300.0,360,18.4,Mortgage,Graduate,No,0,Rural,0.263,1
L04177,Female,38,Middle-aged,Caucasian,37300.0,0.0,533,162300.0,360,19.7,Rent,Undergraduate,No,0,Rural,0.313,0
L04178,Female,41,Middle-aged,Hispanic,39400.0,0.0,555,206500.0,180,6.3,Mortgage,Graduate,Yes,0,Semiurban,0.531,0
L04179,Male,54,Middle-aged,Hispanic,39400.0,19300.0,626,155000.0,360,10.3,Rent,Graduate,Yes,0,Urban,0.19,1
L04180,Male,26,Young,African American,39100.0,29100.0,463,259500.0,360,10.9,Mortgage,Undergraduate,No,0,Semiurban,0.274,0
L04181,Male,46,Middle-aged,Caucasian,41000.0,20300.0,625,170400.0,360,5.5,Mortgage,Graduate,No,1,Semiurban,0.2,1
L04182,Female,40,Middle-aged,Hispanic,25000.0,49800.0,674,157000.0,360,3.4,Rent,Graduate,No,3+,Semiurban,0.151,1
L04183,Female,36,Middle-aged,African American,38500.0,0.0,521,170800.0,360,5.1,Mortgage,Undergraduate,No,2,Semiurban,0.319,0
L04184,Male,51,Middle-aged,Asian,38500.0,23000.0,637,252100.0,360,15.7,Mortgage,Graduate,No,1,Urban,0.295,1
L04185,Male,51,Middle-aged,Asian,52300.0,0.0,606,177600.0,360,8.5,Mortgage,Undergraduate,No,2,Semiurban,0.244,1
L04186,Female,29,Young,Caucasian,49100.0,23300.0,704,231900.0,360,5.4,Mortgage,Undergraduate,No,2,Urban,0.23,1
L04187,Male,38,Middle-aged,Caucasian,38800.0,0.0,576,131100.0,360,8.9,Mortgage,Graduate,No,1,Rural,0.243,0
L04188,Female,44,Middle-aged,Caucasian,25700.0,0.0,700,129500.0,180,8.2,Own,Graduate,No,0,Rural,0.51,0
L04189,Female,37,Middle-aged,Caucasian,110000.0,20500.0,630,436400.0,180,3.1,Mortgage,Graduate,No,0,Rural,0.339,1
L04190,Female,48,Middle-aged,Asian,33700.0,24300.0,668,186700.0,360,8.6,Mortgage,Graduate,No,0,Urban,0.232,1
L04191,Female,44,Middle-aged,Hispanic,47200.0,40100.0,641,343800.0,180,9.1,Own,Graduate,No,3+,Semiurban,0.399,0
L04192,Female,62,Senior,African American,69200.0,0.0,663,293700.0,180,11.7,Own,Graduate,No,0,Semiurban,0.43,1
L04193,Male,22,Young,Caucasian,67200.0,0.0,562,342600.0,360,7.1,Mortgage,Undergraduate,Yes,2,Urban,0.367,0
L04194,Female,39,Middle-aged,Caucasian,36900.0,0.0,630,187600.0,120,6.8,Rent,Undergraduate,Yes,2,Rural,0.677,0
L04195,Female,30,Middle-aged,Caucasian,40600.0,0.0,574,164000.0,360,13.3,Mortgage,Graduate,No,1,Semiurban,0.291,1
L04196,Male,48,Middle-aged,Caucasian,35100.0,0.0,581,151300.0,360,7.6,Mortgage,Graduate,Yes,0,Rural,0.31,1
L04197,Male,21,Young,Caucasian,69800.0,0.0,698,245600.0,360,4.1,Mortgage,Graduate,No,0,Urban,0.253,1
L04198,Male,45,Middle-aged,African American,49200.0,0.0,662,257300.0,360,11.6,Rent,Graduate,No,2,Semiurban,0.376,0
L04199,Male,33,Middle-aged,Caucasian,39900.0,0.0,643,144700.0,360,11.2,Mortgage,Graduate,No,1,Rural,0.261,1
L04200,Female,32,Middle-aged,Hispanic,24200.0,33600.0,566,200600.0,360,7.3,Rent,Undergraduate,No,0,Semiurban,0.25,0
L04201,Female,23,Young,Caucasian,24600.0,22300.0,566,135200.0,360,1.4,Mortgage,Graduate,No,0,Semiurban,0.207,1
L04202,Male,35,Middle-aged,Asian,72700.0,0.0,618,269300.0,360,4.6,Own,Graduate,No,0,Urban,0.267,1
L04203,Male,54,Middle-aged,Caucasian,51400.0,0.0,665,166200.0,360,5.5,Mortgage,Graduate,No,0,Rural,0.233,1
L04204,Female,40,Middle-aged,Caucasian,45400.0,0.0,657,193400.0,180,5.1,Rent,Graduate,No,1,Urban,0.431,0
L04205,Male,48,Middle-aged,Asian,35300.0,0.0,621,125300.0,120,8.7,Mortgage,Graduate,No,0,Rural,0.473,0
L04206,Male,60,Senior,African American,21800.0,51600.0,582,164400.0,360,14.5,Mortgage,Undergraduate,No,3+,Semiurban,0.161,1
L04207,Female,44,Middle-aged,Caucasian,61200.0,34100.0,683,278600.0,360,8.3,Rent,Graduate,No,3+,Rural,0.21,1
L04208,Male,34,Middle-aged,Caucasian,49900.0,17700.0,615,211500.0,360,2.6,Mortgage,Graduate,Yes,1,Semiurban,0.225,1
L04209,Male,46,Middle-aged,Caucasian,70500.0,0.0,561,291500.0,360,5.7,Rent,Graduate,Yes,2,Rural,0.297,1
L04210,Male,34,Middle-aged,African American,33600.0,11000.0,472,152700.0,360,6.7,Mortgage,Graduate,No,2,Semiurban,0.246,0
L04211,Male,34,Middle-aged,Hispanic,40100.0,0.0,623,127100.0,180,8.6,Mortgage,Graduate,No,2,Rural,0.321,1
L04212,Female,22,Young,Caucasian,55400.0,0.0,550,233000.0,360,10.7,Rent,Graduate,No,0,Urban,0.303,0
L04213,Male,52,Middle-aged,Caucasian,65700.0,0.0,679,313500.0,360,22.3,Rent,Graduate,No,0,Semiurban,0.343,1
L04214,Male,36,Middle-aged,Hispanic,60700.0,17900.0,579,301500.0,360,13.8,Mortgage,Graduate,No,0,Rural,0.276,1
L04215,Female,43,Middle-aged,Caucasian,37000.0,0.0,625,192100.0,360,6.9,Rent,Undergraduate,No,3+,Urban,0.374,0
L04216,Female,28,Young,African American,40700.0,0.0,574,131200.0,180,8.4,Mortgage,Graduate,No,2,Semiurban,0.326,0
L04217,Male,46,Middle-aged,Caucasian,76400.0,27100.0,758,440400.0,360,5.6,Mortgage,Undergraduate,No,0,Semiurban,0.306,1
L04218,Male,31,Middle-aged,Caucasian,47000.0,0.0,664,194500.0,360,2.3,Rent,Undergraduate,No,0,Semiurban,0.298,1
L04219,Female,39,Middle-aged,Caucasian,33900.0,0.0,689,141500.0,180,3.4,Own,Graduate,No,1,Semiurban,0.423,1
L04220,Male,51,Middle-aged,Caucasian,83900.0,0.0,668,349700.0,180,6.3,Mortgage,Undergraduate,Yes,0,Urban,0.422,1
L04221,Male,50,Middle-aged,Caucasian,37700.0,0.0,677,140700.0,360,5.0,Mortgage,Graduate,No,0,Urban,0.269,1
L04222,Female,40,Middle-aged,African American,41000.0,29700.0,621,212000.0,360,12.8,Rent,Graduate,No,2,Urban,0.216,1
L04223,Female,19,Young,African American,31100.0,0.0,664,137500.0,180,3.5,Own,Undergraduate,No,0,Semiurban,0.448,0
L04224,Female,75,Senior,African American,20000.0,0.0,647,62000.0,120,16.9,Rent,Graduate,No,0,Urban,0.413,0
L04225,Female,61,Senior,African American,50000.0,0.0,570,216200.0,360,20.5,Mortgage,Graduate,No,3+,Semiurban,0.311,0
L04226,Female,49,Middle-aged,Caucasian,20000.0,43500.0,492,200000.0,120,30.2,Own,Graduate,No,2,Semiurban,0.42,0
L04227,Male,31,Middle-aged,Caucasian,22200.0,0.0,687,84400.0,120,15.8,Rent,Undergraduate,No,0,Semiurban,0.506,0
L04228,Female,39,Middle-aged,Asian,51500.0,12700.0,651,203300.0,360,9.5,Mortgage,Graduate,No,3+,Semiurban,0.228,1
L04229,Male,34,Middle-aged,Caucasian,60500.0,0.0,655,210500.0,180,5.3,Mortgage,Undergraduate,No,3+,Semiurban,0.352,1
L04230,Male,56,Senior,Caucasian,38000.0,0.0,726,121000.0,360,10.3,Mortgage,Graduate,No,0,Urban,0.229,1
L04231,Female,44,Middle-aged,Caucasian,44200.0,17700.0,525,171700.0,360,12.4,Rent,Graduate,No,0,Rural,0.2,0
L04232,Female,31,Middle-aged,Caucasian,20000.0,0.0,563,67500.0,360,13.3,Rent,Graduate,No,0,Urban,0.243,0
L04233,Male,35,Middle-aged,Caucasian,65000.0,0.0,613,197800.0,360,18.2,Rent,Undergraduate,Yes,3+,Semiurban,0.219,1
L04234,Female,54,Middle-aged,Asian,46000.0,0.0,685,165600.0,360,12.0,Mortgage,Graduate,No,2,Urban,0.259,1
L04235,Male,60,Senior,Hispanic,43300.0,0.0,606,159800.0,180,10.2,Mortgage,Graduate,No,0,Semiurban,0.374,1
L04236,Male,59,Senior,Hispanic,44500.0,0.0,575,233100.0,360,23.4,Rent,Undergraduate,No,0,Semiurban,0.377,0
L04237,Male,50,Middle-aged,Hispanic,53700.0,12200.0,568,315000.0,360,20.7,Mortgage,Undergraduate,No,1,Urban,0.344,0
L04238,Female,37,Middle-aged,Hispanic,36300.0,11300.0,676,144800.0,360,6.1,Rent,Graduate,No,0,Urban,0.219,1
L04239,Female,18,Young,Caucasian,20000.0,0.0,521,69600.0,360,5.2,Rent,Graduate,No,1,Urban,0.25,0
L04240,Male,44,Middle-aged,Caucasian,118000.0,0.0,650,484600.0,360,12.2,Own,Graduate,No,0,Semiurban,0.295,1
L04241,Female,40,Middle-aged,Asian,67400.0,16100.0,674,253400.0,360,6.1,Mortgage,Graduate,No,0,Semiurban,0.218,1
L04242,Male,42,Middle-aged,Caucasian,29300.0,0.0,567,121100.0,120,12.4,Rent,Undergraduate,No,0,Urban,0.551,0
L04243,Female,41,Middle-aged,Caucasian,36300.0,0.0,511,141500.0,120,4.0,Mortgage,Undergraduate,No,3+,Urban,0.519,0
L04244,Male,25,Young,Caucasian,44600.0,26500.0,501,219100.0,360,4.3,Mortgage,Graduate,No,3+,Semiurban,0.222,0
L04245,Male,47,Middle-aged,Caucasian,75500.0,32400.0,650,450100.0,120,7.6,Mortgage,Graduate,No,3+,Rural,0.556,1
L04246,Female,48,Middle-aged,Caucasian,20000.0,13700.0,640,132800.0,360,10.3,Mortgage,Graduate,No,3+,Semiurban,0.284,0
L04247,Male,49,Middle-aged,Caucasian,40200.0,14700.0,616,250900.0,360,5.3,Mortgage,Undergraduate,No,0,Semiurban,0.329,1
L04248,Male,52,Middle-aged,Caucasian,24200.0,9000.0,646,101600.0,360,5.6,Mortgage,Undergraduate,Yes,2,Semiurban,0.22,1
L04249,Female,48,Middle-aged,Hispanic,32800.0,0.0,524,164000.0,360,16.0,Mortgage,Graduate,Yes,0,Urban,0.36,1
L04250,Female,36,Middle-aged,Caucasian,34500.0,24500.0,511,200300.0,360,4.5,Mortgage,Graduate,No,2,Rural,0.244,0
L04251,Male,40,Middle-aged,Hispanic,45500.0,0.0,754,197100.0,360,5.3,Rent,Graduate,No,0,Urban,0.312,1
L04252,Male,42,Middle-aged,Caucasian,38500.0,0.0,690,193100.0,360,11.1,Rent,Undergraduate,No,0,Rural,0.361,1
L04253,Male,42,Middle-aged,Caucasian,36300.0,0.0,661,185900.0,360,6.3,Mortgage,Graduate,No,0,Rural,0.368,1
L04254,Male,52,Middle-aged,Caucasian,62800.0,15300.0,611,328900.0,120,14.0,Mortgage,Graduate,No,0,Semiurban,0.561,0
L04255,Male,48,Middle-aged,Caucasian,58800.0,0.0,627,222400.0,360,7.1,Own,Graduate,No,1,Urban,0.272,1
L04256,Female,65,Senior,African American,39700.0,50600.0,652,273500.0,360,14.2,Own,Graduate,No,1,Semiurban,0.218,1
L04257,Female,67,Senior,Asian,38800.0,27000.0,733,233200.0,360,11.1,Own,Undergraduate,Yes,2,Rural,0.255,1
L04258,Male,41,Middle-aged,Asian,39000.0,0.0,639,189700.0,360,17.2,Own,Undergraduate,No,0,Rural,0.35,1
L04259,Male,18,Young,Hispanic,42100.0,20200.0,615,236900.0,360,2.0,Rent,Graduate,No,1,Semiurban,0.274,0
L04260,Male,55,Middle-aged,Caucasian,59900.0,16000.0,643,261600.0,360,7.8,Rent,Graduate,No,2,Semiurban,0.248,1
L04261,Male,34,Middle-aged,Caucasian,20500.0,10400.0,637,102600.0,360,19.9,Own,Undergraduate,No,0,Semiurban,0.239,1
L04262,Female,31,Middle-aged,Caucasian,48800.0,0.0,626,151900.0,360,8.6,Own,Graduate,No,0,Rural,0.224,1
L04263,Male,36,Middle-aged,Caucasian,55500.0,11100.0,624,312000.0,180,10.1,Rent,Undergraduate,Yes,2,Rural,0.474,0
L04264,Male,35,Middle-aged,Caucasian,50300.0,16100.0,571,188300.0,120,4.3,Rent,Graduate,No,1,Urban,0.378,1
L04265,Female,48,Middle-aged,Caucasian,39300.0,0.0,619,169200.0,360,8.3,Mortgage,Undergraduate,No,0,Semiurban,0.31,0
L04266,Male,22,Young,Caucasian,20000.0,0.0,507,99200.0,360,2.5,Rent,Graduate,No,0,Rural,0.357,0
L04267,Female,28,Young,Caucasian,34900.0,0.0,590,137700.0,360,3.0,Mortgage,Graduate,No,0,Rural,0.284,1
L04268,Male,45,Middle-aged,Caucasian,100300.0,15500.0,676,521200.0,360,7.9,Rent,Graduate,No,0,Urban,0.324,1
L04269,Female,48,Middle-aged,African American,32000.0,0.0,476,153900.0,360,26.5,Rent,Graduate,No,0,Urban,0.346,0
L04270,Female,48,Middle-aged,African American,28200.0,0.0,603,88400.0,360,5.7,Mortgage,Graduate,No,0,Semiurban,0.226,0
L04271,Female,31,Middle-aged,African American,32100.0,13400.0,524,154100.0,180,3.3,Mortgage,Graduate,No,0,Semiurban,0.343,0
L04272,Female,29,Young,African American,36700.0,0.0,625,167200.0,360,3.0,Mortgage,Graduate,No,0,Semiurban,0.328,0
L04273,Male,34,Middle-aged,Caucasian,63800.0,26600.0,663,308100.0,360,10.2,Mortgage,Graduate,No,2,Urban,0.245,1
L04274,Male,43,Middle-aged,Caucasian,44700.0,0.0,597,188900.0,360,7.3,Own,Graduate,No,0,Semiurban,0.304,0
L04275,Female,58,Senior,Caucasian,49400.0,0.0,682,214300.0,120,8.4,Mortgage,Graduate,No,1,Rural,0.578,1
L04276,Female,18,Young,Asian,81500.0,0.0,650,272200.0,360,9.3,Mortgage,Graduate,No,0,Urban,0.24,1
L04277,Male,38,Middle-aged,African American,58700.0,28500.0,613,290200.0,180,4.8,Mortgage,Undergraduate,No,0,Urban,0.337,1
L04278,Male,25,Young,Caucasian,125000.0,17500.0,752,411600.0,360,3.5,Own,Graduate,No,0,Rural,0.208,1
L04279,Male,21,Young,Caucasian,37700.0,58000.0,541,229000.0,360,0.8,Rent,Graduate,No,0,Semiurban,0.172,1
L04280,Male,52,Middle-aged,Hispanic,86300.0,9200.0,758,378700.0,360,5.7,Mortgage,Graduate,No,3+,Rural,0.285,1
L04281,Male,47,Middle-aged,Caucasian,35700.0,0.0,608,153200.0,180,5.1,Rent,Graduate,No,0,Semiurban,0.435,0
L04282,Female,46,Middle-aged,Asian,48000.0,0.0,579,159800.0,360,6.3,Rent,Graduate,No,0,Semiurban,0.24,1
L04283,Male,52,Middle-aged,Caucasian,65700.0,0.0,632,308800.0,360,8.8,Mortgage,Graduate,No,0,Rural,0.338,1
L04284,Male,35,Middle-aged,Caucasian,40000.0,22700.0,541,200000.0,360,2.6,Mortgage,Graduate,No,0,Rural,0.229,1
L04285,Female,35,Middle-aged,Asian,43200.0,19700.0,657,272400.0,360,3.6,Rent,Graduate,No,1,Semiurban,0.312,0
L04286,Female,67,Senior,African American,45900.0,0.0,564,177700.0,360,8.3,Mortgage,Graduate,No,0,Rural,0.279,0
L04287,Female,38,Middle-aged,African American,24000.0,16700.0,682,109800.0,360,4.5,Rent,Graduate,No,0,Rural,0.194,1
L04288,Female,49,Middle-aged,Caucasian,81200.0,15500.0,605,421000.0,360,5.6,Mortgage,Undergraduate,No,0,Semiurban,0.313,0
L04289,Male,41,Middle-aged,Caucasian,28200.0,0.0,657,120600.0,360,4.5,Mortgage,Graduate,No,0,Rural,0.308,1
L04290,Female,18,Young,African American,69200.0,21900.0,606,313000.0,360,20.6,Rent,Graduate,No,2,Urban,0.247,0
L04291,Male,18,Young,Caucasian,73200.0,0.0,624,278200.0,360,4.5,Own,Graduate,Yes,0,Urban,0.273,0
L04292,Male,34,Middle-aged,Caucasian,47300.0,19700.0,576,193000.0,180,9.6,Mortgage,Undergraduate,No,0,Urban,0.292,1
L04293,Female,53,Middle-aged,Hispanic,31300.0,0.0,648,117900.0,120,13.8,Own,Graduate,Yes,0,Semiurban,0.502,1
L04294,Female,50,Middle-aged,Caucasian,34000.0,0.0,633,104200.0,360,10.3,Mortgage,Graduate,No,0,Semiurban,0.22,1
L04295,Male,51,Middle-aged,Caucasian,46400.0,0.0,549,191700.0,360,11.0,Mortgage,Undergraduate,No,3+,Semiurban,0.297,0
L04296,Male,29,Young,African American,38500.0,18100.0,539,241600.0,360,6.7,Mortgage,Graduate,No,0,Rural,0.307,0
L04297,Male,60,Senior,Hispanic,72900.0,11500.0,638,378500.0,360,11.5,Rent,Graduate,No,1,Urban,0.323,1
L04298,Male,29,Young,Caucasian,107700.0,0.0,607,330000.0,180,14.8,Own,Undergraduate,No,0,Semiurban,0.31,0
L04299,Male,43,Middle-aged,Caucasian,53100.0,9800.0,705,290600.0,360,4.8,Rent,Graduate,No,0,Semiurban,0.332,1
L04300,Female,40,Middle-aged,Asian,29700.0,19100.0,607,160300.0,360,4.9,Own,Graduate,No,0,Semiurban,0.236,1
L04301,Male,38,Middle-aged,Asian,39400.0,18000.0,564,168000.0,360,3.5,Mortgage,Graduate,No,1,Semiurban,0.211,1
L04302,Female,57,Senior,African American,29600.0,0.0,602,138900.0,180,14.9,Rent,Undergraduate,No,2,Semiurban,0.475,0
L04303,Female,32,Middle-aged,Caucasian,27600.0,0.0,562,102900.0,360,5.1,Own,Graduate,No,1,Semiurban,0.268,0
L04304,Female,24,Young,Caucasian,26000.0,20000.0,562,130900.0,360,12.8,Mortgage,Undergraduate,Yes,0,Rural,0.205,1
L04305,Female,41,Middle-aged,African American,73700.0,0.0,578,247900.0,360,6.1,Mortgage,Graduate,No,2,Rural,0.242,1
L04306,Male,36,Middle-aged,Hispanic,49800.0,0.0,568,203900.0,360,5.6,Mortgage,Graduate,No,0,Semiurban,0.295,0
L04307,Male,75,Senior,Hispanic,31600.0,0.0,706,101400.0,360,11.5,Mortgage,Graduate,No,3+,Urban,0.231,1
L04308,Female,49,Middle-aged,Caucasian,57800.0,0.0,653,275600.0,360,9.4,Own,Graduate,No,0,Rural,0.343,1
L04309,Female,36,Middle-aged,Caucasian,26000.0,0.0,588,105500.0,360,10.0,Mortgage,Graduate,No,0,Semiurban,0.292,0
L04310,Female,28,Young,Caucasian,26900.0,20900.0,586,152400.0,360,3.7,Mortgage,Undergraduate,No,0,Rural,0.229,0
L04311,Male,18,Young,Hispanic,32000.0,0.0,572,96100.0,360,5.0,Mortgage,Graduate,No,0,Urban,0.216,0
L04312,Female,28,Young,African American,61800.0,0.0,601,299100.0,360,2.6,Rent,Graduate,No,0,Rural,0.348,1
L04313,Male,42,Middle-aged,Caucasian,44300.0,0.0,652,182000.0,180,7.6,Mortgage,Undergraduate,No,0,Semiurban,0.416,0
L04314,Female,58,Senior,Caucasian,20000.0,17000.0,652,116000.0,180,10.0,Mortgage,Undergraduate,No,0,Semiurban,0.317,1
L04315,Female,54,Middle-aged,Caucasian,67600.0,19800.0,563,368400.0,360,16.4,Mortgage,Graduate,No,2,Urban,0.303,0
L04316,Male,43,Middle-aged,Caucasian,43400.0,14400.0,614,160500.0,360,15.1,Own,Graduate,No,0,Semiurban,0.2,1
L04317,Female,37,Middle-aged,Asian,20000.0,0.0,504,76500.0,360,6.2,Rent,Graduate,No,0,Urban,0.275,0
L04318,Male,44,Middle-aged,Asian,43200.0,0.0,661,185600.0,360,4.0,Mortgage,Undergraduate,No,2,Urban,0.309,1
L04319,Male,34,Middle-aged,Caucasian,60400.0,47200.0,668,345400.0,120,11.7,Own,Graduate,No,0,Semiurban,0.428,1
L04320,Male,61,Senior,Caucasian,57600.0,14800.0,623,223200.0,120,6.5,Mortgage,Graduate,No,2,Urban,0.411,1
L04321,Female,38,Middle-aged,Hispanic,75500.0,18300.0,633,313200.0,360,6.3,Mortgage,Graduate,No,1,Urban,0.24,0
L04322,Female,39,Middle-aged,Caucasian,29600.0,0.0,478,108800.0,180,3.2,Rent,Graduate,No,0,Semiurban,0.372,0
L04323,Female,18,Young,Caucasian,42500.0,0.0,642,222400.0,360,2.2,Rent,Undergraduate,No,0,Rural,0.376,0
L04324,Male,38,Middle-aged,Hispanic,33300.0,0.0,649,124300.0,360,8.1,Mortgage,Graduate,No,0,Urban,0.269,1
L04325,Female,51,Middle-aged,Asian,22500.0,15300.0,686,106100.0,360,7.3,Mortgage,Undergraduate,No,0,Rural,0.202,1
L04326,Female,28,Young,Asian,59400.0,0.0,701,288100.0,360,14.6,Mortgage,Graduate,No,2,Semiurban,0.349,1
L04327,Male,31,Middle-aged,Caucasian,59000.0,0.0,543,232900.0,120,7.1,Rent,Undergraduate,Yes,3+,Rural,0.526,0
L04328,Female,50,Middle-aged,Caucasian,46700.0,0.0,688,186700.0,360,10.0,Mortgage,Graduate,No,1,Urban,0.288,1
L04329,Male,23,Young,Caucasian,58100.0,0.0,692,246100.0,360,3.1,Own,Undergraduate,No,0,Urban,0.305,1
L04330,Female,53,Middle-aged,Caucasian,31700.0,0.0,538,137600.0,360,5.4,Own,Undergraduate,No,3+,Rural,0.312,0
L04331,Male,34,Middle-aged,Asian,32800.0,0.0,589,142000.0,180,9.1,Mortgage,Graduate,No,2,Semiurban,0.438,0
L04332,Male,36,Middle-aged,Caucasian,49800.0,15200.0,595,178200.0,360,9.0,Own,Graduate,No,1,Semiurban,0.197,1
L04333,Male,27,Young,African American,62400.0,0.0,664,302200.0,360,5.1,Rent,Undergraduate,No,0,Semiurban,0.348,1
L04334,Female,45,Middle-aged,Caucasian,79300.0,0.0,510,272700.0,360,6.7,Mortgage,Graduate,No,0,Rural,0.247,1
L04335,Male,70,Senior,Caucasian,67400.0,0.0,790,246500.0,180,11.7,Rent,Graduate,No,0,Urban,0.37,1
L04336,Male,50,Middle-aged,Hispanic,44600.0,0.0,626,151200.0,360,11.7,Mortgage,Undergraduate,No,0,Semiurban,0.244,1
L04337,Female,30,Middle-aged,Caucasian,46400.0,22300.0,660,275500.0,120,8.0,Mortgage,Graduate,Yes,0,Semiurban,0.534,0
L04338,Female,54,Middle-aged,Caucasian,41900.0,0.0,633,180700.0,360,10.8,Mortgage,Undergraduate,No,3+,Semiurban,0.31,1
L04339,Male,37,Middle-aged,Caucasian,32500.0,20900.0,634,205100.0,360,14.6,Mortgage,Graduate,No,1,Semiurban,0.276,1
L04340,Male,57,Senior,Caucasian,49500.0,0.0,508,221300.0,360,10.6,Own,Graduate,No,1,Rural,0.322,0
L04341,Male,50,Middle-aged,Caucasian,28700.0,17500.0,597,123000.0,360,4.9,Rent,Graduate,No,0,Urban,0.192,1
L04342,Male,18,Young,Caucasian,46600.0,0.0,638,171400.0,360,4.8,Mortgage,Graduate,No,0,Semiurban,0.265,1
L04343,Female,28,Young,African American,61300.0,0.0,631,253900.0,360,6.2,Own,Undergraduate,No,0,Semiurban,0.298,0
L04344,Female,52,Middle-aged,Asian,57900.0,19100.0,549,251000.0,360,5.5,Mortgage,Graduate,No,0,Semiurban,0.235,0
L04345,Female,42,Middle-aged,Caucasian,28800.0,0.0,612,99800.0,360,6.4,Mortgage,Graduate,Yes,0,Semiurban,0.249,1
L04346,Male,28,Young,Caucasian,47600.0,0.0,553,236000.0,360,6.8,Mortgage,Undergraduate,No,0,Semiurban,0.357,0
L04347,Female,33,Middle-aged,African American,22800.0,15400.0,536,145200.0,120,8.3,Own,Graduate,No,0,Semiurban,0.506,0
L04348,Female,18,Young,Caucasian,40600.0,0.0,491,153300.0,360,11.2,Mortgage,Graduate,No,0,Semiurban,0.272,0
L04349,Female,39,Middle-aged,African American,48300.0,0.0,657,228000.0,360,12.4,Rent,Graduate,No,0,Semiurban,0.34,1
L04350,Female,67,Senior,African American,41400.0,0.0,723,182700.0,360,8.0,Rent,Graduate,No,0,Urban,0.318,1
L04351,Female,50,Middle-aged,Caucasian,112500.0,26900.0,815,381600.0,360,9.5,Mortgage,Undergraduate,No,2,Rural,0.197,1
L04352,Female,67,Senior,Asian,67100.0,61500.0,588,385200.0,360,11.9,Mortgage,Graduate,No,1,Rural,0.216,1
L04353,Male,51,Middle-aged,Hispanic,47900.0,0.0,683,175000.0,360,6.8,Own,Graduate,No,1,Semiurban,0.263,1
L04354,Female,53,Middle-aged,Asian,54600.0,0.0,696,190600.0,360,6.3,Own,Graduate,No,0,Semiurban,0.251,1
L04355,Male,64,Senior,Caucasian,45200.0,0.0,620,161200.0,360,8.0,Mortgage,Undergraduate,No,1,Urban,0.257,1
L04356,Female,45,Middle-aged,Caucasian,26500.0,0.0,556,135700.0,360,5.0,Rent,Graduate,No,1,Rural,0.368,0
L04357,Male,38,Middle-aged,Hispanic,74400.0,14200.0,574,335600.0,180,11.2,Own,Graduate,No,3+,Urban,0.384,1
L04358,Female,53,Middle-aged,Caucasian,62400.0,0.0,620,306200.0,120,6.1,Mortgage,Graduate,No,0,Semiurban,0.654,0
L04359,Female,58,Senior,Asian,37800.0,0.0,652,131600.0,180,7.5,Rent,Graduate,No,2,Rural,0.353,1
L04360,Male,35,Middle-aged,Caucasian,54700.0,26800.0,700,234100.0,180,3.8,Rent,Undergraduate,No,3+,Semiurban,0.291,1
L04361,Male,32,Middle-aged,Caucasian,80500.0,22500.0,701,462500.0,360,8.3,Mortgage,Graduate,Yes,0,Semiurban,0.323,1
L04362,Female,42,Middle-aged,Asian,58500.0,30800.0,535,308300.0,360,4.5,Mortgage,Graduate,No,0,Rural,0.248,1
L04363,Female,50,Middle-aged,Asian,23200.0,31200.0,569,199800.0,360,4.9,Rent,Graduate,No,0,Rural,0.264,1
L04364,Male,50,Middle-aged,Asian,54000.0,24400.0,719,210500.0,180,7.1,Mortgage,Graduate,No,2,Urban,0.272,1
L04365,Male,23,Young,Hispanic,41300.0,0.0,546,209100.0,180,2.6,Mortgage,Graduate,No,0,Urban,0.513,0
L04366,Female,63,Senior,Caucasian,65000.0,0.0,666,255800.0,360,9.3,Mortgage,Graduate,No,1,Semiurban,0.283,1
L04367,Male,33,Middle-aged,Caucasian,74000.0,0.0,529,247900.0,360,9.3,Mortgage,Graduate,No,2,Urban,0.241,0
L04368,Male,37,Middle-aged,Hispanic,74800.0,0.0,707,339400.0,360,2.9,Mortgage,Undergraduate,No,0,Semiurban,0.326,1
L04369,Male,30,Middle-aged,Caucasian,31300.0,21600.0,478,205200.0,180,2.0,Rent,Undergraduate,Yes,0,Semiurban,0.393,0
L04370,Male,73,Senior,African American,28700.0,0.0,556,89200.0,120,9.7,Mortgage,Graduate,No,3+,Semiurban,0.414,0
L04371,Male,43,Middle-aged,Caucasian,76500.0,0.0,711,399400.0,120,14.8,Mortgage,Graduate,Yes,2,Semiurban,0.696,0
L04372,Male,30,Middle-aged,Caucasian,38700.0,0.0,714,176800.0,180,2.7,Mortgage,Undergraduate,No,1,Urban,0.463,1
L04373,Male,51,Middle-aged,Caucasian,26700.0,0.0,603,99400.0,360,34.1,Mortgage,Graduate,No,0,Urban,0.268,1
L04374,Male,50,Middle-aged,Caucasian,60700.0,17700.0,643,234300.0,360,13.0,Rent,Graduate,No,2,Semiurban,0.215,1
L04375,Male,38,Middle-aged,Hispanic,35400.0,15000.0,662,168500.0,120,6.0,Rent,Graduate,No,3+,Semiurban,0.445,0
L04376,Male,51,Middle-aged,African American,80200.0,0.0,681,280400.0,360,11.8,Rent,Graduate,No,1,Semiurban,0.252,1
L04377,Male,31,Middle-aged,African American,44100.0,0.0,582,181300.0,360,5.6,Own,Graduate,No,0,Semiurban,0.296,1
L04378,Female,35,Middle-aged,Caucasian,44400.0,21000.0,581,264600.0,360,6.7,Mortgage,Undergraduate,No,1,Semiurban,0.291,0
L04379,Male,18,Young,Caucasian,42300.0,11600.0,489,217500.0,180,4.3,Rent,Graduate,No,0,Rural,0.409,0
L04380,Male,25,Young,Caucasian,92600.0,0.0,648,368600.0,360,6.3,Mortgage,Graduate,Yes,0,Urban,0.286,1
L04381,Male,62,Senior,Caucasian,56600.0,16400.0,655,213500.0,360,6.9,Rent,Graduate,No,2,Urban,0.21,1
L04382,Male,60,Senior,Caucasian,41600.0,38300.0,620,319700.0,360,11.1,Rent,Graduate,No,0,Urban,0.288,1
L04383,Female,41,Middle-aged,Caucasian,30300.0,23100.0,548,153800.0,360,9.8,Mortgage,Graduate,No,0,Rural,0.207,1
L04384,Female,60,Senior,Caucasian,40500.0,34400.0,591,213300.0,180,8.2,Rent,Graduate,No,0,Semiurban,0.288,0
L04385,Female,39,Middle-aged,Caucasian,28200.0,45900.0,641,234600.0,360,22.4,Own,Graduate,No,0,Semiurban,0.228,1
L04386,Female,38,Middle-aged,Caucasian,62900.0,0.0,683,297700.0,360,3.8,Rent,Undergraduate,Yes,0,Urban,0.341,0
L04387,Female,41,Middle-aged,Caucasian,20200.0,20200.0,581,161500.0,120,15.5,Rent,Undergraduate,No,0,Urban,0.533,0
L04388,Male,39,Middle-aged,Caucasian,46400.0,24400.0,592,307800.0,360,8.8,Mortgage,Undergraduate,No,0,Semiurban,0.313,1
L04389,Male,38,Middle-aged,Caucasian,62600.0,18900.0,578,367500.0,360,8.5,Rent,Graduate,No,0,Semiurban,0.324,0
L04390,Male,54,Middle-aged,Hispanic,50600.0,14700.0,700,232600.0,360,15.8,Rent,Graduate,No,0,Semiurban,0.256,1
L04391,Male,42,Middle-aged,Caucasian,36800.0,0.0,617,124200.0,360,12.5,Mortgage,Graduate,No,0,Rural,0.243,1
L04392,Male,49,Middle-aged,Hispanic,57500.0,0.0,664,248100.0,360,6.8,Rent,Graduate,No,0,Rural,0.31,1
L04393,Female,53,Middle-aged,Caucasian,29200.0,0.0,647,88700.0,180,11.4,Own,Graduate,No,2,Urban,0.308,1
L04394,Male,45,Middle-aged,Hispanic,43700.0,13700.0,606,175500.0,360,4.3,Rent,Undergraduate,Yes,0,Urban,0.22,0
L04395,Female,29,Young,Caucasian,54100.0,0.0,539,162600.0,360,4.8,Mortgage,Undergraduate,No,1,Rural,0.216,0
L04396,Female,24,Young,Asian,50100.0,0.0,539,170700.0,360,14.8,Mortgage,Graduate,Yes,1,Semiurban,0.245,0
L04397,Male,42,Middle-aged,Caucasian,37400.0,0.0,683,152200.0,360,5.2,Mortgage,Undergraduate,No,0,Rural,0.293,1
L04398,Male,38,Middle-aged,African American,63300.0,33600.0,587,315500.0,360,3.3,Mortgage,Graduate,No,0,Rural,0.234,0
L04399,Male,42,Middle-aged,Caucasian,50800.0,24400.0,602,244500.0,360,8.0,Mortgage,Graduate,No,2,Urban,0.234,1
L04400,Male,40,Middle-aged,Caucasian,66000.0,55500.0,567,465500.0,360,5.5,Own,Graduate,No,0,Semiurban,0.276,1
L04401,Male,72,Senior,Asian,90400.0,35800.0,630,494800.0,360,10.5,Rent,Graduate,No,0,Urban,0.282,1
L04402,Male,25,Young,Caucasian,76700.0,0.0,575,391700.0,120,5.4,Mortgage,Graduate,No,2,Semiurban,0.68,0
L04403,Male,18,Young,Hispanic,69100.0,15300.0,706,309200.0,360,4.9,Mortgage,Graduate,No,0,Rural,0.264,1
L04404,Male,44,Middle-aged,Caucasian,52900.0,0.0,670,191100.0,180,6.8,Rent,Graduate,No,2,Semiurban,0.366,1
L04405,Female,36,Middle-aged,Caucasian,57200.0,0.0,591,187400.0,180,6.2,Rent,Graduate,No,0,Urban,0.332,0
L04406,Female,44,Middle-aged,African American,34700.0,33500.0,681,237200.0,360,28.9,Rent,Graduate,No,1,Urban,0.25,1
L04407,Female,48,Middle-aged,Caucasian,25700.0,18900.0,606,175100.0,360,20.3,Own,Graduate,No,2,Urban,0.282,1
L04408,Male,56,Senior,Caucasian,55300.0,40500.0,732,262500.0,360,11.8,Rent,Graduate,No,0,Semiurban,0.197,1
L04409,Male,22,Young,Asian,54300.0,0.0,732,270300.0,360,1.5,Mortgage,Graduate,No,0,Semiurban,0.358,1
L04410,Female,34,Middle-aged,Asian,52600.0,0.0,677,220100.0,120,4.6,Rent,Graduate,No,1,Semiurban,0.557,1
L04411,Male,46,Middle-aged,Hispanic,41900.0,0.0,631,139300.0,360,14.9,Rent,Graduate,No,2,Semiurban,0.239,0
L04412,Male,50,Middle-aged,Caucasian,36100.0,0.0,668,160500.0,360,7.6,Rent,Graduate,No,0,Semiurban,0.32,1
L04413,Female,67,Senior,Caucasian,54200.0,0.0,667,226000.0,360,22.9,Rent,Graduate,No,0,Urban,0.3,1
L04414,Female,52,Middle-aged,Caucasian,24600.0,0.0,510,75400.0,360,8.5,Mortgage,Undergraduate,Yes,0,Urban,0.221,0
L04415,Male,40,Middle-aged,Caucasian,87900.0,0.0,614,342700.0,120,13.2,Rent,Graduate,No,1,Rural,0.519,0
L04416,Male,30,Middle-aged,Asian,44700.0,17300.0,546,257000.0,360,2.0,Mortgage,Graduate,No,2,Urban,0.298,1
L04417,Male,34,Middle-aged,Caucasian,54100.0,13000.0,576,259400.0,180,5.2,Own,Graduate,No,1,Urban,0.391,1
L04418,Male,33,Middle-aged,Caucasian,61300.0,14800.0,729,251500.0,120,8.3,Mortgage,Graduate,No,2,Urban,0.44,1
L04419,Male,48,Middle-aged,Caucasian,62100.0,15200.0,712,357300.0,360,14.5,Mortgage,Undergraduate,No,2,Semiurban,0.333,1
L04420,Male,44,Middle-aged,African American,22300.0,0.0,633,78800.0,360,8.6,Rent,Graduate,No,0,Rural,0.254,0
L04421,Male,25,Young,Hispanic,61300.0,14500.0,658,246400.0,360,2.0,Mortgage,Graduate,No,0,Semiurban,0.234,1
L04422,Female,35,Middle-aged,African American,36000.0,0.0,490,136700.0,360,13.4,Mortgage,Graduate,No,0,Semiurban,0.273,0
L04423,Female,51,Middle-aged,Caucasian,32300.0,0.0,669,161900.0,360,9.2,Rent,Graduate,No,1,Rural,0.361,0
L04424,Female,45,Middle-aged,Asian,30900.0,0.0,671,128000.0,120,4.6,Mortgage,Undergraduate,No,0,Rural,0.552,0
L04425,Male,47,Middle-aged,African American,34300.0,0.0,486,155500.0,360,7.5,Mortgage,Graduate,No,1,Urban,0.326,0
L04426,Male,45,Middle-aged,Caucasian,29200.0,16500.0,659,197500.0,180,10.1,Own,Graduate,Yes,0,Semiurban,0.438,1
L04427,Male,60,Senior,Caucasian,97600.0,0.0,605,464800.0,360,9.3,Mortgage,Graduate,Yes,2,Rural,0.343,0
L04428,Male,43,Middle-aged,Caucasian,88800.0,33800.0,540,362000.0,360,14.0,Own,Graduate,No,3+,Rural,0.212,1
L04429,Male,36,Middle-aged,Caucasian,58700.0,54100.0,703,418000.0,360,5.5,Mortgage,Graduate,No,0,Semiurban,0.267,1
L04430,Female,30,Middle-aged,Asian,38100.0,0.0,538,178500.0,120,6.2,Mortgage,Graduate,No,0,Urban,0.624,0
L04431,Female,43,Middle-aged,Caucasian,38500.0,0.0,575,135700.0,180,4.9,Mortgage,Graduate,No,2,Urban,0.357,1
L04432,Male,18,Young,Caucasian,66400.0,11300.0,662,270300.0,360,3.6,Own,Graduate,No,0,Semiurban,0.25,1
L04433,Male,38,Middle-aged,Hispanic,89100.0,0.0,632,409700.0,360,4.3,Rent,Graduate,No,0,Urban,0.331,0
L04434,Female,38,Middle-aged,Asian,33200.0,0.0,595,117400.0,120,4.3,Rent,Undergraduate,No,1,Urban,0.471,0
L04435,Male,24,Young,African American,25100.0,41400.0,566,163600.0,360,2.5,Mortgage,Graduate,Yes,1,Semiurban,0.177,0
L04436,Male,29,Young,Caucasian,91000.0,17300.0,660,459300.0,360,1.9,Own,Graduate,Yes,1,Semiurban,0.305,1
L04437,Male,50,Middle-aged,Caucasian,24000.0,26200.0,603,189200.0,180,5.7,Rent,Graduate,No,3+,Urban,0.382,0
L04438,Female,43,Middle-aged,Caucasian,27800.0,0.0,616,88100.0,180,6.5,Mortgage,Graduate,No,3+,Urban,0.321,1
L04439,Female,42,Middle-aged,Caucasian,37700.0,0.0,585,150900.0,360,4.3,Mortgage,Undergraduate,No,2,Urban,0.288,1
L04440,Male,44,Middle-aged,Caucasian,26300.0,0.0,631,114800.0,360,4.6,Mortgage,Graduate,No,0,Urban,0.314,1
L04441,Female,42,Middle-aged,Caucasian,65000.0,0.0,656,293900.0,360,20.8,Own,Graduate,No,0,Rural,0.325,1
L04442,Female,55,Middle-aged,Caucasian,58700.0,0.0,766,307700.0,180,8.3,Rent,Undergraduate,No,2,Rural,0.531,0
L04443,Male,42,Middle-aged,Caucasian,39000.0,0.0,594,176900.0,360,6.2,Rent,Graduate,No,1,Semiurban,0.326,0
L04444,Male,23,Young,Caucasian,81800.0,9600.0,611,382000.0,180,2.3,Mortgage,Undergraduate,No,0,Semiurban,0.423,1
L04445,Male,60,Senior,African American,70000.0,28600.0,683,445600.0,120,9.9,Mortgage,Graduate,Yes,0,Semiurban,0.602,1
L04446,Female,45,Middle-aged,African American,30500.0,8100.0,672,109200.0,180,8.6,Mortgage,Graduate,No,2,Rural,0.286,1
L04447,Male,33,Middle-aged,Caucasian,40900.0,25800.0,539,173100.0,360,5.0,Rent,Graduate,No,0,Urban,0.187,0
L04448,Female,25,Young,Caucasian,102900.0,0.0,649,438500.0,360,3.6,Mortgage,Undergraduate,No,3+,Urban,0.307,0
L04449,Male,45,Middle-aged,Caucasian,65400.0,0.0,492,249000.0,180,10.1,Own,Graduate,No,1,Urban,0.386,0
L04450,Female,39,Middle-aged,Caucasian,46200.0,25000.0,602,191600.0,360,18.1,Mortgage,Graduate,No,2,Urban,0.194,1
L04451,Male,59,Senior,Caucasian,84600.0,24200.0,743,359800.0,360,16.7,Mortgage,Graduate,No,0,Urban,0.238,1
L04452,Female,36,Middle-aged,Hispanic,41500.0,0.0,566,187500.0,360,3.3,Rent,Graduate,No,1,Rural,0.325,0
L04453,Female,30,Middle-aged,Hispanic,30000.0,0.0,602,149400.0,360,7.1,Rent,Graduate,No,1,Urban,0.358,0
L04454,Female,51,Middle-aged,African American,32900.0,15300.0,594,131900.0,360,5.0,Mortgage,Graduate,No,0,Semiurban,0.197,1
L04455,Female,52,Middle-aged,Hispanic,55700.0,0.0,593,234800.0,360,10.1,Own,Graduate,No,0,Rural,0.303,0
L04456,Male,43,Middle-aged,African American,20000.0,0.0,661,73300.0,360,6.9,Mortgage,Graduate,No,1,Semiurban,0.264,1
L04457,Female,49,Middle-aged,Caucasian,37100.0,0.0,563,167000.0,360,8.0,Rent,Graduate,No,0,Urban,0.324,0
L04458,Male,40,Middle-aged,Hispanic,76700.0,29000.0,661,390400.0,360,7.7,Mortgage,Graduate,No,2,Urban,0.266,1
L04459,Male,43,Middle-aged,Caucasian,39900.0,0.0,637,202900.0,360,10.5,Mortgage,Graduate,No,2,Rural,0.366,0
L04460,Male,54,Middle-aged,African American,72800.0,26800.0,611,268700.0,180,11.9,Mortgage,Graduate,Yes,0,Semiurban,0.273,1
L04461,Male,48,Middle-aged,Caucasian,86300.0,0.0,673,350200.0,360,4.7,Mortgage,Graduate,No,2,Semiurban,0.292,1
L04462,Male,38,Middle-aged,Caucasian,47800.0,0.0,562,164100.0,360,9.7,Rent,Graduate,No,1,Semiurban,0.247,1
L04463,Female,57,Senior,African American,25400.0,19800.0,660,151300.0,120,14.7,Mortgage,Graduate,Yes,0,Urban,0.446,0
L04464,Male,18,Young,Caucasian,43700.0,0.0,506,215000.0,360,0.4,Mortgage,Undergraduate,No,0,Semiurban,0.354,0
L04465,Female,65,Senior,Caucasian,121000.0,0.0,696,611100.0,360,9.0,Rent,Graduate,No,0,Urban,0.363,1
L04466,Male,20,Young,Caucasian,103800.0,0.0,620,404400.0,360,8.2,Rent,Graduate,No,0,Rural,0.28,1
L04467,Male,33,Middle-aged,Caucasian,51500.0,30800.0,680,327800.0,360,5.6,Mortgage,Undergraduate,No,0,Semiurban,0.287,1
L04468,Male,40,Middle-aged,Hispanic,34600.0,0.0,619,125600.0,360,9.2,Mortgage,Graduate,No,0,Rural,0.261,1
L04469,Female,39,Middle-aged,Asian,43700.0,0.0,673,131700.0,180,6.6,Rent,Graduate,Yes,0,Semiurban,0.305,1
L04470,Female,53,Middle-aged,Caucasian,45900.0,21000.0,672,281200.0,360,24.4,Mortgage,Undergraduate,No,1,Semiurban,0.302,1
L04471,Female,28,Young,Caucasian,25300.0,0.0,618,82700.0,360,15.3,Rent,Graduate,No,1,Semiurban,0.235,0
L04472,Female,44,Middle-aged,Asian,43000.0,0.0,603,130700.0,180,5.6,Mortgage,Undergraduate,No,3+,Rural,0.308,0
L04473,Male,34,Middle-aged,Caucasian,83200.0,28700.0,701,373900.0,360,4.8,Own,Graduate,Yes,0,Urban,0.24,1
L04474,Male,44,Middle-aged,Caucasian,23900.0,0.0,586,92100.0,360,6.7,Mortgage,Undergraduate,No,0,Semiurban,0.277,1
L04475,Female,40,Middle-aged,Caucasian,58000.0,0.0,525,184100.0,360,3.9,Mortgage,Graduate,Yes,0,Semiurban,0.228,1
L04476,Male,42,Middle-aged,Hispanic,76500.0,20700.0,634,423000.0,360,6.2,Mortgage,Undergraduate,No,0,Semiurban,0.313,1
L04477,Male,34,Middle-aged,Caucasian,39200.0,24500.0,632,204500.0,360,9.9,Rent,Graduate,No,1,Semiurban,0.231,1
L04478,Male,34,Middle-aged,Caucasian,96500.0,0.0,554,395900.0,360,11.8,Mortgage,Graduate,No,0,Urban,0.295,0
L04479,Female,44,Middle-aged,Caucasian,31600.0,0.0,561,113600.0,360,14.8,Mortgage,Undergraduate,Yes,0,Urban,0.259,0
L04480,Female,52,Middle-aged,Caucasian,49700.0,29400.0,566,271400.0,360,5.2,Rent,Graduate,Yes,1,Rural,0.247,0
L04481,Male,33,Middle-aged,Caucasian,43400.0,0.0,654,205100.0,360,10.0,Mortgage,Graduate,Yes,0,Rural,0.34,1
L04482,Male,30,Middle-aged,Caucasian,43400.0,0.0,703,218700.0,360,5.3,Rent,Graduate,No,0,Semiurban,0.363,1
L04483,Female,48,Middle-aged,Caucasian,32600.0,0.0,608,169000.0,360,5.7,Rent,Graduate,Yes,2,Rural,0.373,0
L04484,Female,40,Middle-aged,Caucasian,55100.0,18100.0,658,256400.0,360,6.8,Mortgage,Graduate,No,2,Semiurban,0.252,1
L04485,Male,50,Middle-aged,Caucasian,68800.0,0.0,683,359700.0,120,14.1,Own,Undergraduate,No,0,Rural,0.697,1
L04486,Female,30,Middle-aged,Asian,40600.0,11900.0,693,172000.0,360,4.6,Rent,Graduate,No,2,Semiurban,0.236,1
L04487,Male,19,Young,Hispanic,25600.0,25300.0,532,117900.0,360,23.4,Mortgage,Graduate,Yes,0,Urban,0.167,1
L04488,Male,34,Middle-aged,Caucasian,57600.0,0.0,606,272300.0,180,7.2,Rent,Graduate,No,0,Rural,0.479,0
L04489,Female,31,Middle-aged,Caucasian,49300.0,0.0,588,167700.0,360,5.3,Rent,Graduate,No,0,Rural,0.245,1
L04490,Female,40,Middle-aged,Caucasian,38200.0,39900.0,618,185500.0,360,5.0,Mortgage,Undergraduate,No,1,Semiurban,0.171,1
L04491,Male,33,Middle-aged,African American,82800.0,0.0,788,420500.0,360,2.3,Mortgage,Graduate,No,0,Rural,0.365,1
L04492,Female,49,Middle-aged,African American,20000.0,0.0,614,95600.0,360,9.4,Rent,Graduate,No,1,Urban,0.344,0
L04493,Female,37,Middle-aged,Caucasian,20000.0,25600.0,543,108700.0,180,7.2,Rent,Graduate,No,3+,Rural,0.241,0
L04494,Female,42,Middle-aged,African American,23800.0,0.0,535,113000.0,120,7.2,Rent,Graduate,No,2,Semiurban,0.633,0
L04495,Female,42,Middle-aged,African American,42300.0,0.0,694,207200.0,360,7.5,Mortgage,Graduate,No,2,Semiurban,0.352,1
L04496,Female,43,Middle-aged,Hispanic,24100.0,0.0,555,121400.0,180,13.0,Rent,Graduate,No,0,Rural,0.51,0
L04497,Male,40,Middle-aged,Caucasian,33100.0,0.0,649,139800.0,360,5.2,Rent,Graduate,No,0,Urban,0.304,0
L04498,Male,47,Middle-aged,Caucasian,71700.0,0.0,610,328600.0,360,8.3,Rent,Graduate,No,0,Urban,0.33,0
L04499,Male,31,Middle-aged,Caucasian,59000.0,25800.0,540,343100.0,180,7.6,Own,Graduate,No,0,Semiurban,0.41,0
L04500,Male,57,Senior,Hispanic,51300.0,21600.0,685,285800.0,120,7.0,Mortgage,Graduate,No,0,Rural,0.522,1
L04501,Female,38,Middle-aged,Asian,57000.0,0.0,587,254000.0,360,15.9,Mortgage,Graduate,No,1,Urban,0.321,1
L04502,Male,25,Young,Caucasian,41400.0,0.0,619,175200.0,360,7.7,Rent,Graduate,No,0,Semiurban,0.304,1
L04503,Male,43,Middle-aged,Caucasian,42100.0,0.0,651,171700.0,120,4.0,Mortgage,Undergraduate,No,1,Rural,0.543,1
L04504,Male,30,Middle-aged,Caucasian,67800.0,0.0,655,355400.0,120,11.8,Own,Graduate,No,0,Semiurban,0.698,0
L04505,Male,48,Middle-aged,Caucasian,28600.0,0.0,601,107500.0,360,17.8,Mortgage,Graduate,No,0,Semiurban,0.27,1
L04506,Male,67,Senior,Caucasian,20800.0,0.0,681,66500.0,360,15.2,Mortgage,Undergraduate,No,0,Rural,0.23,1
L04507,Female,31,Middle-aged,Caucasian,35000.0,31900.0,542,245600.0,360,4.7,Rent,Graduate,No,0,Semiurban,0.264,1
L04508,Male,44,Middle-aged,Caucasian,71100.0,0.0,498,247500.0,360,29.8,Mortgage,Undergraduate,No,3+,Rural,0.25,0
L04509,Female,19,Young,African American,35300.0,0.0,622,148200.0,360,0.8,Mortgage,Undergraduate,No,0,Semiurban,0.302,0
L04510,Female,46,Middle-aged,Caucasian,58700.0,0.0,648,188800.0,360,8.0,Rent,Graduate,No,1,Semiurban,0.231,1
L04511,Male,30,Middle-aged,Caucasian,21900.0,0.0,548,96200.0,120,2.7,Rent,Undergraduate,No,2,Semiurban,0.585,0
L04512,Male,33,Middle-aged,Caucasian,55600.0,20100.0,528,339800.0,360,5.1,Rent,Graduate,No,0,Urban,0.323,0
L04513,Male,27,Young,Asian,63700.0,0.0,492,294700.0,360,14.5,Mortgage,Graduate,No,3+,Urban,0.333,0
L04514,Female,49,Middle-aged,Caucasian,24300.0,17600.0,619,117300.0,180,12.6,Rent,Graduate,No,0,Semiurban,0.283,1
L04515,Female,53,Middle-aged,Hispanic,51900.0,0.0,742,269100.0,120,12.9,Mortgage,Graduate,No,3+,Semiurban,0.691,0
L04516,Male,41,Middle-aged,Caucasian,46900.0,38300.0,613,248500.0,120,5.6,Rent,Graduate,No,0,Semiurban,0.389,0
L04517,Male,30,Middle-aged,Hispanic,150700.0,16900.0,666,636000.0,360,15.4,Rent,Undergraduate,Yes,1,Semiurban,0.273,1
L04518,Female,60,Senior,Hispanic,20000.0,0.0,627,82400.0,360,8.6,Rent,Graduate,No,2,Rural,0.296,0
L04519,Male,31,Middle-aged,Caucasian,84800.0,0.0,768,443400.0,120,2.2,Own,Graduate,No,0,Semiurban,0.697,1
L04520,Male,18,Young,Hispanic,37700.0,34400.0,625,176800.0,360,5.1,Rent,Undergraduate,No,0,Semiurban,0.176,1
L04521,Female,46,Middle-aged,Caucasian,21800.0,0.0,553,99600.0,360,6.5,Rent,Graduate,No,0,Rural,0.329,0
L04522,Female,27,Young,Caucasian,33700.0,38300.0,592,206500.0,360,2.2,Mortgage,Graduate,No,0,Semiurban,0.206,1
L04523,Female,52,Middle-aged,Caucasian,46600.0,0.0,658,148000.0,360,18.7,Mortgage,Undergraduate,No,0,Rural,0.228,1
L04524,Female,36,Middle-aged,Caucasian,63100.0,0.0,564,322100.0,360,7.8,Rent,Graduate,No,2,Rural,0.367,1
L04525,Female,48,Middle-aged,African American,63400.0,0.0,691,274300.0,360,18.6,Mortgage,Undergraduate,No,0,Semiurban,0.311,1
L04526,Male,57,Senior,Asian,86600.0,29200.0,628,479700.0,360,10.2,Mortgage,Graduate,No,0,Urban,0.298,1
L04527,Female,26,Young,Caucasian,28300.0,0.0,493,100200.0,360,1.5,Mortgage,Graduate,No,0,Semiurban,0.255,0
L04528,Female,34,Middle-aged,Caucasian,65500.0,0.0,630,308700.0,360,2.6,Mortgage,Graduate,No,0,Rural,0.339,0
L04529,Female,40,Middle-aged,Caucasian,48700.0,0.0,617,236900.0,360,14.8,Mortgage,Graduate,No,3+,Urban,0.35,1
L04530,Male,59,Senior,African American,30200.0,0.0,635,119900.0,180,6.3,Mortgage,Graduate,No,0,Rural,0.402,0
L04531,Male,33,Middle-aged,Caucasian,45000.0,0.0,562,192900.0,360,7.0,Mortgage,Undergraduate,No,0,Semiurban,0.308,0
L04532,Male,33,Middle-aged,Hispanic,33200.0,0.0,561,172200.0,120,4.0,Rent,Graduate,No,0,Rural,0.691,0
L04533,Male,46,Middle-aged,Caucasian,49800.0,11800.0,699,275100.0,180,10.0,Rent,Graduate,No,0,Semiurban,0.452,1
L04534,Male,34,Middle-aged,Caucasian,36600.0,22300.0,629,194000.0,180,4.1,Rent,Graduate,Yes,0,Semiurban,0.334,1
L04535,Female,42,Middle-aged,Hispanic,24400.0,0.0,548,109700.0,360,3.8,Mortgage,Graduate,No,0,Semiurban,0.323,0
L04536,Female,22,Young,Caucasian,50500.0,0.0,479,240600.0,180,7.2,Rent,Graduate,No,0,Rural,0.482,0
L04537,Male,67,Senior,Caucasian,63000.0,0.0,619,192400.0,360,9.2,Mortgage,Graduate,No,2,Semiurban,0.22,1
L04538,Female,24,Young,Caucasian,38700.0,19900.0,599,213200.0,180,4.9,Rent,Graduate,No,0,Semiurban,0.368,1
L04539,Male,37,Middle-aged,Caucasian,84700.0,0.0,608,441700.0,360,10.3,Mortgage,Graduate,No,0,Semiurban,0.375,1
L04540,Male,40,Middle-aged,Hispanic,39800.0,0.0,572,204200.0,360,9.4,Mortgage,Undergraduate,No,0,Rural,0.369,1
L04541,Male,63,Senior,Caucasian,43400.0,0.0,616,211500.0,360,8.9,Mortgage,Undergraduate,No,0,Semiurban,0.351,1
L04542,Male,25,Young,Caucasian,63800.0,17200.0,607,236400.0,360,7.9,Rent,Graduate,No,0,Rural,0.21,0
L04543,Male,64,Senior,Caucasian,46500.0,23700.0,703,309700.0,180,19.9,Rent,Graduate,No,0,Rural,0.447,1
L04544,Male,50,Middle-aged,Caucasian,50700.0,0.0,638,221600.0,180,9.5,Mortgage,Graduate,No,0,Semiurban,0.443,1
L04545,Male,46,Middle-aged,Asian,20000.0,0.0,611,70000.0,360,10.3,Mortgage,Graduate,No,2,Urban,0.252,0
L04546,Female,29,Young,Hispanic,37000.0,0.0,582,167100.0,360,11.7,Mortgage,Graduate,No,0,Rural,0.325,0
L04547,Male,47,Middle-aged,Hispanic,21200.0,0.0,580,104500.0,360,13.6,Mortgage,Graduate,No,0,Urban,0.355,1
L04548,Female,32,Middle-aged,Caucasian,25600.0,0.0,645,83300.0,360,4.3,Rent,Graduate,No,1,Urban,0.234,1
L04549,Female,56,Senior,Caucasian,24400.0,32400.0,671,211000.0,360,29.7,Mortgage,Graduate,No,0,Urban,0.267,1
L04550,Female,29,Young,Caucasian,27500.0,0.0,711,139400.0,360,1.8,Rent,Graduate,No,1,Urban,0.365,1
L04551,Female,39,Middle-aged,African American,25600.0,17500.0,638,105900.0,360,24.8,Rent,Graduate,No,0,Rural,0.177,1
L04552,Male,34,Middle-aged,Caucasian,40400.0,0.0,576,203000.0,360,3.8,Own,Graduate,No,0,Urban,0.362,0
L04553,Male,29,Young,Caucasian,63900.0,20200.0,563,383100.0,180,4.6,Rent,Graduate,No,2,Urban,0.461,0
L04554,Female,49,Middle-aged,Hispanic,40200.0,0.0,685,124000.0,360,15.4,Mortgage,Graduate,No,0,Semiurban,0.222,1
L04555,Male,47,Middle-aged,Caucasian,22900.0,0.0,562,83900.0,180,5.8,Rent,Graduate,No,3+,Semiurban,0.371,0
L04556,Female,55,Middle-aged,Caucasian,43100.0,19500.0,688,205400.0,360,6.8,Own,Undergraduate,No,1,Semiurban,0.236,1
L04557,Female,19,Young,Caucasian,47300.0,0.0,543,179000.0,360,5.3,Mortgage,Graduate,No,1,Semiurban,0.272,1
L04558,Female,53,Middle-aged,Caucasian,36500.0,0.0,652,171800.0,360,11.4,Rent,Graduate,No,0,Semiurban,0.339,1
L04559,Female,71,Senior,Caucasian,40700.0,39400.0,598,234900.0,360,8.0,Mortgage,Undergraduate,No,2,Urban,0.211,1
L04560,Female,35,Middle-aged,Caucasian,45000.0,0.0,658,231900.0,120,5.5,Rent,Graduate,No,0,Semiurban,0.687,0
L04561,Female,63,Senior,Caucasian,56600.0,0.0,588,296500.0,120,10.1,Mortgage,Graduate,No,3+,Rural,0.698,0
L04562,Male,37,Middle-aged,Caucasian,26100.0,19400.0,615,135300.0,180,4.4,Own,Graduate,No,0,Rural,0.301,1
L04563,Female,24,Young,Asian,37800.0,11900.0,577,183000.0,180,4.8,Rent,Graduate,No,2,Urban,0.373,0
L04564,Male,37,Middle-aged,Caucasian,89600.0,10000.0,656,403900.0,180,3.7,Mortgage,Graduate,No,1,Semiurban,0.411,1
L04565,Male,53,Middle-aged,African American,69100.0,0.0,634,297400.0,360,7.2,Mortgage,Graduate,No,2,Semiurban,0.31,1
L04566,Female,30,Middle-aged,Caucasian,58600.0,26400.0,589,279200.0,360,8.0,Own,Graduate,No,0,Rural,0.236,1
L04567,Male,33,Middle-aged,Caucasian,60800.0,15100.0,630,232300.0,360,12.6,Mortgage,Undergraduate,No,0,Urban,0.22,1
L04568,Male,48,Middle-aged,Hispanic,85500.0,30800.0,603,318300.0,360,9.0,Mortgage,Graduate,No,2,Urban,0.197,1
L04569,Male,41,Middle-aged,Caucasian,105600.0,11300.0,608,361600.0,360,3.8,Mortgage,Undergraduate,No,0,Rural,0.223,0
L04570,Female,48,Middle-aged,Caucasian,39600.0,0.0,605,199100.0,120,10.2,Rent,Graduate,No,1,Rural,0.67,0
L04571,Male,43,Middle-aged,Hispanic,29900.0,0.0,587,108600.0,360,15.1,Mortgage,Graduate,No,3+,Semiurban,0.261,1
L04572,Female,46,Middle-aged,Caucasian,37400.0,16800.0,561,147100.0,360,7.7,Rent,Graduate,No,0,Urban,0.195,0
L04573,Male,35,Middle-aged,Caucasian,169200.0,11300.0,766,750000.0,180,6.0,Rent,Undergraduate,No,0,Rural,0.421,1
L04574,Female,43,Middle-aged,Caucasian,22200.0,0.0,585,70400.0,360,27.5,Mortgage,Graduate,No,0,Semiurban,0.228,1
L04575,Female,29,Young,African American,26400.0,27400.0,574,129500.0,120,6.7,Rent,Undergraduate,No,0,Urban,0.321,0
L04576,Male,56,Senior,Hispanic,25100.0,30500.0,547,182000.0,120,13.9,Mortgage,Graduate,No,1,Rural,0.436,0
L04577,Male,33,Middle-aged,Caucasian,51500.0,26100.0,737,283300.0,360,7.4,Own,Undergraduate,No,0,Semiurban,0.263,1
L04578,Male,54,Middle-aged,Caucasian,30300.0,12800.0,773,114800.0,360,6.6,Mortgage,Graduate,No,0,Urban,0.192,1
L04579,Female,38,Middle-aged,Caucasian,39900.0,15200.0,565,193800.0,360,4.7,Rent,Graduate,No,3+,Rural,0.253,1
L04580,Female,43,Middle-aged,Caucasian,20000.0,24800.0,677,132300.0,360,9.2,Rent,Undergraduate,No,0,Semiurban,0.212,1
L04581,Female,35,Middle-aged,Caucasian,53300.0,9500.0,612,246900.0,360,5.6,Rent,Undergraduate,No,2,Semiurban,0.283,1
L04582,Male,28,Young,Caucasian,79900.0,0.0,725,372300.0,360,4.1,Mortgage,Undergraduate,No,0,Rural,0.335,1
L04583,Female,20,Young,Caucasian,35700.0,0.0,601,129800.0,360,0.4,Mortgage,Graduate,No,0,Semiurban,0.262,0
L04584,Female,28,Young,Caucasian,39500.0,0.0,602,157000.0,360,12.3,Rent,Undergraduate,No,0,Urban,0.286,0
L04585,Female,37,Middle-aged,Hispanic,34400.0,0.0,456,164600.0,360,13.6,Mortgage,Graduate,Yes,0,Rural,0.344,0
L04586,Female,43,Middle-aged,Caucasian,44800.0,0.0,570,227400.0,360,6.8,Rent,Undergraduate,No,1,Urban,0.365,0
L04587,Male,53,Middle-aged,Caucasian,48300.0,19500.0,642,293800.0,360,11.3,Mortgage,Graduate,No,0,Rural,0.312,1
L04588,Male,35,Middle-aged,Caucasian,66700.0,47000.0,640,373900.0,360,3.5,Mortgage,Undergraduate,No,1,Urban,0.237,1
L04589,Female,30,Middle-aged,Hispanic,60200.0,0.0,543,251200.0,360,5.3,Mortgage,Graduate,No,0,Semiurban,0.3,0
L04590,Female,23,Young,Asian,30100.0,20100.0,537,171100.0,180,3.6,Rent,Graduate,No,1,Semiurban,0.345,0
L04591,Female,46,Middle-aged,Asian,36800.0,0.0,654,182300.0,360,9.5,Mortgage,Graduate,No,0,Rural,0.356,1
L04592,Male,57,Senior,Caucasian,70300.0,0.0,581,343800.0,360,9.0,Mortgage,Graduate,No,1,Rural,0.352,1
L04593,Male,56,Senior,Asian,27800.0,10500.0,637,123600.0,360,9.2,Mortgage,Graduate,No,0,Urban,0.232,1
L04594,Male,49,Middle-aged,Caucasian,22300.0,0.0,688,75100.0,360,6.4,Mortgage,Graduate,No,0,Urban,0.242,1
L04595,Male,48,Middle-aged,Caucasian,53700.0,16300.0,661,240400.0,120,4.7,Own,Graduate,No,1,Semiurban,0.458,1
L04596,Female,61,Senior,Caucasian,50800.0,0.0,675,185400.0,360,18.9,Own,Undergraduate,No,2,Urban,0.263,1
L04597,Female,44,Middle-aged,Asian,31200.0,0.0,492,160300.0,360,4.0,Rent,Graduate,No,2,Semiurban,0.37,0
L04598,Male,48,Middle-aged,Asian,38900.0,16100.0,576,170900.0,360,6.2,Rent,Graduate,No,0,Rural,0.224,1
L04599,Male,37,Middle-aged,Hispanic,32600.0,0.0,727,111100.0,180,5.8,Rent,Graduate,No,2,Semiurban,0.345,1
L04600,Male,24,Young,Hispanic,31200.0,64200.0,548,328800.0,120,2.8,Own,Undergraduate,No,0,Semiurban,0.459,0
L04601,Male,32,Middle-aged,Caucasian,64700.0,0.0,698,206700.0,120,6.1,Rent,Graduate,No,0,Semiurban,0.426,1
L04602,Female,40,Middle-aged,Caucasian,26000.0,0.0,567,93200.0,360,6.4,Mortgage,Undergraduate,No,1,Semiurban,0.258,0
L04603,Female,41,Middle-aged,Caucasian,37500.0,50700.0,597,257400.0,360,4.9,Mortgage,Graduate,No,2,Semiurban,0.21,1
L04604,Male,64,Senior,Hispanic,30700.0,31700.0,674,206600.0,360,7.4,Own,Graduate,No,1,Rural,0.238,1
L04605,Female,41,Middle-aged,Caucasian,23300.0,0.0,609,87100.0,360,4.2,Rent,Undergraduate,No,3+,Semiurban,0.269,0
L04606,Female,55,Middle-aged,Hispanic,52100.0,0.0,670,214500.0,120,8.9,Rent,Graduate,No,0,Semiurban,0.548,0
L04607,Female,35,Middle-aged,Caucasian,33800.0,18600.0,553,150700.0,360,11.9,Rent,Graduate,No,3+,Rural,0.207,0
L04608,Male,37,Middle-aged,Caucasian,52900.0,0.0,552,227100.0,360,3.4,Own,Graduate,No,0,Rural,0.309,0
L04609,Female,25,Young,Caucasian,22800.0,0.0,525,89300.0,360,6.7,Rent,Undergraduate,No,0,Rural,0.282,0
L04610,Male,32,Middle-aged,Caucasian,36400.0,40100.0,568,283800.0,360,10.0,Mortgage,Undergraduate,No,2,Urban,0.267,1
L04611,Male,47,Middle-aged,Hispanic,59700.0,0.0,627,234900.0,360,6.0,Own,Undergraduate,No,2,Semiurban,0.283,1
L04612,Male,41,Middle-aged,Caucasian,138000.0,0.0,757,551800.0,120,9.0,Mortgage,Graduate,No,0,Semiurban,0.533,1
L04613,Male,52,Middle-aged,Caucasian,22200.0,0.0,624,96200.0,360,10.9,Rent,Graduate,No,3+,Semiurban,0.312,1
L04614,Male,43,Middle-aged,Caucasian,45200.0,12500.0,652,170000.0,360,9.9,Rent,Graduate,No,0,Semiurban,0.212,1
L04615,Male,36,Middle-aged,Caucasian,57800.0,37700.0,631,261200.0,360,13.8,Rent,Graduate,Yes,0,Semiurban,0.197,1
L04616,Male,66,Senior,Caucasian,38300.0,35000.0,585,272200.0,360,9.7,Mortgage,Graduate,No,2,Rural,0.267,1
L04617,Female,39,Middle-aged,Caucasian,58500.0,0.0,629,211500.0,120,4.5,Mortgage,Graduate,No,2,Rural,0.482,1
L04618,Female,54,Middle-aged,Hispanic,26000.0,0.0,632,118100.0,360,9.3,Rent,Graduate,No,1,Semiurban,0.327,0
L04619,Male,36,Middle-aged,Caucasian,52100.0,0.0,664,167700.0,360,3.0,Rent,Graduate,No,2,Rural,0.232,0
L04620,Female,49,Middle-aged,Caucasian,33800.0,0.0,559,163900.0,360,6.7,Mortgage,Graduate,No,0,Rural,0.349,0
L04621,Female,52,Middle-aged,Caucasian,67900.0,0.0,532,354700.0,120,15.8,Rent,Graduate,No,0,Urban,0.696,0
L04622,Female,43,Middle-aged,Caucasian,31800.0,0.0,623,122100.0,360,7.5,Mortgage,Undergraduate,No,3+,Urban,0.276,1
L04623,Male,18,Young,Caucasian,42600.0,20400.0,605,221300.0,360,2.9,Mortgage,Undergraduate,No,1,Urban,0.253,1
L04624,Female,41,Middle-aged,Caucasian,60800.0,38900.0,622,325900.0,360,5.0,Own,Undergraduate,No,3+,Semiurban,0.235,1
L04625,Female,55,Middle-aged,Caucasian,27600.0,0.0,629,138300.0,120,7.0,Mortgage,Graduate,No,3+,Semiurban,0.668,0
L04626,Female,47,Middle-aged,African American,32800.0,17600.0,672,127500.0,360,5.7,Own,Graduate,No,1,Semiurban,0.182,1
L04627,Male,46,Middle-aged,Caucasian,23600.0,11700.0,583,133400.0,180,13.0,Rent,Graduate,No,1,Rural,0.383,0
L04628,Male,20,Young,Asian,31700.0,0.0,561,141600.0,360,21.3,Mortgage,Graduate,No,0,Urban,0.321,0
L04629,Female,32,Middle-aged,Hispanic,42800.0,0.0,609,165200.0,360,5.9,Rent,Undergraduate,No,0,Rural,0.278,0
L04630,Male,45,Middle-aged,Caucasian,33000.0,35900.0,543,182200.0,360,4.5,Mortgage,Undergraduate,No,1,Urban,0.19,1
L04631,Male,45,Middle-aged,Caucasian,39400.0,0.0,612,139400.0,120,11.0,Rent,Graduate,No,2,Rural,0.471,1
L04632,Male,55,Middle-aged,Caucasian,59700.0,0.0,649,286600.0,180,16.0,Rent,Undergraduate,No,0,Rural,0.486,0
L04633,Female,39,Middle-aged,Caucasian,33100.0,0.0,706,104200.0,360,16.5,Mortgage,Graduate,No,0,Semiurban,0.226,1
L04634,Female,45,Middle-aged,Asian,57900.0,0.0,618,247200.0,360,9.0,Own,Undergraduate,No,0,Semiurban,0.307,1
L04635,Male,41,Middle-aged,Asian,53400.0,21100.0,639,238600.0,180,7.0,Mortgage,Graduate,No,0,Urban,0.324,1
L04636,Female,29,Young,Caucasian,49600.0,29800.0,661,235600.0,360,6.5,Mortgage,Graduate,Yes,1,Rural,0.213,1
L04637,Male,18,Young,Caucasian,80500.0,0.0,564,333100.0,360,0.1,Mortgage,Graduate,No,1,Urban,0.298,0
L04638,Female,46,Middle-aged,Caucasian,47400.0,54700.0,712,384400.0,360,9.5,Rent,Undergraduate,Yes,0,Semiurban,0.271,1
L04639,Female,43,Middle-aged,Caucasian,77100.0,15400.0,755,374600.0,360,9.9,Rent,Graduate,No,0,Semiurban,0.291,1
L04640,Female,33,Middle-aged,Asian,60000.0,20500.0,618,338700.0,120,8.7,Mortgage,Undergraduate,No,0,Semiurban,0.561,0
L04641,Female,21,Young,Caucasian,33800.0,0.0,549,147100.0,360,4.6,Own,Graduate,No,2,Semiurban,0.313,0
L04642,Male,48,Middle-aged,Caucasian,82200.0,0.0,758,375600.0,360,10.5,Mortgage,Undergraduate,No,0,Semiurban,0.329,1
L04643,Female,37,Middle-aged,African American,35400.0,0.0,654,140600.0,360,7.9,Mortgage,Undergraduate,No,1,Rural,0.286,1
L04644,Male,47,Middle-aged,Caucasian,41900.0,0.0,631,213000.0,360,5.0,Mortgage,Graduate,No,0,Semiurban,0.366,0
L04645,Female,63,Senior,Caucasian,46600.0,0.0,740,192400.0,360,18.2,Mortgage,Undergraduate,No,0,Urban,0.297,1
L04646,Female,18,Young,Caucasian,65000.0,0.0,681,275700.0,180,4.9,Own,Graduate,No,0,Rural,0.43,1
L04647,Female,32,Middle-aged,Caucasian,50000.0,0.0,590,209100.0,360,8.6,Rent,Undergraduate,No,3+,Semiurban,0.301,0
L04648,Male,38,Middle-aged,African American,81300.0,0.0,659,301700.0,360,5.1,Mortgage,Graduate,No,0,Semiurban,0.267,1
L04649,Female,58,Senior,Hispanic,56800.0,48300.0,690,290600.0,180,18.6,Own,Graduate,No,0,Semiurban,0.28,1
L04650,Male,21,Young,Caucasian,60400.0,0.0,604,191200.0,360,3.9,Rent,Graduate,No,0,Semiurban,0.228,1
L04651,Male,64,Senior,Hispanic,29300.0,30800.0,558,211100.0,360,12.6,Own,Graduate,No,2,Rural,0.253,1
L04652,Female,42,Middle-aged,Caucasian,38800.0,15500.0,560,171800.0,360,18.8,Rent,Graduate,Yes,0,Semiurban,0.228,1
L04653,Male,39,Middle-aged,African American,40400.0,0.0,532,156600.0,180,15.5,Rent,Graduate,No,0,Rural,0.393,0
L04654,Female,38,Middle-aged,Hispanic,48600.0,0.0,648,246400.0,360,8.2,Rent,Undergraduate,Yes,0,Rural,0.365,0
L04655,Male,35,Middle-aged,Caucasian,63300.0,13700.0,555,301800.0,360,3.5,Mortgage,Graduate,No,3+,Urban,0.282,1
L04656,Male,53,Middle-aged,Asian,52500.0,0.0,656,169000.0,360,20.3,Own,Graduate,No,3+,Urban,0.232,1
L04657,Female,28,Young,Caucasian,43700.0,16900.0,709,253000.0,180,22.2,Own,Undergraduate,No,0,Rural,0.423,1
L04658,Male,45,Middle-aged,Caucasian,65400.0,15200.0,728,262900.0,360,4.6,Own,Undergraduate,No,2,Urban,0.235,1
L04659,Male,36,Middle-aged,African American,27800.0,0.0,488,118000.0,120,5.7,Rent,Graduate,No,0,Urban,0.565,0
L04660,Female,31,Middle-aged,Hispanic,72400.0,0.0,550,300300.0,360,5.9,Rent,Graduate,No,0,Semiurban,0.298,0
L04661,Male,72,Senior,Hispanic,20000.0,0.0,600,70700.0,360,8.6,Rent,Graduate,No,1,Urban,0.254,0
L04662,Female,46,Middle-aged,African American,57000.0,24800.0,567,229000.0,360,5.3,Mortgage,Graduate,Yes,0,Urban,0.201,0
L04663,Male,48,Middle-aged,Caucasian,48100.0,22900.0,534,209600.0,360,8.4,Rent,Graduate,No,0,Urban,0.212,0
L04664,Female,54,Middle-aged,Caucasian,62200.0,25300.0,653,243700.0,360,21.9,Own,Graduate,No,3+,Semiurban,0.2,1
L04665,Female,23,Young,Hispanic,42500.0,0.0,633,153900.0,360,0.9,Rent,Graduate,No,0,Rural,0.261,0
L04666,Female,62,Senior,Caucasian,47900.0,0.0,711,251200.0,360,18.8,Own,Graduate,No,0,Urban,0.377,1
L04667,Male,18,Young,African American,49000.0,0.0,560,191300.0,360,11.4,Rent,Graduate,No,2,Semiurban,0.281,0
L04668,Female,31,Middle-aged,Caucasian,57600.0,14500.0,599,323000.0,360,11.7,Mortgage,Graduate,No,0,Urban,0.322,1
L04669,Female,35,Middle-aged,African American,27900.0,0.0,619,118200.0,360,4.9,Mortgage,Graduate,No,0,Semiurban,0.305,1
L04670,Female,47,Middle-aged,Caucasian,63000.0,0.0,637,283500.0,360,7.7,Rent,Undergraduate,No,0,Semiurban,0.324,1
L04671,Male,43,Middle-aged,Hispanic,28600.0,21300.0,659,133900.0,360,6.3,Rent,Undergraduate,No,0,Urban,0.193,1
L04672,Female,38,Middle-aged,Caucasian,41600.0,0.0,639,150500.0,360,17.7,Rent,Graduate,No,0,Rural,0.26,1
L04673,Female,40,Middle-aged,Hispanic,51400.0,0.0,601,213200.0,360,7.0,Mortgage,Undergraduate,No,0,Rural,0.298,0
L04674,Male,29,Young,Caucasian,73000.0,0.0,513,363700.0,180,2.1,Mortgage,Graduate,No,0,Semiurban,0.505,0
L04675,Male,23,Young,Caucasian,58900.0,0.0,694,182400.0,360,2.4,Mortgage,Graduate,No,3+,Urban,0.223,1
L04676,Female,49,Middle-aged,African American,27200.0,7900.0,577,130100.0,360,7.7,Rent,Graduate,No,0,Semiurban,0.267,0
L04677,Male,49,Middle-aged,African American,56100.0,0.0,662,174700.0,360,20.0,Own,Graduate,No,1,Rural,0.224,1
L04678,Female,60,Senior,Hispanic,28100.0,0.0,520,113200.0,360,10.5,Rent,Undergraduate,No,0,Semiurban,0.29,0
L04679,Female,31,Middle-aged,Caucasian,84000.0,0.0,636,370900.0,360,7.9,Mortgage,Graduate,No,2,Urban,0.318,1
L04680,Female,49,Middle-aged,Caucasian,40300.0,0.0,634,188400.0,360,5.1,Mortgage,Graduate,No,2,Semiurban,0.336,0
L04681,Male,37,Middle-aged,Caucasian,26500.0,0.0,608,87800.0,360,13.3,Rent,Graduate,No,0,Semiurban,0.238,1
L04682,Male,55,Middle-aged,Caucasian,30400.0,0.0,810,102600.0,360,9.4,Rent,Graduate,Yes,0,Urban,0.243,1
L04683,Female,53,Middle-aged,Hispanic,37400.0,23700.0,594,203000.0,360,18.0,Mortgage,Graduate,No,0,Rural,0.239,1
L04684,Male,43,Middle-aged,Caucasian,51800.0,0.0,678,271700.0,120,6.7,Mortgage,Graduate,No,0,Semiurban,0.699,0
L04685,Female,36,Middle-aged,Caucasian,91600.0,39600.0,681,428500.0,120,8.4,Mortgage,Graduate,No,3+,Urban,0.435,1
L04686,Male,52,Middle-aged,Caucasian,32400.0,0.0,586,128400.0,360,8.3,Mortgage,Graduate,No,0,Urban,0.285,1
L04687,Male,48,Middle-aged,Caucasian,49800.0,10800.0,683,220700.0,360,5.3,Own,Graduate,No,0,Rural,0.262,1
L04688,Male,32,Middle-aged,Caucasian,32100.0,0.0,586,102100.0,360,3.7,Rent,Graduate,No,0,Rural,0.229,0
L04689,Male,25,Young,Caucasian,40300.0,0.0,645,191100.0,360,1.4,Mortgage,Graduate,No,0,Semiurban,0.341,0
L04690,Female,37,Middle-aged,Caucasian,81700.0,28000.0,761,344900.0,360,5.8,Rent,Graduate,No,1,Semiurban,0.226,1
L04691,Male,59,Senior,Caucasian,31100.0,0.0,645,142500.0,360,11.4,Rent,Graduate,No,0,Semiurban,0.33,1
L04692,Male,54,Middle-aged,Hispanic,55800.0,0.0,631,227000.0,180,6.8,Rent,Graduate,No,0,Semiurban,0.412,0
L04693,Male,27,Young,Caucasian,57400.0,0.0,672,251200.0,360,4.7,Own,Graduate,No,0,Urban,0.315,0
L04694,Male,26,Young,Caucasian,48500.0,0.0,684,151400.0,360,4.3,Rent,Graduate,No,0,Urban,0.225,1
L04695,Male,56,Senior,Hispanic,54300.0,0.0,597,271600.0,360,9.5,Rent,Graduate,Yes,0,Urban,0.36,1
L04696,Female,27,Young,Asian,26200.0,0.0,557,93000.0,180,2.4,Own,Graduate,No,3+,Rural,0.359,0
L04697,Male,47,Middle-aged,Hispanic,85600.0,16200.0,702,424800.0,360,8.2,Rent,Graduate,No,2,Rural,0.3,1
L04698,Male,33,Middle-aged,Hispanic,95300.0,32900.0,640,541200.0,360,4.5,Mortgage,Graduate,No,3+,Semiurban,0.304,1
L04699,Male,60,Senior,Caucasian,50000.0,23800.0,595,264300.0,120,8.0,Mortgage,Graduate,No,0,Semiurban,0.477,0
L04700,Female,31,Middle-aged,African American,84000.0,0.0,669,315800.0,180,6.4,Mortgage,Graduate,No,2,Urban,0.381,0
L04701,Male,54,Middle-aged,Caucasian,41800.0,0.0,677,217400.0,360,6.2,Own,Graduate,No,0,Semiurban,0.374,1
L04702,Male,43,Middle-aged,Caucasian,57500.0,27000.0,613,260700.0,120,15.3,Rent,Graduate,No,0,Semiurban,0.411,0
L04703,Female,44,Middle-aged,Asian,73900.0,0.0,651,379400.0,360,17.6,Mortgage,Undergraduate,No,0,Semiurban,0.369,1
L04704,Female,18,Young,Caucasian,34700.0,22800.0,543,157100.0,360,5.4,Mortgage,Graduate,No,2,Urban,0.197,1
L04705,Male,18,Young,African American,22600.0,0.0,502,87600.0,180,1.8,Mortgage,Undergraduate,No,0,Semiurban,0.393,0
L04706,Male,38,Middle-aged,African American,20600.0,0.0,566,68200.0,180,7.9,Rent,Undergraduate,Yes,0,Rural,0.335,0
L04707,Female,43,Middle-aged,Caucasian,95000.0,42800.0,667,354100.0,360,8.4,Mortgage,Undergraduate,No,2,Urban,0.185,1
L04708,Male,27,Young,Hispanic,35700.0,26200.0,503,178100.0,360,3.8,Rent,Undergraduate,No,1,Rural,0.207,0
L04709,Female,27,Young,Caucasian,38700.0,15500.0,569,150100.0,360,3.0,Own,Undergraduate,Yes,3+,Rural,0.199,0
L04710,Female,47,Middle-aged,Caucasian,26700.0,23100.0,620,203700.0,360,5.3,Rent,Undergraduate,No,0,Urban,0.294,0
L04711,Male,47,Middle-aged,Hispanic,64500.0,18300.0,716,350000.0,360,5.6,Rent,Graduate,Yes,0,Semiurban,0.304,1
L04712,Male,39,Middle-aged,Caucasian,35900.0,0.0,591,108000.0,360,8.4,Own,Graduate,No,1,Urban,0.216,1
L04713,Male,50,Middle-aged,Asian,40300.0,23900.0,555,185800.0,120,15.7,Own,Graduate,No,0,Semiurban,0.386,1
L04714,Female,26,Young,Caucasian,47000.0,17900.0,587,254900.0,120,3.6,Mortgage,Graduate,No,0,Semiurban,0.523,0
L04715,Male,36,Middle-aged,Caucasian,32000.0,15700.0,568,157300.0,360,3.3,Own,Graduate,No,0,Rural,0.237,1
L04716,Male,60,Senior,Asian,45600.0,0.0,682,222100.0,180,6.4,Mortgage,Undergraduate,No,2,Semiurban,0.493,0
L04717,Female,41,Middle-aged,Caucasian,73000.0,24300.0,622,355500.0,360,6.1,Mortgage,Undergraduate,No,0,Semiurban,0.263,1
L04718,Female,42,Middle-aged,Caucasian,49500.0,0.0,462,221300.0,360,4.9,Mortgage,Graduate,Yes,1,Rural,0.322,0
L04719,Male,68,Senior,Caucasian,51600.0,0.0,850,224100.0,360,9.4,Mortgage,Graduate,Yes,0,Rural,0.312,1
L04720,Female,24,Young,Hispanic,40100.0,0.0,599,177900.0,360,2.3,Mortgage,Graduate,No,0,Urban,0.319,1
L04721,Male,50,Middle-aged,Caucasian,42000.0,0.0,636,147700.0,360,10.3,Mortgage,Graduate,No,0,Semiurban,0.253,1
L04722,Male,60,Senior,Hispanic,98000.0,0.0,598,376300.0,360,11.4,Rent,Graduate,Yes,0,Urban,0.276,1
L04723,Male,37,Middle-aged,Caucasian,35400.0,22600.0,518,147800.0,360,15.0,Rent,Undergraduate,No,0,Urban,0.183,1
L04724,Male,51,Middle-aged,African American,42700.0,37500.0,628,271000.0,360,11.0,Mortgage,Undergraduate,No,2,Semiurban,0.243,1
L04725,Male,29,Young,Hispanic,46200.0,0.0,623,186300.0,360,2.6,Mortgage,Graduate,No,3+,Urban,0.29,1
L04726,Male,32,Middle-aged,Caucasian,73400.0,17900.0,671,390800.0,360,9.1,Mortgage,Graduate,No,1,Urban,0.308,1
L04727,Female,45,Middle-aged,Caucasian,64800.0,0.0,656,224500.0,360,5.0,Mortgage,Undergraduate,No,0,Semiurban,0.249,1
L04728,Female,50,Middle-aged,Asian,41100.0,0.0,559,163700.0,360,8.9,Rent,Graduate,No,0,Semiurban,0.287,0
L04729,Female,54,Middle-aged,Asian,46800.0,0.0,491,159400.0,180,5.8,Rent,Graduate,No,1,Rural,0.345,0
L04730,Male,59,Senior,Caucasian,55900.0,8200.0,650,264100.0,360,6.4,Mortgage,Undergraduate,No,0,Semiurban,0.296,1
L04731,Male,40,Middle-aged,African American,20000.0,0.0,566,98200.0,360,6.4,Rent,Graduate,No,1,Rural,0.353,0
L04732,Male,55,Middle-aged,Asian,26000.0,0.0,550,122800.0,360,6.1,Rent,Graduate,No,3+,Semiurban,0.34,0
L04733,Female,36,Middle-aged,Asian,32700.0,0.0,652,167600.0,180,4.5,Own,Undergraduate,No,0,Semiurban,0.519,0
L04734,Female,51,Middle-aged,Asian,33300.0,18400.0,531,223600.0,360,7.0,Rent,Graduate,No,1,Semiurban,0.311,0
L04735,Male,43,Middle-aged,Caucasian,30300.0,9800.0,648,168300.0,360,11.1,Mortgage,Graduate,No,3+,Semiurban,0.302,1
L04736,Male,46,Middle-aged,Hispanic,59500.0,0.0,554,216900.0,360,6.2,Mortgage,Graduate,No,0,Semiurban,0.262,0
L04737,Male,46,Middle-aged,Caucasian,49100.0,0.0,639,171500.0,360,7.6,Mortgage,Graduate,No,2,Semiurban,0.251,1
L04738,Male,21,Young,Caucasian,45000.0,27100.0,646,238200.0,360,7.9,Own,Graduate,No,2,Semiurban,0.238,1
L04739,Male,27,Young,Caucasian,29700.0,9500.0,566,182000.0,360,2.5,Rent,Graduate,No,3+,Semiurban,0.334,0
L04740,Female,42,Middle-aged,Caucasian,40900.0,0.0,720,160700.0,360,11.8,Rent,Graduate,No,2,Semiurban,0.283,1
L04741,Female,20,Young,Caucasian,20000.0,13400.0,684,93600.0,360,9.2,Mortgage,Undergraduate,Yes,1,Rural,0.202,1
L04742,Male,50,Middle-aged,Caucasian,45900.0,18400.0,648,285500.0,360,27.3,Mortgage,Graduate,No,1,Urban,0.319,1
L04743,Male,51,Middle-aged,Caucasian,50300.0,0.0,672,194600.0,360,7.9,Mortgage,Graduate,No,0,Semiurban,0.278,1
L04744,Female,44,Middle-aged,African American,35100.0,0.0,680,159900.0,360,6.2,Rent,Graduate,No,1,Rural,0.328,1
L04745,Male,27,Young,Caucasian,26200.0,0.0,617,125100.0,180,7.4,Own,Graduate,Yes,0,Urban,0.484,0
L04746,Male,57,Senior,Caucasian,53600.0,47700.0,677,387100.0,360,6.1,Rent,Undergraduate,No,0,Urban,0.275,1
L04747,Male,65,Senior,Caucasian,32300.0,0.0,614,156600.0,180,7.3,Rent,Undergraduate,No,1,Semiurban,0.491,0
L04748,Male,42,Middle-aged,Caucasian,35400.0,0.0,513,172800.0,180,5.6,Mortgage,Graduate,No,1,Urban,0.494,0
L04749,Male,47,Middle-aged,Caucasian,65300.0,12900.0,562,325000.0,360,10.9,Own,Graduate,No,0,Semiurban,0.299,1
L04750,Female,43,Middle-aged,Caucasian,93300.0,22200.0,805,411000.0,360,4.4,Mortgage,Graduate,Yes,0,Semiurban,0.256,1
L04751,Male,47,Middle-aged,Hispanic,45000.0,0.0,648,202600.0,360,9.4,Own,Undergraduate,No,0,Rural,0.324,1
L04752,Male,39,Middle-aged,Hispanic,31800.0,0.0,592,155300.0,360,4.7,Mortgage,Graduate,No,0,Urban,0.351,0
L04753,Female,40,Middle-aged,Hispanic,39600.0,0.0,690,150000.0,360,8.6,Rent,Graduate,No,0,Semiurban,0.273,0
L04754,Male,51,Middle-aged,Caucasian,71400.0,29400.0,611,319300.0,120,8.0,Own,Graduate,No,0,Rural,0.422,1
L04755,Female,69,Senior,Caucasian,53400.0,46300.0,704,294700.0,360,8.3,Mortgage,Graduate,No,1,Rural,0.213,1
L04756,Female,24,Young,Caucasian,124800.0,0.0,663,529200.0,360,2.3,Mortgage,Graduate,No,0,Urban,0.305,1
L04757,Male,39,Middle-aged,Asian,36800.0,0.0,638,114700.0,360,4.4,Rent,Undergraduate,No,0,Urban,0.224,1
L04758,Female,26,Young,Caucasian,46100.0,32500.0,578,301500.0,360,2.1,Mortgage,Graduate,No,3+,Rural,0.276,0
L04759,Male,60,Senior,Caucasian,91100.0,0.0,627,301800.0,180,9.5,Rent,Graduate,No,1,Urban,0.335,1
L04760,Female,33,Middle-aged,Caucasian,75500.0,38100.0,583,316100.0,360,17.7,Mortgage,Graduate,No,0,Semiurban,0.2,1
L04761,Male,23,Young,Caucasian,22500.0,0.0,528,77500.0,360,6.1,Rent,Undergraduate,Yes,0,Urban,0.248,0
L04762,Female,48,Middle-aged,Hispanic,36700.0,33900.0,624,235400.0,360,13.5,Rent,Graduate,No,2,Urban,0.24,1
L04763,Female,61,Senior,Asian,75500.0,0.0,581,275000.0,360,26.3,Own,Graduate,No,0,Urban,0.262,0
L04764,Male,48,Middle-aged,Asian,155800.0,0.0,644,596400.0,360,8.4,Mortgage,Graduate,No,1,Semiurban,0.275,1
L04765,Male,43,Middle-aged,Caucasian,65000.0,0.0,647,331300.0,180,5.1,Rent,Undergraduate,No,0,Semiurban,0.516,1
L04766,Female,45,Middle-aged,Hispanic,31700.0,12000.0,608,186900.0,360,17.2,Rent,Graduate,No,0,Urban,0.308,1
L04767,Female,57,Senior,African American,21300.0,0.0,636,104700.0,360,11.9,Own,Graduate,No,3+,Urban,0.354,1
L04768,Male,30,Middle-aged,Hispanic,107200.0,0.0,651,460900.0,360,17.8,Mortgage,Graduate,No,0,Semiurban,0.309,1
L04769,Female,39,Middle-aged,Caucasian,55800.0,26400.0,777,345900.0,360,8.4,Own,Undergraduate,No,0,Urban,0.303,1
L04770,Male,35,Middle-aged,Caucasian,34900.0,33700.0,611,251200.0,360,10.0,Rent,Graduate,No,2,Urban,0.263,1
L04771,Male,26,Young,African American,36200.0,13700.0,568,223800.0,360,12.3,Rent,Graduate,No,3+,Urban,0.323,0
L04772,Male,37,Middle-aged,Caucasian,55500.0,0.0,628,174500.0,120,10.0,Mortgage,Graduate,No,0,Urban,0.419,1
L04773,Male,54,Middle-aged,Hispanic,54800.0,16500.0,709,194900.0,360,9.5,Own,Undergraduate,No,0,Semiurban,0.197,1
L04774,Female,47,Middle-aged,Hispanic,25700.0,0.0,611,87200.0,360,7.5,Own,Graduate,No,2,Rural,0.244,1
L04775,Male,48,Middle-aged,Caucasian,38300.0,0.0,666,195000.0,360,13.2,Mortgage,Graduate,No,1,Urban,0.366,1
L04776,Female,42,Middle-aged,Caucasian,21500.0,0.0,626,93800.0,180,11.0,Rent,Graduate,No,2,Urban,0.442,0
L04777,Male,47,Middle-aged,Caucasian,74300.0,0.0,635,294100.0,360,6.6,Rent,Graduate,Yes,1,Semiurban,0.285,1
L04778,Male,31,Middle-aged,Hispanic,38500.0,0.0,606,159900.0,360,5.4,Rent,Graduate,Yes,0,Urban,0.299,0
L04779,Male,37,Middle-aged,African American,47300.0,0.0,712,230200.0,360,7.9,Mortgage,Graduate,No,0,Rural,0.35,1
L04780,Male,43,Middle-aged,Caucasian,86600.0,14700.0,671,480700.0,120,3.9,Rent,Undergraduate,No,0,Urban,0.632,1
L04781,Male,44,Middle-aged,Caucasian,53500.0,0.0,572,248300.0,180,5.3,Rent,Graduate,No,2,Urban,0.47,0
L04782,Male,44,Middle-aged,Caucasian,46900.0,0.0,607,220900.0,180,5.3,Mortgage,Graduate,No,0,Semiurban,0.477,0
L04783,Female,39,Middle-aged,Asian,45000.0,0.0,490,167400.0,360,13.9,Rent,Graduate,No,1,Semiurban,0.268,0
L04784,Male,36,Middle-aged,Caucasian,50300.0,32400.0,625,273800.0,360,4.7,Mortgage,Undergraduate,Yes,0,Semiurban,0.238,1
L04785,Male,75,Senior,Caucasian,80700.0,0.0,778,402800.0,360,12.5,Rent,Undergraduate,No,0,Rural,0.359,1
L04786,Male,51,Middle-aged,Asian,55500.0,0.0,563,264600.0,360,13.9,Rent,Undergraduate,No,0,Semiurban,0.343,0
L04787,Female,45,Middle-aged,Caucasian,33500.0,0.0,626,152100.0,360,5.6,Mortgage,Graduate,Yes,0,Semiurban,0.327,1
L04788,Female,38,Middle-aged,Caucasian,63400.0,21300.0,689,235300.0,360,3.7,Rent,Graduate,Yes,1,Semiurban,0.2,1
L04789,Male,35,Middle-aged,Caucasian,80200.0,0.0,705,247700.0,360,17.4,Mortgage,Graduate,No,1,Semiurban,0.222,1
L04790,Male,39,Middle-aged,Caucasian,28700.0,0.0,681,94500.0,360,9.2,Rent,Undergraduate,No,0,Semiurban,0.237,1
L04791,Male,44,Middle-aged,Caucasian,90500.0,0.0,549,389900.0,180,4.9,Own,Graduate,No,0,Semiurban,0.436,0
L04792,Female,18,Young,Hispanic,42500.0,18800.0,614,221000.0,360,8.6,Rent,Graduate,No,0,Semiurban,0.259,1
L04793,Male,22,Young,Asian,54900.0,0.0,509,281100.0,120,8.3,Own,Graduate,Yes,2,Semiurban,0.682,0
L04794,Male,33,Middle-aged,Hispanic,66000.0,11600.0,565,329400.0,360,11.3,Mortgage,Graduate,No,2,Rural,0.305,1
L04795,Male,43,Middle-aged,Hispanic,35200.0,0.0,664,128900.0,180,5.4,Mortgage,Graduate,No,0,Semiurban,0.371,1
L04796,Male,38,Middle-aged,Caucasian,71800.0,21300.0,646,279700.0,360,6.0,Mortgage,Graduate,No,0,Semiurban,0.216,1
L04797,Male,58,Senior,Caucasian,42200.0,0.0,687,207300.0,180,11.9,Rent,Graduate,No,1,Urban,0.497,0
L04798,Female,23,Young,Caucasian,23100.0,16600.0,520,128900.0,360,3.2,Own,Graduate,No,1,Rural,0.234,0
L04799,Male,31,Middle-aged,Asian,32900.0,0.0,684,147100.0,120,2.3,Mortgage,Graduate,Yes,1,Urban,0.596,0
L04800,Female,59,Senior,African American,40000.0,0.0,684,170900.0,360,6.9,Mortgage,Undergraduate,No,0,Semiurban,0.307,1
L04801,Male,42,Middle-aged,Caucasian,33600.0,0.0,666,108900.0,360,8.1,Mortgage,Graduate,No,2,Rural,0.233,1
L04802,Male,51,Middle-aged,Caucasian,93300.0,24900.0,609,333400.0,360,7.3,Own,Graduate,No,0,Rural,0.203,1
L04803,Female,65,Senior,Caucasian,67100.0,12400.0,744,283700.0,360,7.1,Rent,Graduate,No,0,Semiurban,0.257,1
L04804,Male,32,Middle-aged,Caucasian,83600.0,0.0,618,318800.0,360,9.4,Mortgage,Graduate,No,0,Semiurban,0.274,1
L04805,Female,39,Middle-aged,Hispanic,38600.0,24100.0,575,232400.0,360,5.8,Rent,Graduate,No,2,Urban,0.267,0
L04806,Male,37,Middle-aged,Caucasian,54300.0,0.0,659,240100.0,180,4.7,Rent,Graduate,No,1,Rural,0.448,1
L04807,Male,18,Young,Hispanic,27400.0,17700.0,606,190800.0,360,6.3,Rent,Graduate,No,0,Urban,0.304,0
L04808,Female,37,Middle-aged,Caucasian,62100.0,0.0,577,306200.0,180,5.9,Rent,Graduate,No,2,Semiurban,0.499,0
L04809,Male,51,Middle-aged,African American,45700.0,0.0,759,188200.0,120,10.9,Rent,Graduate,No,1,Rural,0.549,1
L04810,Female,47,Middle-aged,Hispanic,46100.0,0.0,739,190200.0,360,4.4,Own,Undergraduate,No,0,Rural,0.297,1
L04811,Male,48,Middle-aged,Hispanic,86700.0,11800.0,700,420000.0,180,4.5,Rent,Undergraduate,No,3+,Semiurban,0.432,0
L04812,Female,36,Middle-aged,Caucasian,32700.0,11300.0,628,126100.0,360,6.8,Mortgage,Undergraduate,No,0,Urban,0.206,1
L04813,Male,33,Middle-aged,Caucasian,46600.0,0.0,629,244600.0,180,22.4,Mortgage,Graduate,No,0,Urban,0.532,1
L04814,Male,56,Senior,Caucasian,55900.0,0.0,558,233000.0,360,7.3,Mortgage,Graduate,No,1,Semiurban,0.3,1
L04815,Female,35,Middle-aged,Caucasian,28700.0,0.0,605,144900.0,360,8.3,Mortgage,Graduate,No,2,Semiurban,0.363,0
L04816,Female,44,Middle-aged,African American,29600.0,0.0,618,153200.0,360,4.8,Mortgage,Undergraduate,No,0,Urban,0.372,0
L04817,Female,42,Middle-aged,Hispanic,44800.0,0.0,587,193000.0,180,5.5,Rent,Graduate,No,2,Urban,0.436,0
L04818,Female,58,Senior,Caucasian,36600.0,0.0,620,118300.0,180,6.4,Own,Graduate,No,2,Semiurban,0.327,1
L04819,Female,52,Middle-aged,Caucasian,70300.0,0.0,514,301600.0,360,15.7,Mortgage,Graduate,No,3+,Semiurban,0.309,0
L04820,Male,25,Young,Caucasian,26800.0,12200.0,516,144700.0,360,2.9,Rent,Graduate,No,0,Rural,0.267,0
L04821,Male,26,Young,Hispanic,69100.0,19900.0,672,380700.0,360,2.5,Mortgage,Graduate,No,1,Urban,0.308,1
L04822,Male,47,Middle-aged,Hispanic,57500.0,0.0,743,178700.0,360,10.9,Mortgage,Graduate,No,0,Semiurban,0.224,1
L04823,Male,40,Middle-aged,Caucasian,39000.0,23400.0,557,208500.0,180,4.4,Rent,Graduate,No,0,Rural,0.338,0
L04824,Male,35,Middle-aged,Caucasian,33900.0,0.0,613,172100.0,360,3.9,Rent,Graduate,No,0,Semiurban,0.365,0
L04825,Male,53,Middle-aged,Asian,21300.0,25200.0,685,181700.0,360,5.8,Own,Graduate,No,0,Urban,0.281,1
L04826,Male,43,Middle-aged,African American,28500.0,0.0,579,97800.0,360,20.2,Mortgage,Graduate,No,0,Semiurban,0.247,1
L04827,Female,41,Middle-aged,Caucasian,63300.0,25700.0,675,381900.0,360,4.9,Rent,Graduate,No,0,Rural,0.309,1
L04828,Male,50,Middle-aged,Hispanic,43100.0,0.0,630,143500.0,360,32.0,Mortgage,Graduate,No,0,Urban,0.24,1
L04829,Male,36,Middle-aged,Hispanic,70300.0,0.0,704,344000.0,180,3.7,Mortgage,Graduate,No,0,Rural,0.496,1
L04830,Male,59,Senior,Caucasian,38300.0,15100.0,565,168000.0,180,6.3,Mortgage,Graduate,No,0,Urban,0.319,0
L04831,Female,31,Middle-aged,Caucasian,55300.0,0.0,547,285300.0,360,13.3,Rent,Graduate,Yes,1,Urban,0.371,0
L04832,Female,48,Middle-aged,Caucasian,31300.0,0.0,636,142900.0,360,8.8,Mortgage,Graduate,No,0,Rural,0.328,0
L04833,Female,58,Senior,Caucasian,28300.0,37400.0,638,188100.0,360,8.2,Mortgage,Graduate,Yes,0,Rural,0.206,1
L04834,Male,24,Young,Caucasian,47000.0,17700.0,593,205000.0,360,4.5,Own,Graduate,No,0,Urban,0.228,1
L04835,Male,36,Middle-aged,Caucasian,37600.0,0.0,641,132700.0,360,4.2,Mortgage,Graduate,No,2,Urban,0.254,1
L04836,Male,54,Middle-aged,Caucasian,26400.0,0.0,569,119600.0,360,10.4,Mortgage,Undergraduate,No,1,Rural,0.326,0
L04837,Male,54,Middle-aged,Caucasian,45600.0,0.0,558,228700.0,120,10.2,Mortgage,Graduate,Yes,0,Urban,0.668,0
L04838,Male,38,Middle-aged,Caucasian,51200.0,27600.0,590,309700.0,360,3.4,Rent,Graduate,No,3+,Urban,0.283,0
L04839,Male,32,Middle-aged,Caucasian,81400.0,0.0,612,397100.0,360,14.2,Rent,Graduate,Yes,1,Urban,0.351,0
L04840,Male,52,Middle-aged,African American,57000.0,20300.0,629,322700.0,360,8.2,Rent,Graduate,No,0,Semiurban,0.3,1
L04841,Female,55,Middle-aged,African American,51900.0,0.0,723,270000.0,180,6.6,Mortgage,Graduate,No,2,Rural,0.527,0
L04842,Female,27,Young,Caucasian,55600.0,0.0,654,261600.0,120,3.2,Mortgage,Graduate,No,2,Urban,0.627,0
L04843,Male,26,Young,Caucasian,56000.0,0.0,638,194500.0,360,11.3,Mortgage,Undergraduate,No,1,Urban,0.25,1
L04844,Male,43,Middle-aged,Asian,30000.0,0.0,624,143400.0,360,6.2,Mortgage,Graduate,No,2,Semiurban,0.344,1
L04845,Male,48,Middle-aged,Caucasian,52000.0,26600.0,610,246500.0,360,8.6,Rent,Graduate,No,0,Semiurban,0.226,1
L04846,Male,37,Middle-aged,Hispanic,56000.0,0.0,572,293500.0,360,17.6,Mortgage,Graduate,No,3+,Semiurban,0.377,0
L04847,Female,49,Middle-aged,Caucasian,74600.0,19800.0,584,327700.0,180,9.9,Rent,Graduate,No,0,Semiurban,0.352,0
L04848,Male,32,Middle-aged,African American,51600.0,0.0,570,188800.0,360,7.7,Rent,Undergraduate,No,1,Urban,0.263,0
L04849,Female,18,Young,Caucasian,68400.0,0.0,602,242000.0,360,1.4,Rent,Graduate,No,0,Urban,0.255,0
L04850,Male,35,Middle-aged,African American,26000.0,0.0,527,116500.0,360,8.1,Mortgage,Graduate,No,0,Urban,0.322,0
L04851,Female,41,Middle-aged,Hispanic,32300.0,26800.0,620,151200.0,360,6.0,Mortgage,Graduate,No,3+,Urban,0.184,1
L04852,Male,37,Middle-aged,Hispanic,52400.0,21900.0,608,329700.0,360,14.9,Mortgage,Graduate,No,0,Rural,0.319,1
L04853,Female,27,Young,Hispanic,58500.0,0.0,586,214200.0,360,2.0,Mortgage,Graduate,No,2,Urban,0.263,0
L04854,Male,19,Young,Caucasian,46300.0,33100.0,658,234400.0,360,1.8,Rent,Undergraduate,No,0,Rural,0.212,1
L04855,Female,34,Middle-aged,Caucasian,40300.0,0.0,458,125100.0,360,2.7,Own,Graduate,No,1,Semiurban,0.223,0
L04856,Male,51,Middle-aged,Caucasian,64500.0,14600.0,628,256900.0,360,7.3,Mortgage,Undergraduate,No,0,Rural,0.234,1
L04857,Male,56,Senior,Caucasian,31200.0,9100.0,490,142100.0,360,6.5,Mortgage,Graduate,No,1,Urban,0.254,1
L04858,Female,55,Middle-aged,Caucasian,79300.0,13500.0,683,331400.0,360,14.9,Rent,Graduate,Yes,2,Urban,0.257,1
L04859,Female,31,Middle-aged,Hispanic,25900.0,37600.0,635,166100.0,360,14.9,Own,Graduate,No,1,Urban,0.188,1
L04860,Female,27,Young,Hispanic,20000.0,20400.0,498,95500.0,360,6.9,Rent,Undergraduate,No,0,Semiurban,0.17,0
L04861,Female,46,Middle-aged,Caucasian,41800.0,23100.0,552,199000.0,360,4.7,Mortgage,Graduate,Yes,0,Semiurban,0.221,0
L04862,Female,48,Middle-aged,Caucasian,82200.0,0.0,558,390600.0,360,6.6,Rent,Graduate,No,0,Rural,0.342,0
L04863,Male,45,Middle-aged,Caucasian,62000.0,0.0,643,247200.0,120,20.7,Mortgage,Graduate,Yes,2,Semiurban,0.531,1
L04864,Male,18,Young,African American,53000.0,13000.0,571,219000.0,360,0.7,Mortgage,Graduate,Yes,1,Semiurban,0.239,0
L04865,Male,30,Middle-aged,Caucasian,49800.0,22800.0,591,228400.0,360,5.9,Rent,Graduate,Yes,0,Semiurban,0.226,0
L04866,Female,40,Middle-aged,Hispanic,34600.0,0.0,588,147000.0,360,5.5,Rent,Graduate,No,0,Urban,0.306,0
L04867,Male,46,Middle-aged,African American,21100.0,0.0,550,77700.0,360,39.6,Mortgage,Graduate,No,0,Urban,0.265,0
L04868,Male,50,Middle-aged,African American,20000.0,13200.0,681,119500.0,360,6.5,Rent,Graduate,No,1,Semiurban,0.259,1
L04869,Female,42,Middle-aged,Caucasian,45100.0,14200.0,638,275300.0,360,3.8,Mortgage,Graduate,No,0,Urban,0.334,1
L04870,Female,44,Middle-aged,Caucasian,70400.0,0.0,574,217700.0,360,10.0,Rent,Graduate,No,0,Rural,0.222,1
L04871,Male,42,Middle-aged,Hispanic,50600.0,0.0,584,171000.0,360,5.6,Own,Graduate,No,0,Rural,0.243,1
L04872,Male,49,Middle-aged,African American,50300.0,0.0,584,171200.0,120,10.0,Mortgage,Undergraduate,No,1,Semiurban,0.453,0
L04873,Male,44,Middle-aged,Hispanic,83100.0,0.0,739,332900.0,180,4.5,Mortgage,Undergraduate,No,1,Semiurban,0.406,1
L04874,Male,41,Middle-aged,Caucasian,55900.0,18000.0,671,202600.0,360,7.2,Mortgage,Graduate,No,0,Semiurban,0.197,1
L04875,Male,37,Middle-aged,African American,37300.0,27500.0,600,211700.0,360,5.2,Mortgage,Undergraduate,No,0,Semiurban,0.235,1
L04876,Female,41,Middle-aged,Caucasian,30000.0,0.0,710,152700.0,360,7.3,Mortgage,Undergraduate,No,0,Semiurban,0.366,1
L04877,Female,46,Middle-aged,African American,71500.0,0.0,736,216400.0,360,13.8,Mortgage,Graduate,No,0,Urban,0.218,1
L04878,Female,44,Middle-aged,Asian,51400.0,29000.0,616,255500.0,360,21.9,Own,Graduate,No,1,Semiurban,0.229,1
L04879,Male,45,Middle-aged,Asian,33600.0,0.0,592,158300.0,360,11.0,Mortgage,Undergraduate,No,0,Rural,0.339,0
L04880,Female,57,Senior,Asian,26100.0,0.0,607,87400.0,180,13.1,Rent,Graduate,Yes,0,Semiurban,0.339,0
L04881,Male,44,Middle-aged,Caucasian,80900.0,29400.0,596,306600.0,360,7.7,Rent,Graduate,No,1,Urban,0.2,1
L04882,Male,33,Middle-aged,Hispanic,29100.0,10000.0,699,152200.0,360,2.8,Mortgage,Graduate,No,2,Urban,0.28,1
L04883,Female,51,Middle-aged,Hispanic,77200.0,0.0,600,233300.0,360,10.4,Mortgage,Graduate,No,0,Semiurban,0.217,1
L04884,Male,24,Young,Caucasian,20000.0,22000.0,627,152400.0,120,1.7,Mortgage,Graduate,No,0,Rural,0.483,0
L04885,Male,28,Young,Hispanic,77900.0,0.0,668,245400.0,360,2.9,Rent,Undergraduate,No,0,Rural,0.227,1
L04886,Female,45,Middle-aged,Caucasian,50600.0,0.0,612,211500.0,360,10.2,Rent,Graduate,No,0,Rural,0.301,0
L04887,Male,47,Middle-aged,African American,41100.0,0.0,734,191700.0,180,9.7,Mortgage,Undergraduate,No,1,Rural,0.472,1
L04888,Female,26,Young,Caucasian,38800.0,0.0,499,137500.0,360,3.1,Rent,Graduate,No,1,Urban,0.255,0
L04889,Male,36,Middle-aged,Hispanic,94000.0,0.0,647,303900.0,360,10.1,Mortgage,Graduate,No,0,Urban,0.233,1
L04890,Female,33,Middle-aged,Caucasian,55300.0,0.0,587,187800.0,180,16.3,Own,Graduate,No,0,Semiurban,0.344,1
L04891,Male,35,Middle-aged,Caucasian,34200.0,20000.0,660,220900.0,360,6.5,Mortgage,Undergraduate,No,0,Semiurban,0.293,1
L04892,Male,52,Middle-aged,Caucasian,24600.0,10200.0,641,137800.0,360,10.8,Mortgage,Undergraduate,No,0,Semiurban,0.285,1
L04893,Female,49,Middle-aged,Caucasian,44700.0,0.0,528,154000.0,180,6.2,Rent,Undergraduate,No,2,Urban,0.349,0
L04894,Male,40,Middle-aged,African American,39200.0,0.0,688,180800.0,360,21.0,Rent,Graduate,Yes,0,Semiurban,0.332,1
L04895,Male,34,Middle-aged,Caucasian,26700.0,0.0,624,122700.0,180,4.0,Rent,Graduate,No,2,Urban,0.465,0
L04896,Male,24,Young,African American,38400.0,0.0,527,201400.0,360,11.8,Mortgage,Graduate,No,0,Semiurban,0.377,0
L04897,Male,58,Senior,Hispanic,35100.0,0.0,617,136200.0,180,19.1,Mortgage,Graduate,No,2,Urban,0.393,0
L04898,Male,48,Middle-aged,Asian,49200.0,22200.0,556,301900.0,360,10.9,Mortgage,Graduate,No,1,Rural,0.304,1
L04899,Male,32,Middle-aged,Hispanic,59000.0,0.0,607,236300.0,180,10.4,Mortgage,Graduate,No,0,Rural,0.406,1
L04900,Female,49,Middle-aged,Caucasian,75700.0,0.0,666,380000.0,360,7.7,Mortgage,Graduate,No,0,Rural,0.361,0
L04901,Male,40,Middle-aged,Caucasian,70500.0,0.0,619,226000.0,360,15.9,Rent,Graduate,No,1,Rural,0.231,1
L04902,Male,37,Middle-aged,Caucasian,36700.0,0.0,580,124600.0,360,9.6,Mortgage,Graduate,No,0,Semiurban,0.244,1
L04903,Male,46,Middle-aged,Caucasian,56800.0,19400.0,540,329900.0,360,6.2,Rent,Graduate,No,2,Urban,0.311,0
L04904,Male,32,Middle-aged,Hispanic,45200.0,0.0,627,218900.0,120,2.3,Rent,Graduate,No,0,Semiurban,0.645,0
L04905,Female,36,Middle-aged,Caucasian,24500.0,0.0,481,90300.0,360,6.6,Rent,Graduate,No,2,Semiurban,0.265,0
L04906,Male,42,Middle-aged,Hispanic,51700.0,28400.0,629,290300.0,360,12.8,Rent,Graduate,No,0,Urban,0.261,1
L04907,Female,35,Middle-aged,Caucasian,87600.0,0.0,537,338200.0,360,12.4,Mortgage,Graduate,No,0,Semiurban,0.278,0
L04908,Male,49,Middle-aged,Asian,49700.0,0.0,639,150300.0,360,13.7,Own,Graduate,No,0,Semiurban,0.218,1
L04909,Female,63,Senior,Caucasian,22000.0,22900.0,634,104600.0,180,8.0,Rent,Graduate,No,0,Semiurban,0.236,1
L04910,Male,31,Middle-aged,Caucasian,49600.0,16700.0,633,182700.0,360,4.7,Rent,Graduate,Yes,1,Urban,0.198,1
L04911,Female,21,Young,African American,20000.0,0.0,622,86700.0,120,5.2,Mortgage,Undergraduate,No,2,Semiurban,0.578,0
L04912,Female,18,Young,Caucasian,58900.0,0.0,659,213700.0,360,5.5,Own,Graduate,No,2,Rural,0.261,1
L04913,Male,39,Middle-aged,African American,48400.0,35000.0,523,222900.0,360,5.2,Own,Graduate,No,0,Rural,0.192,0
L04914,Male,33,Middle-aged,Caucasian,45800.0,0.0,605,234400.0,360,8.1,Mortgage,Graduate,No,2,Semiurban,0.368,1
L04915,Male,43,Middle-aged,Caucasian,42900.0,0.0,742,140400.0,360,8.2,Rent,Graduate,No,0,Rural,0.235,1
L04916,Female,42,Middle-aged,Hispanic,33800.0,0.0,620,152700.0,360,7.8,Own,Graduate,No,0,Semiurban,0.325,1
L04917,Male,21,Young,Caucasian,49200.0,0.0,543,246600.0,360,5.9,Rent,Graduate,No,0,Urban,0.361,0
L04918,Male,19,Young,African American,28800.0,0.0,569,97000.0,120,4.8,Rent,Graduate,Yes,0,Rural,0.449,0
L04919,Female,44,Middle-aged,Caucasian,23900.0,0.0,585,83200.0,120,4.8,Rent,Undergraduate,No,2,Rural,0.464,0
L04920,Male,42,Middle-aged,African American,61800.0,7300.0,564,281900.0,180,14.0,Own,Undergraduate,No,1,Rural,0.413,0
L04921,Female,35,Middle-aged,Caucasian,35700.0,0.0,656,147900.0,180,3.9,Rent,Graduate,No,0,Urban,0.42,1
L04922,Female,21,Young,Caucasian,44500.0,0.0,625,185700.0,120,7.3,Rent,Graduate,No,0,Urban,0.556,0
L04923,Female,46,Middle-aged,Caucasian,46700.0,0.0,549,198400.0,360,5.2,Own,Graduate,No,0,Urban,0.306,1
L04924,Female,56,Senior,Caucasian,47400.0,21300.0,639,301900.0,360,11.1,Own,Graduate,No,1,Rural,0.316,1
L04925,Male,44,Middle-aged,Caucasian,30700.0,0.0,579,95800.0,360,15.2,Rent,Undergraduate,No,0,Urban,0.225,1
L04926,Male,30,Middle-aged,African American,20100.0,0.0,487,94700.0,360,1.8,Mortgage,Undergraduate,No,1,Urban,0.339,0
L04927,Male,41,Middle-aged,African American,31000.0,0.0,524,109200.0,360,22.9,Mortgage,Graduate,No,3+,Urban,0.253,1
L04928,Male,24,Young,Caucasian,57400.0,0.0,528,220500.0,360,1.1,Rent,Undergraduate,No,0,Semiurban,0.276,0
L04929,Female,53,Middle-aged,Caucasian,31100.0,9100.0,623,115100.0,360,5.3,Rent,Graduate,No,1,Semiurban,0.206,1
L04930,Female,41,Middle-aged,Caucasian,36200.0,0.0,585,144900.0,360,13.2,Mortgage,Graduate,No,3+,Rural,0.288,1
L04931,Male,19,Young,Caucasian,114800.0,0.0,585,552100.0,360,6.3,Mortgage,Graduate,No,0,Semiurban,0.346,0
L04932,Male,37,Middle-aged,Caucasian,23400.0,14000.0,573,99500.0,360,3.4,Own,Graduate,Yes,0,Rural,0.191,1
L04933,Female,46,Middle-aged,Caucasian,30800.0,0.0,661,111500.0,180,18.1,Mortgage,Graduate,Yes,0,Semiurban,0.367,1
L04934,Male,37,Middle-aged,Hispanic,94200.0,0.0,675,361700.0,120,8.4,Mortgage,Graduate,Yes,2,Semiurban,0.512,1
L04935,Male,37,Middle-aged,African American,38500.0,0.0,669,124500.0,360,3.4,Mortgage,Undergraduate,No,1,Urban,0.233,1
L04936,Male,26,Young,Caucasian,37000.0,28600.0,577,246400.0,360,11.1,Rent,Graduate,No,1,Semiurban,0.27,0
L04937,Female,47,Middle-aged,Caucasian,66500.0,0.0,742,317200.0,180,7.6,Own,Graduate,No,1,Urban,0.483,1
L04938,Female,33,Middle-aged,African American,32600.0,0.0,619,159100.0,360,3.9,Mortgage,Undergraduate,No,3+,Semiurban,0.351,0
L04939,Female,18,Young,Caucasian,36200.0,0.0,549,156200.0,360,8.7,Rent,Graduate,No,2,Semiurban,0.31,0
L04940,Female,36,Middle-aged,Asian,45000.0,0.0,618,186400.0,360,9.4,Rent,Graduate,No,2,Urban,0.298,1
L04941,Male,52,Middle-aged,Hispanic,33900.0,11600.0,553,143900.0,360,10.0,Mortgage,Graduate,No,1,Semiurban,0.228,1
L04942,Male,36,Middle-aged,Caucasian,32600.0,10800.0,584,171600.0,120,14.1,Mortgage,Graduate,No,1,Rural,0.527,0
L04943,Female,61,Senior,Caucasian,39800.0,72500.0,672,313900.0,360,16.3,Rent,Undergraduate,Yes,3+,Urban,0.201,1
L04944,Male,46,Middle-aged,Asian,32700.0,11200.0,654,200500.0,360,5.5,Mortgage,Graduate,No,2,Urban,0.329,1
L04945,Female,45,Middle-aged,Hispanic,36900.0,50300.0,595,330000.0,180,14.6,Rent,Graduate,No,2,Semiurban,0.383,0
L04946,Female,39,Middle-aged,Caucasian,48000.0,0.0,783,241800.0,360,5.5,Rent,Graduate,No,1,Semiurban,0.362,1
L04947,Female,40,Middle-aged,African American,44800.0,0.0,608,170700.0,360,6.1,Own,Graduate,No,0,Semiurban,0.274,0
L04948,Female,37,Middle-aged,Caucasian,65400.0,0.0,530,250300.0,120,20.8,Rent,Graduate,No,0,Urban,0.51,0
L04949,Female,37,Middle-aged,Caucasian,35400.0,0.0,679,174100.0,360,10.0,Rent,Graduate,No,0,Urban,0.354,0
L04950,Female,47,Middle-aged,African American,38900.0,0.0,661,180500.0,180,6.3,Mortgage,Graduate,No,0,Urban,0.47,1
L04951,Male,29,Young,Hispanic,53700.0,0.0,623,246200.0,360,6.9,Mortgage,Graduate,No,0,Urban,0.33,0
L04952,Male,28,Young,African American,44700.0,0.0,572,162200.0,360,5.4,Rent,Graduate,No,1,Rural,0.261,0
L04953,Male,27,Young,Asian,40500.0,0.0,619,197400.0,360,2.0,Own,Graduate,No,2,Urban,0.351,1
L04954,Female,65,Senior,Caucasian,27600.0,20200.0,739,165100.0,360,18.0,Mortgage,Graduate,No,0,Urban,0.248,1
L04955,Male,47,Middle-aged,Caucasian,59900.0,0.0,653,239900.0,360,13.0,Rent,Undergraduate,No,0,Rural,0.288,1
L04956,Female,44,Middle-aged,Caucasian,21100.0,0.0,517,104400.0,360,11.4,Rent,Graduate,No,2,Rural,0.356,0
L04957,Male,28,Young,Caucasian,44000.0,16900.0,392,206100.0,360,5.6,Mortgage,Graduate,No,1,Urban,0.243,0
L04958,Female,48,Middle-aged,African American,20000.0,0.0,634,89400.0,360,5.7,Own,Graduate,No,1,Semiurban,0.322,1
L04959,Male,39,Middle-aged,Caucasian,28700.0,0.0,545,116200.0,360,13.9,Rent,Graduate,No,1,Semiurban,0.291,0
L04960,Female,43,Middle-aged,Asian,29300.0,0.0,604,127000.0,360,5.9,Mortgage,Undergraduate,No,0,Urban,0.312,0
L04961,Male,29,Young,Asian,76000.0,29200.0,578,283100.0,360,1.8,Own,Graduate,No,0,Semiurban,0.194,1
L04962,Male,42,Middle-aged,Caucasian,64600.0,43000.0,584,353400.0,360,23.6,Own,Graduate,No,3+,Rural,0.236,1
L04963,Male,35,Middle-aged,Caucasian,39300.0,0.0,561,167100.0,180,12.4,Mortgage,Graduate,No,1,Semiurban,0.431,0
L04964,Female,31,Middle-aged,African American,42700.0,0.0,563,175400.0,360,6.8,Mortgage,Graduate,No,0,Semiurban,0.296,0
L04965,Male,49,Middle-aged,Hispanic,62900.0,0.0,693,308600.0,360,4.7,Rent,Graduate,Yes,0,Semiurban,0.353,0
L04966,Male,22,Young,African American,36800.0,0.0,619,136200.0,360,1.9,Own,Graduate,No,1,Semiurban,0.266,1
L04967,Female,47,Middle-aged,Caucasian,24000.0,12400.0,540,152700.0,120,7.4,Rent,Graduate,No,0,Rural,0.559,0
L04968,Female,49,Middle-aged,Caucasian,38300.0,17100.0,562,185300.0,360,9.6,Rent,Graduate,No,0,Urban,0.241,0
L04969,Female,30,Middle-aged,Caucasian,40100.0,0.0,622,183000.0,360,8.0,Mortgage,Graduate,No,0,Rural,0.328,1
L04970,Male,31,Middle-aged,Caucasian,29900.0,33600.0,656,152800.0,360,9.7,Own,Graduate,No,0,Rural,0.173,1
L04971,Male,38,Middle-aged,Asian,56800.0,0.0,687,196000.0,360,7.1,Rent,Graduate,No,1,Urban,0.248,1
L04972,Female,44,Middle-aged,Asian,46600.0,25400.0,566,283400.0,360,9.2,Own,Graduate,No,3+,Urban,0.283,1
L04973,Male,39,Middle-aged,Caucasian,58600.0,38200.0,687,239100.0,360,11.5,Mortgage,Undergraduate,No,0,Semiurban,0.178,1
L04974,Female,46,Middle-aged,Caucasian,46600.0,0.0,522,241400.0,360,10.6,Mortgage,Graduate,No,0,Semiurban,0.373,0
L04975,Male,62,Senior,Caucasian,65600.0,28500.0,656,277100.0,180,22.1,Rent,Graduate,No,0,Rural,0.298,1
L04976,Male,34,Middle-aged,Hispanic,41100.0,0.0,636,206600.0,360,12.8,Mortgage,Graduate,No,3+,Urban,0.362,1
L04977,Male,20,Young,Caucasian,53100.0,0.0,470,220900.0,180,1.2,Mortgage,Undergraduate,No,0,Semiurban,0.421,0
L04978,Male,50,Middle-aged,African American,33400.0,54400.0,750,266500.0,360,19.5,Rent,Graduate,No,0,Semiurban,0.218,1
L04979,Male,61,Senior,Caucasian,38800.0,0.0,725,123700.0,360,7.6,Rent,Graduate,No,2,Semiurban,0.229,1
L04980,Male,45,Middle-aged,African American,67000.0,0.0,682,256100.0,180,27.8,Mortgage,Graduate,No,0,Semiurban,0.387,1
L04981,Female,27,Young,Caucasian,20000.0,24100.0,521,110100.0,360,7.4,Mortgage,Undergraduate,No,0,Semiurban,0.18,0
L04982,Male,39,Middle-aged,Caucasian,69600.0,24600.0,633,346000.0,360,8.1,Rent,Graduate,No,3+,Urban,0.264,1
L04983,Female,27,Young,African American,24900.0,0.0,630,105600.0,360,3.3,Rent,Graduate,No,0,Rural,0.305,0
L04984,Female,48,Middle-aged,Caucasian,30900.0,0.0,552,142000.0,180,5.2,Mortgage,Graduate,No,0,Urban,0.465,0
L04985,Female,24,Young,Caucasian,46300.0,0.0,585,230400.0,360,1.6,Mortgage,Graduate,No,1,Urban,0.358,0
L04986,Male,37,Middle-aged,Caucasian,27000.0,0.0,654,109400.0,360,12.9,Mortgage,Undergraduate,No,3+,Semiurban,0.292,1
L04987,Female,28,Young,Caucasian,30100.0,25900.0,499,154800.0,360,4.3,Mortgage,Graduate,No,3+,Semiurban,0.199,0
L04988,Female,42,Middle-aged,Caucasian,29700.0,0.0,629,111400.0,360,7.7,Rent,Graduate,Yes,2,Semiurban,0.27,0
L04989,Female,36,Middle-aged,African American,29200.0,0.0,495,143300.0,360,16.1,Mortgage,Graduate,Yes,0,Semiurban,0.353,0
L04990,Female,43,Middle-aged,Hispanic,26700.0,0.0,552,88900.0,360,5.2,Mortgage,Graduate,No,2,Semiurban,0.24,0
L04991,Female,41,Middle-aged,Caucasian,79100.0,0.0,617,348900.0,360,10.7,Mortgage,Graduate,No,0,Semiurban,0.317,1
L04992,Female,29,Young,Caucasian,85500.0,20500.0,665,292100.0,360,4.8,Rent,Graduate,No,1,Urban,0.198,1
L04993,Male,48,Middle-aged,Caucasian,21800.0,0.0,570,77500.0,360,5.7,Rent,Graduate,No,0,Rural,0.256,0
L04994,Female,40,Middle-aged,Caucasian,51800.0,0.0,631,224300.0,180,12.9,Mortgage,Graduate,No,1,Semiurban,0.438,0
L04995,Male,29,Young,Caucasian,69100.0,33700.0,580,350600.0,360,7.3,Mortgage,Undergraduate,Yes,0,Urban,0.245,0
L04996,Female,67,Senior,African American,39600.0,0.0,623,162800.0,120,7.8,Rent,Graduate,No,2,Semiurban,0.548,0
L04997,Male,46,Middle-aged,Caucasian,37700.0,0.0,697,169100.0,360,8.1,Mortgage,Graduate,No,0,Rural,0.323,1
L04998,Male,39,Middle-aged,Caucasian,44500.0,0.0,548,157000.0,360,12.7,Mortgage,Undergraduate,Yes,0,Urban,0.254,0
L04999,Female,57,Senior,Hispanic,27300.0,0.0,675,99100.0,360,6.2,Mortgage,Graduate,No,1,Semiurban,0.261,1
L05000,Female,63,Senior,Hispanic,31100.0,0.0,642,141200.0,120,9.4,Mortgage,Graduate,No,0,Semiurban,0.605,0
