app_id,age,monthly_income,credit_history_length,credit_score,num_credit_lines,loan_amount,interest_rate,loan_purpose,employment_status,years_at_job,annual_income,dti_ratio,has_cosigner,previous_defaults,loan_grade,loan_approved
PL00001,59,10229.72,30,700,11,21915.23,11.24,Debt Consolidation,Employed,20.2,122756.63999999998,0.425,Yes,0,C,1
PL00002,49,16899.8,18,719,9,20195.02,8.03,Debt Consolidation,Employed,14.2,202797.59999999998,0.857,No,0,C,1
PL00003,35,4827.18,12,548,1,23749.08,18.72,Home Improvement,Employed,9.9,57926.16,0.563,No,0,E,0
PL00004,63,22439.16,30,797,15,4734.7,7.86,Home Improvement,Employed,3.0,269269.92,0.045,No,0,A,1
PL00005,28,13570.93,2,659,7,28105.0,17.38,Debt Consolidation,Employed,21.2,162851.16,0.802,No,0,C,0
PL00006,41,12335.04,28,764,13,17106.17,9.87,Debt Consolidation,Employed,10.8,148020.48,0.055,Yes,0,B,1
PL00007,59,15474.89,30,688,14,6949.68,10.91,Debt Consolidation,Self-Employed,8.0,185698.68,0.934,No,0,C,0
PL00008,39,16370.03,17,609,15,23846.58,13.93,Debt Consolidation,Self-Employed,8.9,196440.36000000002,0.212,No,0,D,1
PL00009,43,3650.84,24,675,10,1165.82,13.49,Debt Consolidation,Retired,8.2,43810.08,0.488,No,0,C,0
PL00010,31,17700.2,7,707,11,20687.48,10.01,Medical,Employed,16.8,212402.40000000002,0.072,No,1,C,1
PL00011,31,7564.43,0,589,1,6181.03,15.73,Home Improvement,Employed,19.0,90773.16,0.562,Yes,0,D,0
PL00012,44,18420.91,20,643,3,2190.34,12.91,Debt Consolidation,Self-Employed,2.6,221050.91999999998,0.497,Yes,3,D,0
PL00013,56,20918.3,30,833,2,41399.28,5.12,Education,Employed,4.8,251019.59999999998,0.41,Yes,0,A,1
PL00014,60,20491.05,30,833,8,45896.19,7.24,Debt Consolidation,Employed,5.2,245892.59999999998,0.036,No,0,A,1
PL00015,44,14707.52,18,577,17,11176.06,13.43,Education,Employed,12.6,176490.24,0.879,No,0,D,0
PL00016,23,13963.91,6,632,18,27425.61,17.5,Medical,Retired,18.0,167566.91999999998,0.803,Yes,0,D,0
PL00017,42,5286.15,19,733,6,14619.95,9.91,Home Improvement,Employed,0.0,63433.799999999996,0.633,No,0,B,1
PL00018,22,19832.96,0,659,3,25185.29,12.41,Debt Consolidation,Employed,1.6,237995.52,0.572,No,0,C,1
PL00019,44,8242.42,23,644,5,22394.93,16.14,Debt Consolidation,Employed,7.3,98909.04000000001,0.695,No,0,D,0
PL00020,64,13423.99,30,720,18,14183.5,10.5,Medical,Employed,14.3,161087.88,0.144,Yes,0,C,1
PL00021,50,8538.3,30,626,0,35319.29,13.09,Debt Consolidation,Retired,2.5,102459.59999999999,0.933,No,0,D,0
PL00022,58,5078.05,30,596,15,7198.06,13.5,Debt Consolidation,Employed,6.9,60936.600000000006,0.285,No,0,D,1
PL00023,22,16479.83,6,719,10,3600.57,12.35,Debt Consolidation,Employed,4.2,197757.96000000002,0.656,No,0,C,1
PL00024,41,3249.64,17,546,3,38616.1,20.34,Education,Employed,16.1,38995.68,0.607,No,0,E,0
PL00025,53,19218.84,26,754,17,33630.57,8.54,Debt Consolidation,Self-Employed,9.1,230626.08000000002,0.637,Yes,1,B,0
PL00026,32,9304.5,11,694,4,25427.78,14.73,Other,Retired,4.2,111654.0,0.879,No,0,C,0
PL00027,42,2003.1,21,561,5,23921.7,18.21,Education,Self-Employed,0.6,24037.199999999997,0.296,No,0,D,0
PL00028,64,13755.97,30,690,1,25373.16,14.93,Debt Consolidation,Self-Employed,6.8,165071.63999999998,0.749,Yes,0,C,0
PL00029,45,3077.59,23,706,11,22414.18,9.63,Medical,Employed,7.9,36931.08,0.598,No,0,C,1
PL00030,69,8351.9,30,746,8,20251.72,7.57,Debt Consolidation,Retired,16.8,100222.79999999999,0.076,No,0,B,1
PL00031,47,18260.46,27,694,19,25484.84,11.06,Education,Employed,18.1,219125.52,0.414,No,1,C,1
PL00032,62,3441.86,30,741,11,26897.24,9.16,Education,Retired,0.5,41302.32,0.838,No,1,B,0
PL00033,48,21304.79,28,802,12,34903.21,9.48,Education,Employed,17.9,255657.48,0.315,No,0,A,1
PL00034,36,2087.86,12,635,16,35849.15,15.36,Home Improvement,Employed,15.7,25054.32,0.482,No,0,D,0
PL00035,35,7676.95,11,603,4,19503.82,14.71,Debt Consolidation,Employed,5.8,92123.4,0.489,No,0,D,0
PL00036,67,19040.79,30,748,19,21263.49,9.66,Other,Employed,16.1,228489.48,0.618,No,0,B,1
PL00037,64,9274.21,30,728,12,19311.16,9.69,Home Improvement,Employed,3.7,111290.51999999999,0.884,No,0,B,0
PL00038,23,4343.52,2,598,12,27290.25,14.85,Debt Consolidation,Employed,13.2,52122.240000000005,0.174,No,0,D,1
PL00039,57,10285.38,30,752,9,23214.32,9.3,Debt Consolidation,Employed,29.4,123424.56,0.505,No,0,B,1
PL00040,27,8219.05,1,558,14,44590.23,17.89,Debt Consolidation,Unemployed,0.0,98628.59999999999,0.424,No,0,D,0
PL00041,41,21382.37,30,654,14,35121.7,12.38,Debt Consolidation,Retired,7.3,256588.44,0.296,No,0,C,1
PL00042,29,9207.0,2,653,17,45034.16,12.4,Education,Retired,0.0,110484.0,0.92,No,0,C,0
PL00043,59,20145.45,30,734,17,35747.71,11.9,Debt Consolidation,Self-Employed,10.7,241745.40000000002,0.008,Yes,0,B,1
PL00044,38,22513.06,19,697,1,48578.62,12.8,Other,Employed,18.0,270156.72000000003,0.122,No,0,C,1
PL00045,24,11977.8,6,559,10,32151.1,20.11,Debt Consolidation,Employed,4.3,143733.59999999998,0.733,Yes,0,D,0
PL00046,45,22928.69,28,745,12,48213.96,9.21,Debt Consolidation,Employed,14.3,275144.27999999997,0.263,Yes,2,B,1
PL00047,34,10678.32,22,658,10,8750.32,11.55,Debt Consolidation,Retired,7.9,128139.84,0.723,No,0,C,0
PL00048,70,24173.8,30,833,3,3571.41,5.0,Debt Consolidation,Retired,6.8,290085.6,0.832,No,0,A,1
PL00049,29,4053.66,2,621,14,29377.13,17.46,Home Improvement,Self-Employed,13.9,48643.92,0.255,No,1,D,0
PL00050,46,17801.44,23,714,10,49191.17,7.98,Medical,Retired,0.0,213617.27999999997,0.192,No,0,C,1
PL00051,22,13357.72,2,709,17,21462.66,14.3,Debt Consolidation,Employed,8.5,160292.63999999998,0.145,Yes,0,C,1
PL00052,40,10915.92,29,608,15,11390.12,13.78,Home Improvement,Employed,17.9,130991.04000000001,0.2,No,0,D,0
PL00053,48,16552.37,20,745,9,26555.53,11.33,Home Improvement,Unemployed,0.0,198628.44,0.267,No,0,B,1
PL00054,67,18188.71,30,681,11,32791.13,10.64,Home Improvement,Employed,10.1,218264.52,0.869,No,0,C,0
PL00055,27,2100.36,6,562,12,16443.76,16.9,Home Improvement,Employed,8.9,25204.32,0.77,No,0,D,0
PL00056,64,5839.92,30,636,8,36023.7,10.61,Medical,Employed,25.3,70079.04000000001,0.002,Yes,0,D,1
PL00057,28,18400.06,6,727,20,48780.61,14.3,Education,Employed,13.1,220800.72000000003,0.874,No,0,B,1
PL00058,67,17326.86,30,757,12,44951.19,10.38,Debt Consolidation,Self-Employed,0.0,207922.32,0.079,Yes,0,B,1
PL00059,55,24219.09,30,770,5,15287.68,9.9,Debt Consolidation,Employed,3.1,290629.08,0.655,Yes,0,B,1
PL00060,34,19503.87,16,650,5,17009.46,13.11,Education,Employed,10.8,234046.44,0.151,No,0,D,1
PL00061,37,23867.77,20,718,10,19205.52,9.14,Home Improvement,Employed,20.1,286413.24,0.062,No,0,C,1
PL00062,56,18158.43,30,704,18,20333.09,13.19,Education,Employed,15.3,217901.16,0.76,No,0,C,0
PL00063,70,8855.2,30,743,10,5915.66,7.46,Other,Retired,17.9,106262.40000000001,0.467,No,0,B,1
PL00064,60,4423.39,30,632,9,38336.18,14.57,Debt Consolidation,Employed,1.0,53080.68000000001,0.599,No,0,D,0
PL00065,24,19981.95,7,754,14,18901.62,6.86,Medical,Employed,15.0,239783.40000000002,0.425,Yes,1,B,1
PL00066,22,16815.43,3,584,12,44111.18,17.34,Medical,Employed,4.1,201785.16,0.067,No,0,D,1
PL00067,26,3108.28,0,567,7,46420.09,14.03,Medical,Retired,9.0,37299.36,0.74,Yes,1,D,0
PL00068,62,10281.16,30,799,4,2197.13,5.0,Medical,Employed,16.8,123373.92,0.82,No,0,A,1
PL00069,24,24006.4,0,686,1,49436.65,10.73,Debt Consolidation,Unemployed,0.0,288076.80000000005,0.041,No,0,C,1
PL00070,49,13509.23,20,639,15,35791.11,15.82,Debt Consolidation,Employed,0.0,162110.76,0.376,No,0,D,1
PL00071,38,11952.77,12,686,12,26499.22,11.39,Other,Employed,7.1,143433.24,0.557,Yes,0,C,1
PL00072,46,12527.09,19,670,18,20086.85,15.15,Debt Consolidation,Self-Employed,11.0,150325.08000000002,0.605,Yes,2,C,0
PL00073,64,6804.3,30,660,8,26407.39,16.64,Education,Employed,15.5,81651.6,0.578,No,0,C,0
PL00074,54,10480.26,29,645,14,16906.61,13.7,Education,Employed,2.9,125763.12,0.693,No,0,D,0
PL00075,30,10505.7,0,790,5,31511.7,5.0,Debt Consolidation,Employed,5.6,126068.40000000001,0.967,Yes,1,A,0
PL00076,56,3204.17,30,655,7,5556.03,15.79,Home Improvement,Employed,11.7,38450.04,0.391,No,0,C,1
PL00077,34,19654.06,19,609,13,31435.01,12.87,Medical,Employed,14.4,235848.72000000003,0.557,No,0,D,0
PL00078,51,11579.6,26,774,4,14491.9,6.65,Other,Employed,11.6,138955.2,0.699,No,0,B,1
PL00079,68,20910.14,30,811,16,1864.11,5.0,Debt Consolidation,Employed,8.8,250921.68,0.592,Yes,0,A,1
PL00080,35,21558.0,16,679,6,28082.58,14.7,Education,Employed,4.1,258696.0,0.387,No,0,C,1
PL00081,28,6875.86,12,583,8,29343.94,18.28,Home Improvement,Self-Employed,17.1,82510.31999999999,0.624,No,2,D,0
PL00082,34,17119.13,8,727,15,21901.88,13.83,Other,Employed,19.7,205429.56,0.65,No,0,B,1
PL00083,43,12862.48,27,677,17,4542.03,11.98,Other,Employed,5.3,154349.76,0.585,No,0,C,0
PL00084,60,22243.6,30,674,12,44773.8,11.35,Medical,Employed,6.2,266923.19999999995,0.205,No,0,C,1
PL00085,41,6962.04,13,746,17,30960.11,8.68,Debt Consolidation,Employed,15.5,83544.48,0.506,Yes,0,B,1
PL00086,36,17589.7,18,678,9,6669.95,10.15,Debt Consolidation,Employed,11.3,211076.40000000002,0.884,Yes,0,C,0
PL00087,65,15978.3,30,824,0,26035.6,9.04,Home Improvement,Retired,14.7,191739.59999999998,0.869,Yes,0,A,1
PL00088,38,8791.93,29,723,20,25365.46,17.53,Home Improvement,Self-Employed,12.2,105503.16,0.751,No,0,B,0
PL00089,67,5141.82,30,649,17,3959.69,12.69,Medical,Employed,13.0,61701.84,0.697,No,0,D,0
PL00090,44,16987.71,26,764,18,30736.13,10.09,Debt Consolidation,Employed,6.7,203852.52,0.153,Yes,0,B,1
PL00091,46,18987.74,22,694,1,40607.99,11.78,Medical,Employed,0.0,227852.88,0.459,No,0,C,1
PL00092,45,9259.43,27,582,3,37701.39,18.07,Debt Consolidation,Unemployed,0.0,111113.16,0.111,No,0,D,1
PL00093,65,16831.15,30,732,10,10945.5,12.48,Education,Employed,15.5,201973.80000000002,0.817,No,0,B,1
PL00094,61,11088.01,30,737,2,43252.33,7.85,Debt Consolidation,Employed,12.3,133056.12,0.291,No,0,B,1
PL00095,49,18403.76,24,706,8,17784.57,10.59,Other,Employed,4.0,220845.12,0.767,No,1,C,0
PL00096,35,6581.95,14,627,9,47378.91,17.54,Debt Consolidation,Employed,5.4,78983.4,0.815,No,0,D,0
PL00097,65,22474.95,30,839,1,4515.65,6.52,Education,Employed,29.7,269699.4,0.892,No,0,A,1
PL00098,21,8610.42,3,630,6,24824.23,15.65,Debt Consolidation,Self-Employed,12.8,103325.04000000001,0.754,No,1,D,0
PL00099,45,10459.08,29,640,14,30259.09,15.56,Medical,Employed,0.0,125508.95999999999,0.565,No,0,D,0
PL00100,27,3336.11,8,645,18,13134.85,15.53,Education,Employed,5.4,40033.32,0.598,No,0,D,0
PL00101,29,4564.78,16,630,9,38797.63,17.32,Other,Employed,8.3,54777.36,0.321,Yes,0,D,1
PL00102,44,13864.82,25,571,19,31717.89,19.19,Debt Consolidation,Employed,0.1,166377.84,0.177,No,0,D,1
PL00103,21,8154.63,0,644,13,1887.36,14.26,Debt Consolidation,Employed,9.0,97855.56,0.131,No,3,D,0
PL00104,64,21216.05,30,793,3,30810.06,8.3,Home Improvement,Self-Employed,6.1,254592.59999999998,0.182,Yes,0,A,1
PL00105,28,2337.95,3,608,10,25082.43,15.87,Debt Consolidation,Employed,11.6,28055.399999999998,0.934,No,0,D,0
PL00106,44,10719.16,27,726,2,10605.43,9.14,Debt Consolidation,Employed,7.7,128629.92,0.164,No,0,B,1
PL00107,31,9758.95,17,617,16,49791.66,15.49,Education,Self-Employed,4.4,117107.40000000001,0.724,No,0,D,0
PL00108,37,2444.54,18,643,6,44960.95,14.18,Medical,Employed,7.3,29334.48,0.185,No,0,D,1
PL00109,28,4860.47,0,541,10,15332.88,15.65,Debt Consolidation,Employed,16.8,58325.64,0.975,No,2,E,0
PL00110,55,11513.78,29,727,17,27512.48,12.14,Debt Consolidation,Employed,10.5,138165.36000000002,0.367,Yes,0,B,1
PL00111,55,13335.89,30,814,13,16508.6,8.53,Home Improvement,Self-Employed,8.3,160030.68,0.412,No,0,A,1
PL00112,53,11298.66,30,652,13,38999.29,15.09,Education,Employed,12.8,135583.91999999998,0.405,No,0,C,1
PL00113,25,14211.57,4,623,5,46586.24,17.09,Debt Consolidation,Employed,10.0,170538.84,0.816,Yes,0,D,0
PL00114,62,15688.03,30,706,8,18582.6,11.19,Debt Consolidation,Employed,1.1,188256.36000000002,0.218,No,0,C,1
PL00115,59,2228.25,30,675,2,40473.63,11.93,Medical,Employed,15.5,26739.0,0.831,No,1,C,0
PL00116,61,12674.19,30,672,16,25421.97,14.99,Debt Consolidation,Self-Employed,5.0,152090.28,0.657,No,0,C,1
PL00117,48,24160.48,25,777,11,20432.35,6.2,Home Improvement,Employed,7.3,289925.76,0.22,No,0,B,1
PL00118,27,13937.74,4,706,3,46982.67,9.36,Medical,Retired,0.0,167252.88,0.065,No,0,C,1
PL00119,29,17583.47,12,712,19,26009.83,12.17,Education,Employed,16.6,211001.64,0.775,No,0,C,1
PL00120,28,9172.87,9,553,15,23903.11,19.34,Other,Employed,11.0,110074.44,0.219,No,0,D,0
PL00121,32,19801.8,9,752,9,33949.29,11.31,Debt Consolidation,Self-Employed,12.3,237621.59999999998,0.889,No,0,B,0
PL00122,54,19777.19,30,793,6,13800.48,5.0,Debt Consolidation,Employed,16.5,237326.27999999997,0.13,No,0,A,1
PL00123,53,13989.81,30,757,9,16914.85,9.03,Medical,Employed,16.6,167877.72,0.616,No,0,B,1
PL00124,68,24448.32,30,816,6,46670.25,5.0,Education,Employed,4.4,293379.83999999997,0.692,No,0,A,1
PL00125,43,4887.65,18,661,17,34247.96,15.3,Debt Consolidation,Employed,10.1,58651.799999999996,0.658,No,0,C,1
PL00126,44,2389.8,18,691,8,41505.22,14.89,Debt Consolidation,Employed,9.3,28677.600000000002,0.316,Yes,0,C,1
PL00127,57,19713.64,30,848,17,14284.48,6.1,Debt Consolidation,Retired,8.6,236563.68,0.876,No,0,A,1
PL00128,55,20564.58,30,705,16,27645.72,10.48,Debt Consolidation,Self-Employed,3.6,246774.96000000002,0.77,No,0,C,1
PL00129,64,4764.77,30,745,10,48598.42,8.28,Medical,Retired,21.4,57177.240000000005,0.51,Yes,0,B,1
PL00130,60,8108.41,30,696,0,16616.49,11.18,Medical,Unemployed,0.0,97300.92,0.603,No,0,C,0
PL00131,42,2403.7,17,629,16,8863.35,13.36,Education,Employed,13.5,28844.399999999998,0.566,No,1,D,0
PL00132,47,8746.1,24,600,3,26033.41,16.05,Debt Consolidation,Employed,20.9,104953.20000000001,0.947,No,1,D,0
PL00133,55,19782.26,26,734,3,20003.23,8.77,Debt Consolidation,Employed,13.8,237387.12,0.896,No,0,B,1
PL00134,21,13913.09,0,601,13,8819.28,13.55,Debt Consolidation,Retired,7.6,166957.08000000002,0.235,Yes,0,D,1
PL00135,55,10006.2,30,676,8,44539.02,13.67,Debt Consolidation,Employed,6.6,120074.40000000001,0.263,Yes,0,C,1
PL00136,57,10550.0,30,651,12,49545.47,14.96,Debt Consolidation,Employed,13.1,126600.0,0.981,No,0,C,0
PL00137,67,2031.13,30,661,15,28860.53,16.99,Debt Consolidation,Employed,0.0,24373.56,0.237,Yes,0,C,1
PL00138,34,8895.41,7,632,0,38959.16,14.04,Education,Employed,16.9,106744.92,0.953,No,0,D,0
PL00139,23,16868.55,7,675,2,43092.88,9.17,Home Improvement,Employed,0.0,202422.59999999998,0.65,No,0,C,1
PL00140,21,24406.47,1,623,18,35348.12,16.95,Debt Consolidation,Employed,18.8,292877.64,0.05,Yes,0,D,1
PL00141,25,21482.4,4,625,7,3163.65,17.08,Other,Retired,14.0,257788.80000000002,0.336,Yes,0,D,0
PL00142,46,2542.68,24,662,17,8724.08,15.83,Home Improvement,Employed,25.6,30512.159999999996,0.476,No,2,C,0
PL00143,34,22666.89,10,681,5,4478.47,15.62,Other,Unemployed,0.0,272002.68,0.833,No,0,C,0
PL00144,59,20013.56,30,811,19,1484.1,9.74,Home Improvement,Employed,15.2,240162.72000000003,0.329,Yes,0,A,1
PL00145,47,19948.65,28,745,5,15993.82,7.82,Medical,Retired,15.6,239383.80000000002,0.311,Yes,0,B,1
PL00146,29,12533.9,0,691,4,20225.44,15.32,Education,Employed,2.9,150406.8,0.92,No,0,C,0
PL00147,35,11154.12,11,736,11,12810.46,9.53,Debt Consolidation,Self-Employed,1.5,133849.44,0.079,No,0,B,1
PL00148,35,8967.06,12,639,8,4165.63,16.19,Medical,Employed,2.5,107604.72,0.552,No,0,D,1
PL00149,46,3510.98,26,620,8,26963.29,15.97,Medical,Employed,9.7,42131.76,0.504,No,0,D,0
PL00150,62,7249.41,30,743,16,14392.65,7.92,Education,Retired,9.9,86992.92,0.057,No,0,B,1
PL00151,33,7671.88,8,669,18,40005.82,15.55,Medical,Employed,10.3,92062.56,0.088,No,0,C,1
PL00152,52,13133.77,28,700,16,1394.58,10.91,Education,Employed,14.0,157605.24,0.382,Yes,0,C,1
PL00153,59,19191.22,30,823,15,42283.83,9.94,Education,Employed,4.1,230294.64,0.134,No,0,A,1
PL00154,69,12897.63,30,731,11,47782.93,8.88,Debt Consolidation,Employed,16.7,154771.56,0.478,No,0,B,1
PL00155,52,3330.42,29,662,2,36090.62,11.54,Medical,Employed,13.4,39965.04,0.609,Yes,0,C,0
PL00156,24,24029.17,6,709,13,36948.56,10.08,Home Improvement,Employed,22.6,288350.04,0.691,Yes,0,C,1
PL00157,50,23682.66,23,711,16,46744.55,14.31,Home Improvement,Employed,13.4,284191.92,0.546,Yes,0,C,1
PL00158,57,20059.36,30,758,15,11244.49,6.05,Home Improvement,Employed,9.4,240712.32,0.38,No,0,B,1
PL00159,43,24800.54,13,819,20,49733.71,8.24,Debt Consolidation,Retired,27.2,297606.48,0.13,No,0,A,1
PL00160,59,14523.09,30,752,11,38900.58,13.12,Other,Employed,9.3,174277.08000000002,0.247,Yes,0,B,1
PL00161,65,24143.67,30,792,1,36601.96,7.3,Debt Consolidation,Employed,12.3,289724.04,0.419,No,0,A,1
PL00162,35,3738.92,22,620,7,18693.44,14.67,Home Improvement,Employed,13.5,44867.04,0.924,No,0,D,0
PL00163,63,10410.66,30,734,11,27743.1,10.43,Debt Consolidation,Employed,17.4,124927.92,0.203,No,0,B,1
PL00164,49,7183.77,16,711,20,33041.97,9.07,Education,Employed,10.7,86205.24,0.413,No,1,C,1
PL00165,56,6504.16,25,714,15,31396.8,16.48,Medical,Employed,30.0,78049.92,0.732,No,0,C,0
PL00166,33,5238.47,12,615,7,35544.25,17.02,Medical,Retired,5.4,62861.64,0.705,No,1,D,0
PL00167,52,16315.51,30,741,15,5036.71,7.51,Education,Self-Employed,21.9,195786.12,0.966,No,0,B,0
PL00168,27,19970.4,7,717,9,18426.77,9.43,Medical,Employed,0.0,239644.80000000002,0.191,No,0,C,1
PL00169,42,15300.86,21,650,19,22266.0,14.45,Education,Employed,2.1,183610.32,0.017,No,0,D,1
PL00170,48,5380.14,30,671,14,13770.84,10.55,Debt Consolidation,Employed,0.0,64561.68000000001,0.322,No,0,C,1
PL00171,22,20655.85,0,579,3,9458.74,14.31,Medical,Unemployed,0.0,247870.19999999998,0.15,Yes,0,D,1
PL00172,62,16626.96,30,771,14,7807.45,9.18,Debt Consolidation,Unemployed,0.0,199523.52,0.548,No,0,B,1
PL00173,65,10927.81,30,757,3,18952.79,11.24,Medical,Employed,10.9,131133.72,0.899,Yes,0,B,1
PL00174,26,17505.0,0,716,10,25178.64,12.92,Debt Consolidation,Employed,2.9,210060.0,0.688,No,0,C,1
PL00175,48,7977.81,17,656,5,4085.85,13.7,Education,Employed,22.1,95733.72,0.136,No,0,C,1
PL00176,48,9939.42,25,701,3,47376.45,11.22,Education,Employed,14.0,119273.04000000001,0.116,No,0,C,1
PL00177,64,23102.17,30,850,8,38496.92,5.1,Debt Consolidation,Employed,10.5,277226.04,0.911,Yes,0,A,1
PL00178,64,8681.6,30,782,8,36811.74,10.08,Education,Employed,12.1,104179.20000000001,0.488,No,0,A,1
PL00179,40,12809.73,19,682,2,9470.17,10.12,Medical,Employed,15.2,153716.76,0.924,Yes,0,C,0
PL00180,50,22473.25,24,759,4,30586.24,7.58,Other,Employed,19.5,269679.0,0.736,No,0,B,1
PL00181,31,18277.59,9,748,14,26956.52,8.88,Home Improvement,Employed,6.0,219331.08000000002,0.993,No,0,B,0
PL00182,48,3430.67,19,578,8,49140.97,16.88,Medical,Self-Employed,4.5,41168.04,0.871,No,0,D,0
PL00183,45,5387.97,30,640,1,37635.92,14.44,Education,Employed,13.3,64655.64,0.414,No,0,D,1
PL00184,59,2180.36,30,735,2,29212.33,10.18,Debt Consolidation,Employed,22.6,26164.32,0.758,No,0,B,1
PL00185,53,16511.2,29,777,20,42689.82,9.67,Debt Consolidation,Self-Employed,0.0,198134.40000000002,0.471,No,1,B,1
PL00186,21,12296.49,7,661,11,8599.62,10.07,Debt Consolidation,Employed,13.2,147557.88,0.233,No,0,C,1
PL00187,47,5088.32,19,584,15,1745.61,13.89,Home Improvement,Employed,20.3,61059.84,0.241,No,0,D,0
PL00188,33,24032.48,6,723,4,34821.43,9.44,Debt Consolidation,Employed,14.9,288389.76,0.397,No,0,B,1
PL00189,61,14182.17,30,703,9,5817.26,13.41,Education,Employed,12.7,170186.04,0.111,No,0,C,1
PL00190,23,7563.55,1,640,14,6656.25,13.24,Debt Consolidation,Employed,14.3,90762.6,0.178,No,0,D,1
PL00191,59,13513.88,30,685,13,37489.36,12.42,Debt Consolidation,Self-Employed,24.4,162166.56,0.501,No,0,C,1
PL00192,26,17631.27,8,628,13,14256.21,15.35,Debt Consolidation,Employed,16.4,211575.24,0.954,No,0,D,0
PL00193,28,3753.5,19,511,12,31802.93,21.04,Medical,Employed,0.0,45042.0,0.578,No,0,E,0
PL00194,47,8318.19,14,736,15,45952.94,13.31,Education,Self-Employed,9.3,99818.28,0.408,No,0,B,1
PL00195,29,20560.21,11,680,7,16507.25,14.12,Medical,Employed,10.7,246722.52,0.243,No,0,C,1
PL00196,57,12572.29,30,724,7,11640.06,12.72,Education,Employed,18.2,150867.48,0.196,No,1,B,1
PL00197,53,14571.27,29,718,16,6221.58,10.75,Home Improvement,Employed,10.7,174855.24,0.658,No,0,C,1
PL00198,62,11954.77,30,670,16,7392.66,16.13,Home Improvement,Employed,10.1,143457.24,0.848,No,2,C,0
PL00199,64,3009.7,30,620,2,4048.91,15.6,Home Improvement,Employed,10.3,36116.399999999994,0.399,No,2,D,0
PL00200,44,5812.24,30,606,0,5294.48,12.18,Education,Retired,11.9,69746.88,0.551,No,0,D,0
PL00201,35,12247.46,18,635,16,22168.22,19.69,Debt Consolidation,Employed,9.3,146969.52,0.707,Yes,2,D,0
PL00202,52,6811.27,30,696,15,16722.39,12.09,Other,Employed,6.6,81735.24,0.058,Yes,1,C,1
PL00203,52,3149.52,30,619,16,35621.48,16.56,Debt Consolidation,Unemployed,0.0,37794.24,0.351,Yes,0,D,0
PL00204,44,21403.94,15,822,1,43641.84,5.0,Debt Consolidation,Employed,12.4,256847.27999999997,0.73,Yes,1,A,1
PL00205,61,24567.43,30,836,13,39453.89,10.03,Education,Employed,15.0,294809.16000000003,0.685,Yes,0,A,1
PL00206,69,20242.29,30,819,6,27001.23,5.0,Medical,Self-Employed,30.0,242907.48,0.053,No,0,A,1
PL00207,69,21637.05,30,780,18,6019.66,7.41,Debt Consolidation,Self-Employed,0.0,259644.59999999998,0.238,No,0,B,1
PL00208,32,7565.47,11,717,0,35778.6,7.99,Medical,Employed,14.7,90785.64,0.68,No,0,C,1
PL00209,59,24094.42,30,767,16,18778.61,9.5,Education,Retired,21.8,289133.04,0.271,No,0,B,1
PL00210,22,6529.29,1,615,9,5196.87,15.12,Education,Employed,3.8,78351.48,0.814,No,2,D,0
PL00211,23,23882.89,0,713,5,42280.85,8.14,Education,Self-Employed,15.5,286594.68,0.03,Yes,3,C,1
PL00212,69,24880.84,30,837,6,17572.61,5.46,Education,Unemployed,0.0,298570.08,0.19,No,0,A,1
PL00213,57,18369.62,30,777,5,11694.19,8.51,Debt Consolidation,Employed,5.9,220435.44,0.281,No,0,B,1
PL00214,69,24566.31,30,777,4,43701.15,7.82,Debt Consolidation,Employed,4.1,294795.72000000003,0.925,Yes,1,B,1
PL00215,37,15099.41,6,662,1,45204.56,9.9,Debt Consolidation,Employed,9.3,181192.91999999998,0.796,No,0,C,0
PL00216,69,7969.46,30,749,17,17609.57,10.17,Medical,Self-Employed,9.0,95633.52,0.884,Yes,1,B,0
PL00217,22,12050.91,0,680,16,18385.27,10.19,Education,Self-Employed,16.0,144610.91999999998,0.44,Yes,0,C,1
PL00218,22,15651.9,0,642,6,29401.8,16.23,Education,Employed,0.0,187822.8,0.823,No,1,D,0
PL00219,48,3680.88,29,575,20,36938.63,16.39,Education,Self-Employed,16.8,44170.56,0.853,No,0,D,0
PL00220,43,16313.9,22,697,18,4094.31,13.81,Education,Self-Employed,16.6,195766.8,0.4,No,2,C,0
PL00221,57,24567.09,30,808,6,30073.84,6.94,Debt Consolidation,Self-Employed,12.5,294805.08,0.994,No,1,A,0
PL00222,52,6372.48,30,766,6,47688.18,8.95,Debt Consolidation,Self-Employed,28.3,76469.76,0.851,No,1,B,0
PL00223,53,20229.69,24,687,15,13842.6,14.96,Home Improvement,Employed,19.9,242756.27999999997,0.974,No,0,C,0
PL00224,21,22881.67,5,675,11,45532.53,11.32,Education,Employed,6.0,274580.04,0.866,No,1,C,0
PL00225,39,23705.14,16,717,14,47558.25,8.85,Medical,Self-Employed,0.5,284461.68,0.776,No,0,C,0
PL00226,22,24083.12,6,772,14,14188.53,9.66,Education,Retired,4.5,288997.44,0.944,No,0,B,1
PL00227,64,13993.57,30,736,10,37955.89,7.55,Home Improvement,Employed,5.4,167922.84,0.42,No,0,B,1
PL00228,46,24478.08,22,709,1,12699.98,9.81,Education,Employed,0.0,293736.96,0.783,No,0,C,1
PL00229,52,19418.13,27,769,2,37142.95,5.52,Debt Consolidation,Self-Employed,14.0,233017.56,0.213,No,1,B,1
PL00230,26,5718.44,9,600,18,40073.58,18.67,Home Improvement,Self-Employed,0.0,68621.28,0.733,No,0,D,0
PL00231,52,12968.7,27,647,19,13113.08,12.22,Debt Consolidation,Employed,11.9,155624.40000000002,0.785,Yes,2,D,0
PL00232,24,18521.62,6,635,14,36077.61,13.46,Debt Consolidation,Employed,17.5,222259.44,0.717,No,0,D,1
PL00233,31,7688.83,8,727,15,40793.12,8.01,Debt Consolidation,Self-Employed,21.2,92265.95999999999,0.85,No,0,B,0
PL00234,37,16734.15,6,716,0,18570.36,10.32,Medical,Self-Employed,8.0,200809.80000000002,0.413,No,1,C,1
PL00235,58,17331.81,30,748,14,9217.44,9.35,Medical,Self-Employed,4.3,207981.72000000003,0.545,No,0,B,1
PL00236,44,5742.09,17,644,11,5506.26,16.02,Medical,Self-Employed,20.7,68905.08,0.011,Yes,0,D,1
PL00237,25,14996.96,4,679,6,29193.7,10.13,Other,Employed,22.1,179963.52,0.146,No,0,C,1
PL00238,54,19747.42,27,760,6,48926.81,7.89,Debt Consolidation,Unemployed,0.0,236969.03999999998,0.644,No,0,B,1
PL00239,26,13474.6,9,673,10,41324.57,15.89,Education,Self-Employed,4.5,161695.2,0.562,No,0,C,0
PL00240,42,2278.37,20,641,19,22356.14,16.58,Medical,Employed,0.0,27340.44,0.197,No,0,D,0
PL00241,31,2207.88,9,656,10,27294.42,12.46,Other,Retired,18.9,26494.56,0.243,Yes,2,C,0
PL00242,68,10211.67,30,728,16,14696.87,10.45,Debt Consolidation,Retired,9.5,122540.04000000001,0.344,Yes,0,B,1
PL00243,36,23302.46,19,679,2,8990.23,16.71,Other,Self-Employed,19.9,279629.52,0.716,No,0,C,0
PL00244,53,7259.57,30,651,15,24621.98,11.66,Debt Consolidation,Employed,4.7,87114.84,0.61,No,0,C,1
PL00245,29,16590.36,4,582,4,23711.58,13.34,Home Improvement,Employed,18.9,199084.32,0.07,No,0,D,1
PL00246,26,7107.75,0,728,1,26574.57,9.47,Medical,Employed,21.3,85293.0,0.76,No,0,B,1
PL00247,36,9398.41,11,702,6,47687.42,11.56,Home Improvement,Employed,8.1,112780.92,0.263,Yes,0,C,1
PL00248,49,21504.97,24,704,9,30590.87,10.03,Debt Consolidation,Employed,12.5,258059.64,0.672,No,0,C,1
PL00249,23,18763.81,2,665,4,30682.82,15.36,Debt Consolidation,Employed,0.7,225165.72000000003,0.123,No,1,C,1
PL00250,40,4194.18,17,609,14,7273.21,16.38,Debt Consolidation,Employed,0.9,50330.16,0.998,No,0,D,0
PL00251,56,11860.15,30,788,11,49827.95,6.61,Education,Retired,12.5,142321.8,0.08,No,0,A,1
PL00252,39,2670.9,14,560,9,38869.4,17.1,Medical,Employed,5.7,32050.800000000003,0.742,No,0,D,0
PL00253,46,13060.47,24,703,16,43982.96,10.19,Other,Employed,11.9,156725.63999999998,0.541,Yes,0,C,1
PL00254,23,17235.98,7,666,19,21300.72,15.02,Education,Employed,11.3,206831.76,0.086,No,0,C,1
PL00255,39,4725.56,19,682,19,25604.28,11.69,Debt Consolidation,Employed,15.2,56706.72,0.027,No,0,C,1
PL00256,40,8644.35,18,658,10,26582.11,11.34,Debt Consolidation,Retired,14.2,103732.20000000001,0.363,No,0,C,0
PL00257,52,11150.24,27,611,7,10510.63,17.79,Debt Consolidation,Employed,17.4,133802.88,0.802,No,0,D,0
PL00258,27,23149.21,2,697,14,34784.97,11.4,Home Improvement,Employed,11.8,277790.52,0.041,Yes,0,C,1
PL00259,61,24844.87,30,737,1,45245.86,7.42,Home Improvement,Employed,12.5,298138.44,0.704,No,1,B,1
PL00260,53,3032.96,29,665,16,9021.59,16.83,Other,Employed,10.0,36395.520000000004,0.655,No,1,C,0
PL00261,60,19503.18,30,829,5,5229.6,7.18,Education,Employed,18.4,234038.16,0.266,No,0,A,1
PL00262,59,10549.65,30,623,20,37172.73,15.41,Debt Consolidation,Employed,24.7,126595.79999999999,0.077,Yes,0,D,1
PL00263,38,11026.54,10,631,12,14386.89,14.53,Debt Consolidation,Employed,16.0,132318.48,0.915,No,0,D,0
PL00264,60,19348.09,30,729,7,31569.26,9.94,Education,Employed,14.0,232177.08000000002,0.3,No,0,B,1
PL00265,21,23123.81,1,678,10,35092.16,12.22,Other,Self-Employed,8.3,277485.72000000003,0.111,No,0,C,1
PL00266,31,23871.36,2,758,14,16773.63,8.63,Debt Consolidation,Employed,11.9,286456.32,0.682,Yes,0,B,1
PL00267,48,15273.82,24,703,12,40942.09,10.5,Debt Consolidation,Employed,6.8,183285.84,0.217,No,0,C,1
PL00268,45,10213.79,24,701,17,27949.46,11.57,Medical,Employed,5.1,122565.48000000001,0.476,Yes,0,C,1
PL00269,70,20113.63,30,749,17,43580.97,8.37,Medical,Employed,8.4,241363.56,0.05,No,0,B,1
PL00270,43,7773.03,16,676,16,38401.38,13.36,Debt Consolidation,Employed,24.3,93276.36,0.993,No,0,C,0
PL00271,51,14973.7,30,755,12,43560.21,9.27,Home Improvement,Employed,9.3,179684.40000000002,0.448,No,1,B,1
PL00272,50,10247.3,30,654,2,1987.91,12.51,Debt Consolidation,Employed,23.0,122967.59999999999,0.999,Yes,0,C,0
PL00273,62,17102.51,30,788,20,12931.81,7.64,Other,Employed,2.2,205230.12,0.386,Yes,0,A,1
PL00274,55,7529.17,30,690,6,5410.39,13.36,Debt Consolidation,Employed,11.1,90350.04000000001,0.348,No,0,C,1
PL00275,27,6406.64,0,678,11,22662.07,8.31,Debt Consolidation,Employed,15.8,76879.68000000001,0.915,No,0,C,0
PL00276,36,23119.5,13,717,3,44608.05,12.2,Debt Consolidation,Retired,16.2,277434.0,0.329,No,0,C,1
PL00277,46,4341.48,24,672,10,23909.47,10.64,Debt Consolidation,Employed,1.3,52097.759999999995,0.432,No,0,C,1
PL00278,68,13637.03,30,742,13,42635.94,8.99,Education,Employed,0.3,163644.36000000002,0.078,No,0,B,1
PL00279,69,7079.61,30,708,17,17031.73,5.8,Medical,Unemployed,0.0,84955.31999999999,0.955,No,0,C,0
PL00280,22,2895.39,0,611,6,17638.93,16.99,Education,Employed,5.6,34744.68,0.085,No,0,D,1
PL00281,21,2828.43,0,622,4,44882.52,13.88,Medical,Employed,15.1,33941.159999999996,0.771,Yes,0,D,0
PL00282,68,6030.1,30,643,15,21865.04,13.41,Debt Consolidation,Employed,21.5,72361.20000000001,0.539,No,0,D,0
PL00283,32,21935.72,12,785,10,39698.51,8.14,Debt Consolidation,Employed,4.8,263228.64,0.061,No,0,A,1
PL00284,25,8497.01,5,539,2,12595.53,15.19,Other,Employed,5.8,101964.12,0.002,No,0,E,1
PL00285,57,23860.56,30,739,15,47491.24,10.17,Home Improvement,Retired,0.0,286326.72000000003,0.936,No,0,B,1
PL00286,52,15377.31,30,716,10,29154.33,12.39,Debt Consolidation,Employed,16.4,184527.72,0.742,No,0,C,1
PL00287,29,12042.13,15,678,9,38206.85,13.17,Education,Employed,27.0,144505.56,0.686,Yes,0,C,1
PL00288,61,15342.04,30,817,1,5386.27,5.71,Medical,Employed,0.0,184104.48,0.439,No,0,A,1
PL00289,55,13884.06,30,626,15,25140.55,15.26,Debt Consolidation,Employed,20.0,166608.72,0.239,No,1,D,0
PL00290,39,19451.85,15,689,16,45150.89,12.17,Education,Employed,20.7,233422.19999999998,0.68,Yes,0,C,1
PL00291,68,8497.41,30,612,9,43974.89,17.34,Education,Employed,16.3,101968.92,0.608,No,0,D,0
PL00292,36,10120.16,23,664,17,3293.88,15.96,Debt Consolidation,Employed,5.2,121441.92,0.726,No,0,C,0
PL00293,23,22564.17,1,712,11,15881.22,10.45,Debt Consolidation,Employed,8.1,270770.04,0.366,No,0,C,1
PL00294,40,23768.5,18,818,7,22722.68,6.92,Home Improvement,Retired,14.4,285222.0,0.987,No,0,A,1
PL00295,44,22528.84,20,746,2,9440.98,8.39,Debt Consolidation,Employed,14.2,270346.08,0.067,No,0,B,1
PL00296,53,11647.3,30,756,19,36769.92,10.11,Debt Consolidation,Employed,8.0,139767.59999999998,0.08,No,2,B,1
PL00297,44,19948.41,30,756,2,10041.09,10.19,Medical,Employed,13.7,239380.91999999998,0.917,No,2,B,0
PL00298,31,12955.72,12,645,5,17985.35,13.98,Medical,Employed,7.1,155468.63999999998,0.648,Yes,0,D,0
PL00299,69,13443.42,30,674,1,33500.75,14.04,Debt Consolidation,Employed,9.1,161321.04,0.326,No,0,C,1
PL00300,28,6707.64,7,643,2,24622.38,14.42,Home Improvement,Self-Employed,8.4,80491.68000000001,0.762,Yes,0,D,0
PL00301,56,15596.0,23,655,16,37189.98,13.77,Medical,Employed,18.8,187152.0,0.453,No,2,C,0
PL00302,58,6281.13,30,752,8,48099.19,7.69,Debt Consolidation,Employed,0.0,75373.56,0.021,No,0,B,1
PL00303,60,9625.99,30,700,3,6710.79,12.16,Education,Retired,15.2,115511.88,0.651,No,0,C,1
PL00304,40,21665.69,21,788,1,35768.82,6.66,Medical,Employed,12.9,259988.27999999997,0.243,No,0,A,1
PL00305,55,6762.74,30,659,8,12286.86,15.42,Debt Consolidation,Self-Employed,0.0,81152.88,0.115,No,0,C,1
PL00306,68,3636.64,30,707,13,21309.36,9.81,Education,Employed,17.0,43639.68,0.225,No,0,C,1
PL00307,45,3587.17,21,658,10,2610.27,14.26,Medical,Employed,18.0,43046.04,0.476,No,0,C,0
PL00308,55,23638.04,30,765,1,7659.46,8.34,Education,Retired,6.8,283656.48,0.05,No,0,B,1
PL00309,45,13659.17,22,676,20,16669.09,13.44,Medical,Self-Employed,13.9,163910.04,0.883,No,0,C,0
PL00310,49,11416.48,30,714,1,17757.3,11.07,Education,Employed,12.1,136997.76,0.56,No,1,C,1
PL00311,38,20650.21,19,672,4,45079.68,11.45,Debt Consolidation,Employed,27.9,247802.52,0.293,No,0,C,1
PL00312,66,21224.0,30,717,6,37348.83,13.23,Education,Employed,14.0,254688.0,0.687,No,0,C,1
PL00313,38,9640.39,16,726,3,48636.97,8.86,Education,Employed,10.8,115684.68,0.804,No,0,B,1
PL00314,22,17953.22,0,710,13,30354.5,12.65,Home Improvement,Retired,18.8,215438.64,0.614,No,1,C,0
PL00315,55,19735.82,23,751,1,12843.97,6.1,Medical,Employed,22.9,236829.84,0.202,No,0,B,1
PL00316,36,17056.97,22,780,11,17055.1,7.6,Education,Employed,26.6,204683.64,0.11,No,0,B,1
PL00317,61,5486.69,30,676,9,16671.96,15.97,Other,Self-Employed,5.2,65840.28,0.86,No,0,C,0
PL00318,56,22145.31,30,828,0,16998.22,5.45,Debt Consolidation,Self-Employed,13.4,265743.72000000003,0.235,No,0,A,1
PL00319,53,14399.17,30,726,18,33975.24,10.83,Debt Consolidation,Employed,5.0,172790.04,0.02,No,0,B,1
PL00320,24,8496.87,0,579,15,27009.59,20.52,Debt Consolidation,Self-Employed,28.6,101962.44,0.643,No,0,D,0
PL00321,53,11780.25,29,797,14,19885.78,7.12,Debt Consolidation,Employed,10.4,141363.0,0.153,No,0,A,1
PL00322,34,2864.14,17,671,13,8305.4,13.65,Medical,Self-Employed,17.7,34369.68,0.991,No,0,C,0
PL00323,41,4940.94,14,640,8,2084.82,15.75,Debt Consolidation,Employed,8.7,59291.28,0.87,No,1,D,0
PL00324,68,19607.58,30,810,20,11722.9,5.0,Debt Consolidation,Retired,14.0,235290.96000000002,0.608,No,0,A,1
PL00325,40,2000.27,17,609,14,6266.1,14.98,Debt Consolidation,Employed,0.0,24003.239999999998,0.834,Yes,0,D,0
PL00326,28,11581.01,6,695,6,39486.81,12.31,Medical,Employed,18.3,138972.12,0.471,Yes,0,C,1
PL00327,27,14017.73,6,544,3,6512.4,15.72,Home Improvement,Employed,20.4,168212.76,0.788,No,0,E,0
PL00328,23,3256.59,5,551,20,36487.18,21.33,Home Improvement,Self-Employed,5.3,39079.08,0.647,No,0,D,0
PL00329,37,24380.8,19,784,17,19897.28,9.51,Debt Consolidation,Self-Employed,0.0,292569.6,0.029,No,0,A,1
PL00330,53,7200.88,30,669,7,4595.54,14.44,Education,Employed,21.9,86410.56,0.949,No,0,C,0
PL00331,68,8996.57,30,731,11,40823.77,13.05,Debt Consolidation,Employed,20.8,107958.84,0.861,No,0,B,0
PL00332,32,8990.68,3,581,14,29401.9,18.67,Debt Consolidation,Employed,16.3,107888.16,0.953,No,0,D,0
PL00333,42,7299.58,23,752,14,12552.31,8.99,Home Improvement,Employed,8.5,87594.95999999999,0.731,Yes,0,B,1
PL00334,42,2033.9,24,693,16,44839.38,8.87,Education,Employed,7.8,24406.800000000003,0.412,No,0,C,1
PL00335,66,18774.93,30,755,1,3217.66,7.96,Debt Consolidation,Employed,20.7,225299.16,0.207,No,0,B,1
PL00336,50,24237.45,21,740,11,10889.16,8.7,Education,Employed,7.4,290849.4,0.18,No,0,B,1
PL00337,58,7158.75,30,743,2,37850.3,11.1,Debt Consolidation,Employed,11.3,85905.0,0.145,No,0,B,1
PL00338,58,17250.09,30,841,6,35759.52,5.57,Debt Consolidation,Retired,10.0,207001.08000000002,0.221,No,0,A,1
PL00339,65,19063.62,30,813,5,15174.31,5.0,Education,Employed,12.6,228763.44,0.551,No,0,A,1
PL00340,28,21513.78,3,812,13,4039.22,8.46,Debt Consolidation,Employed,9.1,258165.36,0.684,Yes,0,A,1
PL00341,47,11720.47,21,646,4,43045.83,16.93,Other,Employed,10.1,140645.63999999998,0.314,Yes,0,D,1
PL00342,47,8967.41,22,637,3,16371.18,17.63,Education,Employed,24.3,107608.92,0.549,No,1,D,0
PL00343,54,9481.79,30,635,14,10589.96,12.51,Home Improvement,Employed,14.2,113781.48000000001,0.341,Yes,0,D,1
PL00344,41,18390.29,20,736,6,26287.03,10.82,Home Improvement,Employed,13.1,220683.48,0.697,No,0,B,1
PL00345,50,20785.93,28,752,2,45601.13,7.44,Medical,Employed,16.6,249431.16,0.988,No,1,B,0
PL00346,53,6177.12,30,669,12,3133.78,17.11,Education,Employed,1.0,74125.44,0.689,Yes,1,C,0
PL00347,48,10531.64,30,729,9,38524.4,10.56,Debt Consolidation,Employed,18.1,126379.68,0.059,No,0,B,1
PL00348,67,22744.62,30,849,1,29051.19,5.0,Medical,Employed,12.4,272935.44,0.477,No,0,A,1
PL00349,53,20553.95,30,672,11,21847.01,11.98,Debt Consolidation,Employed,5.1,246647.40000000002,0.77,No,1,C,0
PL00350,25,24651.74,5,683,11,37459.94,13.26,Debt Consolidation,Employed,9.2,295820.88,0.542,No,0,C,1
PL00351,68,19347.71,30,813,18,48325.4,7.71,Education,Employed,14.3,232172.52,0.951,No,1,A,0
PL00352,39,11043.49,30,649,18,12231.1,10.84,Medical,Employed,10.7,132521.88,0.055,No,2,D,0
PL00353,24,15584.67,0,626,20,8038.72,17.98,Other,Employed,18.7,187016.04,0.291,No,0,D,1
PL00354,55,17203.33,30,786,2,45731.21,8.85,Debt Consolidation,Self-Employed,4.0,206439.96000000002,0.221,Yes,1,A,1
PL00355,69,3804.48,30,632,5,33778.7,17.69,Education,Retired,1.0,45653.76,0.768,Yes,0,D,0
PL00356,37,14523.43,20,671,1,22461.32,16.56,Home Improvement,Employed,3.9,174281.16,0.524,No,0,C,1
PL00357,64,18314.38,30,776,12,29089.72,8.16,Debt Consolidation,Employed,6.7,219772.56,0.138,Yes,0,B,1
PL00358,48,5848.39,30,636,8,37535.08,16.44,Debt Consolidation,Employed,11.1,70180.68000000001,0.286,No,0,D,1
PL00359,50,19954.53,30,778,12,38878.56,7.12,Debt Consolidation,Employed,7.3,239454.36,0.523,No,0,B,1
PL00360,49,15426.77,27,686,13,46074.81,11.52,Home Improvement,Employed,0.5,185121.24,0.996,No,0,C,0
PL00361,66,23901.1,30,850,18,21915.3,8.14,Debt Consolidation,Employed,0.0,286813.19999999995,0.364,No,1,A,1
PL00362,26,2975.71,0,600,10,15377.13,14.89,Debt Consolidation,Self-Employed,0.0,35708.520000000004,0.157,No,0,D,1
PL00363,55,8102.5,30,724,13,32343.55,11.12,Education,Employed,7.7,97230.0,0.497,No,0,B,1
PL00364,61,15835.74,30,778,15,21370.67,6.46,Home Improvement,Unemployed,0.0,190028.88,0.31,No,0,B,1
PL00365,57,8820.88,30,666,9,30135.32,12.05,Other,Employed,6.9,105850.56,0.566,No,1,C,0
PL00366,44,18431.76,29,617,19,21579.3,14.58,Education,Employed,20.6,221181.12,0.467,No,0,D,1
PL00367,49,19457.12,23,753,15,8496.79,12.3,Other,Employed,0.6,233485.44,0.689,No,1,B,1
PL00368,69,4357.87,30,703,1,24001.91,12.71,Debt Consolidation,Employed,12.4,52294.44,0.914,No,0,C,1
PL00369,66,13818.65,30,768,15,34854.97,10.41,Debt Consolidation,Retired,0.5,165823.8,0.201,No,0,B,1
PL00370,51,13704.48,30,699,13,40164.91,8.25,Other,Employed,0.0,164453.76,0.821,Yes,1,C,0
PL00371,55,10493.46,30,680,20,25172.99,12.8,Education,Employed,13.0,125921.51999999999,0.949,No,0,C,0
PL00372,53,23457.27,24,850,17,9096.66,5.0,Debt Consolidation,Employed,15.4,281487.24,0.374,No,0,A,1
PL00373,41,21032.65,20,653,5,21319.7,14.94,Education,Employed,16.3,252391.80000000002,0.114,No,1,C,1
PL00374,52,18035.82,30,770,6,39528.4,13.45,Home Improvement,Employed,18.9,216429.84,0.822,Yes,0,B,1
PL00375,43,18429.51,21,689,12,21230.1,7.54,Home Improvement,Employed,8.6,221154.12,0.701,No,0,C,0
PL00376,53,12619.47,30,692,1,35130.01,12.98,Home Improvement,Employed,12.2,151433.63999999998,0.213,No,1,C,1
PL00377,23,23182.87,0,686,14,25853.47,16.86,Education,Unemployed,0.0,278194.44,0.445,No,0,C,1
PL00378,38,17975.69,16,665,16,12819.93,12.39,Home Improvement,Employed,20.3,215708.27999999997,0.578,No,1,C,0
PL00379,45,18766.56,20,752,12,40011.37,9.75,Education,Employed,2.7,225198.72000000003,0.17,No,0,B,1
PL00380,62,21818.89,30,842,6,5126.46,6.72,Medical,Employed,14.0,261826.68,0.715,No,0,A,1
PL00381,51,8303.65,30,707,0,26719.62,7.19,Home Improvement,Self-Employed,1.5,99643.79999999999,0.69,No,0,C,1
PL00382,23,20562.63,5,693,2,11235.66,12.67,Education,Employed,10.9,246751.56,0.887,No,1,C,0
PL00383,60,6490.53,30,643,19,4286.22,12.82,Debt Consolidation,Retired,0.0,77886.36,0.567,No,0,D,0
PL00384,66,9942.86,30,747,17,25643.76,13.78,Debt Consolidation,Employed,11.8,119314.32,0.574,No,0,B,1
PL00385,44,9719.04,24,784,6,25478.55,7.59,Medical,Employed,25.8,116628.48000000001,0.619,No,0,A,1
PL00386,70,24506.09,30,783,20,35638.14,6.62,Debt Consolidation,Employed,5.5,294073.08,0.274,Yes,0,A,1
PL00387,52,21700.36,30,733,16,37492.78,12.01,Debt Consolidation,Unemployed,0.0,260404.32,0.759,No,0,B,0
PL00388,67,18126.91,30,736,11,36661.78,11.16,Debt Consolidation,Employed,16.9,217522.91999999998,0.662,Yes,3,B,0
PL00389,42,18722.31,19,693,15,21068.38,13.93,Debt Consolidation,Employed,10.4,224667.72000000003,0.839,No,0,C,1
PL00390,43,14927.67,20,563,9,31952.8,21.87,Medical,Employed,19.8,179132.04,0.769,No,2,D,0
PL00391,22,23783.09,0,723,15,29270.32,9.6,Debt Consolidation,Employed,13.1,285397.08,0.639,No,0,B,1
PL00392,47,13413.95,16,658,19,21656.53,17.17,Debt Consolidation,Employed,17.0,160967.40000000002,0.161,No,0,C,1
PL00393,62,10751.91,30,637,17,30263.42,18.44,Medical,Self-Employed,0.0,129022.92,0.919,No,0,D,0
PL00394,22,5749.81,1,650,14,47415.15,12.55,Home Improvement,Retired,10.7,68997.72,0.367,No,0,D,1
PL00395,46,20082.73,18,678,10,10451.79,11.47,Debt Consolidation,Retired,1.1,240992.76,0.964,Yes,0,C,0
PL00396,37,18892.21,16,691,17,45382.83,12.32,Debt Consolidation,Employed,6.8,226706.52,0.402,No,1,C,1
PL00397,60,10840.17,30,787,5,3619.32,7.46,Other,Employed,13.5,130082.04000000001,0.146,No,0,A,1
PL00398,53,2579.45,30,588,0,16111.07,20.33,Debt Consolidation,Employed,8.2,30953.399999999998,0.885,No,0,D,0
PL00399,29,21296.94,16,627,6,15119.12,13.41,Other,Employed,3.7,255563.27999999997,0.795,No,0,D,0
PL00400,63,2262.61,30,690,11,31691.89,12.76,Debt Consolidation,Self-Employed,20.0,27151.32,0.786,No,0,C,0
PL00401,68,18185.09,30,824,19,7430.02,5.0,Debt Consolidation,Employed,18.1,218221.08000000002,0.089,No,2,A,1
PL00402,59,24315.91,30,700,3,44235.03,12.04,Debt Consolidation,Retired,0.0,291790.92,0.879,No,0,C,0
PL00403,49,12066.21,24,718,9,41599.02,15.28,Debt Consolidation,Self-Employed,16.1,144794.52,0.596,No,1,C,0
PL00404,62,7404.39,27,730,20,32951.23,14.1,Home Improvement,Employed,11.4,88852.68000000001,0.47,No,0,B,1
PL00405,46,18212.03,30,620,1,23462.28,16.21,Other,Employed,11.9,218544.36,0.913,No,0,D,0
PL00406,55,20793.95,30,793,8,46714.85,8.85,Other,Employed,22.4,249527.40000000002,0.666,No,2,A,0
PL00407,70,14567.9,30,796,9,41706.58,8.4,Home Improvement,Employed,11.2,174814.8,0.133,No,0,A,1
PL00408,45,24241.81,22,735,19,25466.44,9.62,Home Improvement,Employed,15.7,290901.72000000003,0.52,No,0,B,1
PL00409,44,3188.38,19,706,10,35391.79,15.38,Medical,Retired,11.7,38260.56,0.637,No,0,C,0
PL00410,33,13610.3,13,730,13,28779.57,13.09,Home Improvement,Employed,11.8,163323.59999999998,0.899,No,0,B,0
PL00411,27,18524.44,11,691,2,29809.17,12.7,Debt Consolidation,Employed,2.6,222293.27999999997,0.28,No,0,C,1
PL00412,56,21840.73,26,738,0,17217.83,9.66,Debt Consolidation,Self-Employed,29.6,262088.76,0.794,No,0,B,1
PL00413,65,6122.88,30,651,6,23642.15,13.74,Medical,Self-Employed,0.0,73474.56,0.8,Yes,0,C,0
PL00414,40,20400.08,17,720,3,4827.95,11.59,Home Improvement,Self-Employed,4.2,244800.96000000002,0.128,No,0,C,1
PL00415,21,14712.26,0,684,6,18510.09,12.48,Medical,Employed,6.1,176547.12,0.017,No,1,C,1
PL00416,28,11120.73,9,635,15,35095.6,17.05,Home Improvement,Employed,17.3,133448.76,0.581,No,0,D,0
PL00417,66,5029.45,30,587,9,47707.59,17.91,Education,Employed,0.0,60353.399999999994,0.789,Yes,3,D,0
PL00418,36,21901.8,14,784,14,48190.14,6.09,Medical,Employed,8.6,262821.6,0.554,No,0,A,1
PL00419,34,5617.28,11,645,15,28230.42,12.02,Other,Employed,16.3,67407.36,0.813,No,0,D,0
PL00420,32,9125.12,15,630,5,30724.49,16.98,Debt Consolidation,Employed,0.3,109501.44,0.622,No,0,D,1
PL00421,43,8671.05,24,712,3,10100.34,8.96,Other,Retired,8.9,104052.59999999999,0.653,Yes,0,C,1
PL00422,35,22042.52,15,796,3,35070.1,6.76,Education,Employed,8.7,264510.24,0.028,Yes,1,A,1
PL00423,48,17472.17,20,583,3,4462.28,16.26,Medical,Employed,5.2,209666.03999999998,0.089,No,1,D,1
PL00424,54,20323.67,30,771,16,14949.6,6.11,Home Improvement,Employed,10.3,243884.03999999998,0.725,No,1,B,1
PL00425,22,7760.76,5,551,12,33749.8,19.21,Education,Employed,6.6,93129.12,0.763,No,0,D,0
PL00426,52,16372.1,30,750,1,16205.2,9.3,Education,Employed,17.7,196465.2,0.542,No,1,B,1
PL00427,43,15150.16,25,708,19,3442.5,10.18,Education,Employed,14.2,181801.91999999998,0.59,No,0,C,1
PL00428,42,21155.1,29,761,5,41761.65,13.22,Debt Consolidation,Retired,8.5,253861.19999999998,0.614,No,0,B,1
PL00429,45,22840.0,29,719,0,16206.17,6.09,Education,Employed,10.5,274080.0,0.105,No,1,C,1
PL00430,42,2279.61,21,541,7,4092.16,17.32,Debt Consolidation,Employed,6.9,27355.32,0.668,No,0,E,0
PL00431,42,17502.46,18,688,17,4664.62,11.21,Other,Employed,20.7,210029.52,0.478,No,0,C,1
PL00432,69,3192.22,30,714,20,13336.18,8.47,Debt Consolidation,Employed,13.6,38306.64,0.603,Yes,0,C,1
PL00433,62,14623.75,30,787,3,9722.78,12.38,Education,Retired,8.9,175485.0,0.563,No,1,A,1
PL00434,26,8615.55,3,576,4,38940.71,21.95,Other,Employed,13.5,103386.59999999999,0.763,Yes,0,D,0
PL00435,35,9055.86,15,706,4,16762.52,10.18,Other,Employed,25.1,108670.32,0.319,No,0,C,1
PL00436,63,10118.05,30,684,14,40430.09,15.08,Medical,Employed,4.5,121416.59999999999,0.374,No,0,C,1
PL00437,57,16289.73,30,753,9,9518.45,10.6,Education,Self-Employed,17.1,195476.76,0.392,No,0,B,1
PL00438,53,9683.15,23,668,7,25151.08,16.58,Debt Consolidation,Employed,13.3,116197.79999999999,0.762,Yes,0,C,0
PL00439,28,18852.08,2,699,6,34713.82,11.65,Debt Consolidation,Employed,8.3,226224.96000000002,0.431,No,0,C,1
PL00440,64,11304.13,30,769,11,32947.55,9.55,Debt Consolidation,Employed,4.2,135649.56,0.177,Yes,0,B,1
PL00441,64,3572.12,30,624,10,30455.34,18.08,Home Improvement,Retired,16.9,42865.44,0.983,No,0,D,0
PL00442,25,20026.48,3,656,12,46316.26,16.32,Debt Consolidation,Self-Employed,12.3,240317.76,0.493,No,0,C,0
PL00443,59,8572.44,30,710,14,12197.73,11.67,Medical,Employed,21.6,102869.28,0.109,No,0,C,1
PL00444,24,11953.64,7,767,16,25192.24,6.89,Debt Consolidation,Self-Employed,19.3,143443.68,0.67,No,1,B,1
PL00445,26,17765.21,0,637,17,44315.63,13.16,Education,Employed,12.4,213182.52,0.739,No,0,D,0
PL00446,65,9646.49,30,820,7,4816.79,5.0,Education,Employed,4.2,115757.88,0.5,No,0,A,1
PL00447,52,3301.47,27,760,5,3738.53,10.67,Home Improvement,Employed,26.4,39617.64,0.646,Yes,2,B,0
PL00448,50,10600.18,30,688,10,12431.81,12.79,Debt Consolidation,Self-Employed,5.0,127202.16,0.173,No,0,C,1
PL00449,67,23722.32,30,777,8,32018.04,8.9,Debt Consolidation,Employed,16.6,284667.83999999997,0.368,Yes,0,B,1
PL00450,55,16759.89,30,699,4,13734.1,11.81,Debt Consolidation,Self-Employed,0.0,201118.68,0.162,Yes,0,C,1
PL00451,60,17444.02,30,743,6,10321.75,7.58,Debt Consolidation,Employed,22.6,209328.24,0.387,No,0,B,1
PL00452,36,16542.49,18,624,14,23481.31,15.9,Medical,Self-Employed,0.0,198509.88,0.563,Yes,0,D,1
PL00453,33,6576.82,22,635,20,31066.31,15.98,Debt Consolidation,Employed,7.5,78921.84,0.443,No,1,D,0
PL00454,70,11621.68,30,812,3,13179.33,5.0,Debt Consolidation,Employed,1.5,139460.16,0.593,Yes,0,A,1
PL00455,62,19271.62,30,729,18,15733.87,10.44,Home Improvement,Employed,21.2,231259.44,0.502,No,0,B,1
PL00456,50,4331.58,30,649,12,31064.41,12.84,Education,Employed,4.1,51978.96,0.318,No,1,D,0
PL00457,39,8390.61,21,574,0,47341.18,17.11,Debt Consolidation,Employed,14.2,100687.32,0.143,No,0,D,1
PL00458,37,8355.34,13,674,0,34062.34,10.73,Debt Consolidation,Employed,12.1,100264.08,0.253,Yes,0,C,1
PL00459,39,11936.44,3,690,13,39362.3,11.74,Debt Consolidation,Unemployed,0.0,143237.28,0.201,Yes,0,C,1
PL00460,48,24548.48,30,761,8,18973.69,12.3,Education,Employed,18.2,294581.76,0.707,No,0,B,1
PL00461,46,3552.56,28,638,11,14340.46,13.63,Medical,Employed,9.9,42630.72,0.82,No,0,D,0
PL00462,57,13930.12,27,709,17,23259.12,10.05,Medical,Employed,22.1,167161.44,0.72,No,0,C,1
PL00463,46,6125.39,21,687,8,40549.51,11.17,Debt Consolidation,Employed,14.9,73504.68000000001,0.644,No,2,C,0
PL00464,43,24325.56,29,746,7,23358.68,9.35,Medical,Employed,3.9,291906.72000000003,0.308,No,0,B,1
PL00465,29,4605.98,15,636,13,42489.55,18.31,Education,Self-Employed,8.4,55271.759999999995,0.711,No,0,D,0
PL00466,32,11282.82,15,671,8,49449.83,15.95,Education,Employed,8.2,135393.84,0.605,No,0,C,1
PL00467,21,18971.35,0,733,19,4529.31,10.03,Home Improvement,Self-Employed,16.2,227656.19999999998,0.047,No,0,B,1
PL00468,21,18204.75,0,706,1,3225.1,10.26,Debt Consolidation,Employed,16.0,218457.0,0.908,No,0,C,0
PL00469,67,11722.76,30,742,0,8329.9,6.39,Debt Consolidation,Unemployed,0.0,140673.12,0.08,No,0,B,1
PL00470,54,9970.06,30,773,12,19834.11,6.68,Home Improvement,Employed,17.6,119640.72,0.503,Yes,0,B,1
PL00471,52,11145.08,26,720,9,7421.07,6.96,Debt Consolidation,Employed,13.3,133740.96,0.513,Yes,2,C,0
PL00472,68,8078.35,30,781,7,43662.56,9.62,Debt Consolidation,Employed,15.4,96940.20000000001,0.837,No,1,A,0
PL00473,45,6722.66,29,693,6,2134.17,14.81,Medical,Unemployed,0.0,80671.92,0.913,No,0,C,0
PL00474,60,13109.91,30,633,11,16473.84,14.11,Medical,Employed,16.6,157318.91999999998,0.94,No,0,D,0
PL00475,65,8176.28,30,776,16,10050.04,9.13,Home Improvement,Employed,2.5,98115.36,0.57,No,0,B,1
PL00476,21,8611.62,0,631,11,46645.43,12.78,Debt Consolidation,Employed,11.5,103339.44,0.679,No,0,D,0
PL00477,36,17105.39,14,694,15,33804.57,8.21,Debt Consolidation,Retired,18.1,205264.68,0.089,No,0,C,1
PL00478,59,24276.36,30,793,9,45689.48,7.7,Debt Consolidation,Employed,18.9,291316.32,0.488,Yes,0,A,1
PL00479,25,15883.66,4,652,11,48644.11,14.77,Education,Employed,18.9,190603.91999999998,0.898,No,0,C,0
PL00480,42,3770.53,13,654,10,25357.81,17.32,Debt Consolidation,Self-Employed,2.9,45246.36,0.456,No,0,C,0
PL00481,49,3738.42,25,627,13,12481.64,19.26,Medical,Retired,26.6,44861.04,0.07,No,0,D,0
PL00482,23,23882.73,0,769,19,10492.71,8.12,Debt Consolidation,Self-Employed,24.1,286592.76,0.201,Yes,2,B,1
PL00483,32,8837.69,14,642,12,11923.02,16.28,Debt Consolidation,Unemployed,0.0,106052.28,0.43,Yes,0,D,1
PL00484,46,4117.54,28,633,1,35721.07,15.49,Education,Employed,7.6,49410.479999999996,0.238,No,0,D,1
PL00485,36,15778.03,6,644,19,2981.84,14.37,Other,Employed,15.5,189336.36000000002,0.392,No,2,D,0
PL00486,57,16343.92,30,749,6,3516.69,9.52,Home Improvement,Employed,4.2,196127.04,0.333,No,0,B,1
PL00487,42,16915.61,30,717,0,30799.0,10.76,Other,Self-Employed,14.7,202987.32,0.319,No,0,C,1
PL00488,49,8150.25,28,698,2,32460.8,11.71,Education,Self-Employed,11.7,97803.0,0.091,Yes,0,C,1
PL00489,34,2347.55,9,568,19,33597.88,21.13,Debt Consolidation,Retired,20.3,28170.600000000002,0.883,No,0,D,0
PL00490,48,24195.35,30,676,11,19222.14,13.34,Debt Consolidation,Employed,13.4,290344.19999999995,0.693,No,0,C,0
PL00491,25,7770.54,0,660,4,40491.3,17.12,Medical,Employed,0.0,93246.48,0.623,No,0,C,0
PL00492,67,17548.6,30,835,11,27147.6,5.0,Debt Consolidation,Employed,16.9,210583.19999999998,0.606,No,0,A,1
PL00493,69,18252.49,30,717,2,6167.82,5.38,Debt Consolidation,Employed,19.8,219029.88,0.397,No,0,C,1
PL00494,50,16030.17,30,799,19,40057.87,6.39,Debt Consolidation,Employed,9.5,192362.04,0.823,No,0,A,1
PL00495,66,9196.87,30,732,4,47700.32,8.69,Education,Self-Employed,11.2,110362.44,0.93,No,0,B,0
PL00496,25,8235.21,1,630,0,3941.78,12.01,Debt Consolidation,Employed,11.2,98822.51999999999,0.006,No,0,D,1
PL00497,32,15746.37,6,662,15,20176.22,16.15,Debt Consolidation,Employed,5.3,188956.44,0.079,No,0,C,1
PL00498,36,21920.2,13,652,8,24888.29,11.33,Education,Employed,29.8,263042.4,0.675,No,0,C,0
PL00499,46,23774.88,19,800,9,8177.07,8.44,Debt Consolidation,Self-Employed,3.7,285298.56,0.236,No,1,A,1
PL00500,46,4435.83,25,615,9,43517.74,19.71,Education,Employed,17.4,53229.96,0.912,No,0,D,0
PL00501,68,5561.06,30,664,12,14923.33,11.15,Medical,Self-Employed,17.4,66732.72,0.667,No,0,C,1
PL00502,41,23728.93,12,790,15,39367.42,7.27,Debt Consolidation,Employed,6.3,284747.16000000003,0.368,No,0,A,1
PL00503,59,18940.31,30,658,19,33878.73,16.43,Home Improvement,Employed,2.5,227283.72000000003,0.415,No,1,C,0
PL00504,56,22308.86,30,687,3,30304.25,11.58,Debt Consolidation,Employed,9.1,267706.32,0.691,Yes,1,C,0
PL00505,53,6660.55,25,678,13,10415.0,13.48,Education,Self-Employed,15.6,79926.6,0.141,No,0,C,1
PL00506,50,15514.48,28,732,16,11814.47,11.64,Education,Employed,12.5,186173.76,0.883,No,0,B,1
PL00507,57,18126.21,30,768,4,3320.07,9.07,Other,Retired,24.5,217514.52,0.005,No,0,B,1
PL00508,43,17642.57,13,699,12,12794.91,10.97,Education,Employed,5.3,211710.84,0.979,No,0,C,1
PL00509,30,11387.49,10,783,2,17926.74,6.48,Debt Consolidation,Employed,5.5,136649.88,0.168,No,1,A,1
PL00510,25,2354.08,0,590,4,41824.12,14.63,Education,Employed,17.1,28248.96,0.742,No,0,D,0
PL00511,56,15407.3,30,717,15,18953.24,12.24,Debt Consolidation,Employed,0.0,184887.59999999998,0.04,No,0,C,1
PL00512,54,7821.34,30,647,18,37976.47,12.91,Education,Employed,5.5,93856.08,0.431,No,0,D,1
PL00513,51,12355.85,28,709,18,22532.67,13.8,Debt Consolidation,Employed,9.0,148270.2,0.63,Yes,1,C,0
PL00514,30,24024.36,5,750,16,39458.55,12.72,Education,Self-Employed,9.9,288292.32,0.07,Yes,0,B,1
PL00515,39,11177.81,17,734,17,48837.31,7.96,Debt Consolidation,Employed,5.9,134133.72,0.443,No,0,B,1
PL00516,52,21315.44,30,676,17,12752.24,14.39,Medical,Employed,0.0,255785.27999999997,0.303,No,0,C,1
PL00517,21,6336.43,0,601,7,43254.74,20.44,Education,Employed,21.3,76037.16,0.498,No,0,D,0
PL00518,25,17466.59,2,699,17,31469.38,10.15,Debt Consolidation,Employed,20.9,209599.08000000002,0.505,No,0,C,1
PL00519,65,24471.16,30,821,8,41047.42,8.72,Home Improvement,Employed,0.0,293653.92,0.785,No,1,A,1
PL00520,24,4343.54,0,610,18,32927.71,17.03,Medical,Unemployed,0.0,52122.479999999996,0.124,No,0,D,1
PL00521,36,2191.36,13,650,9,21773.53,16.01,Debt Consolidation,Employed,8.9,26296.32,0.083,No,0,D,1
PL00522,44,11972.4,12,647,1,12175.67,12.71,Debt Consolidation,Self-Employed,14.5,143668.8,0.402,No,1,D,0
PL00523,36,4130.39,19,710,16,4431.73,15.17,Medical,Employed,12.2,49564.68000000001,0.888,No,0,C,0
PL00524,22,19212.84,2,729,12,27240.4,9.16,Debt Consolidation,Employed,0.0,230554.08000000002,0.855,No,0,B,1
PL00525,69,23034.62,30,725,10,49525.98,11.96,Other,Employed,16.4,276415.44,0.56,Yes,0,B,1
PL00526,48,11982.48,30,642,15,37164.05,14.33,Debt Consolidation,Employed,5.6,143789.76,0.889,No,1,D,0
PL00527,52,7950.37,30,631,19,17039.93,16.03,Debt Consolidation,Employed,0.0,95404.44,0.805,No,0,D,0
PL00528,47,11991.28,20,727,6,41533.04,8.62,Other,Employed,11.6,143895.36000000002,0.278,No,0,B,1
PL00529,40,18639.3,23,648,2,38680.22,11.73,Other,Retired,0.0,223671.59999999998,0.17,No,0,D,1
PL00530,44,2208.25,24,622,15,14800.15,15.94,Debt Consolidation,Unemployed,0.0,26499.0,0.301,No,0,D,0
PL00531,32,15557.44,12,704,18,1701.07,10.9,Medical,Employed,7.7,186689.28,0.227,Yes,0,C,1
PL00532,70,16105.71,30,757,19,6789.97,8.42,Debt Consolidation,Self-Employed,10.6,193268.52,0.623,No,0,B,1
PL00533,55,16666.83,30,746,15,43988.0,10.82,Medical,Employed,14.2,200001.96000000002,0.585,No,0,B,1
PL00534,53,7566.51,30,630,1,41991.59,12.01,Home Improvement,Employed,10.8,90798.12,0.598,Yes,0,D,0
PL00535,53,18423.21,30,767,13,15465.24,11.19,Debt Consolidation,Retired,5.3,221078.52,0.189,No,0,B,1
PL00536,63,4102.0,30,655,19,14974.58,14.1,Debt Consolidation,Employed,19.0,49224.0,0.792,Yes,0,C,1
PL00537,57,6583.22,30,670,9,39850.38,14.71,Debt Consolidation,Self-Employed,9.1,78998.64,0.434,No,0,C,1
PL00538,32,22181.81,19,726,18,46949.14,11.69,Debt Consolidation,Employed,1.0,266181.72000000003,0.472,No,0,B,1
PL00539,23,18990.63,0,686,10,39177.73,13.62,Debt Consolidation,Employed,12.8,227887.56,0.997,No,0,C,0
PL00540,21,2316.15,0,594,17,30673.36,14.24,Home Improvement,Employed,9.4,27793.800000000003,0.282,Yes,0,D,0
PL00541,53,7712.65,29,647,10,12890.9,16.56,Debt Consolidation,Retired,9.8,92551.79999999999,0.394,No,0,D,1
PL00542,60,6931.35,30,679,8,26761.65,13.32,Education,Employed,11.0,83176.20000000001,0.676,No,0,C,1
PL00543,30,8228.55,0,641,18,12442.08,13.55,Home Improvement,Employed,10.4,98742.59999999999,0.88,No,0,D,0
PL00544,63,7693.87,30,635,19,40592.56,14.52,Education,Employed,21.7,92326.44,0.127,No,0,D,1
PL00545,64,3438.1,30,662,9,19961.09,14.27,Education,Employed,3.6,41257.2,0.735,Yes,0,C,0
PL00546,49,12555.63,27,720,2,41851.16,11.27,Debt Consolidation,Employed,0.0,150667.56,0.918,No,0,C,0
PL00547,33,18852.87,11,636,2,19698.85,15.92,Education,Self-Employed,10.0,226234.44,0.423,No,0,D,1
PL00548,32,15954.83,11,741,7,41383.32,13.26,Debt Consolidation,Retired,16.7,191457.96,0.287,No,0,B,1
PL00549,51,17476.05,30,792,5,17332.57,5.56,Home Improvement,Self-Employed,0.0,209712.59999999998,0.678,No,0,A,1
PL00550,66,3866.43,30,629,19,22566.5,16.55,Debt Consolidation,Retired,12.9,46397.159999999996,0.246,Yes,0,D,0
PL00551,22,23884.29,0,771,0,31158.93,8.38,Medical,Self-Employed,0.0,286611.48,0.384,No,0,B,1
PL00552,70,21285.31,30,779,19,4444.09,10.51,Medical,Retired,16.8,255423.72000000003,0.897,Yes,0,B,0
PL00553,55,20517.08,30,773,5,47462.15,11.75,Medical,Employed,10.1,246204.96000000002,0.59,No,0,B,1
PL00554,43,20928.63,29,705,1,29106.68,11.98,Debt Consolidation,Employed,3.0,251143.56,0.095,No,0,C,1
PL00555,37,23452.34,12,777,18,25883.18,9.56,Debt Consolidation,Unemployed,0.0,281428.08,0.33,No,1,B,1
PL00556,46,14517.84,25,724,6,42130.3,13.16,Home Improvement,Employed,27.4,174214.08000000002,0.627,No,0,B,1
PL00557,28,6606.49,8,588,10,43422.37,18.91,Debt Consolidation,Retired,28.4,79277.88,0.481,No,0,D,0
PL00558,49,16186.02,23,660,10,26590.76,16.15,Debt Consolidation,Employed,1.4,194232.24,0.66,No,0,C,0
PL00559,46,19086.27,25,654,3,46435.85,13.31,Medical,Retired,1.2,229035.24,0.761,Yes,0,C,0
PL00560,30,18972.1,1,704,19,4172.15,10.6,Home Improvement,Employed,10.6,227665.19999999998,0.481,Yes,0,C,1
PL00561,46,13993.33,16,730,15,6548.06,8.18,Debt Consolidation,Employed,6.9,167919.96,0.987,No,2,B,0
PL00562,54,3574.55,30,698,4,30242.62,11.52,Medical,Employed,7.4,42894.600000000006,0.915,Yes,0,C,0
PL00563,61,10535.6,30,708,6,18349.23,11.29,Education,Employed,12.3,126427.20000000001,0.06,Yes,0,C,1
PL00564,27,23177.63,7,652,15,23747.03,13.71,Debt Consolidation,Retired,25.3,278131.56,0.266,No,2,C,0
PL00565,24,15442.32,2,631,14,17075.88,15.94,Medical,Employed,20.9,185307.84,0.301,No,0,D,1
PL00566,70,14381.63,30,809,4,20831.54,7.9,Home Improvement,Retired,7.4,172579.56,0.184,No,0,A,1
PL00567,65,8183.63,30,686,0,41309.67,12.32,Other,Employed,15.8,98203.56,0.312,No,0,C,1
PL00568,31,10474.33,3,661,19,30080.33,14.28,Debt Consolidation,Retired,0.0,125691.95999999999,0.425,No,0,C,0
PL00569,49,22592.96,30,697,8,49869.88,13.61,Medical,Employed,11.1,271115.52,0.052,No,0,C,1
PL00570,56,17328.65,28,755,20,39557.08,7.72,Education,Employed,8.1,207943.80000000002,0.127,No,3,B,1
PL00571,45,20109.9,23,707,4,14409.65,13.37,Debt Consolidation,Employed,17.7,241318.80000000002,0.096,No,2,C,1
PL00572,41,12449.94,14,736,5,13952.91,8.96,Medical,Unemployed,0.0,149399.28,0.046,No,0,B,1
PL00573,56,16495.69,30,773,2,17459.02,11.38,Debt Consolidation,Employed,12.5,197948.27999999997,0.481,No,0,B,1
PL00574,30,7712.82,7,613,5,42319.71,16.11,Debt Consolidation,Employed,13.7,92553.84,0.334,Yes,0,D,1
PL00575,57,18225.6,30,738,7,2337.09,10.22,Debt Consolidation,Employed,6.5,218707.19999999998,0.935,Yes,0,B,1
PL00576,29,11834.83,12,629,5,12278.88,11.47,Debt Consolidation,Employed,17.7,142017.96,0.103,No,0,D,1
PL00577,44,12178.55,23,617,15,45341.0,16.91,Education,Retired,13.7,146142.59999999998,0.926,No,0,D,0
PL00578,55,16934.41,30,691,15,32354.93,12.42,Debt Consolidation,Employed,8.7,203212.91999999998,0.087,No,0,C,1
PL00579,69,23534.45,30,805,20,12115.51,7.39,Education,Employed,10.8,282413.4,0.619,No,0,A,1
PL00580,55,3472.15,26,683,2,11738.1,12.4,Debt Consolidation,Retired,16.8,41665.8,0.248,No,0,C,1
PL00581,68,20969.09,30,788,16,43268.29,9.07,Medical,Employed,17.5,251629.08000000002,0.827,No,0,A,1
PL00582,56,8724.81,30,680,20,44794.12,14.38,Home Improvement,Self-Employed,7.3,104697.72,0.061,No,0,C,1
PL00583,38,12210.15,20,723,5,13550.42,11.74,Debt Consolidation,Employed,2.9,146521.8,0.953,Yes,0,B,0
PL00584,69,2504.01,30,693,5,21605.01,14.77,Education,Unemployed,0.0,30048.120000000003,0.047,No,0,C,1
PL00585,59,8924.06,30,737,18,41895.19,8.7,Medical,Employed,6.8,107088.72,0.241,No,0,B,1
PL00586,52,13560.52,22,623,19,38779.36,14.13,Education,Self-Employed,11.0,162726.24,0.464,No,1,D,0
PL00587,44,3292.05,30,448,14,40881.89,24.09,Debt Consolidation,Employed,19.6,39504.600000000006,0.756,No,0,E,0
PL00588,43,13295.2,21,706,18,26401.51,12.87,Medical,Employed,6.2,159542.40000000002,0.951,No,0,C,1
PL00589,52,23323.54,30,689,1,45665.9,13.35,Debt Consolidation,Employed,13.1,279882.48,0.428,Yes,0,C,1
PL00590,57,4424.04,30,665,7,16971.63,10.83,Debt Consolidation,Employed,8.5,53088.479999999996,0.757,No,0,C,0
PL00591,32,19582.14,12,686,6,8676.93,10.05,Education,Employed,10.2,234985.68,0.727,Yes,0,C,1
PL00592,69,11422.43,30,814,7,35727.88,6.27,Debt Consolidation,Employed,12.4,137069.16,0.571,No,1,A,1
PL00593,33,17069.0,14,711,12,27428.37,7.74,Education,Unemployed,0.0,204828.0,0.691,No,0,C,1
PL00594,43,7985.44,20,674,14,42874.7,13.52,Medical,Employed,12.0,95825.28,0.038,No,0,C,1
PL00595,45,5668.32,24,700,11,4976.8,11.67,Home Improvement,Employed,0.0,68019.84,0.442,No,1,C,0
PL00596,55,5690.64,30,696,14,42340.93,10.17,Debt Consolidation,Employed,8.4,68287.68000000001,0.786,No,0,C,0
PL00597,61,3621.31,30,657,13,15371.44,12.67,Other,Employed,22.6,43455.72,0.474,No,1,C,0
PL00598,50,6269.87,25,724,6,33087.93,10.95,Medical,Employed,19.1,75238.44,0.874,No,0,B,0
PL00599,37,17277.05,18,644,16,2966.31,11.38,Debt Consolidation,Unemployed,0.0,207324.59999999998,0.834,No,0,D,0
PL00600,69,22278.88,30,805,4,30869.48,5.84,Debt Consolidation,Retired,19.4,267346.56,0.863,No,3,A,0
PL00601,40,20724.89,18,646,19,36146.31,13.75,Education,Employed,16.6,248698.68,0.13,No,0,D,1
PL00602,68,17758.09,30,774,9,19068.76,7.85,Home Improvement,Employed,19.3,213097.08000000002,0.244,No,0,B,1
PL00603,45,4539.93,23,662,18,11555.12,13.0,Education,Employed,1.1,54479.16,0.03,No,0,C,1
PL00604,42,8651.31,30,751,17,27343.9,12.22,Medical,Employed,9.5,103815.72,0.983,No,0,B,0
PL00605,33,9125.56,3,573,9,41826.35,19.49,Debt Consolidation,Employed,11.2,109506.72,0.236,No,0,D,1
PL00606,39,7749.01,18,626,1,16853.82,13.9,Debt Consolidation,Self-Employed,10.4,92988.12,0.367,No,0,D,1
PL00607,69,13845.13,30,788,5,13371.0,5.74,Debt Consolidation,Employed,5.4,166141.56,0.275,No,0,A,1
PL00608,56,14317.74,22,740,2,14667.83,9.17,Medical,Retired,11.2,171812.88,0.04,Yes,0,B,1
PL00609,32,10208.38,12,664,18,47507.48,15.91,Debt Consolidation,Employed,0.0,122500.56,0.261,No,0,C,1
PL00610,61,10137.15,30,664,4,18604.57,9.2,Debt Consolidation,Employed,13.6,121645.79999999999,0.098,No,0,C,1
PL00611,39,21056.78,16,693,6,1176.61,12.3,Debt Consolidation,Retired,4.6,252681.36,0.394,No,0,C,1
PL00612,32,20153.74,10,767,6,39302.38,8.16,Home Improvement,Employed,0.0,241844.88,0.967,No,0,B,1
PL00613,29,9079.3,23,640,9,35264.46,16.94,Medical,Employed,10.1,108951.59999999999,0.698,No,0,D,0
PL00614,27,23017.13,4,727,0,7299.84,12.55,Debt Consolidation,Employed,22.4,276205.56,0.707,No,1,B,1
PL00615,48,23914.75,29,749,10,49260.31,6.65,Other,Employed,0.0,286977.0,0.453,No,0,B,1
PL00616,34,9515.08,9,596,6,30795.05,18.94,Debt Consolidation,Employed,8.1,114180.95999999999,0.811,Yes,2,D,0
PL00617,51,10151.77,30,739,5,25538.2,5.38,Debt Consolidation,Employed,0.0,121821.24,0.908,No,0,B,0
PL00618,39,13629.59,16,711,5,19728.74,12.54,Debt Consolidation,Employed,12.1,163555.08000000002,0.962,Yes,0,C,0
PL00619,67,23645.78,30,850,12,45034.97,6.4,Debt Consolidation,Self-Employed,17.0,283749.36,0.099,No,0,A,1
PL00620,36,22155.35,24,671,15,12954.21,16.51,Debt Consolidation,Employed,3.5,265864.19999999995,0.88,No,0,C,0
PL00621,25,4359.06,9,652,12,15002.68,14.45,Medical,Employed,6.6,52308.72,0.225,No,1,C,0
PL00622,55,11032.81,30,639,1,6998.13,13.26,Medical,Employed,8.8,132393.72,0.397,No,0,D,1
PL00623,32,14727.54,0,685,18,38196.84,10.48,Medical,Employed,19.9,176730.48,0.345,No,0,C,1
PL00624,45,13572.05,22,746,18,30181.91,12.65,Medical,Employed,0.0,162864.59999999998,0.675,No,0,B,1
PL00625,41,6458.85,30,550,18,30844.24,22.03,Home Improvement,Employed,6.4,77506.20000000001,0.598,No,0,E,0
PL00626,56,21752.79,30,750,17,11705.05,8.65,Debt Consolidation,Employed,22.6,261033.48,0.109,No,0,B,1
PL00627,43,17569.64,27,685,5,32907.25,12.54,Medical,Employed,4.2,210835.68,0.783,No,0,C,1
PL00628,36,21271.89,22,683,1,38507.46,15.32,Education,Self-Employed,6.8,255262.68,0.44,No,0,C,1
PL00629,59,21751.58,30,786,18,18536.54,9.45,Other,Retired,11.4,261018.96000000002,0.002,No,0,A,1
PL00630,65,19212.18,30,822,5,40266.01,5.9,Debt Consolidation,Employed,28.6,230546.16,0.415,No,0,A,1
PL00631,62,12101.84,28,717,19,18090.74,9.53,Debt Consolidation,Employed,1.1,145222.08000000002,0.516,No,1,C,1
PL00632,59,16042.58,30,748,14,38148.78,7.95,Medical,Employed,16.0,192510.96,0.069,No,1,B,1
PL00633,34,5688.4,8,642,5,2652.78,16.36,Medical,Employed,0.5,68260.79999999999,0.151,No,2,D,0
PL00634,51,17493.84,30,729,2,28007.07,9.77,Debt Consolidation,Employed,1.9,209926.08000000002,0.994,No,1,B,0
PL00635,25,6122.82,0,566,10,48506.8,17.1,Education,Unemployed,0.0,73473.84,0.871,Yes,1,D,0
PL00636,55,17960.84,30,795,7,49080.99,8.72,Debt Consolidation,Employed,13.7,215530.08000000002,0.133,No,1,A,1
PL00637,43,7280.76,22,677,17,14805.88,13.02,Other,Retired,5.6,87369.12,0.58,Yes,2,C,0
PL00638,49,4703.68,29,681,16,22628.56,13.46,Debt Consolidation,Employed,11.1,56444.16,0.379,No,1,C,1
PL00639,63,5801.54,30,654,18,4085.92,13.26,Debt Consolidation,Employed,4.3,69618.48,0.544,No,0,C,0
PL00640,31,2045.82,15,589,18,43793.72,16.13,Debt Consolidation,Employed,10.7,24549.84,0.471,No,0,D,0
PL00641,38,18531.01,14,699,20,28860.04,10.39,Education,Self-Employed,0.0,222372.12,0.048,Yes,0,C,1
PL00642,67,18845.22,30,691,16,19869.93,13.65,Debt Consolidation,Employed,0.0,226142.64,0.315,No,0,C,1
PL00643,32,13843.47,10,588,3,6525.76,17.08,Medical,Employed,5.9,166121.63999999998,0.126,No,0,D,1
PL00644,29,5711.34,8,596,6,47391.6,17.13,Home Improvement,Employed,14.9,68536.08,0.489,Yes,0,D,0
PL00645,30,3921.75,9,645,4,26980.73,12.28,Debt Consolidation,Self-Employed,11.6,47061.0,0.907,Yes,0,D,0
PL00646,64,2439.97,30,647,15,14863.47,15.62,Medical,Self-Employed,3.8,29279.64,0.996,No,0,D,0
PL00647,37,5812.21,14,592,5,18160.54,17.35,Debt Consolidation,Employed,0.9,69746.52,0.944,No,0,D,0
PL00648,58,22489.68,30,727,13,14264.16,12.05,Debt Consolidation,Employed,18.3,269876.16000000003,0.986,No,1,B,0
PL00649,27,7555.35,0,609,19,30488.68,16.64,Debt Consolidation,Unemployed,0.0,90664.20000000001,0.015,No,0,D,1
PL00650,66,10148.24,30,705,1,46568.22,12.16,Debt Consolidation,Retired,14.1,121778.88,0.729,No,0,C,1
PL00651,33,4422.95,12,736,17,42978.0,6.54,Medical,Employed,12.8,53075.399999999994,0.273,No,1,B,1
PL00652,60,7114.31,30,748,17,23558.66,11.91,Debt Consolidation,Self-Employed,0.0,85371.72,0.866,No,0,B,0
PL00653,62,13942.17,30,784,12,41498.47,5.36,Home Improvement,Employed,14.7,167306.04,0.814,No,0,A,1
PL00654,29,15978.31,15,736,17,21732.17,12.26,Medical,Employed,22.7,191739.72,0.424,No,0,B,1
PL00655,70,7643.1,30,668,16,13363.05,13.13,Medical,Employed,18.6,91717.20000000001,0.473,No,1,C,0
PL00656,47,3327.84,23,589,12,49187.34,13.65,Other,Employed,18.1,39934.08,0.265,No,0,D,1
PL00657,22,10993.76,2,583,11,15890.49,16.96,Other,Retired,0.0,131925.12,0.289,No,0,D,0
PL00658,25,7386.68,0,693,2,16862.49,9.14,Education,Employed,4.4,88640.16,0.981,Yes,1,C,0
PL00659,49,7049.74,20,645,6,49494.95,16.53,Education,Employed,8.8,84596.88,0.889,No,1,D,0
PL00660,57,24076.84,25,711,0,7562.45,10.29,Debt Consolidation,Self-Employed,4.3,288922.08,0.192,No,0,C,1
PL00661,58,16174.91,30,715,4,38266.17,9.05,Medical,Self-Employed,0.7,194098.91999999998,0.276,No,1,C,1
PL00662,39,14808.2,15,680,20,46854.83,14.05,Education,Employed,13.4,177698.40000000002,0.109,No,0,C,1
PL00663,28,11562.83,21,667,0,26077.95,13.23,Other,Employed,18.0,138753.96,0.989,Yes,0,C,0
PL00664,68,11865.72,30,747,3,1123.57,10.72,Debt Consolidation,Self-Employed,0.0,142388.63999999998,0.907,Yes,0,B,0
PL00665,65,14440.82,30,700,0,19377.89,11.59,Debt Consolidation,Self-Employed,18.3,173289.84,0.552,No,0,C,1
PL00666,21,18017.89,0,706,12,6466.88,13.86,Debt Consolidation,Self-Employed,11.8,216214.68,0.693,Yes,0,C,1
PL00667,42,18149.36,22,682,13,21393.2,11.83,Home Improvement,Employed,23.0,217792.32,0.748,No,1,C,0
PL00668,37,5948.96,13,635,14,39711.31,11.62,Debt Consolidation,Employed,16.4,71387.52,0.204,No,0,D,1
PL00669,27,13502.59,9,695,16,22496.87,9.86,Education,Self-Employed,11.0,162031.08000000002,0.935,No,0,C,0
PL00670,45,11475.04,19,655,11,22164.33,14.73,Education,Retired,11.1,137700.48,0.527,No,0,C,0
PL00671,65,22022.12,30,751,6,28282.68,8.18,Debt Consolidation,Employed,10.0,264265.44,0.092,No,0,B,1
PL00672,24,16522.64,0,700,18,29502.84,14.38,Education,Employed,24.5,198271.68,0.397,Yes,0,C,1
PL00673,56,14247.59,23,680,2,42958.52,10.39,Education,Retired,14.9,170971.08000000002,0.602,Yes,1,C,0
PL00674,26,4654.08,2,596,17,16109.42,18.58,Debt Consolidation,Employed,7.1,55848.96,0.353,No,2,D,0
PL00675,51,15929.67,28,749,3,41261.89,8.72,Education,Employed,14.6,191156.04,0.699,No,1,B,1
PL00676,39,4695.69,14,744,2,28730.75,12.43,Other,Employed,13.7,56348.28,0.882,No,0,B,1
PL00677,64,9755.75,30,747,11,15725.95,10.69,Other,Employed,6.6,117069.0,0.772,No,2,B,0
PL00678,59,5285.37,30,708,11,15461.18,11.84,Education,Employed,3.4,63424.44,0.643,No,0,C,1
PL00679,47,17917.69,24,750,16,18695.74,10.87,Education,Employed,19.5,215012.27999999997,0.512,No,0,B,1
PL00680,30,6743.8,0,580,5,31511.97,19.73,Debt Consolidation,Employed,7.9,80925.6,0.254,No,0,D,0
PL00681,46,11012.77,22,692,14,12309.77,12.08,Other,Unemployed,0.0,132153.24,0.455,Yes,1,C,0
PL00682,39,22600.52,15,729,1,46096.34,6.75,Debt Consolidation,Retired,14.7,271206.24,0.293,No,0,B,1
PL00683,59,6699.28,30,707,7,29170.72,13.9,Education,Retired,5.9,80391.36,0.934,No,0,C,0
PL00684,23,13679.52,0,660,13,46080.77,13.09,Debt Consolidation,Retired,11.8,164154.24,0.907,Yes,0,C,0
PL00685,65,11643.25,30,747,4,3273.81,14.8,Debt Consolidation,Employed,7.0,139719.0,0.156,No,0,B,1
PL00686,33,2416.85,10,602,2,17787.96,15.07,Debt Consolidation,Employed,0.0,29002.199999999997,0.823,No,0,D,0
PL00687,70,20233.44,30,784,9,2117.58,7.24,Medical,Employed,13.1,242801.27999999997,0.703,Yes,0,A,1
PL00688,48,3588.06,28,592,6,14340.34,18.22,Education,Employed,12.1,43056.72,0.975,No,0,D,0
PL00689,40,12907.87,20,668,10,43238.32,14.8,Education,Employed,12.8,154894.44,0.463,No,0,C,1
PL00690,48,14895.6,22,780,14,2793.88,9.03,Debt Consolidation,Employed,0.0,178747.2,0.722,No,0,B,1
PL00691,28,16453.81,13,694,1,22371.21,10.97,Home Improvement,Unemployed,0.0,197445.72000000003,0.518,No,1,C,0
PL00692,61,17838.53,30,750,4,6760.79,7.23,Debt Consolidation,Employed,19.3,214062.36,0.069,No,2,B,1
PL00693,59,7825.26,29,791,10,21425.19,6.33,Debt Consolidation,Employed,10.6,93903.12,0.047,Yes,0,A,1
PL00694,21,2229.51,1,525,7,42103.73,16.74,Medical,Employed,0.0,26754.120000000003,0.122,Yes,0,E,0
PL00695,23,18639.2,0,623,12,31530.48,19.45,Other,Employed,10.7,223670.40000000002,0.296,Yes,0,D,1
PL00696,33,14320.1,13,763,10,37101.06,6.91,Debt Consolidation,Retired,0.0,171841.2,0.259,No,0,B,1
PL00697,48,21230.71,14,744,16,18106.1,9.23,Education,Employed,5.4,254768.52,0.728,Yes,1,B,1
PL00698,69,20891.93,30,770,14,47275.49,10.02,Education,Employed,12.0,250703.16,0.716,No,1,B,1
PL00699,45,21396.5,27,677,0,35753.84,12.87,Home Improvement,Retired,12.0,256758.0,0.971,No,1,C,0
PL00700,53,13157.18,24,734,18,21668.14,9.09,Debt Consolidation,Employed,18.1,157886.16,0.31,Yes,0,B,1
PL00701,58,9673.45,29,731,15,21896.78,10.11,Education,Employed,13.7,116081.40000000001,0.938,Yes,0,B,1
PL00702,26,20205.84,13,638,18,46015.52,13.42,Debt Consolidation,Employed,14.2,242470.08000000002,0.613,No,0,D,1
PL00703,64,12379.76,30,722,12,29243.83,10.31,Debt Consolidation,Self-Employed,6.9,148557.12,0.495,Yes,0,B,1
PL00704,65,6219.17,30,684,3,35612.58,13.33,Debt Consolidation,Employed,3.2,74630.04000000001,0.668,No,1,C,0
PL00705,52,21664.4,19,765,10,21434.73,6.79,Other,Retired,10.4,259972.80000000002,0.703,No,0,B,1
PL00706,65,22298.88,30,725,17,11960.95,12.84,Debt Consolidation,Unemployed,0.0,267586.56,0.172,No,0,B,1
PL00707,67,12725.12,30,800,17,36454.41,7.42,Other,Employed,16.6,152701.44,0.752,No,0,A,1
PL00708,41,3741.09,23,686,9,30783.36,11.29,Debt Consolidation,Employed,8.4,44893.08,0.725,No,0,C,1
PL00709,36,10920.0,8,648,16,25565.8,13.55,Other,Retired,9.5,131040.0,0.998,No,0,D,0
PL00710,41,20481.37,12,713,12,31577.03,13.56,Medical,Employed,2.8,245776.44,0.912,Yes,1,C,1
PL00711,31,22740.8,12,708,13,11205.99,13.09,Debt Consolidation,Unemployed,0.0,272889.6,0.685,No,0,C,0
PL00712,57,6679.87,30,648,6,39903.0,14.66,Education,Employed,22.9,80158.44,0.712,No,0,D,0
PL00713,56,3540.39,27,647,9,47459.98,13.03,Debt Consolidation,Employed,13.5,42484.68,0.946,No,0,D,0
PL00714,55,22179.06,30,747,2,44664.05,10.82,Debt Consolidation,Employed,0.0,266148.72000000003,0.967,No,0,B,1
PL00715,39,10956.31,18,753,1,16750.35,9.44,Education,Employed,15.4,131475.72,0.827,No,0,B,1
PL00716,40,14460.5,24,739,18,20894.28,13.54,Education,Employed,23.2,173526.0,0.767,No,0,B,1
PL00717,38,24265.51,16,784,6,40611.71,7.92,Medical,Self-Employed,1.1,291186.12,0.111,No,0,A,1
PL00718,67,3530.99,30,710,4,30160.74,14.73,Home Improvement,Employed,16.8,42371.88,0.83,No,0,C,0
PL00719,61,16911.31,30,690,2,27847.81,12.66,Debt Consolidation,Self-Employed,8.5,202935.72000000003,0.253,No,1,C,1
PL00720,69,3704.42,30,694,1,46405.46,10.02,Other,Employed,20.0,44453.04,0.564,No,0,C,0
PL00721,34,10635.79,8,709,5,27265.22,18.0,Other,Employed,0.7,127629.48000000001,0.405,No,0,C,1
PL00722,35,20487.73,12,649,13,26232.0,11.24,Debt Consolidation,Self-Employed,6.5,245852.76,0.346,No,0,D,1
PL00723,51,11969.86,29,733,6,3058.91,6.36,Debt Consolidation,Unemployed,0.0,143638.32,0.31,No,0,B,1
PL00724,21,24935.19,0,822,1,4401.43,5.0,Education,Retired,12.7,299222.27999999997,0.855,No,0,A,1
PL00725,23,14858.36,10,713,10,1363.6,16.71,Education,Retired,14.4,178300.32,0.769,Yes,0,C,0
PL00726,36,9386.73,10,729,20,45748.97,14.75,Debt Consolidation,Employed,12.8,112640.76,0.523,No,0,B,1
PL00727,43,7062.56,24,672,2,21010.95,13.38,Debt Consolidation,Self-Employed,5.9,84750.72,0.664,No,0,C,0
PL00728,31,10061.97,9,700,8,23959.51,12.69,Medical,Employed,6.5,120743.63999999998,0.985,Yes,0,C,0
PL00729,32,10568.27,17,620,7,42423.96,15.96,Medical,Employed,7.4,126819.24,0.398,No,0,D,0
PL00730,30,3580.41,11,657,10,30853.07,10.23,Debt Consolidation,Employed,17.1,42964.92,0.551,No,0,C,0
PL00731,52,10500.21,29,729,17,30865.58,13.42,Home Improvement,Retired,0.0,126002.51999999999,0.534,No,1,B,1
PL00732,36,12677.49,10,689,0,15530.19,14.97,Medical,Employed,7.3,152129.88,0.936,No,1,C,0
PL00733,28,18622.97,10,754,14,41861.51,6.9,Debt Consolidation,Employed,0.0,223475.64,0.352,No,1,B,1
PL00734,58,17104.78,27,714,3,9125.67,11.83,Medical,Employed,6.7,205257.36,0.986,No,1,C,0
PL00735,32,18301.61,14,686,3,3604.33,12.31,Debt Consolidation,Employed,9.9,219619.32,0.305,No,0,C,1
PL00736,44,2192.36,17,643,9,10388.56,13.99,Education,Retired,26.8,26308.32,0.109,No,0,D,1
PL00737,48,7006.35,30,619,10,14119.12,14.14,Debt Consolidation,Employed,4.7,84076.20000000001,0.191,No,0,D,1
PL00738,28,17218.74,7,693,17,14833.24,11.91,Debt Consolidation,Employed,18.2,206624.88,0.426,No,0,C,1
PL00739,48,13131.76,30,615,14,33855.17,14.63,Debt Consolidation,Employed,0.0,157581.12,0.65,No,0,D,1
PL00740,56,2122.21,30,714,2,11673.4,13.31,Debt Consolidation,Employed,10.3,25466.52,0.517,No,1,C,0
PL00741,46,20503.38,16,736,6,34156.26,10.13,Medical,Employed,10.3,246040.56,0.376,No,0,B,1
PL00742,28,19774.62,2,668,6,5465.48,11.89,Medical,Employed,16.0,237295.44,0.562,No,0,C,1
PL00743,70,14613.64,30,711,16,8212.92,11.27,Debt Consolidation,Employed,5.6,175363.68,0.839,No,0,C,1
PL00744,48,3528.66,27,641,19,25932.25,14.22,Debt Consolidation,Employed,3.7,42343.92,0.839,No,0,D,0
PL00745,48,19629.85,30,768,15,46172.89,8.36,Home Improvement,Self-Employed,0.0,235558.19999999998,0.726,No,1,B,1
PL00746,57,15425.41,30,758,15,43118.81,10.54,Debt Consolidation,Unemployed,0.0,185104.91999999998,0.952,No,0,B,0
PL00747,61,19985.08,30,726,7,48468.92,10.08,Debt Consolidation,Employed,4.9,239820.96000000002,0.59,No,1,B,1
PL00748,56,19290.18,30,706,2,32873.47,10.4,Education,Employed,18.2,231482.16,0.008,No,0,C,1
PL00749,47,20469.05,26,769,19,34114.93,5.96,Home Improvement,Self-Employed,14.1,245628.59999999998,0.291,No,1,B,1
PL00750,37,13914.19,4,647,14,31626.13,14.21,Home Improvement,Employed,19.5,166970.28,0.328,Yes,0,D,1
PL00751,29,5227.46,16,627,0,31518.13,17.63,Medical,Employed,3.0,62729.520000000004,0.547,Yes,0,D,0
PL00752,53,17436.62,30,739,9,8208.9,9.8,Debt Consolidation,Employed,11.6,209239.44,0.905,Yes,2,B,0
PL00753,40,16270.9,25,716,1,27643.21,10.09,Medical,Retired,11.5,195250.8,0.838,No,0,C,1
PL00754,33,19071.82,4,744,6,19917.33,8.3,Debt Consolidation,Employed,6.0,228861.84,0.232,No,0,B,1
PL00755,48,5907.26,30,602,13,22684.32,12.83,Debt Consolidation,Employed,19.8,70887.12,0.519,No,0,D,0
PL00756,68,6484.43,30,612,15,26656.43,18.17,Education,Employed,16.3,77813.16,0.659,No,0,D,0
PL00757,49,22479.42,21,722,14,7291.41,11.79,Medical,Employed,26.2,269753.04,0.988,No,0,B,0
PL00758,33,19249.49,15,792,6,18614.9,9.18,Debt Consolidation,Employed,15.6,230993.88,0.031,No,0,A,1
PL00759,66,22889.26,30,850,12,4109.03,5.5,Debt Consolidation,Employed,25.0,274671.12,0.464,No,0,A,1
PL00760,55,19450.45,26,838,9,49003.74,5.0,Home Improvement,Self-Employed,24.8,233405.40000000002,0.988,No,1,A,1
PL00761,26,15734.57,7,661,8,6807.87,12.96,Home Improvement,Employed,6.1,188814.84,0.977,Yes,1,C,0
PL00762,38,17045.05,21,612,8,13667.71,14.82,Medical,Employed,0.0,204540.59999999998,0.331,No,0,D,1
PL00763,25,22449.94,0,585,5,44673.35,16.21,Education,Employed,23.5,269399.27999999997,0.0,Yes,1,D,1
PL00764,67,15312.56,30,719,11,24652.79,10.13,Home Improvement,Employed,15.6,183750.72,0.587,No,0,C,1
PL00765,45,16545.0,15,702,19,7646.22,13.94,Medical,Unemployed,0.0,198540.0,0.867,No,0,C,1
PL00766,22,5598.96,0,677,19,19827.3,16.91,Education,Employed,6.4,67187.52,0.324,No,0,C,1
PL00767,30,12900.19,9,707,13,6677.53,9.76,Debt Consolidation,Employed,13.2,154802.28,0.934,No,0,C,1
PL00768,50,18477.13,29,743,19,10810.58,9.53,Debt Consolidation,Employed,18.1,221725.56,0.333,No,0,B,1
PL00769,70,8231.68,30,676,6,3549.46,13.34,Education,Employed,15.3,98780.16,0.61,No,0,C,0
PL00770,65,6651.85,30,655,7,22473.15,11.9,Debt Consolidation,Retired,5.1,79822.20000000001,0.722,No,2,C,0
PL00771,25,9218.02,6,648,7,40525.17,14.29,Debt Consolidation,Employed,22.3,110616.24,0.345,No,0,D,1
PL00772,53,7554.51,30,718,7,29712.49,11.7,Education,Employed,11.0,90654.12,0.352,No,0,C,1
PL00773,21,6942.99,0,636,1,30710.92,14.57,Debt Consolidation,Employed,15.4,83315.88,0.47,No,0,D,0
PL00774,38,11771.57,20,623,13,10828.62,16.57,Home Improvement,Self-Employed,16.7,141258.84,0.835,No,0,D,0
PL00775,52,22880.29,28,790,9,17850.8,7.73,Debt Consolidation,Employed,27.1,274563.48,0.101,Yes,0,A,1
PL00776,67,13662.37,30,763,17,42416.86,5.0,Education,Employed,13.3,163948.44,0.631,No,1,B,1
PL00777,69,6322.17,30,656,17,5304.95,11.9,Medical,Employed,9.6,75866.04000000001,0.677,Yes,1,C,0
PL00778,31,3770.35,20,581,17,43038.6,20.09,Education,Retired,25.3,45244.2,0.558,No,1,D,0
PL00779,41,18011.59,20,746,15,24700.81,10.77,Debt Consolidation,Employed,18.9,216139.08000000002,0.936,No,0,B,0
PL00780,46,10804.37,18,674,19,42020.22,7.3,Education,Employed,12.4,129652.44,0.602,No,0,C,1
PL00781,45,20902.11,30,813,4,16582.31,5.0,Home Improvement,Employed,11.9,250825.32,0.635,No,0,A,1
PL00782,42,17168.75,21,734,19,17603.3,11.72,Other,Employed,0.0,206025.0,0.6,Yes,0,B,1
PL00783,47,20313.55,30,711,4,37828.64,10.17,Medical,Employed,9.3,243762.59999999998,0.722,Yes,0,C,1
PL00784,69,8254.76,30,718,19,39464.81,5.6,Home Improvement,Employed,0.0,99057.12,0.135,No,0,C,1
PL00785,33,17924.26,13,698,9,12252.59,14.03,Debt Consolidation,Employed,0.0,215091.12,0.894,No,0,C,0
PL00786,53,8073.43,29,649,16,48670.69,15.58,Home Improvement,Employed,5.2,96881.16,0.042,No,1,D,1
PL00787,54,23598.58,30,720,12,5140.02,9.25,Other,Employed,0.0,283182.96,0.641,No,0,C,1
PL00788,61,16636.61,30,780,16,4356.65,10.67,Education,Employed,7.2,199639.32,0.615,No,1,B,1
PL00789,55,9463.77,30,739,17,30179.71,8.46,Home Improvement,Employed,12.5,113565.24,0.208,No,0,B,1
PL00790,21,8198.77,0,653,12,36414.3,12.71,Education,Retired,14.1,98385.24,0.041,No,0,C,1
PL00791,41,6391.31,22,729,16,48083.42,9.53,Debt Consolidation,Employed,9.1,76695.72,0.139,No,0,B,1
PL00792,68,17976.74,30,738,14,20842.34,6.3,Home Improvement,Employed,0.0,215720.88,0.272,Yes,0,B,1
PL00793,26,7030.46,13,710,11,2239.28,12.19,Education,Retired,9.0,84365.52,0.882,No,0,C,0
PL00794,48,15691.98,30,669,9,30541.92,14.27,Education,Employed,1.5,188303.76,0.856,No,0,C,0
PL00795,37,8086.61,17,603,12,15195.11,15.31,Medical,Employed,21.2,97039.31999999999,0.064,No,0,D,1
PL00796,25,17225.29,6,588,10,22214.41,18.32,Home Improvement,Employed,8.8,206703.48,0.289,No,0,D,1
PL00797,51,20743.61,25,723,2,24935.0,7.59,Medical,Employed,0.9,248923.32,0.889,No,1,B,0
PL00798,25,19894.58,12,664,9,4161.12,14.83,Debt Consolidation,Employed,1.6,238734.96000000002,0.237,Yes,0,C,1
PL00799,58,19499.58,30,779,10,24813.11,8.88,Education,Employed,10.1,233994.96000000002,0.996,Yes,0,B,1
PL00800,23,6317.62,3,629,5,21889.66,13.66,Other,Employed,10.5,75811.44,0.257,No,0,D,1
PL00801,43,4032.85,29,586,0,35914.67,17.83,Education,Self-Employed,8.5,48394.2,0.739,No,1,D,0
PL00802,57,18075.82,30,724,5,32637.63,8.96,Other,Employed,18.0,216909.84,0.417,No,0,B,1
PL00803,57,10471.99,30,687,4,10075.57,14.62,Home Improvement,Self-Employed,2.3,125663.88,0.136,Yes,0,C,1
PL00804,30,11943.96,9,570,6,11100.81,18.78,Medical,Unemployed,0.0,143327.52,0.255,Yes,0,D,1
PL00805,30,2716.43,11,564,11,13299.3,18.73,Debt Consolidation,Employed,9.2,32597.159999999996,0.675,No,0,D,0
PL00806,39,7970.26,16,619,11,9768.57,14.58,Debt Consolidation,Self-Employed,16.9,95643.12,0.337,No,0,D,0
PL00807,37,2774.56,18,699,6,33203.45,13.41,Medical,Employed,5.0,33294.72,0.604,No,0,C,0
PL00808,41,22221.27,21,742,1,49727.08,12.32,Education,Employed,16.2,266655.24,0.206,No,0,B,1
PL00809,34,7598.12,8,679,0,32953.31,15.99,Home Improvement,Retired,3.5,91177.44,0.449,No,0,C,0
PL00810,29,14818.75,10,597,17,30727.4,15.41,Home Improvement,Employed,23.2,177825.0,0.512,Yes,0,D,0
PL00811,66,2896.52,30,746,11,21086.47,11.36,Debt Consolidation,Employed,9.4,34758.24,0.413,No,1,B,1
PL00812,21,17337.49,0,733,6,16316.43,13.11,Medical,Employed,6.6,208049.88,0.198,No,0,B,1
PL00813,65,9429.63,30,617,18,45642.61,15.1,Education,Employed,0.6,113155.56,0.462,Yes,0,D,1
PL00814,33,22652.14,5,683,2,48481.09,15.4,Debt Consolidation,Employed,11.3,271825.68,0.693,No,0,C,1
PL00815,24,22426.72,5,724,9,25342.03,11.05,Education,Employed,8.8,269120.64,0.965,Yes,0,B,0
PL00816,21,9481.68,0,661,10,15219.82,11.55,Home Improvement,Employed,0.0,113780.16,0.79,Yes,1,C,0
PL00817,69,22722.1,30,757,4,38735.99,7.81,Debt Consolidation,Employed,4.1,272665.19999999995,0.161,Yes,1,B,1
PL00818,60,24911.63,30,769,1,7490.38,5.79,Debt Consolidation,Employed,0.0,298939.56,0.273,No,2,B,1
PL00819,52,20984.56,26,719,7,38513.82,10.88,Debt Consolidation,Employed,1.0,251814.72000000003,0.079,No,0,C,1
PL00820,54,21432.04,30,760,13,41128.47,8.77,Debt Consolidation,Employed,9.0,257184.48,0.136,No,0,B,1
PL00821,48,7727.2,25,734,7,7120.29,10.65,Education,Employed,12.8,92726.4,0.251,No,1,B,1
PL00822,51,15264.16,30,679,5,48866.21,15.5,Debt Consolidation,Employed,7.4,183169.91999999998,0.2,No,0,C,1
PL00823,28,3546.89,5,663,0,49290.1,13.47,Home Improvement,Self-Employed,13.8,42562.68,0.214,No,0,C,1
PL00824,59,4183.11,30,639,0,46899.25,14.06,Debt Consolidation,Employed,2.3,50197.31999999999,0.231,No,0,D,1
PL00825,46,24974.53,30,714,7,25305.71,10.78,Education,Employed,13.6,299694.36,0.301,No,1,C,1
PL00826,54,9512.7,28,736,10,13057.63,6.48,Debt Consolidation,Self-Employed,9.4,114152.40000000001,0.126,No,0,B,1
PL00827,23,19208.23,1,728,17,29518.45,11.91,Other,Employed,8.4,230498.76,0.278,No,0,B,1
PL00828,70,20553.3,30,825,9,21576.76,5.83,Education,Employed,10.0,246639.59999999998,0.688,No,0,A,1
PL00829,32,21734.54,11,646,11,11091.48,14.43,Home Improvement,Employed,5.2,260814.48,0.236,No,0,D,0
PL00830,21,24945.45,5,683,19,21760.14,12.19,Home Improvement,Employed,0.0,299345.4,0.172,Yes,0,C,1
PL00831,64,7554.42,30,746,15,33530.6,9.98,Medical,Employed,1.6,90653.04000000001,0.068,No,0,B,1
PL00832,25,2928.07,0,606,4,4474.75,13.47,Home Improvement,Unemployed,0.0,35136.840000000004,0.5,Yes,0,D,0
PL00833,50,11457.4,30,643,15,17337.48,14.41,Debt Consolidation,Employed,8.2,137488.8,0.842,No,0,D,0
PL00834,50,4991.86,29,687,11,1871.95,11.2,Medical,Employed,15.5,59902.31999999999,0.059,No,0,C,1
PL00835,37,2515.8,15,590,5,37725.28,16.89,Debt Consolidation,Retired,21.9,30189.600000000002,0.542,Yes,0,D,0
PL00836,68,10289.82,30,817,4,32393.87,5.0,Home Improvement,Employed,6.3,123477.84,0.651,No,1,A,1
PL00837,67,20025.98,30,850,0,4070.93,5.96,Other,Employed,8.7,240311.76,0.592,No,0,A,1
PL00838,43,15022.16,23,731,18,48272.14,10.45,Other,Employed,25.1,180265.91999999998,0.878,No,0,B,1
PL00839,35,9193.89,26,724,9,2108.46,8.14,Debt Consolidation,Employed,6.8,110326.68,0.866,Yes,0,B,1
PL00840,57,17049.87,30,742,13,29908.07,11.8,Debt Consolidation,Self-Employed,5.0,204598.44,0.057,Yes,1,B,1
PL00841,41,7336.42,18,696,20,39042.01,10.97,Debt Consolidation,Employed,9.0,88037.04000000001,0.361,Yes,0,C,1
PL00842,34,2330.77,13,693,2,39606.92,11.42,Debt Consolidation,Retired,6.6,27969.239999999998,0.671,No,0,C,0
PL00843,22,19580.13,6,694,5,2679.97,13.69,Debt Consolidation,Employed,4.6,234961.56,0.952,No,0,C,0
PL00844,31,16346.09,2,670,4,45414.34,15.33,Debt Consolidation,Self-Employed,0.0,196153.08000000002,0.805,No,0,C,0
PL00845,59,19532.96,28,670,16,46004.13,12.25,Other,Employed,22.7,234395.52,0.177,No,0,C,1
PL00846,58,2895.57,30,666,17,28508.13,13.59,Education,Retired,14.4,34746.840000000004,0.279,No,0,C,1
PL00847,54,21253.75,24,795,11,24622.08,8.86,Medical,Employed,22.9,255045.0,0.764,Yes,1,A,1
PL00848,58,16249.1,30,784,4,3198.51,10.53,Education,Self-Employed,17.6,194989.2,0.471,No,0,A,1
PL00849,70,14958.09,30,780,8,28535.75,8.36,Medical,Employed,10.1,179497.08000000002,0.547,No,0,B,1
PL00850,54,16366.12,28,702,11,21059.58,12.67,Other,Employed,0.0,196393.44,0.609,Yes,0,C,1
PL00851,38,21881.96,9,626,19,38867.51,13.35,Education,Employed,2.7,262583.52,0.103,No,0,D,1
PL00852,50,15499.54,29,692,8,20790.29,9.16,Debt Consolidation,Employed,7.2,185994.48,0.856,No,0,C,0
PL00853,35,15361.86,18,671,2,34495.46,14.25,Education,Employed,2.3,184342.32,0.863,No,1,C,0
PL00854,47,24785.62,17,742,0,5969.0,8.3,Other,Employed,0.0,297427.44,0.468,No,2,B,0
PL00855,54,19404.79,30,775,14,7514.66,6.56,Debt Consolidation,Employed,2.9,232857.48,0.627,No,1,B,1
PL00856,58,12172.76,30,816,9,7845.8,7.83,Education,Self-Employed,8.4,146073.12,0.66,No,0,A,1
PL00857,53,18270.13,30,743,13,3230.75,9.57,Debt Consolidation,Employed,22.7,219241.56,0.19,No,0,B,1
PL00858,44,10952.3,29,671,6,27525.11,13.59,Debt Consolidation,Employed,4.6,131427.59999999998,0.113,No,0,C,1
PL00859,35,7264.14,25,633,3,39904.42,12.3,Home Improvement,Employed,15.2,87169.68000000001,0.021,No,0,D,1
PL00860,50,15727.59,27,724,4,30910.15,8.91,Debt Consolidation,Employed,2.2,188731.08000000002,0.913,No,0,B,1
PL00861,62,23348.19,30,739,19,29172.79,13.31,Debt Consolidation,Unemployed,0.0,280178.27999999997,0.346,No,0,B,1
PL00862,37,23370.21,13,736,15,34350.57,8.87,Debt Consolidation,Employed,9.7,280442.52,0.086,No,0,B,1
PL00863,25,9863.82,4,661,2,17642.62,13.18,Other,Employed,22.8,118365.84,0.466,No,1,C,0
PL00864,49,14136.58,30,719,16,18735.75,11.43,Debt Consolidation,Employed,0.0,169638.96,0.076,Yes,0,C,1
PL00865,24,6867.63,0,645,12,16399.23,12.18,Home Improvement,Employed,3.5,82411.56,0.085,Yes,1,D,1
PL00866,30,24899.52,4,746,5,35893.34,12.43,Debt Consolidation,Employed,12.0,298794.24,0.489,No,1,B,1
PL00867,37,24565.71,22,648,4,8920.38,14.2,Home Improvement,Employed,13.3,294788.52,0.509,No,3,D,0
PL00868,30,16938.71,14,716,15,1638.24,10.62,Other,Employed,0.6,203264.52,0.58,Yes,1,C,1
PL00869,37,20501.52,14,682,10,30213.63,14.77,Debt Consolidation,Employed,9.7,246018.24,0.656,No,0,C,1
PL00870,40,18447.3,23,657,16,47176.69,15.6,Debt Consolidation,Employed,10.1,221367.59999999998,0.668,Yes,0,C,1
PL00871,44,15642.64,24,650,4,30860.99,18.02,Debt Consolidation,Employed,21.8,187711.68,0.433,No,0,D,1
PL00872,25,3227.0,11,627,5,39363.16,14.26,Home Improvement,Employed,11.7,38724.0,0.644,Yes,1,D,0
PL00873,54,12459.58,30,699,9,33966.74,16.25,Debt Consolidation,Unemployed,0.0,149514.96,0.305,No,1,C,0
PL00874,26,17520.08,10,595,20,25374.4,17.88,Debt Consolidation,Unemployed,0.0,210240.96000000002,0.441,No,2,D,0
PL00875,22,17583.23,14,695,0,36201.23,15.43,Debt Consolidation,Retired,14.9,210998.76,0.393,No,0,C,1
PL00876,33,10581.82,14,586,20,41381.1,18.97,Debt Consolidation,Self-Employed,8.0,126981.84,0.329,No,0,D,0
PL00877,63,23658.92,30,791,9,12011.85,6.4,Debt Consolidation,Employed,5.5,283907.04,0.239,Yes,2,A,1
PL00878,63,5849.21,30,707,16,17470.39,9.83,Home Improvement,Employed,2.2,70190.52,0.078,No,2,C,0
PL00879,68,13508.27,30,787,2,11962.56,5.0,Home Improvement,Employed,7.6,162099.24,0.506,No,0,A,1
PL00880,31,17890.33,21,780,1,23156.47,5.0,Education,Employed,15.6,214683.96000000002,0.537,Yes,0,B,1
PL00881,67,18034.12,30,695,16,44368.16,10.82,Medical,Retired,5.9,216409.44,0.336,No,1,C,1
PL00882,43,16918.7,20,707,3,17915.15,14.03,Medical,Employed,10.3,203024.40000000002,0.976,No,0,C,0
PL00883,36,8331.63,10,639,1,19348.88,13.59,Medical,Employed,5.5,99979.56,0.557,No,1,D,0
PL00884,51,5592.75,30,691,4,43157.99,10.87,Education,Employed,11.4,67113.0,0.889,No,0,C,0
PL00885,31,16626.63,14,695,9,26253.34,13.44,Education,Employed,10.7,199519.56,0.57,No,0,C,1
PL00886,36,15783.95,12,673,0,27237.0,11.32,Medical,Employed,3.7,189407.40000000002,0.19,No,0,C,1
PL00887,28,6125.19,9,604,0,43179.26,19.86,Medical,Employed,16.7,73502.28,0.975,No,0,D,0
PL00888,24,18218.2,0,623,3,25035.81,14.79,Debt Consolidation,Unemployed,0.0,218618.40000000002,0.885,No,0,D,0
PL00889,60,12468.96,30,771,6,34396.32,10.45,Debt Consolidation,Employed,19.1,149627.52,0.471,No,0,B,1
PL00890,24,17358.49,5,697,13,5196.59,11.55,Debt Consolidation,Employed,12.6,208301.88,0.243,No,1,C,1
PL00891,45,21259.44,30,782,13,9752.95,8.14,Education,Employed,14.7,255113.27999999997,0.223,No,0,A,1
PL00892,23,5903.75,0,599,17,20814.43,18.66,Debt Consolidation,Employed,0.0,70845.0,0.806,No,0,D,0
PL00893,52,2440.33,24,623,1,25247.11,15.78,Education,Employed,9.6,29283.96,0.069,Yes,0,D,1
PL00894,23,19919.36,0,631,0,48320.95,17.94,Education,Employed,22.3,239032.32,0.638,Yes,0,D,0
PL00895,47,16023.04,19,732,20,48561.93,8.8,Home Improvement,Employed,8.8,192276.48,0.64,Yes,1,B,1
PL00896,49,18091.71,30,676,15,42708.66,10.31,Debt Consolidation,Employed,11.0,217100.52,0.182,Yes,0,C,1
PL00897,52,21277.56,30,842,17,16464.34,5.0,Education,Employed,0.8,255330.72000000003,0.705,Yes,0,A,1
PL00898,70,20464.65,30,716,15,48237.39,13.6,Education,Employed,0.0,245575.80000000002,0.705,No,0,C,1
PL00899,39,24101.16,24,752,5,34777.7,11.26,Debt Consolidation,Retired,11.8,289213.92,0.35,No,1,B,1
PL00900,41,14326.51,20,771,9,20254.07,8.06,Education,Employed,4.6,171918.12,0.483,Yes,0,B,1
PL00901,25,13235.4,3,686,1,35382.07,13.05,Home Improvement,Employed,5.6,158824.8,0.833,No,0,C,0
PL00902,38,11243.41,15,681,6,1809.61,14.82,Debt Consolidation,Retired,10.5,134920.91999999998,0.523,No,2,C,0
PL00903,48,5534.89,25,615,20,8161.58,15.3,Home Improvement,Employed,15.5,66418.68000000001,0.618,No,0,D,0
PL00904,62,15169.97,30,670,16,41654.6,9.66,Home Improvement,Employed,14.2,182039.63999999998,0.413,No,0,C,1
PL00905,42,8371.29,22,704,2,32633.11,8.14,Medical,Employed,10.8,100455.48000000001,0.15,No,0,C,1
PL00906,41,23190.07,19,813,19,18845.54,5.0,Home Improvement,Self-Employed,17.1,278280.83999999997,0.998,No,0,A,1
PL00907,26,15413.39,8,647,11,25532.67,14.43,Medical,Self-Employed,18.4,184960.68,0.532,No,0,D,0
PL00908,21,15635.32,0,603,1,45351.97,14.34,Education,Employed,8.9,187623.84,0.336,No,0,D,1
PL00909,25,10163.27,3,517,6,31947.33,22.2,Other,Employed,23.3,121959.24,0.714,Yes,0,E,0
PL00910,61,3195.76,30,628,16,20509.31,12.54,Debt Consolidation,Employed,1.3,38349.12,0.621,No,2,D,0
PL00911,32,2730.11,11,611,18,6896.01,14.48,Debt Consolidation,Retired,0.0,32761.32,0.233,No,0,D,1
PL00912,46,11736.71,28,770,11,15393.59,5.0,Debt Consolidation,Employed,21.1,140840.52,0.877,No,0,B,1
PL00913,66,3945.0,30,725,8,48938.67,9.79,Medical,Self-Employed,4.4,47340.0,0.071,No,0,B,1
PL00914,54,15957.48,30,743,13,22430.79,9.88,Debt Consolidation,Employed,0.0,191489.76,0.606,No,0,B,1
PL00915,69,22262.38,30,769,1,24120.13,10.84,Other,Employed,7.4,267148.56,0.478,No,0,B,1
PL00916,34,22307.04,9,690,20,25431.3,12.51,Education,Employed,19.8,267684.48,0.318,No,0,C,1
PL00917,46,17158.04,22,788,3,44321.1,9.3,Home Improvement,Self-Employed,7.5,205896.48,0.826,No,1,A,0
PL00918,65,6858.33,30,714,18,30592.49,13.19,Debt Consolidation,Employed,0.0,82299.95999999999,0.656,No,0,C,1
PL00919,47,21848.93,20,638,20,34990.17,15.42,Debt Consolidation,Employed,7.7,262187.16000000003,0.759,No,0,D,0
PL00920,29,22380.15,9,676,15,20081.26,11.12,Debt Consolidation,Employed,8.5,268561.80000000005,0.415,No,0,C,1
PL00921,46,6523.03,20,621,16,2425.29,16.22,Debt Consolidation,Employed,7.3,78276.36,0.942,Yes,0,D,0
PL00922,67,18960.8,30,741,1,46617.67,12.93,Education,Self-Employed,4.2,227529.59999999998,0.345,No,0,B,1
PL00923,42,8589.95,30,695,16,47507.26,11.42,Other,Employed,4.6,103079.40000000001,0.531,No,0,C,1
PL00924,67,20460.73,30,770,18,47508.5,9.75,Debt Consolidation,Employed,15.8,245528.76,0.934,Yes,0,B,1
PL00925,50,24936.47,30,760,7,47240.67,10.15,Medical,Employed,5.4,299237.64,0.083,No,0,B,1
PL00926,63,2690.6,30,745,19,40946.86,9.03,Education,Employed,11.3,32287.199999999997,0.109,No,0,B,1
PL00927,68,22639.41,30,754,5,34545.21,11.24,Debt Consolidation,Self-Employed,11.3,271672.92,0.994,Yes,0,B,1
PL00928,37,16320.5,9,788,11,42380.99,7.05,Education,Employed,5.1,195846.0,0.971,No,0,A,1
PL00929,46,24387.8,27,720,17,30426.77,11.82,Debt Consolidation,Self-Employed,4.0,292653.6,0.772,Yes,0,C,1
PL00930,56,12695.22,30,719,1,7584.11,10.48,Home Improvement,Employed,10.6,152342.63999999998,0.484,No,0,C,1
PL00931,21,21489.92,0,675,18,20169.69,13.04,Home Improvement,Employed,0.0,257879.03999999998,0.506,No,2,C,0
PL00932,28,3435.06,1,619,9,48593.45,17.37,Debt Consolidation,Employed,26.0,41220.72,0.257,No,0,D,1
PL00933,69,9711.42,30,748,2,18205.75,5.74,Medical,Retired,5.4,116537.04000000001,0.433,No,0,B,1
PL00934,55,3541.38,29,689,11,43523.57,13.55,Debt Consolidation,Employed,6.9,42496.56,0.431,No,1,C,0
PL00935,35,24432.89,16,694,15,5567.36,13.51,Medical,Employed,15.9,293194.68,0.036,Yes,0,C,1
PL00936,67,20790.4,30,721,11,17375.01,9.71,Home Improvement,Self-Employed,8.6,249484.80000000002,0.453,No,0,B,1
PL00937,42,21608.59,20,850,7,18196.71,5.0,Home Improvement,Retired,6.7,259303.08000000002,0.48,No,0,A,1
PL00938,34,23573.2,13,701,4,3528.52,9.82,Debt Consolidation,Employed,0.0,282878.4,0.666,No,0,C,1
PL00939,46,3957.38,21,686,10,6835.62,10.86,Debt Consolidation,Employed,10.8,47488.56,0.516,No,1,C,0
PL00940,48,10868.74,28,609,9,10465.1,16.5,Education,Employed,5.6,130424.88,0.862,No,0,D,0
PL00941,43,3633.8,29,630,2,42052.96,20.25,Other,Employed,26.7,43605.600000000006,0.368,No,0,D,0
PL00942,34,6848.24,9,635,8,4106.7,16.1,Other,Employed,8.4,82178.88,0.41,No,0,D,0
PL00943,44,7275.41,28,688,11,15636.34,10.67,Debt Consolidation,Retired,0.0,87304.92,0.571,Yes,1,C,0
PL00944,22,12789.47,8,511,5,1498.58,21.96,Home Improvement,Employed,17.6,153473.63999999998,0.203,Yes,0,E,0
PL00945,65,8176.93,30,719,18,35085.76,12.12,Other,Employed,2.0,98123.16,0.393,No,1,C,1
PL00946,46,4322.5,17,596,15,31394.85,13.09,Debt Consolidation,Retired,10.9,51870.0,0.686,No,0,D,0
PL00947,34,5852.3,14,653,20,32604.13,13.32,Home Improvement,Employed,21.2,70227.6,0.412,No,0,C,1
PL00948,27,5387.34,3,569,13,19344.76,17.49,Debt Consolidation,Employed,7.5,64648.08,0.907,No,0,D,0
PL00949,23,24380.77,11,665,3,11205.12,13.65,Debt Consolidation,Retired,8.4,292569.24,0.615,No,0,C,0
PL00950,67,19463.73,30,757,17,36295.69,9.16,Debt Consolidation,Retired,17.5,233564.76,0.154,No,0,B,1
PL00951,43,24258.51,17,694,9,40744.78,12.39,Education,Employed,21.4,291102.12,0.487,No,0,C,1
PL00952,66,12114.03,30,708,17,7791.47,9.58,Home Improvement,Employed,8.9,145368.36000000002,0.765,No,0,C,1
PL00953,63,8402.48,30,648,11,24854.64,13.53,Education,Employed,26.2,100829.76,0.643,No,0,D,0
PL00954,67,20360.74,30,684,18,13187.07,12.01,Debt Consolidation,Employed,0.0,244328.88,0.885,No,0,C,0
PL00955,65,9503.84,30,768,7,9237.24,11.05,Debt Consolidation,Employed,2.8,114046.08,0.75,No,0,B,1
PL00956,38,8885.82,21,595,0,36981.94,15.2,Education,Employed,6.2,106629.84,0.062,No,1,D,0
PL00957,58,7347.64,30,683,13,27366.75,12.1,Education,Self-Employed,18.5,88171.68000000001,0.113,No,1,C,0
PL00958,55,4982.62,30,712,5,11593.08,10.56,Education,Self-Employed,11.8,59791.44,0.65,No,0,C,0
PL00959,35,7898.65,13,618,13,16190.0,18.72,Debt Consolidation,Self-Employed,4.6,94783.79999999999,0.238,No,0,D,1
PL00960,45,10172.35,27,639,1,48366.03,15.92,Home Improvement,Employed,1.0,122068.20000000001,0.588,No,1,D,0
PL00961,57,17501.87,30,752,8,42585.3,7.59,Other,Employed,0.0,210022.44,0.792,No,0,B,1
PL00962,48,3438.99,25,709,11,44117.39,12.2,Education,Self-Employed,14.1,41267.88,0.577,Yes,0,C,1
PL00963,30,6841.66,9,575,4,23540.59,15.48,Medical,Self-Employed,6.9,82099.92,0.415,No,0,D,0
PL00964,59,20607.54,30,753,1,31566.56,9.93,Other,Self-Employed,18.1,247290.48,0.646,No,0,B,1
PL00965,37,5379.2,8,554,18,19461.62,21.19,Medical,Unemployed,0.0,64550.399999999994,0.144,No,0,D,1
PL00966,59,9880.84,30,687,6,4807.89,8.5,Medical,Retired,13.4,118570.08,0.723,No,0,C,1
PL00967,42,21887.16,30,735,6,20652.4,8.21,Medical,Employed,9.7,262645.92,0.697,No,1,B,0
PL00968,46,5563.28,20,617,9,30105.06,15.9,Debt Consolidation,Employed,5.1,66759.36,0.514,Yes,0,D,0
PL00969,64,3902.95,30,664,16,15070.07,12.66,Education,Employed,5.7,46835.399999999994,0.279,No,0,C,1
PL00970,45,13144.37,19,625,13,42549.58,15.66,Home Improvement,Employed,10.8,157732.44,0.798,No,0,D,0
PL00971,37,8955.65,19,662,10,8403.91,13.38,Debt Consolidation,Employed,9.7,107467.79999999999,0.511,No,0,C,0
PL00972,33,14958.39,14,733,19,18989.33,6.96,Home Improvement,Self-Employed,2.9,179500.68,0.059,No,0,B,1
PL00973,40,20487.51,18,667,5,7120.29,14.56,Medical,Employed,14.1,245850.12,0.919,No,0,C,0
PL00974,45,5154.42,19,624,7,20836.77,12.6,Education,Self-Employed,19.6,61853.04,0.768,No,0,D,0
PL00975,24,15356.08,3,689,18,2943.4,12.73,Medical,Employed,8.0,184272.96,0.585,No,0,C,1
PL00976,30,13626.7,1,728,18,14354.92,9.64,Education,Employed,14.7,163520.40000000002,0.437,Yes,0,B,1
PL00977,23,5313.81,2,537,16,20636.03,24.03,Home Improvement,Retired,8.7,63765.72,0.96,No,0,E,0
PL00978,61,16351.97,30,735,17,24430.1,9.99,Education,Employed,29.3,196223.63999999998,0.775,No,0,B,1
PL00979,65,8293.73,30,725,11,27641.12,11.38,Other,Employed,10.1,99524.76,0.535,No,0,B,1
PL00980,38,13220.19,9,676,8,14474.57,14.02,Education,Employed,15.6,158642.28,0.653,No,1,C,0
PL00981,67,3892.26,30,569,15,26629.03,18.45,Medical,Retired,19.3,46707.12,0.281,No,0,D,0
PL00982,56,12570.43,30,739,17,25941.23,9.99,Other,Self-Employed,4.9,150845.16,0.196,No,0,B,1
PL00983,67,9048.66,30,795,15,16492.72,5.52,Debt Consolidation,Retired,15.6,108583.92,0.273,No,0,A,1
PL00984,42,20914.77,20,734,15,41679.82,10.05,Medical,Retired,16.9,250977.24,0.293,No,0,B,1
PL00985,54,3310.51,30,612,3,27736.42,12.09,Debt Consolidation,Self-Employed,13.4,39726.12,0.74,No,0,D,0
PL00986,67,11627.97,30,706,6,17281.22,12.52,Home Improvement,Employed,16.1,139535.63999999998,0.14,No,0,C,1
PL00987,28,12543.92,2,747,0,47419.59,15.52,Education,Employed,4.8,150527.04,0.778,Yes,0,B,1
PL00988,60,18675.14,30,798,19,42410.51,7.72,Other,Employed,27.2,224101.68,0.523,No,0,A,1
PL00989,69,15208.61,30,786,0,49146.8,8.59,Home Improvement,Employed,0.0,182503.32,0.385,No,1,A,1
PL00990,64,17345.88,30,772,7,34919.46,5.44,Debt Consolidation,Self-Employed,3.3,208150.56,0.3,No,1,B,1
PL00991,39,19872.13,19,684,7,19532.92,10.91,Debt Consolidation,Employed,0.0,238465.56,0.513,No,0,C,1
PL00992,62,21830.67,30,763,9,14762.17,10.74,Medical,Employed,23.8,261968.03999999998,0.318,No,0,B,1
PL00993,61,9219.14,30,704,0,33502.57,8.74,Education,Employed,9.0,110629.68,0.429,Yes,0,C,1
PL00994,57,14374.52,29,753,20,49060.01,7.95,Debt Consolidation,Employed,2.4,172494.24,0.739,No,0,B,1
PL00995,26,21322.49,12,774,20,31709.04,9.59,Debt Consolidation,Employed,5.2,255869.88,0.626,No,0,B,1
PL00996,46,24757.38,29,811,13,44199.13,8.39,Education,Employed,0.0,297088.56,0.748,No,0,A,1
PL00997,54,22458.94,30,689,13,17126.07,12.1,Debt Consolidation,Self-Employed,15.0,269507.27999999997,0.713,Yes,0,C,0
PL00998,65,10543.75,30,733,9,20940.74,10.56,Home Improvement,Employed,15.8,126525.0,0.815,No,1,B,0
PL00999,26,6488.83,0,661,18,45407.49,13.83,Home Improvement,Unemployed,0.0,77865.95999999999,0.202,No,0,C,1
PL01000,57,13256.03,30,751,15,38086.47,7.03,Home Improvement,Employed,4.3,159072.36000000002,0.995,Yes,0,B,1
PL01001,53,19057.75,30,709,8,49089.11,11.26,Debt Consolidation,Employed,22.2,228693.0,0.476,Yes,0,C,1
PL01002,42,13329.09,17,836,19,38963.45,6.12,Debt Consolidation,Employed,16.3,159949.08000000002,0.718,No,0,A,1
PL01003,41,13113.16,22,623,15,22977.27,15.14,Education,Employed,0.0,157357.91999999998,0.678,No,0,D,0
PL01004,26,21279.3,10,644,19,27022.33,10.51,Other,Employed,8.4,255351.59999999998,0.566,No,0,D,0
PL01005,26,10312.29,4,655,7,45125.26,16.93,Debt Consolidation,Employed,0.7,123747.48000000001,0.996,No,0,C,0
PL01006,68,21775.28,30,850,6,28030.69,5.0,Debt Consolidation,Employed,21.8,261303.36,0.217,No,0,A,1
PL01007,24,11356.51,8,602,10,13514.47,16.42,Debt Consolidation,Retired,6.4,136278.12,0.422,No,0,D,0
PL01008,50,9549.36,23,674,20,22345.37,13.64,Medical,Employed,0.0,114592.32,0.128,No,0,C,1
PL01009,31,12441.77,6,718,5,26299.48,10.09,Medical,Employed,8.8,149301.24,0.182,No,0,C,1
PL01010,50,19536.28,30,736,14,5739.27,10.67,Debt Consolidation,Employed,22.7,234435.36,0.713,Yes,0,B,1
PL01011,51,4898.05,16,649,18,37444.37,12.59,Education,Employed,16.9,58776.600000000006,0.005,No,0,D,1
PL01012,44,6517.64,22,688,13,6358.34,16.66,Medical,Employed,5.8,78211.68000000001,0.89,No,1,C,0
PL01013,29,23883.23,0,731,14,20840.97,9.89,Education,Retired,8.6,286598.76,0.633,Yes,0,B,1
PL01014,23,6036.31,0,667,5,40426.5,15.12,Medical,Employed,18.0,72435.72,0.441,No,3,C,0
PL01015,51,15057.73,28,781,9,23910.95,5.95,Home Improvement,Unemployed,0.0,180692.76,0.331,No,1,A,1
PL01016,60,15324.23,30,751,13,42258.76,10.94,Medical,Employed,0.0,183890.76,0.126,No,0,B,1
PL01017,57,13261.36,30,734,15,17752.18,8.84,Medical,Employed,11.2,159136.32,0.922,No,0,B,0
PL01018,56,16829.14,29,746,12,47924.18,6.94,Home Improvement,Retired,7.2,201949.68,0.712,No,0,B,1
PL01019,44,7286.01,30,688,10,11263.95,10.23,Other,Employed,6.1,87432.12,0.336,Yes,0,C,1
PL01020,51,14711.23,30,718,2,2874.94,9.3,Debt Consolidation,Self-Employed,20.7,176534.76,0.071,No,0,C,1
PL01021,26,10559.98,0,644,7,43748.9,14.59,Debt Consolidation,Employed,0.0,126719.76,0.326,No,0,D,1
PL01022,22,17218.35,8,729,2,37857.93,16.25,Home Improvement,Employed,16.4,206620.19999999998,0.185,Yes,0,B,1
PL01023,40,5248.14,17,722,1,12367.21,16.29,Debt Consolidation,Employed,0.0,62977.68000000001,0.786,No,0,B,1
PL01024,48,15130.18,27,636,20,49252.34,14.08,Other,Self-Employed,4.2,181562.16,0.72,No,0,D,0
PL01025,31,6261.22,9,633,13,25611.73,16.78,Debt Consolidation,Employed,10.3,75134.64,0.498,Yes,0,D,1
PL01026,24,8408.79,0,595,19,47602.21,14.08,Other,Employed,0.0,100905.48000000001,0.886,No,2,D,0
PL01027,35,7030.33,18,629,20,25746.41,10.84,Education,Unemployed,0.0,84363.95999999999,0.181,No,0,D,1
PL01028,26,6205.27,5,643,14,24121.85,14.47,Home Improvement,Employed,4.3,74463.24,0.452,No,1,D,0
PL01029,69,20991.35,30,816,2,23007.79,7.64,Debt Consolidation,Employed,3.6,251896.19999999998,0.711,No,0,A,1
PL01030,50,8571.27,22,677,0,17408.89,14.43,Other,Unemployed,0.0,102855.24,0.068,No,0,C,1
PL01031,58,23323.85,30,676,14,27151.37,15.07,Debt Consolidation,Employed,14.7,279886.19999999995,0.373,Yes,1,C,1
PL01032,22,24308.31,0,657,19,23175.18,13.11,Debt Consolidation,Employed,17.3,291699.72000000003,0.572,No,1,C,1
PL01033,35,15138.99,14,730,1,2800.6,10.6,Debt Consolidation,Self-Employed,6.5,181667.88,0.367,No,0,B,1
PL01034,31,5289.03,4,491,17,13761.33,22.96,Other,Employed,12.5,63468.36,0.48,No,0,E,0
PL01035,28,10614.61,5,708,0,11443.02,13.84,Education,Employed,13.2,127375.32,0.608,No,0,C,1
PL01036,46,20347.84,30,759,8,43504.34,7.32,Medical,Employed,0.0,244174.08000000002,0.368,No,0,B,1
PL01037,65,10449.99,30,788,2,30344.63,8.24,Medical,Self-Employed,9.0,125399.88,0.106,No,1,A,1
PL01038,64,4001.4,30,678,1,38420.47,14.12,Home Improvement,Employed,5.0,48016.8,0.139,No,0,C,1
PL01039,25,14806.05,3,560,3,47884.48,18.48,Medical,Employed,0.0,177672.59999999998,0.527,No,0,D,0
PL01040,26,21437.78,14,720,15,32557.92,9.67,Education,Employed,11.7,257253.36,0.175,No,0,C,1
PL01041,46,20306.31,27,797,0,49147.89,7.42,Medical,Employed,18.1,243675.72000000003,0.89,No,0,A,1
PL01042,24,6027.83,1,664,8,16276.44,14.51,Home Improvement,Employed,10.4,72333.95999999999,0.834,No,0,C,0
PL01043,39,17473.59,10,672,7,10127.09,11.57,Debt Consolidation,Employed,0.0,209683.08000000002,0.349,No,0,C,1
PL01044,40,7071.6,20,659,5,20762.18,11.29,Debt Consolidation,Employed,6.3,84859.20000000001,0.831,No,0,C,0
PL01045,53,7018.77,30,654,19,24069.17,18.03,Debt Consolidation,Employed,2.9,84225.24,0.533,No,0,C,0
PL01046,40,22103.65,15,689,17,44872.72,12.69,Debt Consolidation,Employed,24.2,265243.80000000005,0.159,No,0,C,1
PL01047,69,7742.39,30,764,15,28437.08,10.79,Education,Employed,7.3,92908.68000000001,0.614,No,3,B,0
PL01048,32,8054.69,9,584,7,15316.87,17.51,Medical,Employed,0.0,96656.28,0.679,No,2,D,0
PL01049,67,2015.03,30,639,3,37389.08,16.69,Other,Employed,9.6,24180.36,0.084,No,0,D,1
PL01050,21,22025.39,0,636,2,25785.76,14.89,Debt Consolidation,Employed,15.1,264304.68,0.314,No,0,D,1
PL01051,46,20229.68,23,658,14,8944.47,14.9,Home Improvement,Employed,10.8,242756.16,0.005,No,0,C,1
PL01052,34,16428.57,17,697,5,29264.17,9.74,Education,Employed,3.6,197142.84,0.316,No,1,C,1
PL01053,58,19256.11,30,810,0,45658.33,5.0,Debt Consolidation,Employed,6.3,231073.32,0.335,No,0,A,1
PL01054,57,5497.12,30,672,17,42288.51,12.14,Medical,Unemployed,0.0,65965.44,0.63,No,2,C,0
PL01055,31,12541.44,6,589,10,29753.69,14.01,Other,Employed,10.8,150497.28,0.199,No,0,D,1
PL01056,56,10078.05,30,744,2,19477.08,5.58,Debt Consolidation,Employed,26.2,120936.59999999999,0.03,No,1,B,1
PL01057,33,4156.86,10,711,12,5261.96,11.92,Education,Self-Employed,10.8,49882.31999999999,0.316,No,0,C,1
PL01058,63,13181.0,30,699,16,24012.8,8.32,Debt Consolidation,Employed,0.0,158172.0,0.826,No,0,C,1
PL01059,23,23177.01,8,677,17,37851.89,14.76,Debt Consolidation,Self-Employed,8.4,278124.12,0.399,No,0,C,1
PL01060,53,2921.36,30,686,13,18653.41,15.34,Medical,Unemployed,0.0,35056.32,0.415,Yes,1,C,0
PL01061,26,8703.6,1,716,6,12536.89,8.2,Home Improvement,Employed,0.0,104443.20000000001,0.469,No,0,C,1
PL01062,70,6773.44,30,687,6,46637.61,12.99,Medical,Self-Employed,11.0,81281.28,0.752,No,0,C,0
PL01063,30,7477.37,11,570,13,41256.23,21.44,Education,Employed,6.7,89728.44,0.48,No,1,D,0
PL01064,25,22893.99,7,736,14,32275.51,9.24,Other,Employed,11.2,274727.88,0.091,No,0,B,1
PL01065,43,12765.59,13,729,11,7702.38,11.72,Debt Consolidation,Employed,24.6,153187.08000000002,0.206,Yes,0,B,1
PL01066,30,12724.89,14,663,11,8100.53,18.29,Home Improvement,Employed,9.0,152698.68,0.188,No,0,C,1
PL01067,64,19493.24,30,737,7,6057.76,6.78,Education,Employed,18.2,233918.88,0.508,No,0,B,1
PL01068,22,5553.32,0,661,15,31198.54,11.55,Home Improvement,Employed,8.5,66639.84,0.03,No,0,C,1
PL01069,33,13207.1,25,698,8,6662.58,13.04,Home Improvement,Self-Employed,13.3,158485.2,0.284,No,1,C,1
PL01070,60,11889.66,30,681,1,42288.73,17.03,Other,Employed,11.0,142675.91999999998,0.607,Yes,0,C,1
PL01071,22,15728.95,0,665,13,49655.29,11.99,Debt Consolidation,Employed,12.1,188747.40000000002,0.355,No,0,C,1
PL01072,40,24989.83,7,677,15,18951.06,17.74,Medical,Employed,8.9,299877.96,0.708,No,0,C,0
PL01073,21,19697.32,6,714,4,23229.82,11.45,Medical,Employed,21.6,236367.84,0.391,No,0,C,1
PL01074,57,11150.91,29,696,4,35871.69,8.07,Medical,Employed,15.1,133810.91999999998,0.979,No,0,C,0
PL01075,29,21033.72,2,681,19,46920.5,15.86,Education,Self-Employed,10.9,252404.64,0.965,No,0,C,0
PL01076,37,5926.29,14,641,20,44810.59,13.57,Debt Consolidation,Employed,17.3,71115.48,0.8,Yes,0,D,0
PL01077,29,2700.66,15,613,17,3822.0,16.67,Debt Consolidation,Employed,11.0,32407.92,0.954,No,0,D,0
PL01078,31,6702.31,13,680,17,9284.52,9.41,Debt Consolidation,Employed,18.9,80427.72,0.205,No,0,C,1
PL01079,35,9829.47,13,688,4,37975.26,10.86,Home Improvement,Employed,0.6,117953.63999999998,0.751,No,0,C,0
PL01080,44,13743.36,24,688,10,34755.76,9.37,Home Improvement,Employed,27.1,164920.32,0.322,No,0,C,1
PL01081,58,16147.97,30,774,12,7527.71,5.25,Debt Consolidation,Employed,11.4,193775.63999999998,0.725,Yes,0,B,1
PL01082,55,22943.93,30,784,2,25601.16,8.2,Other,Employed,0.9,275327.16000000003,0.374,Yes,2,A,1
PL01083,50,13726.64,29,687,16,39259.92,13.54,Debt Consolidation,Employed,16.0,164719.68,0.289,No,0,C,1
PL01084,51,13529.34,30,703,17,11720.25,10.59,Education,Self-Employed,20.3,162352.08000000002,0.959,No,0,C,0
PL01085,69,3155.59,30,686,13,43693.09,9.58,Debt Consolidation,Self-Employed,1.8,37867.08,0.21,No,0,C,1
PL01086,25,2802.97,6,629,11,3595.62,12.49,Home Improvement,Employed,6.2,33635.64,0.759,No,0,D,0
PL01087,64,14676.68,30,723,13,39327.56,11.52,Medical,Retired,18.1,176120.16,0.675,Yes,0,B,1
PL01088,70,12078.11,30,720,17,31175.13,11.13,Debt Consolidation,Self-Employed,14.5,144937.32,0.303,No,0,C,1
PL01089,34,21301.15,12,812,19,16444.77,7.5,Medical,Employed,6.5,255613.80000000002,0.458,No,0,A,1
PL01090,31,5695.63,4,677,1,36325.69,15.98,Debt Consolidation,Employed,8.0,68347.56,0.143,No,0,C,1
PL01091,29,2574.35,5,572,6,39335.92,18.79,Debt Consolidation,Employed,0.0,30892.199999999997,0.921,No,1,D,0
PL01092,54,12327.89,30,738,14,46761.05,10.91,Debt Consolidation,Employed,2.1,147934.68,0.968,Yes,1,B,0
PL01093,32,7462.01,15,647,9,19020.96,18.96,Debt Consolidation,Employed,0.0,89544.12,0.732,No,0,D,0
PL01094,55,3141.13,30,685,14,34614.82,11.95,Home Improvement,Employed,7.2,37693.56,0.849,No,0,C,0
PL01095,55,18665.76,27,750,16,30528.2,14.31,Medical,Employed,15.4,223989.12,0.083,No,0,B,1
PL01096,21,4566.64,0,664,10,26735.1,16.3,Debt Consolidation,Employed,7.9,54799.68000000001,0.384,No,0,C,0
PL01097,60,15991.35,30,757,1,44630.41,8.63,Debt Consolidation,Employed,18.9,191896.2,0.331,No,0,B,1
PL01098,42,8464.14,21,663,20,1155.2,15.11,Debt Consolidation,Employed,4.8,101569.68,0.565,Yes,0,C,1
PL01099,49,5990.41,30,720,17,14823.47,10.48,Debt Consolidation,Employed,0.0,71884.92,0.183,No,0,C,1
PL01100,28,10734.29,12,661,3,27375.58,10.72,Education,Employed,19.2,128811.48000000001,0.563,No,0,C,1
PL01101,31,20433.25,7,710,8,9736.37,11.35,Debt Consolidation,Employed,12.9,245199.0,0.654,No,0,C,1
PL01102,61,11018.15,30,732,16,45485.46,7.43,Medical,Self-Employed,19.8,132217.8,0.132,No,0,B,1
PL01103,57,19267.7,30,745,16,32732.16,10.24,Education,Employed,7.3,231212.40000000002,0.132,No,0,B,1
PL01104,34,4886.18,16,632,16,24416.27,16.51,Debt Consolidation,Employed,22.7,58634.16,0.035,Yes,1,D,1
PL01105,50,19773.74,30,709,15,40920.39,10.98,Other,Employed,1.4,237284.88,0.761,No,0,C,1
PL01106,55,7449.47,30,649,19,23093.42,14.6,Debt Consolidation,Employed,7.7,89393.64,0.331,Yes,0,D,1
PL01107,41,17580.04,18,659,7,28374.0,14.11,Debt Consolidation,Employed,13.3,210960.48,0.225,No,0,C,1
PL01108,57,15012.98,30,659,14,1134.8,15.37,Debt Consolidation,Employed,6.2,180155.76,0.778,No,0,C,1
PL01109,25,23370.33,6,662,0,18919.33,13.72,Debt Consolidation,Employed,11.8,280443.96,0.143,No,0,C,1
PL01110,39,10908.42,20,663,18,7800.73,12.87,Debt Consolidation,Employed,20.0,130901.04000000001,0.427,No,0,C,0
PL01111,34,3521.8,7,630,14,34794.75,16.6,Debt Consolidation,Employed,13.0,42261.600000000006,0.745,Yes,2,D,0
PL01112,46,2440.58,28,630,8,24472.32,15.32,Home Improvement,Employed,8.6,29286.96,0.574,No,1,D,0
PL01113,24,21017.75,0,575,4,15786.12,13.23,Home Improvement,Retired,19.8,252213.0,0.554,No,0,D,0
PL01114,45,14068.92,18,779,15,23923.78,7.53,Medical,Employed,14.1,168827.04,0.157,No,0,B,1
PL01115,65,19830.61,30,823,12,11271.86,5.19,Education,Employed,9.9,237967.32,0.181,No,0,A,1
PL01116,62,7391.79,30,723,15,46329.24,11.07,Education,Self-Employed,9.4,88701.48,0.583,No,0,B,1
PL01117,45,9936.93,22,775,10,3644.66,8.49,Debt Consolidation,Retired,7.1,119243.16,0.024,Yes,0,B,1
PL01118,38,2692.39,9,580,12,43405.43,13.37,Debt Consolidation,Employed,16.7,32308.68,0.869,No,0,D,0
PL01119,60,24114.32,30,850,5,26056.58,5.0,Debt Consolidation,Employed,17.0,289371.83999999997,0.35,No,1,A,1
PL01120,28,17360.96,12,634,19,31328.38,12.91,Education,Employed,20.1,208331.52,0.417,Yes,1,D,0
PL01121,59,23463.72,28,787,16,15827.68,7.99,Debt Consolidation,Employed,13.4,281564.64,0.258,No,0,A,1
PL01122,60,8106.42,30,636,4,48368.18,16.87,Debt Consolidation,Employed,5.6,97277.04000000001,0.877,No,0,D,0
PL01123,34,16063.66,8,689,16,14810.7,9.11,Debt Consolidation,Unemployed,0.0,192763.91999999998,0.643,No,0,C,0
PL01124,52,17605.5,30,751,0,29855.02,8.16,Debt Consolidation,Employed,5.5,211266.0,0.45,No,0,B,1
PL01125,58,9303.64,30,694,4,49677.42,11.99,Debt Consolidation,Unemployed,0.0,111643.68,0.585,Yes,0,C,1
PL01126,53,21506.51,30,789,4,44173.63,5.91,Debt Consolidation,Employed,21.3,258078.12,0.38,No,1,A,1
PL01127,43,23784.71,21,749,6,27280.16,9.77,Debt Consolidation,Retired,19.5,285416.52,0.466,No,0,B,1
PL01128,35,22351.67,20,695,15,49528.35,13.33,Debt Consolidation,Employed,17.2,268220.04,0.358,No,3,C,0
PL01129,53,18998.54,25,712,17,35367.12,9.76,Debt Consolidation,Employed,9.8,227982.48,0.411,No,0,C,1
PL01130,45,8381.69,27,712,5,11226.32,11.93,Debt Consolidation,Self-Employed,17.2,100580.28,0.315,No,0,C,1
PL01131,37,8477.17,21,623,1,20874.21,15.09,Debt Consolidation,Employed,4.9,101726.04000000001,0.078,No,0,D,1
PL01132,53,24157.29,30,812,12,17390.17,5.0,Medical,Employed,0.0,289887.48,0.037,No,0,A,1
PL01133,67,2236.54,30,746,9,17856.67,9.45,Debt Consolidation,Employed,12.2,26838.48,0.174,No,0,B,1
PL01134,22,18469.15,0,592,20,38262.37,17.64,Debt Consolidation,Employed,7.0,221629.80000000002,0.252,No,0,D,1
PL01135,34,18243.66,17,755,19,29628.88,12.15,Debt Consolidation,Employed,24.3,218923.91999999998,0.89,Yes,0,B,1
PL01136,60,16321.86,30,844,10,2866.54,8.56,Debt Consolidation,Employed,23.1,195862.32,0.611,No,0,A,1
PL01137,60,24772.5,30,796,20,43994.98,6.32,Debt Consolidation,Self-Employed,4.5,297270.0,0.958,No,1,A,0
PL01138,59,9173.23,30,733,1,15543.01,9.06,Other,Employed,15.6,110078.76,0.34,No,0,B,1
PL01139,26,9819.35,3,692,7,49856.67,12.26,Home Improvement,Employed,0.0,117832.20000000001,0.402,Yes,0,C,1
PL01140,26,3815.61,11,597,18,47755.35,15.41,Debt Consolidation,Employed,12.7,45787.32,0.72,No,0,D,0
PL01141,23,12184.36,0,656,19,47086.01,16.24,Medical,Self-Employed,12.5,146212.32,0.578,No,0,C,0
PL01142,27,8004.12,0,568,16,40745.25,18.02,Debt Consolidation,Employed,2.1,96049.44,0.528,No,1,D,0
PL01143,28,9897.89,4,652,15,11810.05,14.11,Debt Consolidation,Employed,11.3,118774.68,0.576,Yes,0,C,1
PL01144,62,21195.15,30,794,9,27099.0,8.83,Medical,Employed,2.6,254341.80000000002,0.584,Yes,0,A,1
PL01145,35,23516.14,20,753,4,11990.83,9.73,Debt Consolidation,Employed,16.8,282193.68,0.766,No,1,B,1
PL01146,67,6271.86,30,758,13,13724.1,9.79,Education,Employed,11.5,75262.31999999999,0.668,Yes,1,B,1
PL01147,49,10567.71,30,652,18,30936.64,14.53,Medical,Employed,21.9,126812.51999999999,0.957,No,0,C,0
PL01148,53,23358.5,25,736,3,3000.84,9.89,Education,Employed,0.0,280302.0,0.948,No,0,B,1
PL01149,50,3421.59,26,751,19,48503.47,7.7,Other,Employed,3.1,41059.08,0.422,No,3,B,0
PL01150,59,4124.29,30,671,15,46014.99,16.65,Home Improvement,Retired,6.1,49491.479999999996,0.036,Yes,0,C,1
PL01151,47,5744.19,25,672,14,19657.61,11.28,Home Improvement,Employed,13.9,68930.28,0.011,No,0,C,1
PL01152,56,15689.9,30,727,8,26255.7,13.9,Debt Consolidation,Employed,12.2,188278.8,0.123,Yes,0,B,1
PL01153,49,5460.86,30,624,2,23839.85,15.96,Debt Consolidation,Employed,13.4,65530.31999999999,0.075,Yes,0,D,1
PL01154,58,24265.76,30,850,8,44227.79,5.0,Medical,Employed,4.8,291189.12,0.373,Yes,1,A,1
PL01155,53,12274.43,30,680,17,34741.49,13.84,Other,Employed,0.0,147293.16,0.053,Yes,0,C,1
PL01156,57,13534.91,30,665,3,14627.45,14.98,Education,Employed,3.9,162418.91999999998,0.625,No,0,C,1
PL01157,47,7673.15,21,649,18,22895.22,17.57,Other,Employed,21.3,92077.79999999999,0.19,No,0,D,1
PL01158,53,12832.09,30,610,3,22019.33,13.28,Debt Consolidation,Employed,5.0,153985.08000000002,0.514,No,1,D,0
PL01159,24,17224.01,2,641,8,48007.42,14.22,Debt Consolidation,Employed,11.4,206688.12,0.103,No,0,D,1
PL01160,42,19277.07,20,671,0,9590.23,15.89,Debt Consolidation,Employed,10.5,231324.84,0.828,No,0,C,1
PL01161,22,19338.97,1,711,0,5389.24,12.81,Education,Employed,11.5,232067.64,0.78,No,0,C,1
PL01162,30,15291.5,9,642,19,44150.32,15.43,Home Improvement,Employed,0.0,183498.0,0.386,Yes,0,D,1
PL01163,25,22800.27,1,748,18,44937.61,12.59,Debt Consolidation,Self-Employed,16.5,273603.24,0.911,Yes,0,B,1
PL01164,30,20800.38,15,773,2,43715.22,8.14,Other,Employed,9.2,249604.56,0.186,Yes,1,B,1
PL01165,53,19412.11,26,782,9,26037.87,5.0,Education,Employed,28.5,232945.32,0.814,No,0,A,1
PL01166,58,3278.93,30,661,11,33327.48,12.86,Education,Self-Employed,7.0,39347.159999999996,0.546,No,1,C,0
PL01167,33,2158.19,25,623,17,28604.79,19.34,Home Improvement,Self-Employed,17.8,25898.28,0.33,No,0,D,0
PL01168,51,6886.29,24,600,13,4402.94,16.96,Debt Consolidation,Employed,6.9,82635.48,0.084,No,0,D,1
PL01169,67,17261.04,30,753,9,30195.91,7.72,Home Improvement,Employed,25.4,207132.48,0.171,No,0,B,1
PL01170,56,11457.54,30,666,9,1667.09,16.03,Debt Consolidation,Self-Employed,15.8,137490.48,0.863,No,1,C,0
PL01171,65,11255.34,30,760,17,16924.38,10.78,Debt Consolidation,Self-Employed,0.0,135064.08000000002,0.607,No,0,B,1
PL01172,44,22345.5,21,850,0,46682.34,5.29,Education,Self-Employed,21.3,268146.0,0.237,Yes,0,A,1
PL01173,35,22597.95,24,747,14,15898.22,10.85,Other,Employed,16.2,271175.4,0.496,No,0,B,1
PL01174,49,22911.03,20,652,7,47051.51,11.97,Education,Employed,6.3,274932.36,0.108,No,0,C,1
PL01175,28,9219.2,0,624,2,13256.56,14.55,Medical,Employed,0.0,110630.40000000001,0.099,No,0,D,1
PL01176,25,17894.28,0,685,17,16413.55,12.37,Home Improvement,Retired,19.6,214731.36,0.908,No,0,C,0
PL01177,49,8247.56,30,683,8,31791.97,14.79,Debt Consolidation,Self-Employed,23.8,98970.72,0.458,No,0,C,1
PL01178,67,6384.03,30,669,15,38319.72,12.13,Home Improvement,Self-Employed,19.0,76608.36,0.362,No,0,C,1
PL01179,24,6246.55,0,631,20,25568.0,14.9,Education,Employed,17.0,74958.6,0.949,No,0,D,0
PL01180,32,9868.48,14,591,14,44223.67,19.65,Debt Consolidation,Employed,14.5,118421.76,0.399,No,0,D,0
PL01181,65,11889.03,30,682,4,2971.78,17.69,Debt Consolidation,Employed,18.5,142668.36000000002,0.336,No,0,C,1
PL01182,22,21111.83,9,721,12,46187.55,9.12,Debt Consolidation,Self-Employed,7.9,253341.96000000002,0.273,No,0,B,1
PL01183,47,4757.5,24,607,19,10619.08,16.33,Debt Consolidation,Employed,0.0,57090.0,0.565,No,0,D,0
PL01184,51,18903.29,18,763,6,44327.7,5.94,Debt Consolidation,Retired,16.1,226839.48,0.558,No,1,B,1
PL01185,56,14223.46,30,654,15,20642.3,13.88,Debt Consolidation,Employed,13.1,170681.52,0.016,No,0,C,1
PL01186,56,8622.74,30,783,6,41805.1,7.47,Medical,Employed,0.0,103472.88,0.654,Yes,0,A,1
PL01187,46,13334.85,23,659,15,33911.61,16.18,Education,Retired,0.0,160018.2,0.788,No,1,C,0
PL01188,63,8898.67,30,699,12,9621.14,9.52,Medical,Employed,10.7,106784.04000000001,0.616,No,1,C,0
PL01189,47,15709.88,30,729,16,45984.33,7.88,Debt Consolidation,Employed,8.8,188518.56,0.87,No,0,B,1
PL01190,25,11978.41,10,621,8,13030.35,18.45,Home Improvement,Retired,8.1,143740.91999999998,0.276,No,3,D,0
PL01191,40,5781.33,18,656,11,12962.87,12.55,Debt Consolidation,Employed,14.6,69375.95999999999,0.192,No,0,C,1
PL01192,31,4681.41,15,654,12,40894.77,14.3,Education,Self-Employed,4.0,56176.92,0.697,No,2,C,0
PL01193,30,14574.0,10,720,8,6187.79,11.5,Debt Consolidation,Employed,15.5,174888.0,0.189,No,0,C,1
PL01194,60,22755.5,30,813,4,11879.76,5.11,Education,Self-Employed,15.6,273066.0,0.091,No,0,A,1
PL01195,58,9911.03,30,696,6,25680.2,10.43,Debt Consolidation,Employed,0.0,118932.36000000002,0.097,No,1,C,1
PL01196,26,18859.0,5,678,0,41693.37,15.07,Home Improvement,Employed,9.5,226308.0,0.768,No,0,C,0
PL01197,28,17149.21,17,799,3,8226.71,8.67,Home Improvement,Employed,11.6,205790.52,0.029,No,0,A,1
PL01198,43,23425.76,14,790,3,27835.74,7.7,Medical,Employed,16.0,281109.12,0.289,No,0,A,1
PL01199,67,20882.56,30,732,15,35850.79,10.09,Debt Consolidation,Employed,14.4,250590.72000000003,0.129,No,0,B,1
PL01200,46,15031.92,24,712,4,43169.17,11.91,Debt Consolidation,Retired,0.0,180383.04,0.755,Yes,0,C,1
PL01201,66,17111.7,30,740,3,46842.71,10.76,Other,Self-Employed,10.8,205340.40000000002,0.503,No,0,B,1
PL01202,63,22662.89,30,772,5,39447.36,11.07,Education,Unemployed,0.0,271954.68,0.205,Yes,0,B,1
PL01203,32,11188.93,10,598,2,32988.59,16.41,Other,Employed,18.6,134267.16,0.75,No,0,D,0
PL01204,46,9516.28,17,658,7,22247.38,14.61,Debt Consolidation,Employed,0.4,114195.36000000002,0.75,No,0,C,0
PL01205,33,2248.65,16,707,16,6493.4,12.94,Other,Employed,10.0,26983.800000000003,0.523,Yes,0,C,1
PL01206,60,21010.67,30,794,17,35777.12,9.02,Other,Unemployed,0.0,252128.03999999998,0.276,No,0,A,1
PL01207,38,20422.56,7,593,17,49644.13,19.58,Medical,Employed,16.1,245070.72000000003,0.586,No,0,D,0
PL01208,45,4402.45,23,712,11,37101.27,11.25,Debt Consolidation,Employed,8.8,52829.399999999994,0.934,No,1,C,0
PL01209,53,15267.72,24,776,0,1818.84,7.23,Education,Employed,19.4,183212.63999999998,0.052,No,0,B,1
PL01210,67,12671.58,30,719,11,25316.74,10.24,Other,Employed,4.2,152058.96,0.267,No,0,C,1
PL01211,60,4730.31,30,719,10,31117.68,12.24,Home Improvement,Retired,15.9,56763.72,0.285,No,0,C,1
PL01212,63,24553.07,30,745,12,34794.04,9.56,Debt Consolidation,Employed,17.2,294636.83999999997,0.632,No,1,B,1
PL01213,32,6938.01,11,615,2,36266.57,20.26,Debt Consolidation,Retired,0.0,83256.12,0.651,No,0,D,0
PL01214,64,3546.39,30,760,7,28347.31,9.12,Home Improvement,Employed,20.4,42556.68,0.206,No,0,B,1
PL01215,56,15681.49,30,716,2,11944.66,9.18,Education,Retired,0.0,188177.88,0.216,No,3,C,0
PL01216,68,18993.93,30,677,16,47167.83,13.51,Home Improvement,Employed,13.0,227927.16,0.928,No,0,C,0
PL01217,24,2746.2,4,598,12,35136.66,19.53,Home Improvement,Employed,6.2,32954.399999999994,0.756,Yes,1,D,0
PL01218,25,17150.51,0,671,9,12605.16,11.5,Other,Employed,18.1,205806.12,0.934,Yes,0,C,0
PL01219,57,14242.71,30,785,16,16793.77,6.27,Debt Consolidation,Employed,12.6,170912.52,0.83,No,0,A,1
PL01220,28,4375.1,9,618,2,46174.46,15.17,Debt Consolidation,Employed,24.3,52501.200000000004,0.402,No,0,D,0
PL01221,62,5968.05,30,672,12,44486.77,11.8,Debt Consolidation,Employed,19.1,71616.6,0.122,Yes,0,C,1
PL01222,69,15063.41,30,805,5,20852.18,5.0,Other,Employed,11.1,180760.91999999998,0.63,No,0,A,1
PL01223,48,8816.23,26,686,13,2877.05,9.37,Education,Employed,19.6,105794.76,0.352,No,0,C,1
PL01224,51,23581.26,30,722,9,3376.37,11.28,Debt Consolidation,Employed,9.2,282975.12,0.425,No,0,B,1
PL01225,29,20831.03,5,759,19,14912.0,10.57,Debt Consolidation,Employed,1.3,249972.36,0.426,Yes,1,B,1
PL01226,49,24622.05,28,770,15,31826.99,7.23,Debt Consolidation,Self-Employed,6.3,295464.6,0.937,Yes,1,B,0
PL01227,34,7972.43,15,648,17,29625.54,14.04,Home Improvement,Unemployed,0.0,95669.16,0.069,Yes,0,D,1
PL01228,60,24303.64,30,790,12,32057.56,8.1,Medical,Employed,0.0,291643.68,0.193,No,0,A,1
PL01229,61,11918.38,30,668,9,36146.87,11.06,Medical,Employed,21.1,143020.56,0.608,No,0,C,1
PL01230,42,9992.93,22,647,5,1932.58,15.94,Debt Consolidation,Employed,9.2,119915.16,0.884,No,0,D,0
PL01231,31,3158.04,11,617,9,6149.19,16.01,Other,Employed,17.7,37896.479999999996,0.918,No,0,D,0
PL01232,43,3213.6,18,632,4,18614.69,15.96,Debt Consolidation,Self-Employed,11.3,38563.2,0.559,No,0,D,0
PL01233,21,17916.26,0,735,5,8588.14,11.59,Medical,Employed,0.0,214995.12,0.035,Yes,0,B,1
PL01234,66,12532.37,30,745,6,4690.68,14.62,Debt Consolidation,Employed,10.6,150388.44,0.363,Yes,0,B,1
PL01235,57,7210.0,30,732,10,32407.26,8.31,Debt Consolidation,Employed,9.0,86520.0,0.919,No,0,B,0
PL01236,41,16121.32,18,703,15,40951.49,9.9,Debt Consolidation,Self-Employed,4.5,193455.84,0.5,No,0,C,1
PL01237,46,7815.74,19,723,11,37878.71,14.14,Education,Employed,6.9,93788.88,0.727,No,1,B,1
PL01238,66,15285.53,30,768,11,41034.95,10.03,Medical,Unemployed,0.0,183426.36000000002,0.269,Yes,0,B,1
PL01239,56,10261.8,30,703,19,33626.97,11.82,Debt Consolidation,Retired,0.0,123141.59999999999,0.025,Yes,0,C,1
PL01240,43,20941.7,22,730,4,37031.92,9.5,Debt Consolidation,Employed,12.9,251300.40000000002,0.578,No,0,B,1
PL01241,21,20876.01,0,638,15,14317.16,14.17,Home Improvement,Employed,14.8,250512.12,0.835,Yes,0,D,0
PL01242,60,12979.06,30,750,5,49657.39,9.12,Debt Consolidation,Employed,14.0,155748.72,0.99,Yes,0,B,1
PL01243,35,10068.84,9,658,8,9975.12,10.74,Debt Consolidation,Employed,7.7,120826.08,0.847,No,0,C,0
PL01244,41,10338.88,27,648,4,11510.2,16.13,Education,Employed,25.7,124066.56,0.554,No,0,D,0
PL01245,67,20531.43,30,831,20,15157.17,5.0,Home Improvement,Employed,14.1,246377.16,0.609,No,0,A,1
PL01246,29,9548.13,5,583,15,48791.29,15.44,Debt Consolidation,Employed,6.7,114577.56,0.824,No,0,D,0
PL01247,29,6808.37,4,610,17,49426.14,15.05,Other,Employed,0.1,81700.44,0.02,No,0,D,1
PL01248,30,3947.83,0,671,18,39949.79,17.42,Debt Consolidation,Retired,0.0,47373.96,0.952,No,1,C,0
PL01249,46,12733.94,17,711,11,31823.82,11.12,Debt Consolidation,Retired,13.2,152807.28,0.531,No,0,C,1
PL01250,61,13089.04,30,725,1,26483.07,11.31,Debt Consolidation,Employed,15.8,157068.48,0.952,No,0,B,0
PL01251,55,21340.9,30,769,9,48560.42,6.93,Medical,Employed,11.0,256090.80000000002,0.765,Yes,0,B,1
PL01252,45,7088.49,22,674,11,35085.52,14.74,Debt Consolidation,Employed,9.5,85061.88,0.152,No,0,C,1
PL01253,46,10762.8,18,609,13,47291.78,21.86,Medical,Retired,7.3,129153.59999999999,0.165,No,0,D,1
PL01254,31,20593.33,8,687,17,16510.99,13.39,Debt Consolidation,Unemployed,0.0,247119.96000000002,0.354,No,0,C,1
PL01255,58,20943.34,30,841,18,17354.96,5.0,Debt Consolidation,Employed,3.8,251320.08000000002,0.264,No,0,A,1
PL01256,22,10846.05,3,605,5,42881.51,12.07,Home Improvement,Employed,9.8,130152.59999999999,0.439,Yes,1,D,0
PL01257,27,12559.85,0,640,4,8342.89,15.93,Medical,Employed,10.7,150718.2,0.604,No,0,D,1
PL01258,38,8975.58,16,633,15,47350.47,12.89,Debt Consolidation,Employed,14.6,107706.95999999999,0.437,Yes,0,D,1
PL01259,47,23448.76,19,746,13,25866.24,8.22,Medical,Employed,3.5,281385.12,0.056,No,0,B,1
PL01260,54,4728.81,30,642,12,46394.28,16.32,Medical,Employed,2.0,56745.72,0.976,Yes,0,D,0
PL01261,47,23476.24,29,775,20,17502.85,7.46,Debt Consolidation,Unemployed,0.0,281714.88,0.425,No,0,B,1
PL01262,37,17728.93,11,712,1,36081.99,11.08,Education,Employed,11.7,212747.16,0.851,No,1,C,0
PL01263,63,14226.16,30,775,1,24660.88,9.91,Debt Consolidation,Self-Employed,10.0,170713.91999999998,0.074,No,0,B,1
PL01264,64,2751.16,30,629,11,31713.38,13.63,Education,Employed,0.0,33013.92,0.81,No,0,D,0
PL01265,44,12938.71,11,675,0,25714.25,10.38,Home Improvement,Employed,12.7,155264.52,0.173,Yes,0,C,1
PL01266,45,11378.21,25,675,18,48388.67,13.88,Debt Consolidation,Self-Employed,30.0,136538.52,0.679,No,0,C,0
PL01267,27,5708.03,4,645,15,34913.16,15.83,Debt Consolidation,Retired,17.3,68496.36,0.662,No,0,D,0
PL01268,26,17097.42,9,637,6,13314.63,13.53,Debt Consolidation,Self-Employed,0.0,205169.03999999998,0.91,No,1,D,0
PL01269,44,24336.47,17,795,20,45574.17,6.25,Other,Self-Employed,6.8,292037.64,0.321,No,2,A,1
PL01270,53,14930.34,28,779,6,15407.46,6.03,Medical,Self-Employed,8.4,179164.08000000002,0.109,Yes,0,B,1
PL01271,69,18439.33,30,720,15,19208.65,12.34,Debt Consolidation,Employed,7.4,221271.96000000002,0.865,No,0,C,0
PL01272,49,3574.36,22,631,5,6004.06,18.79,Education,Self-Employed,0.1,42892.32,0.332,Yes,0,D,1
PL01273,63,11606.34,30,697,17,45098.36,13.82,Debt Consolidation,Self-Employed,2.9,139276.08000000002,0.233,No,1,C,1
PL01274,42,4676.25,25,779,0,15019.49,8.04,Medical,Employed,17.5,56115.0,0.486,No,1,B,1
PL01275,46,16094.3,21,690,0,13686.96,13.71,Education,Employed,16.0,193131.59999999998,0.146,No,0,C,1
PL01276,48,23585.09,27,837,13,46092.87,5.0,Other,Self-Employed,9.1,283021.08,0.297,Yes,0,A,1
PL01277,70,17220.89,30,702,5,40470.82,12.46,Debt Consolidation,Self-Employed,17.6,206650.68,0.385,No,0,C,1
PL01278,41,3766.47,13,591,5,7912.87,14.6,Education,Employed,4.7,45197.64,0.277,No,0,D,0
PL01279,69,10157.32,30,694,3,38696.9,11.85,Medical,Self-Employed,7.3,121887.84,0.45,No,0,C,1
PL01280,27,14665.26,8,625,11,45738.62,17.38,Home Improvement,Self-Employed,7.1,175983.12,0.385,No,0,D,0
PL01281,37,11273.78,9,656,17,4847.05,15.44,Education,Employed,0.0,135285.36000000002,0.775,Yes,0,C,0
PL01282,40,21173.81,23,690,9,41435.53,13.41,Medical,Self-Employed,8.0,254085.72000000003,0.918,No,0,C,0
PL01283,61,20737.43,30,724,2,27823.58,11.56,Debt Consolidation,Employed,23.1,248849.16,0.101,No,0,B,1
PL01284,69,16072.11,30,816,2,33790.68,5.07,Education,Employed,22.2,192865.32,0.823,No,0,A,1
PL01285,40,10589.53,21,734,7,25149.86,10.56,Home Improvement,Employed,10.9,127074.36000000002,0.932,Yes,0,B,0
PL01286,42,7872.74,17,710,0,35192.35,12.93,Other,Retired,8.3,94472.88,0.687,No,1,C,0
PL01287,48,4435.11,27,684,17,2670.8,12.06,Medical,Employed,24.2,53221.31999999999,0.996,Yes,0,C,0
PL01288,60,10162.65,30,715,14,38372.63,10.73,Debt Consolidation,Self-Employed,8.0,121951.79999999999,0.335,No,0,C,1
PL01289,69,11502.97,30,710,20,2633.84,10.42,Home Improvement,Employed,5.9,138035.63999999998,0.83,No,0,C,0
PL01290,27,17543.93,0,634,19,23309.69,14.25,Debt Consolidation,Retired,17.7,210527.16,0.674,Yes,1,D,0
PL01291,21,17137.68,0,685,16,8397.28,10.95,Debt Consolidation,Self-Employed,0.0,205652.16,0.323,Yes,0,C,1
PL01292,52,3612.49,30,603,10,41355.14,16.28,Medical,Retired,9.1,43349.88,0.705,No,0,D,0
PL01293,33,11090.96,17,611,12,16369.38,15.22,Debt Consolidation,Self-Employed,9.5,133091.52,0.51,No,2,D,0
PL01294,50,6180.91,24,728,19,23250.58,7.6,Other,Self-Employed,14.1,74170.92,0.189,No,1,B,1
PL01295,43,5606.69,20,749,9,22008.79,14.79,Education,Employed,5.3,67280.28,0.174,No,0,B,1
PL01296,39,21027.95,19,742,12,38852.6,7.83,Education,Employed,8.6,252335.40000000002,0.713,Yes,0,B,1
PL01297,52,2964.05,30,714,16,24576.07,10.91,Medical,Employed,10.7,35568.600000000006,0.712,No,2,C,0
PL01298,50,11641.21,18,685,20,39658.96,12.62,Home Improvement,Self-Employed,8.0,139694.52,0.531,No,2,C,0
PL01299,49,5868.68,23,600,0,4601.91,15.29,Education,Employed,8.5,70424.16,0.501,No,0,D,0
PL01300,69,22224.59,30,819,19,10388.1,6.23,Debt Consolidation,Employed,16.7,266695.08,0.18,No,0,A,1
PL01301,65,14811.93,30,772,15,28025.18,6.91,Home Improvement,Retired,14.6,177743.16,0.429,No,0,B,1
PL01302,49,7321.75,30,678,15,47407.33,14.27,Debt Consolidation,Self-Employed,14.1,87861.0,0.871,No,0,C,0
PL01303,50,13555.83,27,695,20,4663.13,12.0,Debt Consolidation,Retired,0.0,162669.96,0.855,No,0,C,0
PL01304,36,18824.19,7,754,2,3111.13,10.8,Medical,Employed,13.4,225890.27999999997,0.661,Yes,0,B,1
PL01305,60,24036.71,30,730,1,8670.98,13.39,Debt Consolidation,Employed,3.3,288440.52,0.997,No,2,B,0
PL01306,39,7070.26,24,614,5,32416.5,15.16,Other,Employed,25.9,84843.12,0.893,No,0,D,0
PL01307,38,22382.18,17,677,10,20550.65,14.41,Medical,Employed,9.9,268586.16000000003,0.145,No,1,C,1
PL01308,21,23488.99,0,703,2,41452.07,14.75,Other,Employed,8.4,281867.88,0.399,No,1,C,1
PL01309,34,23077.67,17,668,0,4524.72,13.03,Debt Consolidation,Employed,22.2,276932.04,0.132,No,1,C,1
PL01310,67,16614.53,30,722,10,10624.29,12.2,Other,Employed,19.7,199374.36,0.466,No,0,B,1
PL01311,70,16485.88,30,727,12,15701.29,9.66,Debt Consolidation,Employed,8.1,197830.56,0.776,No,0,B,1
PL01312,22,11273.84,2,627,4,31709.77,17.53,Debt Consolidation,Employed,0.6,135286.08000000002,0.156,No,0,D,1
PL01313,48,19305.15,30,658,17,34573.46,12.73,Debt Consolidation,Employed,0.0,231661.80000000002,0.88,No,1,C,0
PL01314,69,14219.76,30,753,14,7085.96,10.82,Education,Self-Employed,1.6,170637.12,0.569,No,0,B,1
PL01315,70,17581.08,30,830,17,47246.43,7.9,Debt Consolidation,Self-Employed,12.6,210972.96000000002,0.749,No,0,A,1
PL01316,50,11854.53,27,706,14,17711.16,9.19,Education,Self-Employed,8.8,142254.36000000002,0.045,Yes,0,C,1
PL01317,58,18824.42,30,827,19,35945.27,5.0,Debt Consolidation,Employed,2.5,225893.03999999998,0.094,No,0,A,1
PL01318,24,20962.84,0,759,19,26686.18,7.72,Debt Consolidation,Unemployed,0.0,251554.08000000002,0.621,Yes,2,B,0
PL01319,21,5368.03,2,647,19,11915.15,16.39,Medical,Retired,23.7,64416.36,0.838,No,0,D,0
PL01320,28,21157.38,0,705,6,42465.19,9.24,Debt Consolidation,Employed,19.0,253888.56,0.874,No,0,C,0
PL01321,49,14426.82,30,711,16,41093.66,11.97,Home Improvement,Employed,24.0,173121.84,0.688,No,0,C,1
PL01322,59,21427.32,30,803,7,20407.52,8.59,Education,Employed,4.5,257127.84,0.201,No,1,A,1
PL01323,23,11919.94,8,626,12,29841.77,15.52,Other,Self-Employed,16.5,143039.28,0.195,No,0,D,1
PL01324,52,10717.93,30,603,15,13633.46,18.78,Debt Consolidation,Employed,15.6,128615.16,0.881,No,1,D,0
PL01325,30,23046.4,2,739,9,34802.73,6.2,Other,Retired,21.7,276556.80000000005,0.113,No,0,B,1
PL01326,30,7776.89,16,582,13,16142.31,18.4,Education,Employed,10.1,93322.68000000001,0.686,Yes,0,D,0
PL01327,39,21416.88,25,676,5,42359.86,12.55,Other,Unemployed,0.0,257002.56,0.534,No,0,C,1
PL01328,66,13132.47,30,737,19,11651.87,7.13,Debt Consolidation,Retired,2.8,157589.63999999998,0.421,No,0,B,1
PL01329,54,13824.2,29,712,6,1725.37,9.11,Medical,Unemployed,0.0,165890.40000000002,0.44,Yes,0,C,1
PL01330,53,9094.77,30,620,5,14156.89,18.58,Home Improvement,Employed,10.6,109137.24,0.945,No,0,D,0
PL01331,43,15179.97,22,710,16,10361.57,12.63,Debt Consolidation,Employed,12.2,182159.63999999998,0.861,No,0,C,0
PL01332,48,9479.86,23,731,20,25906.04,12.01,Education,Self-Employed,0.0,113758.32,0.865,Yes,0,B,0
PL01333,52,2903.2,30,602,7,10981.46,18.19,Home Improvement,Self-Employed,20.4,34838.399999999994,0.407,Yes,0,D,0
PL01334,70,8255.97,30,784,11,38396.3,5.29,Education,Employed,0.0,99071.63999999998,0.107,Yes,0,A,1
PL01335,27,2146.72,0,526,3,12827.16,20.22,Debt Consolidation,Self-Employed,20.3,25760.64,0.998,No,0,E,0
PL01336,49,24502.16,29,850,9,35641.44,7.2,Medical,Employed,7.4,294025.92,0.145,Yes,0,A,1
PL01337,28,24212.19,5,696,5,29345.08,11.19,Debt Consolidation,Employed,24.8,290546.27999999997,0.516,No,0,C,1
PL01338,21,11088.57,0,644,6,49326.24,17.09,Home Improvement,Employed,0.0,133062.84,0.265,No,0,D,1
PL01339,23,18752.53,0,585,20,49995.15,15.82,Debt Consolidation,Retired,19.4,225030.36,0.511,No,0,D,0
PL01340,44,9953.54,27,674,7,43606.78,13.25,Debt Consolidation,Employed,1.8,119442.48000000001,0.305,No,0,C,1
PL01341,43,17435.14,27,724,2,38239.19,11.52,Debt Consolidation,Self-Employed,1.2,209221.68,0.897,No,0,B,0
PL01342,28,20524.89,8,694,7,19936.36,13.6,Medical,Employed,23.2,246298.68,0.968,No,0,C,0
PL01343,67,23775.39,30,764,14,37910.56,8.33,Other,Self-Employed,16.0,285304.68,0.41,No,1,B,1
PL01344,57,11204.88,30,662,20,47877.1,15.57,Debt Consolidation,Retired,0.0,134458.56,0.07,No,1,C,1
PL01345,23,20015.85,2,742,0,2145.5,10.77,Debt Consolidation,Employed,11.6,240190.19999999998,0.663,No,0,B,1
PL01346,53,8116.35,27,688,12,27357.82,9.09,Debt Consolidation,Employed,21.2,97396.20000000001,0.377,Yes,0,C,1
PL01347,48,24777.64,29,836,17,11681.92,9.31,Home Improvement,Employed,14.5,297331.68,0.986,No,0,A,1
PL01348,67,2592.7,30,660,14,28335.94,11.72,Education,Retired,10.2,31112.399999999998,0.089,Yes,0,C,1
PL01349,28,15881.16,14,653,6,23855.91,17.79,Debt Consolidation,Employed,19.2,190573.91999999998,0.119,No,0,C,1
PL01350,54,17168.64,30,774,14,29212.66,8.14,Education,Employed,12.9,206023.68,0.699,No,0,B,1
PL01351,55,17825.05,30,657,2,27997.15,13.08,Debt Consolidation,Employed,0.0,213900.59999999998,0.759,No,0,C,0
PL01352,52,4768.91,30,607,13,48045.24,16.84,Education,Employed,10.8,57226.92,0.471,No,0,D,0
PL01353,44,23586.19,18,800,19,28057.12,5.88,Debt Consolidation,Employed,13.9,283034.27999999997,0.277,No,0,A,1
PL01354,34,6167.22,16,580,3,42465.37,13.5,Home Improvement,Retired,11.8,74006.64,0.31,No,1,D,0
PL01355,52,16323.33,28,634,3,16671.19,14.6,Other,Employed,6.8,195879.96,0.338,No,0,D,1
PL01356,66,7121.55,30,801,2,22466.93,7.98,Home Improvement,Employed,13.7,85458.6,0.225,No,0,A,1
PL01357,63,9065.98,30,641,4,24050.26,17.58,Education,Retired,11.5,108791.76,0.851,Yes,0,D,0
PL01358,36,14568.55,1,694,10,14657.67,9.71,Education,Employed,0.0,174822.59999999998,0.065,Yes,0,C,1
PL01359,24,11595.45,0,649,7,19609.72,15.3,Debt Consolidation,Employed,0.0,139145.40000000002,0.407,Yes,0,D,1
PL01360,57,5685.19,30,541,1,30327.14,18.84,Medical,Self-Employed,12.5,68222.28,0.748,No,0,E,0
PL01361,41,5931.54,20,638,15,29429.2,14.7,Education,Employed,16.0,71178.48,0.004,No,0,D,1
PL01362,34,11617.33,11,688,9,32185.33,14.31,Other,Employed,3.8,139407.96,0.878,No,0,C,0
PL01363,51,19417.51,22,756,17,18239.08,8.25,Debt Consolidation,Employed,15.9,233010.12,0.706,Yes,0,B,1
PL01364,68,22653.19,30,834,6,16475.74,6.06,Home Improvement,Employed,14.0,271838.27999999997,0.073,No,1,A,1
PL01365,38,3934.94,18,616,4,30969.28,17.82,Medical,Employed,8.5,47219.28,0.895,No,0,D,0
PL01366,27,11041.39,8,684,6,7510.23,14.6,Debt Consolidation,Unemployed,0.0,132496.68,0.487,No,0,C,1
PL01367,30,4305.65,8,587,20,13398.55,14.51,Medical,Employed,13.2,51667.799999999996,0.652,No,0,D,0
PL01368,27,2381.63,11,535,5,3064.26,18.09,Other,Retired,17.0,28579.56,0.882,No,0,E,0
PL01369,53,17219.53,30,667,0,4557.93,13.03,Other,Employed,17.4,206634.36,0.881,Yes,0,C,0
PL01370,43,15856.34,18,632,10,12925.78,16.54,Medical,Retired,1.7,190276.08000000002,0.409,No,0,D,0
PL01371,41,5749.44,18,701,12,1956.93,11.27,Debt Consolidation,Self-Employed,4.1,68993.28,0.238,No,0,C,1
PL01372,39,7377.7,10,579,11,13025.12,17.48,Home Improvement,Self-Employed,21.8,88532.4,0.257,Yes,0,D,1
PL01373,68,2545.28,30,702,0,33093.84,14.23,Medical,Employed,17.1,30543.36,0.766,No,0,C,1
PL01374,39,21203.79,23,710,20,3994.25,10.69,Debt Consolidation,Employed,15.1,254445.48,0.929,No,0,C,0
PL01375,56,24417.88,30,768,14,22400.1,11.67,Debt Consolidation,Employed,16.4,293014.56,0.072,No,0,B,1
PL01376,49,5115.57,30,731,0,45742.33,7.2,Debt Consolidation,Self-Employed,19.1,61386.84,0.015,No,0,B,1
PL01377,38,7323.93,15,630,2,39772.96,14.21,Debt Consolidation,Self-Employed,11.1,87887.16,0.823,No,0,D,0
PL01378,22,21973.42,7,724,14,15966.44,8.0,Home Improvement,Employed,7.0,263681.04,0.387,No,0,B,1
PL01379,21,23308.67,0,700,8,46315.47,12.05,Debt Consolidation,Retired,14.5,279704.04,0.276,No,0,C,1
PL01380,67,11651.43,30,724,13,17152.68,12.23,Debt Consolidation,Retired,9.8,139817.16,0.188,No,0,B,1
PL01381,25,3164.32,3,720,7,4553.26,10.59,Debt Consolidation,Employed,22.4,37971.840000000004,0.346,No,1,C,1
PL01382,40,2906.01,22,562,3,49708.74,17.14,Education,Employed,22.3,34872.12,0.971,No,1,D,0
PL01383,31,15200.85,17,742,19,43631.1,7.19,Debt Consolidation,Self-Employed,17.1,182410.2,0.977,No,2,B,0
PL01384,62,11036.59,30,752,19,23830.71,12.82,Debt Consolidation,Employed,0.0,132439.08000000002,0.332,Yes,0,B,1
PL01385,22,2659.01,2,573,5,33652.45,17.55,Debt Consolidation,Self-Employed,1.2,31908.120000000003,0.964,No,0,D,0
PL01386,23,15414.81,8,744,0,33890.18,8.91,Medical,Self-Employed,0.0,184977.72,0.3,No,0,B,1
PL01387,43,2259.96,21,544,17,10529.63,22.03,Debt Consolidation,Employed,11.5,27119.52,0.854,Yes,0,E,0
PL01388,32,20109.56,4,678,5,10802.38,12.11,Education,Employed,17.4,241314.72000000003,0.212,No,0,C,1
PL01389,40,9047.95,29,604,13,24009.45,14.36,Debt Consolidation,Employed,7.5,108575.40000000001,0.826,No,0,D,0
PL01390,25,2925.93,1,625,10,45667.08,13.81,Debt Consolidation,Retired,4.8,35111.159999999996,0.354,No,0,D,0
PL01391,57,15532.1,30,676,16,1489.69,11.19,Debt Consolidation,Employed,10.8,186385.2,0.196,No,0,C,1
PL01392,58,11146.74,30,733,8,39342.78,8.19,Debt Consolidation,Employed,3.7,133760.88,0.935,No,0,B,0
PL01393,50,24397.41,25,752,6,3818.81,8.07,Debt Consolidation,Retired,12.1,292768.92,0.214,Yes,0,B,1
PL01394,29,14516.57,2,646,13,24432.88,19.1,Debt Consolidation,Employed,8.1,174198.84,0.992,No,0,D,0
PL01395,54,8330.5,30,709,16,32255.77,9.11,Debt Consolidation,Employed,4.7,99966.0,0.109,No,0,C,1
PL01396,64,18317.09,30,746,7,34651.2,6.74,Medical,Employed,10.9,219805.08000000002,0.01,No,0,B,1
PL01397,55,8244.32,30,636,15,3865.48,15.28,Debt Consolidation,Employed,17.1,98931.84,0.871,Yes,0,D,0
PL01398,42,22797.6,22,850,11,21511.58,5.0,Home Improvement,Employed,0.0,273571.19999999995,0.587,Yes,0,A,1
PL01399,64,10618.61,30,696,11,29608.03,13.32,Home Improvement,Employed,11.3,127423.32,0.422,No,0,C,1
PL01400,44,14646.98,15,590,4,4236.23,15.71,Home Improvement,Unemployed,0.0,175763.76,0.082,No,0,D,1
PL01401,37,3163.18,23,587,4,7619.63,15.22,Debt Consolidation,Employed,8.0,37958.159999999996,0.575,No,2,D,0
PL01402,30,11800.79,9,595,13,33518.8,19.94,Home Improvement,Employed,15.6,141609.48,0.394,No,0,D,0
PL01403,50,21144.36,30,787,5,26560.27,5.0,Debt Consolidation,Employed,18.2,253732.32,0.484,No,1,A,1
PL01404,66,20529.92,30,790,6,8929.6,8.45,Debt Consolidation,Employed,5.8,246359.03999999998,0.63,No,2,A,1
PL01405,43,7159.33,17,681,20,27226.73,14.06,Debt Consolidation,Employed,5.7,85911.95999999999,0.64,No,0,C,1
PL01406,52,7199.82,30,661,16,45721.93,15.23,Other,Employed,8.2,86397.84,0.961,No,0,C,0
PL01407,37,20798.02,14,704,8,1763.79,11.03,Debt Consolidation,Retired,1.2,249576.24,0.655,No,1,C,0
PL01408,70,23399.16,30,778,12,32489.05,5.78,Other,Employed,11.3,280789.92,0.339,No,0,B,1
PL01409,37,4193.3,23,630,8,4608.87,18.0,Debt Consolidation,Employed,2.0,50319.600000000006,0.33,No,2,D,0
PL01410,34,12351.35,9,711,15,1316.02,10.43,Other,Employed,14.5,148216.2,0.477,No,0,C,1
PL01411,29,9761.45,0,663,3,8382.07,16.56,Other,Employed,4.3,117137.40000000001,0.259,No,0,C,1
PL01412,60,22025.83,30,795,1,21722.42,8.24,Other,Employed,7.4,264309.96,0.376,No,1,A,1
PL01413,22,3921.07,0,628,12,40314.86,14.12,Education,Employed,14.0,47052.840000000004,0.842,No,0,D,0
PL01414,65,6855.9,30,748,12,14807.49,10.42,Home Improvement,Employed,15.1,82270.79999999999,0.86,No,0,B,1
PL01415,45,19306.77,15,740,18,31657.99,12.3,Other,Employed,14.7,231681.24,0.628,No,0,B,1
PL01416,59,3179.76,30,691,11,21146.68,12.39,Debt Consolidation,Employed,12.1,38157.12,0.583,No,1,C,0
PL01417,29,13328.31,1,724,3,12482.26,9.25,Education,Employed,1.3,159939.72,0.427,No,0,B,1
PL01418,42,12168.46,21,651,9,26198.11,10.47,Medical,Employed,9.7,146021.52,0.636,No,0,C,0
PL01419,63,9691.23,30,671,15,40075.76,12.29,Debt Consolidation,Employed,8.6,116294.76,0.806,Yes,0,C,1
PL01420,66,11075.16,30,668,18,41792.13,14.89,Home Improvement,Retired,6.6,132901.91999999998,0.738,No,0,C,0
PL01421,24,14188.63,2,668,7,42479.46,11.25,Debt Consolidation,Self-Employed,10.6,170263.56,0.035,No,0,C,1
PL01422,46,5711.45,16,567,5,17589.33,19.23,Education,Unemployed,0.0,68537.4,0.731,No,0,D,0
PL01423,49,15155.91,23,736,3,39879.35,10.24,Debt Consolidation,Employed,9.7,181870.91999999998,0.72,No,0,B,1
PL01424,65,20524.94,30,767,6,11396.74,10.26,Debt Consolidation,Employed,7.6,246299.27999999997,0.099,No,1,B,1
PL01425,54,19483.7,29,802,13,37182.83,5.0,Debt Consolidation,Employed,6.3,233804.40000000002,0.15,No,0,A,1
PL01426,43,5539.7,23,620,12,47470.84,12.61,Home Improvement,Self-Employed,1.1,66476.4,0.788,Yes,0,D,0
PL01427,57,5432.74,30,670,20,1673.45,12.26,Debt Consolidation,Employed,0.9,65192.88,0.559,No,1,C,0
PL01428,31,8168.01,14,698,4,22577.83,15.64,Home Improvement,Employed,20.7,98016.12,0.822,No,0,C,0
PL01429,26,10304.72,0,712,8,32740.78,9.76,Home Improvement,Employed,10.9,123656.63999999998,0.185,No,0,C,1
PL01430,38,11394.48,27,638,2,35387.01,14.38,Education,Employed,24.5,136733.76,0.031,Yes,1,D,1
PL01431,41,17633.04,23,719,9,9628.3,15.26,Debt Consolidation,Employed,24.9,211596.48,0.162,No,0,C,1
PL01432,62,3303.65,30,695,14,48636.98,12.9,Debt Consolidation,Employed,19.8,39643.8,0.453,No,0,C,0
PL01433,56,2797.47,30,684,19,31148.0,14.26,Education,Employed,0.0,33569.64,0.523,No,1,C,0
PL01434,61,11013.94,30,703,20,9052.69,10.4,Debt Consolidation,Retired,21.3,132167.28,0.858,No,0,C,1
PL01435,58,18034.76,29,810,16,2005.6,9.18,Education,Retired,9.0,216417.12,0.716,No,1,A,1
PL01436,54,6449.01,30,585,5,39379.95,19.71,Other,Employed,7.8,77388.12,0.99,No,0,D,0
PL01437,37,16754.6,4,676,2,4905.53,13.91,Debt Consolidation,Employed,6.6,201055.19999999998,0.079,Yes,0,C,1
PL01438,57,7976.05,30,716,17,7911.5,10.92,Education,Employed,7.2,95712.6,0.13,No,0,C,1
PL01439,45,22379.98,25,764,4,29166.67,10.03,Other,Employed,13.2,268559.76,0.084,No,0,B,1
PL01440,58,22600.87,30,836,12,30571.77,5.0,Home Improvement,Employed,28.4,271210.44,0.538,No,0,A,1
PL01441,32,8837.61,7,708,0,34657.47,13.63,Home Improvement,Employed,0.0,106051.32,0.267,No,0,C,1
PL01442,43,7289.86,11,648,16,20282.19,12.48,Home Improvement,Self-Employed,25.5,87478.31999999999,0.684,Yes,0,D,0
PL01443,62,11459.99,30,786,2,38921.03,7.35,Debt Consolidation,Employed,22.1,137519.88,0.133,No,0,A,1
PL01444,42,7532.23,28,625,18,48743.57,17.86,Home Improvement,Employed,8.6,90386.76,0.103,No,0,D,1
PL01445,41,17464.83,17,755,20,14283.65,11.51,Other,Employed,6.0,209577.96000000002,0.46,Yes,0,B,1
PL01446,47,20999.49,28,829,19,35448.4,5.0,Education,Employed,0.0,251993.88,0.376,No,0,A,1
PL01447,51,17481.12,22,790,11,46494.96,5.83,Debt Consolidation,Self-Employed,2.7,209773.44,0.829,Yes,0,A,1
PL01448,26,20960.06,7,702,7,34628.05,13.01,Education,Employed,5.1,251520.72000000003,0.838,No,0,C,0
PL01449,47,11130.82,24,673,7,34374.37,9.57,Debt Consolidation,Employed,9.2,133569.84,0.117,No,0,C,1
PL01450,60,5595.29,30,611,14,11964.86,18.7,Debt Consolidation,Employed,9.8,67143.48,0.812,No,0,D,0
PL01451,54,18972.87,29,758,10,27221.38,9.42,Medical,Employed,16.1,227674.44,0.564,No,0,B,1
PL01452,32,10290.91,9,599,19,28563.62,19.23,Education,Employed,15.2,123490.92,0.504,No,0,D,0
PL01453,65,17439.23,30,717,0,35306.35,9.56,Education,Employed,11.9,209270.76,0.095,No,0,C,1
PL01454,27,8224.81,0,575,15,49844.25,16.19,Debt Consolidation,Employed,9.7,98697.72,0.74,No,2,D,0
PL01455,30,3868.28,7,596,13,2648.55,18.61,Home Improvement,Employed,19.1,46419.36,0.06,No,0,D,1
PL01456,65,24829.38,30,792,6,4196.4,7.04,Debt Consolidation,Self-Employed,16.7,297952.56,0.278,No,0,A,1
PL01457,37,5592.63,10,655,5,4819.55,11.38,Debt Consolidation,Employed,13.6,67111.56,0.095,No,0,C,1
PL01458,46,24733.68,30,725,20,37405.98,11.8,Medical,Employed,6.8,296804.16000000003,0.531,No,0,B,1
PL01459,41,24477.44,15,797,3,7681.34,5.0,Debt Consolidation,Retired,18.8,293729.27999999997,0.645,No,0,A,1
PL01460,48,20257.82,23,726,7,31500.14,13.52,Debt Consolidation,Employed,16.7,243093.84,0.891,Yes,1,B,0
PL01461,66,17166.73,30,718,18,16908.78,11.37,Debt Consolidation,Unemployed,0.0,206000.76,0.734,No,0,C,1
PL01462,22,15289.56,9,671,2,23408.68,11.36,Home Improvement,Employed,0.0,183474.72,0.961,No,0,C,0
PL01463,63,21920.34,30,850,3,11567.49,7.29,Medical,Self-Employed,10.8,263044.08,0.761,No,0,A,1
PL01464,21,8657.11,0,642,12,43439.22,16.78,Debt Consolidation,Employed,4.5,103885.32,0.298,No,0,D,1
PL01465,56,12756.67,30,697,20,29721.37,11.96,Debt Consolidation,Retired,15.7,153080.04,0.548,No,0,C,1
PL01466,46,16245.97,26,636,1,47283.6,19.28,Medical,Employed,11.7,194951.63999999998,0.458,No,0,D,0
PL01467,49,11457.38,29,684,10,29155.22,17.05,Home Improvement,Employed,0.0,137488.56,0.566,Yes,2,C,0
PL01468,41,11832.19,18,692,15,7071.49,12.83,Medical,Employed,12.4,141986.28,0.572,No,0,C,1
PL01469,31,9596.55,6,630,9,9372.65,17.13,Home Improvement,Retired,23.7,115158.59999999999,0.702,No,3,D,0
PL01470,60,14977.33,30,651,14,49464.62,16.66,Education,Employed,8.8,179727.96,0.083,No,0,C,1
PL01471,31,21563.21,7,667,9,36552.69,11.05,Medical,Retired,9.9,258758.52,0.747,Yes,0,C,0
PL01472,56,6635.15,30,757,1,3414.66,9.8,Home Improvement,Employed,7.3,79621.79999999999,0.144,No,1,B,1
PL01473,69,23491.96,30,850,5,35485.27,5.0,Home Improvement,Employed,10.6,281903.52,0.026,No,0,A,1
PL01474,59,17849.02,30,702,13,21196.48,10.08,Other,Employed,22.3,214188.24,0.519,Yes,0,C,1
PL01475,60,20935.28,30,798,1,16053.21,7.61,Education,Employed,18.4,251223.36,0.581,Yes,0,A,1
PL01476,55,14792.39,30,665,9,8548.98,13.8,Other,Self-Employed,5.4,177508.68,0.035,Yes,0,C,1
PL01477,54,19928.88,30,817,16,42155.29,5.0,Medical,Employed,9.4,239146.56,0.515,No,0,A,1
PL01478,67,2372.61,30,698,7,4128.23,12.6,Home Improvement,Retired,9.9,28471.32,0.535,No,0,C,1
PL01479,44,20822.75,27,779,15,15201.94,7.73,Debt Consolidation,Employed,13.3,249873.0,0.052,Yes,0,B,1
PL01480,42,2923.19,7,552,13,16012.76,21.34,Medical,Employed,13.4,35078.28,0.712,No,1,D,0
PL01481,25,22468.01,0,736,9,8884.36,12.51,Home Improvement,Self-Employed,9.2,269616.12,0.21,No,0,B,1
PL01482,53,24815.14,27,769,12,25901.06,6.97,Debt Consolidation,Employed,0.0,297781.68,0.794,Yes,0,B,1
PL01483,56,8763.55,28,738,0,1573.43,12.72,Medical,Employed,9.1,105162.59999999999,0.311,No,0,B,1
PL01484,67,6837.33,30,753,9,15747.8,10.48,Home Improvement,Employed,7.1,82047.95999999999,0.478,No,1,B,1
PL01485,40,19603.36,20,721,11,46747.84,10.43,Debt Consolidation,Employed,2.8,235240.32,0.892,Yes,0,B,1
PL01486,39,7819.61,21,627,16,16215.95,14.11,Education,Retired,16.3,93835.31999999999,0.806,Yes,0,D,0
PL01487,55,21907.93,30,798,13,18662.51,5.07,Education,Unemployed,0.0,262895.16000000003,0.782,No,1,A,0
PL01488,63,4365.38,30,684,4,24185.09,10.11,Education,Self-Employed,1.7,52384.56,0.16,No,0,C,1
PL01489,37,4896.97,17,594,18,28522.98,12.98,Debt Consolidation,Self-Employed,25.8,58763.64,0.048,No,0,D,0
PL01490,65,24520.49,30,746,4,40626.72,9.77,Debt Consolidation,Employed,13.3,294245.88,0.606,No,0,B,1
PL01491,63,17498.29,30,679,14,10325.74,8.65,Debt Consolidation,Employed,16.3,209979.48,0.411,No,0,C,1
PL01492,54,21478.41,30,729,12,43715.57,8.77,Debt Consolidation,Self-Employed,18.4,257740.91999999998,0.909,No,0,B,1
PL01493,29,9459.58,8,700,16,38119.92,13.13,Debt Consolidation,Employed,6.5,113514.95999999999,0.35,No,1,C,1
PL01494,46,17559.13,20,728,0,36409.87,13.53,Medical,Employed,14.3,210709.56,0.411,No,0,B,1
PL01495,22,15667.56,0,635,13,5253.42,12.48,Education,Self-Employed,0.0,188010.72,0.526,No,0,D,0
PL01496,29,15872.45,5,717,3,2060.39,12.26,Home Improvement,Employed,17.7,190469.40000000002,0.796,No,0,C,0
PL01497,29,17698.25,6,644,8,30106.62,13.74,Debt Consolidation,Employed,9.5,212379.0,0.268,Yes,0,D,1
PL01498,60,15233.26,30,740,16,43293.56,8.97,Education,Self-Employed,14.2,182799.12,0.942,No,0,B,0
PL01499,37,11868.43,19,664,2,29637.63,13.76,Debt Consolidation,Employed,9.4,142421.16,0.54,No,1,C,0
PL01500,21,8346.22,0,662,12,11448.51,12.24,Home Improvement,Self-Employed,24.5,100154.63999999998,0.841,No,1,C,0
PL01501,45,19677.37,24,649,11,5435.47,13.97,Medical,Employed,19.8,236128.44,0.526,No,0,D,1
PL01502,63,7204.27,30,659,15,35280.23,13.82,Home Improvement,Employed,0.0,86451.24,0.772,No,0,C,0
PL01503,60,17924.15,30,667,3,36366.74,15.64,Debt Consolidation,Employed,14.4,215089.80000000002,0.051,No,0,C,1
PL01504,62,7366.65,30,687,17,9454.05,15.16,Medical,Self-Employed,7.7,88399.79999999999,0.799,Yes,2,C,0
PL01505,45,16382.59,15,772,2,2381.33,7.35,Education,Employed,14.7,196591.08000000002,0.524,No,0,B,1
PL01506,59,19182.8,30,728,16,21005.89,10.01,Home Improvement,Employed,14.6,230193.59999999998,0.449,No,0,B,1
PL01507,55,7030.42,30,659,0,29553.22,15.29,Education,Employed,4.1,84365.04000000001,0.112,No,0,C,1
PL01508,23,3378.7,0,646,18,35594.12,13.91,Education,Employed,9.1,40544.399999999994,0.742,No,3,D,0
PL01509,70,5012.4,30,758,3,40687.31,10.61,Debt Consolidation,Employed,1.8,60148.799999999996,0.131,Yes,0,B,1
PL01510,57,15937.93,30,729,16,30916.33,12.3,Medical,Employed,21.9,191255.16,0.192,Yes,0,B,1
PL01511,64,21537.27,30,809,6,6433.15,8.9,Debt Consolidation,Employed,12.6,258447.24,0.126,No,0,A,1
PL01512,64,3034.93,30,629,1,34446.5,15.22,Debt Consolidation,Employed,13.5,36419.159999999996,0.007,No,0,D,1
PL01513,50,18885.48,30,803,11,49224.66,5.0,Debt Consolidation,Employed,12.4,226625.76,0.662,No,0,A,1
PL01514,58,9850.33,30,812,4,45373.64,6.39,Other,Employed,1.5,118203.95999999999,0.271,Yes,0,A,1
PL01515,54,13006.15,27,739,15,43711.78,9.03,Debt Consolidation,Employed,15.1,156073.8,0.149,No,0,B,1
PL01516,32,23363.77,6,616,7,15806.34,17.19,Home Improvement,Employed,24.3,280365.24,0.32,No,0,D,1
PL01517,39,9635.34,23,638,7,37788.62,17.69,Other,Employed,0.0,115624.08,0.499,Yes,0,D,0
PL01518,57,12702.75,30,748,12,42704.07,12.74,Other,Unemployed,0.0,152433.0,0.503,No,1,B,1
PL01519,64,2314.7,30,658,13,34237.98,15.5,Home Improvement,Employed,16.1,27776.399999999998,0.367,No,2,C,0
PL01520,69,3876.77,30,760,10,13277.53,7.22,Home Improvement,Employed,4.0,46521.24,0.495,No,0,B,1
PL01521,37,7947.61,14,683,5,47737.86,15.4,Debt Consolidation,Employed,15.9,95371.31999999999,0.427,No,0,C,1
PL01522,30,2640.6,3,577,15,23090.15,18.26,Debt Consolidation,Self-Employed,10.4,31687.199999999997,0.823,No,0,D,0
PL01523,69,16521.63,30,762,14,7360.47,7.35,Medical,Retired,4.3,198259.56,0.03,No,0,B,1
PL01524,67,11807.16,30,688,15,6379.12,14.09,Education,Employed,0.0,141685.91999999998,0.868,No,0,C,0
PL01525,32,14607.34,18,667,12,32728.43,12.88,Debt Consolidation,Self-Employed,9.2,175288.08000000002,0.244,No,0,C,1
PL01526,36,6016.89,13,614,11,22447.77,11.83,Medical,Employed,9.4,72202.68000000001,0.722,Yes,0,D,0
PL01527,44,8806.44,28,730,17,5629.71,8.49,Education,Employed,20.5,105677.28,0.405,No,0,B,1
PL01528,39,17267.96,25,810,17,37277.86,6.69,Home Improvement,Employed,12.7,207215.52,0.294,No,0,A,1
PL01529,28,24201.96,14,645,13,40166.93,14.11,Medical,Employed,5.8,290423.52,0.615,No,0,D,0
PL01530,51,3159.59,30,561,1,36545.37,16.01,Education,Employed,0.0,37915.08,0.769,Yes,0,D,0
PL01531,41,22478.84,10,722,1,10910.78,12.32,Education,Employed,17.0,269746.08,0.45,No,1,B,1
PL01532,37,15268.27,18,614,2,34799.0,16.77,Education,Employed,10.9,183219.24,0.467,No,0,D,0
PL01533,43,14970.15,27,703,7,1525.42,8.81,Other,Self-Employed,6.8,179641.8,0.059,No,0,C,1
PL01534,57,13506.41,30,758,10,15950.49,14.45,Debt Consolidation,Employed,5.7,162076.91999999998,0.924,No,0,B,1
PL01535,36,3596.06,23,704,11,20542.26,9.21,Education,Employed,19.9,43152.72,0.847,Yes,2,C,0
PL01536,26,4067.17,9,622,3,41927.1,14.45,Medical,Employed,21.1,48806.04,0.398,Yes,0,D,0
PL01537,28,15820.98,9,665,8,20129.32,14.16,Education,Employed,5.0,189851.76,0.765,No,1,C,0
PL01538,45,9842.05,29,580,16,1552.2,16.36,Debt Consolidation,Employed,0.0,118104.59999999999,0.313,No,1,D,0
PL01539,38,23097.17,18,732,15,18264.97,13.27,Debt Consolidation,Employed,8.3,277166.04,0.73,Yes,0,B,1
PL01540,45,11351.58,11,690,16,25447.28,11.92,Debt Consolidation,Employed,11.8,136218.96,0.517,No,1,C,1
PL01541,32,5295.47,8,662,14,47501.23,11.7,Debt Consolidation,Employed,10.6,63545.64,0.461,No,0,C,1
PL01542,35,18438.53,19,666,19,47110.68,14.59,Home Improvement,Retired,0.0,221262.36,0.057,No,1,C,1
PL01543,46,8747.13,20,653,6,9862.83,8.16,Education,Employed,22.3,104965.56,0.965,No,0,C,0
PL01544,61,14085.82,30,658,9,10072.18,14.79,Debt Consolidation,Employed,0.0,169029.84,0.837,No,0,C,0
PL01545,65,18050.15,30,645,3,9005.69,16.9,Debt Consolidation,Employed,4.0,216601.80000000002,0.793,Yes,0,D,0
PL01546,46,22706.07,30,690,13,39657.17,7.66,Debt Consolidation,Unemployed,0.0,272472.83999999997,0.305,No,0,C,1
PL01547,67,20220.4,30,696,13,1295.08,11.19,Other,Employed,1.4,242644.80000000002,0.29,No,1,C,1
PL01548,52,17556.3,26,748,13,7231.68,6.34,Education,Employed,0.0,210675.59999999998,0.573,No,1,B,1
PL01549,30,17631.56,9,662,13,27360.02,13.57,Other,Employed,10.5,211578.72000000003,0.846,No,1,C,0
PL01550,36,23756.27,11,703,19,13130.54,16.17,Debt Consolidation,Employed,21.3,285075.24,0.935,No,0,C,0
PL01551,27,8803.95,9,588,17,5525.47,17.37,Home Improvement,Employed,8.7,105647.40000000001,0.269,No,0,D,0
PL01552,37,2025.58,18,462,14,18634.02,22.2,Debt Consolidation,Employed,1.9,24306.96,0.607,No,0,E,0
PL01553,43,8254.95,26,742,18,14436.17,5.0,Debt Consolidation,Employed,21.3,99059.40000000001,0.724,No,0,B,1
PL01554,46,7011.5,26,617,12,26044.11,13.38,Debt Consolidation,Employed,16.7,84138.0,0.226,No,0,D,1
PL01555,41,17222.2,30,687,11,48982.45,12.14,Medical,Employed,3.2,206666.40000000002,0.407,No,0,C,1
PL01556,42,16575.37,15,634,18,7090.93,15.0,Debt Consolidation,Self-Employed,12.6,198904.44,0.187,No,0,D,1
PL01557,27,15649.61,0,720,18,19263.61,11.6,Education,Employed,18.6,187795.32,0.699,No,0,C,1
PL01558,34,2373.6,11,627,19,46667.27,16.67,Home Improvement,Self-Employed,2.8,28483.199999999997,0.864,Yes,0,D,0
PL01559,35,18761.9,6,662,1,43966.78,11.73,Debt Consolidation,Employed,11.0,225142.80000000002,0.878,No,0,C,0
PL01560,27,9441.2,0,621,20,20319.28,15.49,Debt Consolidation,Employed,6.9,113294.40000000001,0.67,Yes,0,D,0
PL01561,29,17296.29,2,768,2,35248.71,7.73,Home Improvement,Employed,0.5,207555.48,0.347,No,1,B,1
PL01562,68,14801.3,30,746,9,5304.99,7.85,Education,Employed,11.3,177615.59999999998,0.661,No,0,B,1
PL01563,28,9882.81,2,636,4,35914.51,12.98,Home Improvement,Employed,13.5,118593.72,0.864,No,0,D,0
PL01564,70,5095.25,30,658,11,48670.03,14.81,Debt Consolidation,Self-Employed,10.4,61143.0,0.626,No,0,C,0
PL01565,43,4171.63,19,552,6,27336.92,13.42,Debt Consolidation,Employed,3.5,50059.56,0.413,No,0,D,0
PL01566,49,21124.92,27,735,8,25426.02,6.52,Debt Consolidation,Self-Employed,26.8,253499.03999999998,0.92,No,1,B,0
PL01567,38,23123.14,21,747,1,10178.61,16.02,Other,Employed,6.1,277477.68,0.835,Yes,0,B,1
PL01568,51,16945.13,26,781,9,32055.62,6.81,Home Improvement,Employed,14.5,203341.56,0.882,No,2,A,0
PL01569,50,4378.98,27,549,5,29931.43,21.62,Other,Retired,16.5,52547.759999999995,0.903,No,0,E,0
PL01570,59,11246.63,30,657,11,32944.72,13.64,Education,Employed,0.0,134959.56,0.394,Yes,0,C,1
PL01571,55,18765.6,24,714,5,2278.08,10.06,Home Improvement,Employed,16.6,225187.19999999998,0.86,No,1,C,0
PL01572,38,19935.88,5,715,2,27887.45,12.45,Education,Employed,10.1,239230.56,0.57,No,0,C,1
PL01573,62,4719.03,30,680,9,30151.81,12.89,Education,Employed,7.9,56628.36,0.038,No,0,C,1
PL01574,59,2000.71,30,661,8,11168.98,13.23,Home Improvement,Self-Employed,9.0,24008.52,0.636,No,1,C,0
PL01575,37,18379.15,26,726,19,11208.31,10.55,Debt Consolidation,Employed,14.7,220549.80000000002,0.471,No,0,B,1
PL01576,34,10201.71,13,613,4,14534.69,16.56,Debt Consolidation,Employed,0.0,122420.51999999999,0.275,No,0,D,1
PL01577,51,7853.07,30,727,2,35874.36,9.21,Debt Consolidation,Retired,10.3,94236.84,0.97,Yes,1,B,0
PL01578,44,2296.64,22,661,4,30707.04,12.63,Home Improvement,Self-Employed,13.4,27559.68,0.055,No,0,C,1
PL01579,55,14426.89,30,706,7,42442.37,9.59,Debt Consolidation,Employed,27.3,173122.68,0.946,No,0,C,0
PL01580,64,21576.47,30,850,7,15487.27,5.0,Debt Consolidation,Employed,0.0,258917.64,0.159,No,1,A,1
PL01581,65,24025.53,30,850,13,45691.33,8.7,Other,Employed,13.5,288306.36,0.377,No,0,A,1
PL01582,54,15012.13,30,769,16,37441.6,6.87,Debt Consolidation,Employed,6.1,180145.56,0.417,Yes,0,B,1
PL01583,23,13832.61,12,504,10,20355.57,22.72,Debt Consolidation,Employed,13.9,165991.32,0.731,No,1,E,0
PL01584,57,3956.3,30,752,15,5667.84,8.74,Medical,Employed,16.9,47475.600000000006,0.216,No,1,B,1
PL01585,63,14624.07,30,778,5,13592.2,9.35,Home Improvement,Employed,4.1,175488.84,0.986,Yes,0,B,1
PL01586,60,10739.52,30,814,10,47881.64,6.63,Debt Consolidation,Employed,25.6,128874.24,0.749,Yes,1,A,1
PL01587,46,15964.11,24,773,9,16207.81,5.0,Medical,Employed,20.6,191569.32,0.79,No,0,B,1
PL01588,43,10940.71,22,759,8,17165.15,9.19,Debt Consolidation,Employed,16.3,131288.52,0.106,No,0,B,1
PL01589,64,7526.88,30,749,14,10289.86,10.8,Education,Employed,7.1,90322.56,0.476,Yes,2,B,1
PL01590,59,4184.2,30,746,6,40535.68,7.82,Debt Consolidation,Employed,5.6,50210.399999999994,0.946,Yes,0,B,0
PL01591,35,9243.12,8,755,17,14506.57,13.96,Debt Consolidation,Employed,13.5,110917.44,0.27,No,0,B,1
PL01592,69,4222.83,30,709,0,17182.65,13.03,Education,Employed,6.8,50673.96,0.145,No,0,C,1
PL01593,24,6068.63,7,539,14,21303.06,20.78,Other,Employed,5.8,72823.56,0.485,Yes,0,E,0
PL01594,49,24708.73,29,746,1,22252.69,11.58,Medical,Employed,25.3,296504.76,0.93,No,0,B,1
PL01595,42,12214.38,25,704,1,21155.7,6.97,Other,Employed,14.4,146572.56,0.487,No,1,C,1
PL01596,45,14233.05,23,704,9,25683.44,13.05,Medical,Self-Employed,16.6,170796.59999999998,0.405,Yes,1,C,1
PL01597,33,22093.23,18,654,19,40911.13,18.46,Debt Consolidation,Self-Employed,25.0,265118.76,0.65,No,0,C,0
PL01598,38,24898.08,17,658,14,41144.97,15.25,Debt Consolidation,Employed,10.7,298776.96,0.937,No,0,C,0
PL01599,53,15402.43,30,685,9,40117.34,11.97,Other,Employed,4.9,184829.16,0.049,No,0,C,1
PL01600,36,20686.9,13,755,18,5955.12,7.09,Medical,Self-Employed,1.4,248242.80000000002,0.153,No,1,B,1
PL01601,65,9519.64,30,796,12,40184.26,5.03,Other,Self-Employed,20.8,114235.68,0.133,No,0,A,1
PL01602,62,9032.11,30,754,10,6892.34,6.7,Debt Consolidation,Unemployed,0.0,108385.32,0.085,No,0,B,1
PL01603,64,11262.19,30,777,1,7111.46,7.52,Debt Consolidation,Employed,0.0,135146.28,0.302,No,2,B,1
PL01604,22,17467.67,0,667,20,47445.28,11.18,Debt Consolidation,Retired,0.0,209612.03999999998,0.229,No,1,C,0
PL01605,55,17690.41,28,651,12,41150.49,13.74,Debt Consolidation,Employed,0.0,212284.91999999998,0.549,Yes,0,C,1
PL01606,62,9250.51,30,687,20,28068.11,12.82,Debt Consolidation,Employed,7.0,111006.12,0.327,No,0,C,1
PL01607,54,5063.83,30,660,0,43873.54,10.2,Education,Employed,8.2,60765.96,0.405,Yes,0,C,1
PL01608,50,16545.11,26,697,4,49478.87,10.42,Medical,Employed,14.2,198541.32,0.942,No,0,C,0
PL01609,33,4951.49,16,633,20,30921.46,13.71,Debt Consolidation,Employed,0.9,59417.88,0.156,Yes,0,D,1
PL01610,33,15305.33,8,704,6,31032.02,10.42,Debt Consolidation,Employed,11.7,183663.96,0.388,No,0,C,1
PL01611,38,17948.71,15,748,12,37966.92,9.67,Medical,Retired,17.1,215384.52,0.257,Yes,0,B,1
PL01612,52,18114.06,30,720,12,12374.81,11.16,Education,Employed,8.8,217368.72000000003,0.549,No,0,C,1
PL01613,52,19329.86,30,645,19,9189.12,13.47,Education,Retired,6.3,231958.32,0.736,No,0,D,1
PL01614,55,22075.77,30,736,20,38219.46,8.84,Education,Employed,3.1,264909.24,0.817,No,1,B,0
PL01615,59,13499.06,30,727,5,17900.33,10.55,Home Improvement,Employed,19.2,161988.72,0.515,No,0,B,1
PL01616,66,18795.73,30,827,19,7618.45,8.93,Education,Employed,0.0,225548.76,0.855,Yes,2,A,1
PL01617,49,16240.97,23,690,11,16429.01,9.36,Other,Employed,22.6,194891.63999999998,0.785,No,1,C,0
PL01618,69,6292.72,30,735,7,18573.21,12.49,Education,Self-Employed,9.8,75512.64,0.157,No,0,B,1
PL01619,49,2590.86,16,665,8,48296.16,10.14,Debt Consolidation,Employed,1.7,31090.32,0.245,Yes,1,C,1
PL01620,64,8544.45,30,712,17,35200.03,12.0,Debt Consolidation,Employed,16.7,102533.40000000001,0.672,Yes,0,C,1
PL01621,36,12189.78,10,719,10,27011.96,13.05,Education,Self-Employed,14.1,146277.36000000002,0.975,No,3,C,0
PL01622,64,16193.44,30,715,19,48474.78,8.49,Education,Employed,13.3,194321.28,0.376,Yes,0,C,1
PL01623,67,21549.06,30,752,10,45253.85,10.16,Medical,Employed,15.6,258588.72000000003,0.23,Yes,0,B,1
PL01624,30,6513.65,12,631,14,26088.04,12.86,Debt Consolidation,Employed,11.3,78163.79999999999,0.869,No,0,D,0
PL01625,50,4887.65,27,632,8,45378.3,17.25,Medical,Employed,13.7,58651.799999999996,0.2,Yes,0,D,1
PL01626,45,24160.04,17,776,2,20810.93,5.16,Home Improvement,Employed,20.9,289920.48,0.697,No,0,B,1
PL01627,59,4485.02,30,644,16,12290.61,12.58,Medical,Employed,11.6,53820.240000000005,0.034,Yes,1,D,1
PL01628,40,13005.29,11,696,16,12401.23,12.26,Education,Employed,16.6,156063.48,0.019,No,0,C,1
PL01629,25,15467.97,0,662,2,33453.46,14.97,Other,Employed,0.0,185615.63999999998,0.452,No,0,C,1
PL01630,21,14451.61,0,665,18,25552.45,13.59,Education,Self-Employed,12.6,173419.32,0.657,Yes,1,C,0
PL01631,50,3978.74,21,636,8,33288.59,15.72,Debt Consolidation,Retired,30.0,47744.88,0.142,Yes,0,D,1
PL01632,69,3311.62,30,677,16,34617.72,11.77,Home Improvement,Employed,0.0,39739.44,0.764,Yes,0,C,0
PL01633,23,4426.12,0,612,17,2093.82,13.64,Debt Consolidation,Employed,26.0,53113.44,0.129,No,0,D,1
PL01634,65,15468.52,30,757,14,3647.94,12.16,Medical,Employed,15.8,185622.24,0.534,No,0,B,1
PL01635,34,14519.93,12,680,0,27101.21,13.72,Debt Consolidation,Employed,0.0,174239.16,0.308,No,1,C,1
PL01636,50,7376.04,26,762,9,10360.74,8.02,Debt Consolidation,Employed,10.3,88512.48,0.752,No,0,B,1
PL01637,70,16668.81,30,713,7,31994.15,7.92,Debt Consolidation,Self-Employed,13.2,200025.72000000003,0.804,Yes,0,C,1
PL01638,24,20861.55,12,689,9,28057.1,14.76,Debt Consolidation,Self-Employed,17.3,250338.59999999998,0.066,No,0,C,1
PL01639,38,2956.32,12,552,1,29702.26,21.07,Debt Consolidation,Employed,6.5,35475.840000000004,0.193,No,1,D,0
PL01640,57,13456.99,30,739,18,15820.31,9.61,Debt Consolidation,Employed,15.6,161483.88,0.893,No,0,B,1
PL01641,45,17854.14,27,663,13,32352.33,12.18,Home Improvement,Employed,21.1,214249.68,0.416,No,0,C,1
PL01642,68,7803.17,30,701,7,41645.14,11.25,Home Improvement,Retired,17.1,93638.04000000001,0.477,No,1,C,0
PL01643,21,9078.73,0,608,18,49905.49,15.58,Home Improvement,Retired,19.5,108944.76,0.168,No,1,D,0
PL01644,66,16113.67,30,766,0,42083.77,10.36,Home Improvement,Employed,6.4,193364.04,0.995,No,0,B,0
PL01645,35,22652.51,13,695,15,28317.44,9.77,Education,Employed,15.5,271830.12,0.923,No,0,C,0
PL01646,29,20628.26,5,671,14,10478.05,11.97,Home Improvement,Employed,28.4,247539.12,0.002,No,0,C,1
PL01647,35,15412.0,16,758,19,34390.85,8.81,Education,Employed,1.4,184944.0,0.551,No,0,B,1
PL01648,69,18795.1,30,786,4,46945.04,8.43,Education,Employed,13.4,225541.19999999998,0.872,No,0,A,1
PL01649,44,10390.92,17,651,2,11381.46,15.78,Medical,Employed,1.1,124691.04000000001,0.431,No,0,C,0
PL01650,24,16742.21,3,659,16,13543.79,14.3,Debt Consolidation,Employed,20.0,200906.52,0.437,No,0,C,1
PL01651,32,12722.18,12,749,9,8301.42,13.1,Home Improvement,Employed,0.0,152666.16,0.379,No,1,B,1
PL01652,57,6368.53,30,674,4,37099.36,11.02,Education,Employed,5.5,76422.36,0.029,No,0,C,1
PL01653,57,18139.98,30,710,10,20921.51,14.29,Debt Consolidation,Employed,28.5,217679.76,0.79,No,0,C,0
PL01654,63,14798.69,30,705,5,4072.09,9.68,Debt Consolidation,Employed,6.0,177584.28,0.457,No,0,C,1
PL01655,26,10248.3,2,615,3,43872.55,14.89,Debt Consolidation,Employed,9.5,122979.59999999999,0.531,No,0,D,0
PL01656,59,22960.8,30,743,6,28325.92,10.64,Home Improvement,Retired,20.0,275529.6,0.256,No,0,B,1
PL01657,66,2481.48,30,620,18,17223.62,17.81,Other,Employed,8.9,29777.760000000002,0.784,Yes,0,D,0
PL01658,44,9262.78,20,618,6,17855.17,14.76,Debt Consolidation,Employed,0.0,111153.36000000002,0.794,No,0,D,0
PL01659,31,3308.27,19,577,13,15222.31,18.19,Debt Consolidation,Employed,1.4,39699.24,0.553,No,0,D,0
PL01660,33,19630.13,7,733,16,23318.53,9.69,Debt Consolidation,Employed,20.5,235561.56,0.905,No,1,B,0
PL01661,54,18148.47,30,719,16,17515.04,6.36,Home Improvement,Employed,21.8,217781.64,0.116,No,0,C,1
PL01662,45,9621.1,26,667,12,27849.37,13.24,Debt Consolidation,Employed,0.0,115453.20000000001,0.787,No,0,C,0
PL01663,27,17540.25,6,745,0,38902.35,7.29,Other,Retired,2.4,210483.0,0.559,No,2,B,0
PL01664,24,11106.56,5,708,1,34048.6,14.0,Medical,Employed,4.6,133278.72,0.231,No,0,C,1
PL01665,28,19393.84,19,678,17,15428.39,15.37,Home Improvement,Retired,7.0,232726.08000000002,0.132,Yes,0,C,1
PL01666,40,12446.22,14,650,3,26908.31,12.42,Education,Employed,2.6,149354.63999999998,0.301,Yes,0,D,1
PL01667,49,11482.43,22,652,12,42166.18,12.02,Medical,Employed,10.8,137789.16,0.856,No,1,C,0
PL01668,65,23498.79,30,822,0,4342.11,5.01,Medical,Employed,5.4,281985.48,0.788,No,0,A,1
PL01669,66,7770.22,30,700,3,4836.57,12.88,Home Improvement,Self-Employed,6.6,93242.64,0.645,Yes,0,C,1
PL01670,30,4770.29,0,604,1,28252.33,17.25,Home Improvement,Unemployed,0.0,57243.479999999996,0.09,No,0,D,0
PL01671,63,15444.49,30,702,3,32316.64,18.54,Education,Self-Employed,16.3,185333.88,0.955,No,0,C,0
PL01672,54,24294.4,30,730,15,11359.24,9.84,Medical,Employed,0.0,291532.80000000005,0.305,No,0,B,1
PL01673,46,10690.3,25,701,3,37515.79,11.96,Other,Employed,13.1,128283.59999999999,0.607,No,0,C,1
PL01674,61,3426.85,30,613,8,32666.91,19.64,Other,Employed,18.0,41122.2,0.803,No,2,D,0
PL01675,69,9804.02,30,776,16,46241.17,8.94,Medical,Employed,25.9,117648.24,0.133,Yes,0,B,1
PL01676,23,13636.43,6,627,20,9278.76,12.96,Debt Consolidation,Employed,14.0,163637.16,0.652,No,0,D,0
PL01677,26,5724.23,0,613,19,37817.34,16.46,Debt Consolidation,Employed,11.8,68690.76,0.032,No,0,D,1
PL01678,25,17136.35,13,608,20,5098.51,17.41,Home Improvement,Employed,0.0,205636.19999999998,0.102,No,0,D,1
PL01679,25,24948.24,13,714,1,28699.33,10.5,Debt Consolidation,Employed,21.8,299378.88,0.723,No,0,C,1
PL01680,67,12390.01,30,719,2,28042.86,12.55,Debt Consolidation,Employed,11.1,148680.12,0.155,Yes,0,C,1
PL01681,43,10158.76,21,674,14,20030.87,14.41,Debt Consolidation,Self-Employed,12.5,121905.12,0.444,No,1,C,0
PL01682,69,11216.2,30,807,6,42383.99,6.04,Medical,Employed,13.2,134594.40000000002,0.248,No,0,A,1
PL01683,29,4648.36,13,630,3,1214.16,18.1,Education,Employed,10.9,55780.31999999999,0.421,No,2,D,0
PL01684,55,22315.29,29,721,11,26488.79,9.3,Debt Consolidation,Employed,10.1,267783.48,0.077,No,0,B,1
PL01685,40,11540.99,16,642,0,11640.52,15.33,Debt Consolidation,Employed,7.1,138491.88,0.755,No,0,D,0
PL01686,69,10907.31,30,762,16,37431.43,7.8,Home Improvement,Employed,15.8,130887.72,0.079,No,3,B,1
PL01687,62,17172.88,30,814,3,3110.3,5.0,Other,Retired,0.0,206074.56,0.838,No,1,A,1
PL01688,55,12166.77,30,724,3,41746.18,11.44,Debt Consolidation,Employed,0.0,146001.24,0.663,No,1,B,1
PL01689,70,16909.37,30,798,8,42066.52,11.22,Debt Consolidation,Employed,3.2,202912.44,0.417,No,0,A,1
PL01690,38,3413.26,14,663,20,41810.43,13.39,Medical,Employed,20.0,40959.12,0.866,No,0,C,0
PL01691,37,20715.64,9,788,9,8475.86,5.0,Home Improvement,Employed,13.6,248587.68,0.186,Yes,1,A,1
PL01692,44,23631.59,18,648,18,31889.92,14.63,Home Improvement,Employed,4.9,283579.08,0.265,No,0,D,1
PL01693,23,16921.6,4,703,18,1704.0,10.04,Medical,Employed,3.6,203059.19999999998,0.137,No,0,C,1
PL01694,52,23955.02,27,812,14,42550.17,8.83,Home Improvement,Employed,9.4,287460.24,0.382,Yes,1,A,1
PL01695,55,5482.94,30,610,16,36425.78,15.45,Debt Consolidation,Retired,13.2,65795.28,0.987,No,0,D,0
PL01696,58,12980.57,28,676,6,27026.53,9.36,Debt Consolidation,Employed,20.9,155766.84,0.161,No,0,C,1
PL01697,33,15841.55,12,642,2,36798.98,15.47,Medical,Employed,26.4,190098.59999999998,0.831,No,0,D,0
PL01698,67,15379.94,30,714,4,5621.88,11.6,Home Improvement,Employed,9.0,184559.28,0.652,No,1,C,1
PL01699,45,11233.62,20,662,15,26904.14,12.95,Education,Employed,27.6,134803.44,0.016,No,0,C,1
PL01700,29,9775.94,7,659,6,15272.55,11.6,Other,Employed,10.6,117311.28,0.945,No,0,C,0
PL01701,24,4916.95,3,655,15,48658.35,17.44,Home Improvement,Self-Employed,12.4,59003.399999999994,0.971,Yes,1,C,0
PL01702,34,11010.08,8,717,8,42998.78,10.14,Medical,Self-Employed,17.8,132120.96,0.925,No,0,C,0
PL01703,57,5741.2,28,640,0,36930.51,16.34,Debt Consolidation,Employed,19.0,68894.4,0.502,Yes,1,D,0
PL01704,54,18890.41,30,700,2,46753.63,10.89,Debt Consolidation,Employed,22.6,226684.91999999998,0.22,No,0,C,1
PL01705,31,6803.11,6,701,7,17995.32,13.13,Home Improvement,Retired,0.0,81637.31999999999,0.391,No,0,C,1
PL01706,61,3347.0,30,711,17,45143.12,11.43,Debt Consolidation,Retired,11.0,40164.0,0.614,No,0,C,1
PL01707,23,14704.42,7,663,17,16936.67,13.56,Debt Consolidation,Employed,20.0,176453.04,0.379,Yes,0,C,1
PL01708,48,15690.28,30,738,18,36907.04,8.44,Other,Employed,1.5,188283.36000000002,0.708,No,0,B,1
PL01709,49,22054.0,21,746,6,37084.43,10.78,Home Improvement,Self-Employed,0.0,264648.0,0.796,No,0,B,1
PL01710,29,15270.58,10,700,19,1899.14,14.63,Debt Consolidation,Employed,0.0,183246.96,0.209,No,1,C,1
PL01711,23,9946.06,0,618,5,18691.93,13.48,Home Improvement,Employed,9.0,119352.72,0.405,No,0,D,1
PL01712,45,20469.27,21,745,10,1952.2,8.11,Debt Consolidation,Employed,26.2,245631.24,0.958,Yes,0,B,1
PL01713,54,14426.41,29,644,4,49857.51,20.25,Debt Consolidation,Self-Employed,0.0,173116.91999999998,0.25,Yes,3,D,0
PL01714,32,3823.45,5,588,11,6987.64,14.91,Medical,Employed,0.7,45881.399999999994,0.346,No,0,D,0
PL01715,62,15014.56,30,705,0,27597.73,10.48,Home Improvement,Employed,6.0,180174.72,0.036,No,2,C,1
PL01716,29,22884.43,0,693,18,39737.26,14.9,Debt Consolidation,Employed,2.1,274613.16000000003,0.332,No,1,C,1
PL01717,35,11115.19,18,619,10,10861.92,18.33,Debt Consolidation,Self-Employed,0.6,133382.28,0.371,No,0,D,0
PL01718,60,8815.49,30,677,14,24767.58,8.01,Debt Consolidation,Employed,0.0,105785.88,0.1,Yes,0,C,1
PL01719,45,5299.8,26,580,15,30764.01,18.8,Other,Retired,5.8,63597.600000000006,0.001,Yes,0,D,1
PL01720,25,5483.25,1,644,2,8850.03,13.97,Medical,Retired,25.7,65799.0,0.575,Yes,1,D,0
PL01721,31,11953.74,8,657,10,39149.22,13.47,Education,Employed,14.4,143444.88,0.302,No,0,C,1
PL01722,54,15700.64,30,641,10,15667.49,16.83,Debt Consolidation,Employed,19.4,188407.68,0.018,No,0,D,1
PL01723,44,3854.15,17,605,9,11340.13,15.44,Education,Employed,5.2,46249.8,0.86,Yes,1,D,0
PL01724,35,23610.08,12,744,1,28356.15,8.79,Medical,Retired,3.3,283320.96,0.584,No,0,B,1
PL01725,58,19368.07,30,725,19,21105.37,10.04,Home Improvement,Employed,14.2,232416.84,0.171,No,0,B,1
PL01726,28,15492.35,2,638,4,46094.01,13.94,Debt Consolidation,Employed,10.7,185908.2,0.865,No,1,D,0
PL01727,25,21054.09,0,691,7,44123.07,12.92,Other,Employed,9.6,252649.08000000002,0.254,No,1,C,1
PL01728,68,3844.3,30,712,12,24684.18,13.92,Education,Employed,23.4,46131.600000000006,0.227,No,0,C,1
PL01729,46,12967.29,21,625,14,18603.92,16.08,Debt Consolidation,Employed,3.6,155607.48,0.895,No,0,D,0
PL01730,38,16492.14,22,725,1,16950.38,10.66,Debt Consolidation,Employed,2.5,197905.68,0.179,No,0,B,1
PL01731,26,21059.02,10,657,11,14110.62,14.87,Education,Employed,16.8,252708.24,0.879,No,0,C,0
PL01732,57,20019.8,29,753,7,27682.84,10.97,Other,Retired,15.7,240237.59999999998,0.803,No,0,B,0
PL01733,68,8372.59,30,716,20,40443.95,12.25,Medical,Employed,1.6,100471.08,0.31,No,1,C,1
PL01734,33,23640.24,24,697,18,16227.07,10.62,Education,Employed,10.6,283682.88,0.034,No,3,C,1
PL01735,48,4859.95,30,609,0,10314.61,16.8,Debt Consolidation,Retired,0.0,58319.399999999994,0.083,Yes,0,D,1
PL01736,25,22128.07,3,686,7,24298.71,8.22,Debt Consolidation,Employed,12.4,265536.83999999997,0.11,No,0,C,1
PL01737,33,24331.63,13,808,9,4382.69,9.98,Education,Employed,6.3,291979.56,0.891,No,0,A,1
PL01738,37,6074.53,12,576,12,35362.67,20.52,Medical,Self-Employed,8.0,72894.36,0.404,No,0,D,0
PL01739,70,18607.52,30,850,4,26399.56,6.78,Home Improvement,Retired,0.9,223290.24,0.033,No,0,A,1
PL01740,60,2926.57,30,661,8,25322.37,16.08,Debt Consolidation,Employed,19.6,35118.840000000004,0.557,No,0,C,0
PL01741,65,11324.72,30,728,9,15721.82,10.4,Debt Consolidation,Self-Employed,12.1,135896.63999999998,0.208,No,0,B,1
PL01742,52,13874.52,24,659,13,45329.0,12.18,Debt Consolidation,Employed,17.9,166494.24,0.235,No,1,C,0
PL01743,49,15354.84,28,676,10,5433.83,10.4,Other,Employed,9.2,184258.08000000002,0.161,No,0,C,1
PL01744,23,23526.56,0,678,13,43621.38,14.83,Education,Retired,19.5,282318.72000000003,0.762,No,0,C,0
PL01745,60,17461.77,30,695,2,19458.55,10.54,Debt Consolidation,Employed,0.0,209541.24,0.001,Yes,0,C,1
PL01746,54,13069.39,27,702,20,44150.55,10.98,Debt Consolidation,Employed,10.0,156832.68,0.439,No,0,C,1
PL01747,60,20622.53,30,742,15,36709.31,10.36,Debt Consolidation,Employed,19.6,247470.36,0.087,Yes,0,B,1
PL01748,47,23862.25,30,845,19,6104.37,5.15,Education,Employed,0.0,286347.0,0.552,No,0,A,1
PL01749,33,2507.52,13,560,16,41745.28,18.71,Home Improvement,Employed,11.0,30090.239999999998,0.346,No,0,D,0
PL01750,65,24597.99,30,798,4,34426.66,5.0,Other,Employed,14.6,295175.88,0.028,No,0,A,1
PL01751,53,3981.04,30,678,6,2582.79,12.35,Education,Employed,6.9,47772.479999999996,0.461,No,0,C,1
PL01752,26,20730.9,7,642,16,7551.43,16.1,Debt Consolidation,Employed,18.0,248770.80000000002,0.571,No,0,D,1
PL01753,44,8447.7,30,704,19,32145.77,10.77,Medical,Employed,18.0,101372.40000000001,0.248,No,1,C,1
PL01754,39,5040.13,15,623,10,33467.42,13.59,Home Improvement,Employed,5.1,60481.56,0.766,No,1,D,0
PL01755,36,12116.68,12,547,11,37585.92,20.68,Debt Consolidation,Employed,6.9,145400.16,0.371,No,0,E,0
PL01756,60,16811.0,30,777,1,36292.02,7.47,Home Improvement,Retired,0.7,201732.0,0.749,No,0,B,1
PL01757,48,10761.89,24,633,18,33316.48,15.23,Home Improvement,Employed,12.5,129142.68,0.579,No,0,D,0
PL01758,53,3255.0,30,609,4,38545.71,15.53,Education,Employed,11.6,39060.0,0.869,Yes,2,D,0
PL01759,68,15787.61,30,789,10,29179.2,7.77,Education,Employed,10.0,189451.32,0.547,Yes,0,A,1
PL01760,61,22755.28,30,758,18,13778.78,12.24,Medical,Employed,10.8,273063.36,0.186,Yes,0,B,1
PL01761,33,10813.95,3,705,6,45706.45,12.73,Medical,Employed,3.1,129767.40000000001,0.823,No,0,C,0
PL01762,63,6975.65,30,761,20,1892.49,6.6,Debt Consolidation,Employed,0.0,83707.79999999999,0.783,No,0,B,1
PL01763,65,12179.28,30,698,5,18961.52,11.16,Debt Consolidation,Employed,13.6,146151.36000000002,0.972,No,0,C,0
PL01764,45,3112.34,28,685,10,36714.64,11.67,Debt Consolidation,Employed,8.4,37348.08,0.094,No,0,C,1
PL01765,62,20871.21,30,730,13,21930.65,10.89,Home Improvement,Employed,1.8,250454.52,0.591,No,0,B,1
PL01766,56,21005.84,30,850,3,2216.89,6.82,Education,Employed,4.2,252070.08000000002,0.492,No,0,A,1
PL01767,47,15524.01,19,676,7,4233.06,12.97,Education,Employed,17.3,186288.12,0.671,No,0,C,1
PL01768,58,10121.37,30,757,8,32783.23,9.23,Home Improvement,Unemployed,0.0,121456.44,0.98,No,0,B,0
PL01769,27,20395.02,0,738,1,48278.37,5.63,Debt Consolidation,Unemployed,0.0,244740.24,0.532,Yes,0,B,1
PL01770,25,14757.8,0,679,10,28041.32,15.42,Medical,Employed,9.7,177093.59999999998,0.686,No,0,C,0
PL01771,63,20996.44,30,737,19,25831.13,9.8,Education,Self-Employed,4.5,251957.27999999997,0.347,Yes,0,B,1
PL01772,65,16523.55,30,745,6,16597.94,10.29,Debt Consolidation,Employed,20.6,198282.59999999998,0.299,No,0,B,1
PL01773,51,20041.33,30,634,3,13577.84,15.33,Debt Consolidation,Employed,7.4,240495.96000000002,0.335,Yes,1,D,0
PL01774,43,15766.95,30,716,13,2028.26,9.55,Other,Employed,12.2,189203.40000000002,0.039,No,0,C,1
PL01775,62,11525.24,30,739,0,14374.79,9.56,Home Improvement,Employed,3.2,138302.88,0.285,No,1,B,1
PL01776,30,24032.75,9,726,11,23006.41,9.08,Debt Consolidation,Employed,8.1,288393.0,0.173,Yes,1,B,1
PL01777,52,14445.62,30,567,18,10699.54,20.63,Other,Employed,0.0,173347.44,0.457,No,0,D,0
PL01778,63,15917.06,30,682,4,5280.05,8.19,Home Improvement,Retired,5.0,191004.72,0.461,Yes,1,C,1
PL01779,50,7071.22,30,637,7,36168.67,12.78,Debt Consolidation,Self-Employed,0.0,84854.64,0.765,Yes,0,D,0
PL01780,59,16389.97,30,754,10,44836.39,8.72,Debt Consolidation,Retired,11.7,196679.64,0.502,No,0,B,1
PL01781,51,15146.98,30,732,3,46901.83,13.36,Debt Consolidation,Retired,5.2,181763.76,0.463,No,1,B,1
PL01782,38,6251.28,19,638,14,31281.94,16.05,Medical,Self-Employed,7.6,75015.36,0.232,Yes,0,D,1
PL01783,56,3370.5,30,700,19,3585.95,8.54,Medical,Employed,27.0,40446.0,0.852,No,0,C,0
PL01784,22,15900.26,0,612,11,37302.27,15.59,Debt Consolidation,Employed,1.8,190803.12,0.091,No,0,D,1
PL01785,34,19564.92,12,736,19,6394.67,11.62,Education,Employed,11.0,234779.03999999998,0.982,No,0,B,0
PL01786,33,14038.23,16,699,20,33817.66,16.32,Debt Consolidation,Employed,11.8,168458.76,0.476,No,0,C,1
PL01787,49,7215.77,22,692,9,39188.93,11.5,Debt Consolidation,Employed,2.4,86589.24,0.186,No,0,C,1
PL01788,32,17330.01,10,681,15,36567.37,10.31,Education,Self-Employed,18.8,207960.12,0.354,No,0,C,1
PL01789,59,3842.43,30,768,7,47642.31,9.37,Debt Consolidation,Unemployed,0.0,46109.159999999996,0.015,Yes,1,B,1
PL01790,22,12162.18,6,669,19,37169.17,13.14,Education,Employed,19.6,145946.16,0.167,No,0,C,1
PL01791,52,5757.44,30,624,7,34967.28,16.2,Other,Employed,2.4,69089.28,0.335,No,0,D,0
PL01792,33,6242.56,12,649,5,13825.42,15.52,Debt Consolidation,Self-Employed,4.4,74910.72,0.554,No,0,D,0
PL01793,66,6652.76,30,742,2,46313.67,10.55,Debt Consolidation,Employed,0.0,79833.12,0.129,No,0,B,1
PL01794,47,10894.26,30,659,7,9797.65,14.74,Debt Consolidation,Employed,8.5,130731.12,0.676,No,0,C,0
PL01795,69,3176.45,30,748,9,45339.93,12.91,Education,Self-Employed,9.1,38117.399999999994,0.844,No,0,B,0
PL01796,61,11149.25,30,736,4,16320.46,9.6,Medical,Self-Employed,16.2,133791.0,0.572,No,0,B,1
PL01797,37,13769.27,9,565,10,7378.02,15.51,Education,Employed,24.1,165231.24,0.297,No,1,D,0
PL01798,60,13115.77,30,740,3,41507.47,10.63,Education,Retired,0.0,157389.24,0.121,Yes,0,B,1
PL01799,51,10804.03,28,675,16,1122.28,10.39,Debt Consolidation,Employed,11.1,129648.36000000002,0.016,Yes,0,C,1
PL01800,54,21300.37,29,781,2,41772.33,5.89,Debt Consolidation,Employed,8.2,255604.44,0.732,No,0,A,1
PL01801,44,5342.51,16,701,17,13853.28,10.13,Debt Consolidation,Employed,8.8,64110.12,0.628,No,1,C,0
PL01802,65,13631.03,30,747,7,44351.34,7.18,Medical,Employed,22.5,163572.36000000002,0.476,Yes,0,B,1
PL01803,55,3426.95,26,750,11,34882.48,11.88,Debt Consolidation,Employed,10.8,41123.399999999994,0.102,Yes,0,B,1
PL01804,68,3636.58,30,685,20,33642.98,12.6,Home Improvement,Retired,14.4,43638.96,0.207,No,0,C,1
PL01805,26,15198.91,4,699,15,18900.66,13.28,Education,Employed,13.8,182386.91999999998,0.815,No,1,C,0
PL01806,39,15018.42,17,733,13,3910.75,11.34,Debt Consolidation,Employed,11.7,180221.04,0.48,Yes,0,B,1
PL01807,50,22194.77,30,746,20,41673.58,9.31,Education,Employed,3.9,266337.24,0.963,No,1,B,0
PL01808,27,14831.09,10,707,15,9374.29,13.42,Other,Employed,25.0,177973.08000000002,1.0,No,0,C,0
PL01809,30,24075.19,13,690,3,19240.67,11.31,Debt Consolidation,Retired,9.7,288902.27999999997,0.801,No,2,C,0
PL01810,61,3119.98,30,656,0,30417.38,13.48,Debt Consolidation,Employed,14.2,37439.76,0.258,Yes,0,C,1
PL01811,52,4254.18,27,599,0,24630.43,14.99,Education,Employed,12.0,51050.16,0.231,No,0,D,0
PL01812,54,3013.51,30,675,14,10734.37,15.76,Medical,Employed,0.0,36162.12,0.254,No,0,C,1
PL01813,48,6261.37,30,683,19,7890.2,12.38,Debt Consolidation,Self-Employed,1.7,75136.44,0.987,No,0,C,0
PL01814,35,14449.21,11,741,19,7039.07,11.15,Other,Employed,10.9,173390.52,0.335,Yes,0,B,1
PL01815,50,16848.16,28,763,2,43287.39,7.79,Medical,Employed,3.2,202177.91999999998,0.706,No,1,B,1
PL01816,57,3048.46,30,655,13,2546.42,15.56,Home Improvement,Unemployed,0.0,36581.520000000004,0.959,Yes,1,C,0
PL01817,49,23757.33,30,697,8,48873.7,13.5,Debt Consolidation,Employed,2.7,285087.96,0.82,No,0,C,0
PL01818,42,21369.8,12,752,18,10727.91,6.2,Home Improvement,Employed,10.1,256437.59999999998,0.598,No,0,B,0
PL01819,24,8822.09,6,687,7,6405.79,12.42,Debt Consolidation,Unemployed,0.0,105865.08,0.169,No,3,C,0
PL01820,40,3775.31,17,676,1,29271.61,13.14,Debt Consolidation,Employed,16.7,45303.72,0.175,Yes,0,C,1
PL01821,52,5907.4,30,727,3,4919.31,9.99,Other,Self-Employed,13.6,70888.79999999999,0.492,No,1,B,0
PL01822,56,4919.72,30,666,0,30520.21,16.13,Debt Consolidation,Employed,14.0,59036.64,0.952,No,1,C,0
PL01823,70,4835.53,30,680,10,42680.71,10.29,Other,Employed,9.3,58026.36,0.904,No,0,C,0
PL01824,24,13926.92,9,620,4,3347.0,14.56,Education,Employed,4.4,167123.04,0.166,No,0,D,1
PL01825,47,7654.49,30,669,1,40193.56,11.53,Other,Unemployed,0.0,91853.88,0.288,No,0,C,1
PL01826,37,10237.21,23,661,12,20329.39,15.65,Education,Unemployed,0.0,122846.51999999999,0.589,No,1,C,0
PL01827,32,24758.62,12,738,16,8815.04,8.03,Home Improvement,Employed,9.4,297103.44,0.477,Yes,1,B,1
PL01828,42,17739.23,21,706,16,9628.73,7.88,Debt Consolidation,Employed,5.4,212870.76,0.119,No,0,C,1
PL01829,37,23826.56,20,726,17,46019.46,11.5,Education,Employed,0.0,285918.72000000003,0.369,No,0,B,1
PL01830,30,5278.8,12,587,20,6419.68,16.68,Medical,Employed,11.8,63345.600000000006,0.955,No,0,D,0
PL01831,21,10789.21,0,683,8,43472.36,14.67,Home Improvement,Employed,4.7,129470.51999999999,0.951,No,2,C,0
PL01832,42,14758.83,23,701,5,27667.99,13.4,Debt Consolidation,Self-Employed,6.2,177105.96,0.559,No,0,C,1
PL01833,46,3765.44,24,642,19,2913.75,14.37,Education,Retired,17.7,45185.28,0.635,No,0,D,0
PL01834,38,2096.31,12,589,2,23759.33,13.98,Education,Self-Employed,2.3,25155.72,0.222,No,1,D,0
PL01835,70,17419.99,30,700,7,41055.03,9.42,Debt Consolidation,Employed,25.4,209039.88,0.742,No,1,C,0
PL01836,34,16761.85,13,757,2,36583.94,5.68,Education,Self-Employed,1.9,201142.19999999998,0.052,No,0,B,1
PL01837,67,11448.14,30,758,0,24950.34,8.91,Home Improvement,Self-Employed,0.0,137377.68,0.221,No,0,B,1
PL01838,49,13261.81,19,623,19,43142.44,14.0,Debt Consolidation,Employed,4.7,159141.72,0.006,No,0,D,1
PL01839,32,11555.19,8,699,12,6897.87,11.5,Education,Employed,12.9,138662.28,0.386,No,0,C,1
PL01840,56,2552.12,30,710,20,45587.11,11.71,Other,Employed,11.1,30625.44,0.85,No,0,C,0
PL01841,55,9713.55,30,704,4,42475.62,15.43,Debt Consolidation,Employed,11.5,116562.59999999999,0.983,No,0,C,0
PL01842,32,6072.89,12,714,15,35705.56,12.34,Education,Unemployed,0.0,72874.68000000001,0.668,No,1,C,0
PL01843,27,4263.76,7,626,20,41076.5,15.32,Medical,Employed,6.0,51165.12,0.745,No,3,D,0
PL01844,49,24004.57,22,687,15,27646.96,9.28,Home Improvement,Retired,0.1,288054.83999999997,0.263,No,2,C,0
PL01845,31,15785.27,4,699,11,34082.96,11.92,Medical,Employed,11.0,189423.24,0.52,Yes,0,C,1
PL01846,53,18759.09,30,752,12,28469.31,11.22,Medical,Self-Employed,18.5,225109.08000000002,0.737,Yes,0,B,1
PL01847,26,9253.37,0,608,3,18416.0,16.78,Debt Consolidation,Retired,10.1,111040.44,0.497,No,0,D,0
PL01848,67,11042.38,30,757,8,28874.18,7.13,Education,Employed,3.9,132508.56,0.089,No,0,B,1
PL01849,35,7449.25,16,563,15,13615.8,17.29,Home Improvement,Retired,11.2,89391.0,0.741,No,0,D,0
PL01850,52,4230.21,26,714,0,22573.68,11.33,Debt Consolidation,Employed,21.7,50762.520000000004,0.22,No,0,C,1
PL01851,31,6117.73,18,588,4,14757.99,16.09,Debt Consolidation,Employed,8.4,73412.76,0.098,No,0,D,0
PL01852,43,20342.82,28,678,20,7021.5,11.58,Home Improvement,Employed,0.1,244113.84,0.478,No,0,C,1
PL01853,46,17583.55,17,714,4,16771.23,6.89,Medical,Employed,11.8,211002.59999999998,0.075,No,0,C,1
PL01854,54,14579.36,28,742,18,42747.37,8.37,Education,Retired,14.7,174952.32,0.629,No,0,B,1
PL01855,66,12927.07,30,744,8,19672.96,10.32,Other,Employed,16.9,155124.84,0.64,No,0,B,1
PL01856,54,23215.99,29,726,7,37652.18,12.39,Home Improvement,Employed,15.6,278591.88,0.257,No,0,B,1
PL01857,49,3672.9,30,631,18,9584.69,15.11,Other,Self-Employed,11.3,44074.8,0.965,No,0,D,0
PL01858,24,8453.82,0,573,17,21796.54,19.71,Other,Employed,3.3,101445.84,0.824,No,0,D,0
PL01859,37,10048.57,18,653,14,6627.95,13.8,Education,Employed,2.1,120582.84,0.11,No,0,C,1
PL01860,55,19995.79,26,803,3,7792.43,5.38,Home Improvement,Employed,7.3,239949.48,0.749,No,0,A,1
PL01861,33,24827.84,15,729,14,31254.38,9.55,Medical,Employed,14.9,297934.08,0.353,Yes,0,B,1
PL01862,61,7535.42,30,742,12,30766.61,10.91,Home Improvement,Employed,4.8,90425.04000000001,0.75,No,0,B,1
PL01863,59,22109.07,30,841,17,11455.22,5.0,Home Improvement,Employed,6.1,265308.83999999997,0.801,No,0,A,1
PL01864,35,21104.32,13,686,19,24246.74,11.17,Debt Consolidation,Employed,2.9,253251.84,0.151,No,1,C,1
PL01865,49,7167.12,21,664,4,43302.0,10.34,Debt Consolidation,Employed,22.5,86005.44,0.662,Yes,0,C,0
PL01866,49,11184.65,22,802,17,9535.87,5.4,Debt Consolidation,Employed,8.2,134215.8,0.863,No,0,A,1
PL01867,31,11422.48,14,731,7,1941.32,9.61,Home Improvement,Self-Employed,15.4,137069.76,0.323,Yes,0,B,1
PL01868,52,24499.08,30,682,0,32947.76,11.47,Home Improvement,Employed,22.6,293988.96,0.08,No,0,C,1
PL01869,22,6160.51,6,634,18,3621.41,12.87,Education,Unemployed,0.0,73926.12,0.027,No,0,D,1
PL01870,67,20380.63,30,775,16,49017.07,11.52,Education,Retired,16.1,244567.56,0.11,No,0,B,1
PL01871,34,9686.43,13,697,1,30871.39,13.16,Home Improvement,Unemployed,0.0,116237.16,0.004,No,0,C,1
PL01872,40,18810.02,10,676,18,24049.42,17.29,Debt Consolidation,Employed,21.2,225720.24,0.327,No,1,C,0
PL01873,42,11660.25,19,640,15,22069.63,11.34,Debt Consolidation,Retired,3.7,139923.0,0.299,No,1,D,0
PL01874,31,15302.27,9,644,17,29080.46,14.99,Education,Self-Employed,11.7,183627.24,0.11,Yes,0,D,1
PL01875,47,21150.07,30,711,1,5440.6,10.45,Other,Employed,15.1,253800.84,0.651,No,0,C,1
PL01876,23,20495.81,5,729,5,46570.93,10.54,Home Improvement,Employed,4.5,245949.72000000003,0.992,No,0,B,0
PL01877,37,21927.73,23,664,6,31656.46,17.16,Debt Consolidation,Employed,8.3,263132.76,0.901,No,0,C,0
PL01878,64,3371.2,30,653,5,10014.95,10.48,Debt Consolidation,Employed,8.9,40454.399999999994,0.253,No,0,C,1
PL01879,48,17917.16,23,636,5,28566.47,13.58,Medical,Employed,18.8,215005.91999999998,0.77,No,0,D,0
PL01880,49,5219.71,28,714,8,7529.57,9.69,Home Improvement,Employed,27.7,62636.520000000004,0.937,No,0,C,0
PL01881,41,11563.83,21,743,7,1860.08,8.72,Medical,Employed,22.6,138765.96,0.906,No,0,B,0
PL01882,67,14617.53,30,730,20,31895.33,6.23,Education,Retired,21.5,175410.36000000002,0.885,No,0,B,1
PL01883,36,11263.01,13,653,8,32775.68,16.53,Debt Consolidation,Employed,0.0,135156.12,0.786,No,0,C,0
PL01884,57,13951.07,30,746,11,29601.13,12.38,Other,Employed,11.1,167412.84,0.293,No,0,B,1
PL01885,40,24920.11,27,818,17,9990.68,7.62,Debt Consolidation,Employed,10.5,299041.32,0.084,No,0,A,1
PL01886,26,5110.0,0,637,5,30568.06,12.01,Debt Consolidation,Employed,16.4,61320.0,0.488,No,0,D,0
PL01887,39,17535.49,24,670,3,3769.04,13.74,Home Improvement,Employed,0.0,210425.88,0.055,No,0,C,1
PL01888,25,11108.02,0,564,6,30852.68,19.73,Other,Retired,15.8,133296.24,0.998,No,0,D,0
PL01889,23,5059.23,0,555,17,28146.83,19.19,Medical,Employed,0.0,60710.759999999995,0.358,No,2,D,0
PL01890,21,5650.95,5,613,19,33107.49,15.67,Medical,Employed,18.2,67811.4,0.958,No,0,D,0
PL01891,58,23833.28,30,742,4,44878.3,12.73,Debt Consolidation,Employed,0.0,285999.36,0.773,Yes,0,B,1
PL01892,35,22230.83,20,730,17,42667.55,9.04,Debt Consolidation,Self-Employed,19.8,266769.96,0.411,No,0,B,1
PL01893,54,22861.97,30,734,9,49052.06,9.94,Debt Consolidation,Unemployed,0.0,274343.64,0.118,No,0,B,1
PL01894,55,24805.25,30,721,7,48835.81,12.11,Education,Employed,7.3,297663.0,0.237,No,1,B,1
PL01895,69,6791.25,30,653,0,38843.66,14.59,Debt Consolidation,Employed,13.5,81495.0,0.673,No,0,C,0
PL01896,45,10175.1,23,758,14,47864.56,10.3,Home Improvement,Self-Employed,10.0,122101.20000000001,0.83,No,0,B,0
PL01897,44,17392.04,24,759,2,43496.91,10.2,Debt Consolidation,Retired,0.0,208704.48,0.979,No,0,B,0
PL01898,32,13127.46,17,756,14,36651.54,10.32,Education,Employed,14.5,157529.52,0.132,No,0,B,1
PL01899,38,11622.96,13,701,13,4693.83,11.04,Education,Employed,19.5,139475.52,0.156,No,0,C,1
PL01900,35,10229.66,10,639,0,3403.44,13.2,Medical,Employed,7.4,122755.92,0.042,No,0,D,1
PL01901,64,15656.95,30,812,20,42042.38,7.0,Debt Consolidation,Employed,15.1,187883.40000000002,0.26,No,0,A,1
PL01902,36,15238.65,4,686,7,24993.14,15.48,Home Improvement,Employed,3.0,182863.8,0.821,No,0,C,0
PL01903,47,5713.53,26,673,6,40915.73,13.0,Education,Employed,17.3,68562.36,0.198,No,0,C,1
PL01904,28,12850.02,0,658,8,16333.0,14.93,Medical,Employed,10.1,154200.24,0.548,No,0,C,1
PL01905,66,14729.85,30,598,17,20484.84,16.68,Medical,Employed,9.9,176758.2,0.446,No,0,D,1
PL01906,45,15116.6,28,785,11,35309.15,12.02,Debt Consolidation,Unemployed,0.0,181399.2,0.326,No,0,A,1
PL01907,37,6832.47,13,672,7,45851.01,12.82,Medical,Retired,22.2,81989.64,0.618,No,0,C,0
PL01908,49,19072.24,30,749,7,5300.31,10.8,Education,Employed,14.2,228866.88,0.502,No,0,B,1
PL01909,28,2579.58,0,605,5,43212.43,14.7,Home Improvement,Self-Employed,1.3,30954.96,0.335,No,1,D,0
PL01910,35,10161.13,19,668,2,39857.62,11.03,Home Improvement,Employed,4.3,121933.56,0.689,No,0,C,0
PL01911,47,19944.89,29,703,1,16461.42,11.67,Debt Consolidation,Employed,9.4,239338.68,0.28,No,0,C,1
PL01912,66,14969.54,30,777,13,18405.61,10.68,Debt Consolidation,Employed,14.0,179634.48,0.643,No,1,B,1
PL01913,70,8006.74,30,654,7,3276.61,15.18,Debt Consolidation,Self-Employed,0.7,96080.88,0.957,No,0,C,0
PL01914,27,17983.92,5,693,5,1771.29,7.96,Other,Unemployed,0.0,215807.03999999998,0.729,No,0,C,0
PL01915,23,15049.99,0,689,3,24373.3,13.78,Debt Consolidation,Retired,17.1,180599.88,0.418,No,0,C,1
PL01916,49,20313.6,20,729,4,5681.44,7.44,Medical,Employed,6.0,243763.19999999998,0.748,Yes,0,B,1
PL01917,64,18905.58,30,781,20,10506.09,9.82,Medical,Self-Employed,25.8,226866.96000000002,0.809,No,0,A,1
PL01918,44,16032.48,22,658,12,42491.59,14.82,Medical,Retired,4.1,192389.76,0.326,No,0,C,1
PL01919,23,13228.09,2,603,8,28980.39,15.93,Debt Consolidation,Employed,11.6,158737.08000000002,0.705,No,1,D,0
PL01920,40,5063.19,17,657,12,32047.99,15.23,Debt Consolidation,Self-Employed,0.0,60758.28,0.434,No,0,C,0
PL01921,66,8010.66,30,745,8,10186.49,9.24,Education,Employed,7.5,96127.92,0.819,Yes,0,B,1
PL01922,35,11639.29,12,574,15,41604.43,17.84,Debt Consolidation,Retired,8.8,139671.48,0.295,No,0,D,1
PL01923,45,15783.88,14,735,11,43531.01,7.35,Debt Consolidation,Employed,6.6,189406.56,0.938,No,0,B,0
PL01924,50,13815.28,28,681,1,26643.05,12.17,Debt Consolidation,Employed,4.1,165783.36000000002,0.575,Yes,0,C,1
PL01925,34,8628.24,1,641,18,45715.33,16.35,Education,Self-Employed,5.9,103538.88,0.353,No,0,D,1
PL01926,27,2148.68,7,537,15,42396.6,16.56,Debt Consolidation,Employed,15.1,25784.159999999996,0.419,No,0,E,0
PL01927,37,13413.5,11,638,12,36834.88,16.27,Debt Consolidation,Employed,0.0,160962.0,0.348,No,0,D,1
PL01928,64,8569.4,30,759,4,36969.72,5.1,Debt Consolidation,Employed,0.0,102832.79999999999,0.146,Yes,0,B,1
PL01929,40,18895.99,25,716,5,6164.28,8.71,Debt Consolidation,Self-Employed,6.1,226751.88,0.068,No,0,C,1
PL01930,56,2550.76,30,645,20,14270.97,13.69,Education,Employed,9.0,30609.120000000003,0.322,No,0,D,1
PL01931,29,15451.04,13,669,16,4275.51,13.53,Debt Consolidation,Self-Employed,3.7,185412.48,0.459,No,1,C,0
PL01932,58,23653.91,30,798,16,1425.38,6.22,Medical,Self-Employed,10.5,283846.92,0.362,No,0,A,1
PL01933,68,6011.41,30,728,16,8757.17,9.35,Debt Consolidation,Employed,15.0,72136.92,0.014,Yes,0,B,1
PL01934,42,12847.94,19,684,2,44143.87,14.76,Other,Employed,17.8,154175.28,0.579,No,0,C,1
PL01935,22,4102.71,0,659,12,12753.83,16.06,Debt Consolidation,Employed,20.6,49232.520000000004,0.145,No,0,C,1
PL01936,44,16390.68,26,758,11,48537.54,8.33,Other,Employed,0.0,196688.16,0.211,No,0,B,1
PL01937,28,14662.23,4,689,5,30267.26,11.53,Home Improvement,Employed,3.8,175946.76,0.121,Yes,1,C,1
PL01938,31,11369.41,5,661,20,12625.67,13.02,Medical,Employed,3.0,136432.91999999998,0.52,Yes,0,C,1
PL01939,33,13991.67,9,708,12,25359.41,15.89,Other,Employed,18.1,167900.04,0.095,No,0,C,1
PL01940,37,22621.22,15,742,13,11735.65,9.94,Debt Consolidation,Employed,4.9,271454.64,0.256,Yes,0,B,1
PL01941,28,6514.77,13,681,6,49214.7,15.82,Debt Consolidation,Self-Employed,12.5,78177.24,0.452,No,0,C,1
PL01942,41,2518.98,10,679,4,42515.98,14.24,Debt Consolidation,Employed,0.0,30227.760000000002,0.168,No,0,C,1
PL01943,38,21818.29,17,674,13,2285.7,12.79,Debt Consolidation,Retired,4.9,261819.48,0.446,No,0,C,1
PL01944,50,15273.69,30,662,17,47441.03,12.25,Debt Consolidation,Employed,2.8,183284.28,0.343,Yes,0,C,1
PL01945,38,22485.14,17,693,3,36332.19,13.69,Education,Employed,15.5,269821.68,0.861,No,1,C,0
PL01946,66,15729.74,30,799,0,5036.68,5.75,Debt Consolidation,Employed,0.0,188756.88,0.795,No,1,A,0
PL01947,67,20633.71,30,698,6,33861.25,11.14,Debt Consolidation,Employed,24.3,247604.52,0.993,Yes,1,C,0
PL01948,51,11882.49,29,721,19,32699.41,12.18,Debt Consolidation,Self-Employed,11.7,142589.88,0.529,No,0,B,1
PL01949,58,19246.78,30,770,12,11720.65,8.16,Medical,Employed,4.2,230961.36,0.575,No,0,B,1
PL01950,52,22999.95,30,817,3,38163.89,5.71,Other,Employed,12.7,275999.4,0.947,No,0,A,1
PL01951,31,15158.83,8,686,12,5266.17,11.84,Education,Employed,3.5,181905.96,0.4,No,0,C,1
PL01952,65,6158.06,30,633,3,24982.81,13.49,Education,Employed,1.5,73896.72,0.556,No,0,D,0
PL01953,45,8182.35,20,622,2,1486.24,16.26,Debt Consolidation,Employed,15.6,98188.20000000001,0.379,No,1,D,0
PL01954,53,6568.83,28,619,7,48468.14,15.57,Home Improvement,Employed,21.0,78825.95999999999,0.546,No,0,D,1
PL01955,58,7677.71,30,667,19,37826.62,10.61,Debt Consolidation,Employed,13.0,92132.52,0.081,No,0,C,1
PL01956,61,9047.56,30,698,7,8783.75,10.93,Other,Employed,0.2,108570.72,0.784,No,0,C,0
PL01957,28,14768.08,0,611,16,17742.03,15.13,Education,Employed,3.5,177216.96,0.985,No,0,D,0
PL01958,31,15523.81,11,753,14,8867.56,8.66,Debt Consolidation,Self-Employed,22.2,186285.72,0.066,No,0,B,1
PL01959,42,11809.49,21,616,3,38564.26,16.83,Other,Employed,16.4,141713.88,0.801,Yes,0,D,1
PL01960,44,16154.68,14,776,5,3885.92,6.96,Other,Employed,1.0,193856.16,0.242,No,0,B,1
PL01961,61,3876.22,30,740,5,42179.93,15.41,Medical,Employed,4.3,46514.64,0.198,No,2,B,1
PL01962,37,4019.13,18,679,9,47167.62,15.54,Debt Consolidation,Employed,11.5,48229.56,0.693,No,1,C,0
PL01963,32,5952.08,13,599,3,34154.77,19.17,Medical,Employed,8.8,71424.95999999999,0.044,No,1,D,0
PL01964,66,13915.78,30,758,8,11435.31,7.11,Debt Consolidation,Employed,26.7,166989.36000000002,0.463,Yes,0,B,1
PL01965,52,6921.88,30,614,15,18644.41,11.67,Debt Consolidation,Employed,4.1,83062.56,0.001,No,0,D,1
PL01966,35,8515.54,10,698,6,24384.75,11.23,Debt Consolidation,Employed,14.8,102186.48000000001,0.554,No,1,C,1
PL01967,36,11207.2,18,664,13,30626.61,14.04,Education,Self-Employed,12.4,134486.40000000002,0.462,No,1,C,0
PL01968,42,20672.92,24,706,5,33764.49,11.22,Medical,Self-Employed,0.0,248075.03999999998,0.915,No,0,C,0
PL01969,48,2318.83,22,586,0,28156.52,15.94,Debt Consolidation,Employed,0.0,27825.96,0.72,Yes,0,D,0
PL01970,40,16935.71,22,580,17,18214.38,13.79,Other,Employed,6.9,203228.52,0.126,Yes,0,D,1
PL01971,53,17384.16,30,680,11,44654.95,11.38,Debt Consolidation,Employed,13.3,208609.91999999998,0.355,No,2,C,0
PL01972,30,20369.08,0,757,14,4988.21,8.74,Debt Consolidation,Self-Employed,22.7,244428.96000000002,0.932,No,0,B,1
PL01973,60,23453.32,30,757,0,23846.55,8.24,Medical,Unemployed,0.0,281439.83999999997,0.725,No,0,B,1
PL01974,52,2463.17,27,647,14,39002.68,13.23,Home Improvement,Employed,13.8,29558.04,0.594,No,1,D,0
PL01975,70,5537.03,30,740,14,3982.76,8.4,Other,Employed,7.7,66444.36,0.559,No,0,B,1
PL01976,53,22381.94,29,848,15,35561.43,8.4,Home Improvement,Self-Employed,23.8,268583.27999999997,0.398,No,0,A,1
PL01977,22,12545.93,2,712,20,41165.87,12.69,Debt Consolidation,Self-Employed,9.7,150551.16,0.585,No,1,C,0
PL01978,53,14985.58,30,672,0,33380.73,15.0,Other,Employed,6.5,179826.96,0.772,Yes,0,C,0
PL01979,53,17249.63,30,635,2,1633.91,15.32,Other,Employed,11.4,206995.56,0.128,No,0,D,1
PL01980,61,17618.53,30,850,11,9826.71,5.0,Debt Consolidation,Employed,11.5,211422.36,0.97,No,0,A,1
PL01981,33,23430.03,8,836,6,17763.54,7.11,Education,Employed,21.2,281160.36,0.239,No,0,A,1
PL01982,50,24929.84,28,774,4,12450.81,11.15,Education,Employed,10.0,299158.08,0.448,No,0,B,1
PL01983,53,18563.62,30,675,0,48169.95,15.94,Education,Employed,13.4,222763.44,0.023,Yes,0,C,1
PL01984,33,8606.09,11,697,0,32928.1,13.2,Other,Self-Employed,0.0,103273.08,0.55,Yes,0,C,0
PL01985,46,22234.31,30,737,14,15551.58,10.14,Debt Consolidation,Self-Employed,0.8,266811.72000000003,0.382,No,0,B,1
PL01986,42,3132.08,21,634,7,46555.18,14.81,Medical,Self-Employed,7.0,37584.96,0.25,No,0,D,0
PL01987,59,7314.86,30,739,10,37289.12,11.08,Debt Consolidation,Employed,10.8,87778.31999999999,0.986,Yes,0,B,0
PL01988,22,22639.87,0,713,13,14945.75,7.95,Education,Employed,3.9,271678.44,0.428,No,0,C,1
PL01989,58,7892.4,30,636,12,19565.2,16.0,Home Improvement,Employed,12.3,94708.79999999999,0.414,No,0,D,1
PL01990,59,7074.97,30,677,18,10772.01,11.89,Debt Consolidation,Employed,5.8,84899.64,0.463,Yes,0,C,1
PL01991,46,5176.88,30,690,11,48582.63,16.69,Debt Consolidation,Employed,23.6,62122.56,0.116,Yes,0,C,1
PL01992,66,21759.57,30,806,18,26347.53,6.4,Other,Employed,8.3,261114.84,0.393,No,0,A,1
PL01993,70,13501.34,30,760,3,44906.78,9.48,Home Improvement,Employed,13.4,162016.08000000002,0.336,No,0,B,1
PL01994,35,17522.54,9,744,3,17978.49,10.11,Education,Employed,8.3,210270.48,0.465,No,0,B,1
PL01995,54,7498.53,30,667,2,43181.24,11.93,Debt Consolidation,Employed,9.3,89982.36,0.857,No,0,C,0
PL01996,62,19434.93,30,770,5,3640.46,9.55,Education,Employed,14.4,233219.16,0.193,Yes,0,B,1
PL01997,64,19480.13,30,596,4,49122.43,17.23,Home Improvement,Employed,11.1,233761.56,0.608,No,1,D,0
PL01998,69,9189.75,30,701,10,45689.68,13.82,Home Improvement,Self-Employed,5.8,110277.0,0.038,No,0,C,1
PL01999,60,11445.7,30,755,8,18796.94,10.76,Debt Consolidation,Employed,12.7,137348.40000000002,0.317,No,0,B,1
PL02000,31,6822.88,5,616,2,38961.39,16.01,Medical,Employed,8.7,81874.56,0.473,No,0,D,0
PL02001,23,24460.9,2,684,8,37860.64,10.91,Debt Consolidation,Employed,14.7,293530.80000000005,0.074,No,0,C,1
PL02002,26,16848.86,8,624,11,45161.49,13.69,Debt Consolidation,Self-Employed,19.2,202186.32,0.544,Yes,0,D,0
PL02003,29,23494.51,0,765,2,16055.49,12.18,Education,Employed,17.9,281934.12,0.31,Yes,0,B,1
PL02004,26,8977.87,15,664,19,23810.48,13.63,Debt Consolidation,Self-Employed,1.5,107734.44,0.993,No,0,C,0
PL02005,29,19983.49,6,739,16,43384.98,14.2,Debt Consolidation,Employed,0.0,239801.88,0.631,No,0,B,1
PL02006,59,19614.75,27,669,20,39150.39,11.59,Medical,Employed,28.1,235377.0,0.244,No,0,C,1
PL02007,51,17908.08,30,723,11,20279.87,15.16,Education,Retired,14.2,214896.96000000002,0.103,No,0,B,1
PL02008,52,24209.7,30,751,17,42440.54,7.61,Home Improvement,Employed,13.0,290516.4,0.041,No,2,B,1
PL02009,61,11051.77,30,703,3,3300.75,10.81,Medical,Employed,4.3,132621.24,0.091,No,0,C,1
PL02010,70,5006.5,30,674,9,39320.27,13.88,Medical,Employed,0.0,60078.0,0.68,No,0,C,0
PL02011,32,17449.3,14,673,17,11131.53,15.04,Debt Consolidation,Employed,0.0,209391.59999999998,0.855,No,0,C,0
PL02012,28,18774.13,8,732,7,15019.92,11.72,Debt Consolidation,Employed,7.3,225289.56,0.157,No,1,B,1
PL02013,28,15226.39,9,576,8,25167.53,13.63,Medical,Employed,11.2,182716.68,0.402,No,0,D,0
PL02014,70,6756.81,30,802,18,23036.99,6.04,Debt Consolidation,Employed,23.5,81081.72,0.354,No,0,A,1
PL02015,48,13602.49,30,728,12,26507.94,8.25,Home Improvement,Retired,11.9,163229.88,0.645,No,0,B,1
PL02016,40,9180.36,11,663,5,27694.0,10.74,Education,Employed,15.4,110164.32,0.183,No,0,C,1
PL02017,67,11831.73,30,778,6,17244.86,8.24,Debt Consolidation,Employed,5.7,141980.76,0.953,No,2,B,0
PL02018,27,16840.03,6,605,20,9586.15,11.91,Medical,Employed,6.3,202080.36,0.729,Yes,0,D,0
PL02019,31,19139.94,14,664,5,38655.58,15.45,Other,Employed,0.0,229679.27999999997,0.955,No,0,C,0
PL02020,40,7341.17,14,650,10,20598.83,15.58,Debt Consolidation,Employed,0.2,88094.04000000001,0.277,No,0,D,1
PL02021,36,11322.48,6,736,16,25786.2,13.42,Debt Consolidation,Employed,0.1,135869.76,0.588,No,0,B,1
PL02022,24,8190.72,3,626,18,32590.14,13.05,Home Improvement,Retired,7.1,98288.64,0.732,No,0,D,0
PL02023,26,6568.53,6,647,11,45572.26,12.29,Debt Consolidation,Employed,0.0,78822.36,0.711,No,0,D,0
PL02024,42,20017.91,28,694,20,35670.09,14.2,Debt Consolidation,Employed,3.5,240214.91999999998,0.021,No,0,C,1
PL02025,46,22912.81,18,770,20,3227.5,10.89,Debt Consolidation,Employed,9.7,274953.72000000003,0.998,No,0,B,1
PL02026,23,10515.34,7,722,12,42089.46,13.52,Education,Employed,0.0,126184.08,0.928,No,0,B,0
PL02027,61,19279.42,30,808,17,49478.4,9.22,Education,Self-Employed,21.9,231353.03999999998,0.12,No,0,A,1
PL02028,62,22630.89,30,773,6,24151.77,8.94,Education,Employed,24.3,271570.68,0.544,No,0,B,1
PL02029,34,21460.86,6,749,4,48509.93,8.67,Other,Employed,18.3,257530.32,0.315,No,0,B,1
PL02030,31,6204.71,7,661,15,27819.11,15.06,Home Improvement,Self-Employed,13.1,74456.52,0.879,No,1,C,0
PL02031,38,23994.71,17,761,3,23521.18,8.16,Other,Retired,12.6,287936.52,0.698,No,0,B,1
PL02032,32,10663.56,13,712,0,17238.83,11.48,Education,Employed,14.3,127962.72,0.224,No,1,C,1
PL02033,43,9802.54,19,730,3,33220.19,9.69,Debt Consolidation,Self-Employed,10.7,117630.48000000001,0.034,No,0,B,1
PL02034,32,3435.92,18,614,2,12261.2,16.26,Other,Employed,11.5,41231.04,0.292,No,0,D,1
PL02035,33,13181.99,6,704,3,6141.78,14.12,Debt Consolidation,Employed,0.0,158183.88,0.038,Yes,0,C,1
PL02036,45,4507.31,15,633,0,2334.62,14.16,Home Improvement,Employed,10.9,54087.72,0.141,No,0,D,1
PL02037,65,7716.42,30,662,11,15326.63,12.54,Debt Consolidation,Employed,14.0,92597.04000000001,0.636,No,0,C,0
PL02038,39,9289.68,6,650,12,20392.77,13.88,Home Improvement,Employed,12.7,111476.16,0.745,Yes,0,D,0
PL02039,66,20603.01,30,771,1,28051.76,6.23,Other,Employed,19.2,247236.12,0.468,No,1,B,1
PL02040,56,22136.24,30,679,8,15344.74,14.1,Debt Consolidation,Employed,21.8,265634.88,0.6,No,0,C,1
PL02041,65,8956.73,30,757,6,49218.92,9.46,Debt Consolidation,Employed,5.8,107480.76,0.156,No,0,B,1
PL02042,28,21750.06,1,566,12,15295.51,17.84,Debt Consolidation,Employed,0.9,261000.72000000003,0.317,No,0,D,0
PL02043,49,21716.31,27,850,1,22607.79,5.66,Education,Self-Employed,20.0,260595.72000000003,0.713,No,0,A,1
PL02044,52,19586.97,30,817,0,6060.53,5.0,Debt Consolidation,Employed,15.3,235043.64,0.365,No,1,A,1
PL02045,64,5373.99,30,681,17,13770.7,15.48,Medical,Employed,5.4,64487.88,0.349,Yes,0,C,1
PL02046,38,17877.43,20,705,6,3368.27,10.55,Debt Consolidation,Employed,8.2,214529.16,0.194,No,0,C,1
PL02047,26,23735.55,0,725,17,28415.92,9.93,Debt Consolidation,Employed,7.6,284826.6,0.595,Yes,1,B,1
PL02048,38,17698.43,25,675,18,37802.17,14.68,Education,Employed,12.2,212381.16,0.81,No,0,C,0
PL02049,39,9627.19,19,675,7,10589.78,14.18,Education,Unemployed,0.0,115526.28,0.469,No,0,C,1
PL02050,42,13513.32,24,684,11,19027.64,16.54,Debt Consolidation,Employed,2.8,162159.84,0.116,No,1,C,1
PL02051,57,16851.68,30,733,10,1814.2,8.39,Medical,Self-Employed,12.3,202220.16,0.838,No,1,B,0
PL02052,52,13743.12,30,721,8,42136.58,8.99,Home Improvement,Employed,12.0,164917.44,0.071,Yes,1,B,1
PL02053,61,4758.92,30,620,3,39218.21,13.06,Debt Consolidation,Retired,0.0,57107.04,0.472,No,0,D,0
PL02054,23,9177.47,3,633,6,4099.45,15.13,Debt Consolidation,Employed,30.0,110129.63999999998,0.261,No,0,D,0
PL02055,48,20455.11,22,746,16,18878.51,9.19,Home Improvement,Retired,11.7,245461.32,0.936,No,0,B,1
PL02056,30,21812.62,4,715,10,47809.04,9.75,Debt Consolidation,Employed,19.3,261751.44,0.738,Yes,1,C,1
PL02057,55,5157.9,30,664,1,20209.33,13.32,Debt Consolidation,Employed,0.0,61894.799999999996,0.566,No,0,C,0
PL02058,49,23904.9,25,814,17,26784.23,5.0,Medical,Employed,25.4,286858.80000000005,0.668,No,0,A,1
PL02059,35,9562.92,9,640,11,18406.9,17.64,Debt Consolidation,Employed,7.2,114755.04000000001,0.533,No,1,D,0
PL02060,53,17233.22,28,743,8,30210.44,8.47,Debt Consolidation,Employed,0.0,206798.64,0.148,Yes,1,B,1
PL02061,27,19291.98,9,755,10,48929.69,8.18,Other,Employed,0.0,231503.76,0.709,No,2,B,1
PL02062,32,20674.76,7,703,4,49877.62,6.91,Debt Consolidation,Self-Employed,0.2,248097.12,0.493,Yes,0,C,1
PL02063,69,23752.24,30,807,6,38961.03,5.0,Other,Employed,3.8,285026.88,0.634,Yes,0,A,1
PL02064,50,9197.15,29,681,0,20811.24,11.51,Debt Consolidation,Employed,0.0,110365.79999999999,0.045,No,1,C,1
PL02065,41,21745.65,10,792,4,25227.18,7.03,Home Improvement,Employed,16.5,260947.80000000002,0.142,No,0,A,1
PL02066,51,5028.8,22,654,5,18479.84,15.35,Education,Employed,11.4,60345.600000000006,0.589,No,1,C,0
PL02067,44,18215.94,24,783,12,49293.16,5.05,Debt Consolidation,Employed,14.1,218591.27999999997,0.459,Yes,0,A,1
PL02068,40,19065.49,15,710,10,35680.25,12.27,Medical,Employed,13.4,228785.88,0.227,Yes,1,C,1
PL02069,57,17587.63,30,698,7,22997.64,13.16,Home Improvement,Employed,8.0,211051.56,0.241,No,0,C,1
PL02070,24,7803.24,7,660,19,1593.65,14.99,Debt Consolidation,Employed,0.0,93638.88,0.632,No,1,C,0
PL02071,48,22079.99,30,731,1,26503.69,12.48,Medical,Employed,0.0,264959.88,0.059,No,0,B,1
PL02072,64,5883.74,30,728,14,49212.48,8.22,Education,Retired,0.0,70604.88,0.434,No,2,B,0
PL02073,40,3233.6,18,499,9,26629.98,22.04,Home Improvement,Employed,1.3,38803.2,0.523,Yes,0,E,0
PL02074,44,18501.69,26,720,7,9938.91,14.44,Medical,Employed,23.5,222020.27999999997,0.308,No,0,C,1
PL02075,70,12935.94,30,721,1,2082.59,13.66,Debt Consolidation,Employed,0.0,155231.28,0.821,No,0,B,1
PL02076,69,21529.25,30,732,20,18380.48,14.15,Debt Consolidation,Employed,21.8,258351.0,0.057,No,0,B,1
PL02077,52,10818.13,30,670,14,45993.17,13.66,Education,Employed,1.6,129817.56,0.866,No,0,C,0
PL02078,61,5870.41,30,662,5,49831.15,12.36,Other,Unemployed,0.0,70444.92,0.723,No,0,C,0
PL02079,56,21238.17,30,755,4,47323.03,5.0,Debt Consolidation,Unemployed,0.0,254858.03999999998,0.446,No,0,B,1
PL02080,54,14624.92,30,652,2,36741.58,11.51,Medical,Employed,20.1,175499.04,0.924,No,1,C,0
PL02081,56,6351.5,30,699,10,28348.99,10.81,Debt Consolidation,Employed,0.0,76218.0,0.702,No,0,C,0
PL02082,22,18568.83,0,745,10,29943.62,9.08,Medical,Retired,9.3,222825.96000000002,0.931,No,0,B,1
PL02083,35,13755.61,18,692,15,27410.61,10.6,Medical,Employed,19.5,165067.32,0.473,No,0,C,1
PL02084,54,15899.2,30,767,2,35645.42,9.45,Medical,Employed,17.3,190790.40000000002,0.453,No,1,B,1
PL02085,56,12600.66,30,769,8,21524.79,9.07,Other,Employed,0.0,151207.91999999998,0.531,No,1,B,1
PL02086,26,21060.31,0,759,2,33791.0,9.22,Debt Consolidation,Employed,8.4,252723.72000000003,0.065,No,0,B,1
PL02087,59,21079.94,29,850,18,6958.99,6.57,Debt Consolidation,Unemployed,0.0,252959.27999999997,0.908,No,0,A,1
PL02088,62,18315.94,30,730,10,14019.07,9.52,Other,Self-Employed,13.0,219791.27999999997,0.668,No,0,B,1
PL02089,32,4424.23,15,590,13,41964.15,19.01,Debt Consolidation,Employed,11.3,53090.759999999995,0.618,No,0,D,0
PL02090,23,21293.64,0,731,1,45283.7,8.0,Medical,Self-Employed,14.5,255523.68,0.926,No,0,B,1
PL02091,65,17433.3,30,792,6,27411.4,7.03,Medical,Employed,2.4,209199.59999999998,0.994,No,0,A,1
PL02092,38,18031.56,13,744,9,2550.15,10.46,Medical,Retired,4.4,216378.72000000003,0.163,No,0,B,1
PL02093,60,10348.61,30,806,9,46421.7,5.0,Debt Consolidation,Employed,17.9,124183.32,0.749,No,0,A,1
PL02094,41,22223.43,19,733,19,35401.15,9.31,Debt Consolidation,Employed,18.2,266681.16000000003,0.58,Yes,0,B,1
PL02095,35,18683.55,13,724,0,21287.37,12.15,Medical,Employed,23.4,224202.59999999998,0.461,No,0,B,1
PL02096,53,4589.58,30,619,5,30320.57,14.65,Debt Consolidation,Employed,21.4,55074.96,0.978,No,0,D,0
PL02097,55,11378.89,30,813,20,22058.97,5.0,Medical,Employed,0.0,136546.68,0.85,No,1,A,1
PL02098,46,22386.75,30,727,13,23801.62,8.82,Education,Employed,19.8,268641.0,0.697,No,0,B,1
PL02099,28,3085.52,16,596,1,44453.68,13.86,Debt Consolidation,Unemployed,0.0,37026.24,0.383,Yes,0,D,0
PL02100,56,24112.58,30,755,5,8893.13,10.31,Debt Consolidation,Retired,15.8,289350.96,0.666,Yes,0,B,1
PL02101,68,17620.74,30,731,0,6079.79,10.64,Other,Employed,7.3,211448.88,0.532,Yes,0,B,1
PL02102,50,16521.65,23,686,2,1133.71,9.33,Education,Retired,2.7,198259.80000000002,0.249,No,0,C,1
PL02103,43,8222.86,27,640,3,16386.02,11.27,Education,Retired,7.7,98674.32,0.45,Yes,0,D,1
PL02104,62,7722.21,30,634,12,8223.27,13.37,Other,Employed,10.5,92666.52,0.212,No,0,D,1
PL02105,64,23667.34,30,747,2,11779.29,9.74,Medical,Employed,12.3,284008.08,0.5,No,0,B,1
PL02106,34,8860.27,12,749,14,1550.71,8.25,Other,Retired,17.8,106323.24,0.72,No,0,B,1
PL02107,34,19836.62,0,743,12,12132.58,10.56,Debt Consolidation,Employed,1.7,238039.44,0.037,No,0,B,1
PL02108,22,11041.8,0,685,10,17302.87,13.13,Home Improvement,Employed,1.0,132501.59999999998,0.765,No,0,C,1
PL02109,57,5202.84,30,738,3,2546.81,11.16,Debt Consolidation,Employed,0.0,62434.08,0.02,No,0,B,1
PL02110,25,2246.45,0,692,16,30787.3,9.36,Home Improvement,Employed,8.2,26957.399999999998,0.517,No,0,C,0
PL02111,58,14517.92,30,640,4,28871.22,13.99,Home Improvement,Retired,3.0,174215.04,0.573,No,0,D,0
PL02112,65,24442.91,30,730,20,5754.75,12.61,Debt Consolidation,Employed,7.4,293314.92,0.761,No,0,B,1
PL02113,61,10490.13,30,674,7,30155.48,11.66,Education,Retired,10.2,125881.56,0.761,No,0,C,0
PL02114,67,10215.42,30,701,20,49934.04,10.15,Medical,Self-Employed,0.0,122585.04000000001,0.417,Yes,0,C,1
PL02115,34,9914.11,9,642,9,47278.98,13.48,Debt Consolidation,Employed,5.6,118969.32,0.066,No,0,D,1
PL02116,59,13972.51,30,705,6,1130.88,10.56,Home Improvement,Self-Employed,12.9,167670.12,0.694,No,0,C,0
PL02117,45,12135.29,20,701,16,39973.54,12.02,Debt Consolidation,Employed,10.6,145623.48,0.511,No,1,C,0
PL02118,40,22238.04,16,732,6,18326.66,9.2,Other,Employed,7.0,266856.48,0.333,No,0,B,1
PL02119,22,13626.98,0,615,18,4118.92,11.64,Debt Consolidation,Self-Employed,9.7,163523.76,0.235,No,0,D,1
PL02120,59,13678.43,30,617,8,15503.18,17.96,Education,Employed,7.8,164141.16,0.12,No,0,D,1
PL02121,26,5182.55,7,568,1,16765.09,18.83,Debt Consolidation,Self-Employed,2.0,62190.600000000006,0.295,No,0,D,0
PL02122,37,24603.01,0,709,19,26638.97,11.71,Debt Consolidation,Employed,0.7,295236.12,0.458,No,0,C,1
PL02123,45,7749.38,29,656,18,33393.1,13.63,Education,Self-Employed,30.0,92992.56,0.478,No,0,C,0
PL02124,48,3687.37,30,597,5,37703.72,15.85,Education,Employed,15.0,44248.44,0.583,Yes,1,D,0
PL02125,22,17252.36,0,645,9,13049.25,12.72,Debt Consolidation,Employed,18.7,207028.32,0.362,No,0,D,1
PL02126,55,15693.43,29,671,12,16766.76,9.38,Home Improvement,Employed,14.8,188321.16,0.92,No,0,C,0
PL02127,57,11548.35,30,705,1,16110.7,14.85,Debt Consolidation,Employed,21.1,138580.2,0.496,No,1,C,0
PL02128,25,11710.42,0,594,9,18774.11,16.68,Home Improvement,Employed,14.6,140525.04,0.424,Yes,0,D,0
PL02129,21,20056.47,1,639,9,49983.16,11.37,Education,Employed,0.0,240677.64,0.048,No,1,D,1
PL02130,60,6501.39,29,627,4,39119.22,13.08,Education,Employed,3.3,78016.68000000001,0.599,Yes,1,D,0
PL02131,32,20865.83,5,700,3,48774.53,12.43,Debt Consolidation,Employed,11.9,250389.96000000002,0.603,No,0,C,1
PL02132,56,16921.18,30,693,1,34962.44,12.71,Medical,Employed,11.7,203054.16,0.583,No,0,C,1
PL02133,65,11636.3,30,773,6,20907.26,7.0,Education,Employed,11.1,139635.59999999998,0.888,No,1,B,1
PL02134,43,12534.66,28,708,17,20097.46,9.3,Debt Consolidation,Retired,1.1,150415.91999999998,0.763,No,0,C,1
PL02135,67,7902.89,30,710,16,24940.48,10.22,Debt Consolidation,Retired,5.5,94834.68000000001,0.867,No,0,C,0
PL02136,51,19298.63,20,698,10,21426.62,8.05,Debt Consolidation,Employed,12.0,231583.56,0.059,No,0,C,1
PL02137,31,13796.12,13,690,20,41587.99,11.32,Debt Consolidation,Employed,10.3,165553.44,0.318,No,0,C,1
PL02138,30,9379.65,8,681,17,23785.1,11.75,Debt Consolidation,Employed,16.2,112555.79999999999,0.319,No,0,C,1
PL02139,23,15709.15,0,671,7,15485.1,16.19,Debt Consolidation,Employed,1.4,188509.8,0.657,No,0,C,1
PL02140,34,24901.89,14,812,11,38968.15,5.83,Medical,Employed,13.9,298822.68,0.449,No,0,A,1
PL02141,36,12011.03,17,695,0,42866.6,12.55,Debt Consolidation,Employed,5.4,144132.36000000002,0.777,No,0,C,1
PL02142,30,23175.9,12,761,19,21601.02,12.24,Debt Consolidation,Employed,7.2,278110.80000000005,0.384,No,0,B,1
PL02143,49,9935.39,30,694,20,33722.62,9.96,Debt Consolidation,Employed,9.6,119224.68,0.222,No,0,C,1
PL02144,30,3258.85,11,650,11,3881.42,12.84,Education,Employed,0.0,39106.2,0.291,No,0,D,1
PL02145,32,6697.57,4,597,5,26943.78,15.42,Debt Consolidation,Employed,11.0,80370.84,0.182,No,0,D,1
PL02146,50,11629.99,26,675,2,3204.08,9.61,Medical,Retired,20.1,139559.88,0.198,No,1,C,0
PL02147,61,7051.6,30,714,4,2430.35,10.66,Medical,Retired,0.3,84619.20000000001,0.217,Yes,0,C,1
PL02148,21,2005.22,3,609,13,31033.32,18.28,Education,Retired,24.9,24062.64,0.016,No,0,D,1
PL02149,25,23045.04,15,730,11,15863.43,12.15,Debt Consolidation,Employed,4.8,276540.48,0.716,No,0,B,1
PL02150,40,21409.23,25,782,12,37384.32,10.46,Education,Employed,14.7,256910.76,0.4,No,0,A,1
PL02151,28,19072.72,8,620,12,44908.05,14.19,Debt Consolidation,Employed,0.0,228872.64,0.023,Yes,1,D,1
PL02152,63,5859.74,30,646,16,7830.17,12.01,Other,Employed,27.3,70316.88,0.37,No,0,D,1
PL02153,32,4768.36,10,639,14,36501.62,19.1,Home Improvement,Employed,1.5,57220.31999999999,0.905,No,0,D,0
PL02154,21,3554.91,0,563,5,26211.48,18.47,Education,Retired,11.7,42658.92,0.511,No,1,D,0
PL02155,40,18652.67,19,850,11,6493.84,5.0,Other,Unemployed,0.0,223832.03999999998,0.987,Yes,0,A,1
PL02156,48,23362.58,30,778,1,32928.04,13.39,Education,Self-Employed,9.6,280350.96,0.54,No,0,B,1
PL02157,63,11902.32,30,721,3,30863.87,10.68,Debt Consolidation,Self-Employed,10.9,142827.84,0.963,No,1,B,0
PL02158,57,4740.24,30,651,19,26266.45,8.15,Debt Consolidation,Employed,7.4,56882.88,0.202,No,1,C,0
PL02159,67,13785.03,30,718,20,46397.09,13.91,Education,Self-Employed,4.6,165420.36000000002,0.29,No,2,C,0
PL02160,57,10023.13,30,705,11,26532.91,6.97,Home Improvement,Retired,9.6,120277.56,0.7,No,0,C,0
PL02161,32,10620.97,8,662,2,49535.24,14.12,Home Improvement,Employed,9.4,127451.63999999998,0.987,Yes,2,C,0
PL02162,57,16290.6,30,712,16,25952.21,12.96,Medical,Employed,12.6,195487.2,0.825,Yes,0,C,1
PL02163,69,18530.52,30,756,5,6676.75,10.64,Debt Consolidation,Employed,13.9,222366.24,0.554,No,0,B,1
PL02164,69,4543.88,30,767,16,24053.09,11.88,Medical,Employed,16.5,54526.56,0.085,No,0,B,1
PL02165,64,2818.58,30,751,16,9934.11,11.53,Home Improvement,Employed,14.5,33822.96,0.364,No,0,B,1
PL02166,48,24869.6,30,772,10,30259.54,12.26,Education,Retired,11.1,298435.19999999995,0.086,No,0,B,1
PL02167,67,7352.75,30,643,6,34963.48,14.22,Education,Employed,7.9,88233.0,0.311,No,0,D,1
PL02168,35,3238.1,14,653,1,23953.33,13.13,Medical,Employed,0.0,38857.2,0.259,No,0,C,1
PL02169,26,6367.13,2,701,18,5787.45,11.08,Home Improvement,Employed,11.2,76405.56,0.389,No,0,C,1
PL02170,64,2896.03,30,750,1,23963.43,12.29,Home Improvement,Employed,18.8,34752.36,0.837,No,2,B,0
PL02171,40,11011.65,25,711,12,4991.26,10.04,Debt Consolidation,Employed,3.9,132139.8,0.15,No,0,C,1
PL02172,70,20455.24,30,850,15,34424.17,6.69,Debt Consolidation,Self-Employed,4.7,245462.88,0.306,No,0,A,1
PL02173,34,9848.62,14,659,16,39728.04,11.96,Home Improvement,Employed,20.4,118183.44,0.261,Yes,0,C,1
PL02174,22,12216.22,0,676,10,48156.64,11.23,Home Improvement,Unemployed,0.0,146594.63999999998,0.296,No,0,C,1
PL02175,29,17538.5,2,651,8,8291.3,16.41,Debt Consolidation,Employed,3.3,210462.0,0.361,No,0,C,1
PL02176,57,13704.56,30,737,8,27088.6,11.01,Education,Employed,30.0,164454.72,0.244,No,0,B,1
PL02177,40,21813.25,15,795,13,28809.33,5.0,Other,Retired,13.3,261759.0,0.943,Yes,0,A,1
PL02178,46,21918.82,28,712,12,46201.35,9.57,Other,Unemployed,0.0,263025.83999999997,0.42,No,0,C,1
PL02179,49,2227.95,30,606,10,31736.56,10.95,Home Improvement,Employed,7.2,26735.399999999998,0.114,No,0,D,0
PL02180,21,19895.07,0,686,11,8129.97,11.7,Debt Consolidation,Self-Employed,12.1,238740.84,0.468,No,0,C,1
PL02181,55,12596.87,30,701,2,22381.21,11.23,Medical,Employed,13.4,151162.44,0.184,No,0,C,1
PL02182,26,24743.33,8,748,0,33083.36,8.69,Debt Consolidation,Employed,2.8,296919.96,0.216,No,0,B,1
PL02183,57,13114.34,30,696,7,35313.94,14.41,Home Improvement,Employed,23.2,157372.08000000002,0.285,No,0,C,1
PL02184,25,24698.61,1,799,18,43290.63,8.14,Debt Consolidation,Employed,9.7,296383.32,0.125,Yes,0,A,1
PL02185,53,19355.1,25,678,12,9844.85,17.75,Medical,Employed,6.0,232261.19999999998,0.721,No,0,C,1
PL02186,69,7717.91,30,779,6,47625.57,9.3,Medical,Employed,0.7,92614.92,0.792,No,1,B,1
PL02187,34,14383.08,14,641,12,3897.83,15.61,Home Improvement,Employed,14.5,172596.96,0.394,Yes,1,D,1
PL02188,32,24819.12,11,638,5,49204.34,15.18,Education,Employed,12.0,297829.44,0.689,No,0,D,1
PL02189,62,21723.2,30,784,2,43030.59,7.46,Debt Consolidation,Employed,2.2,260678.40000000002,0.389,No,0,A,1
PL02190,40,4239.44,9,628,5,33353.37,13.79,Medical,Self-Employed,11.1,50873.28,0.164,No,0,D,1
PL02191,70,18246.56,30,715,2,37014.78,10.67,Debt Consolidation,Employed,13.9,218958.72000000003,0.397,Yes,0,C,1
PL02192,44,9948.33,30,593,12,4561.91,16.3,Debt Consolidation,Employed,6.8,119379.95999999999,0.557,No,0,D,0
PL02193,63,2160.59,30,676,12,3032.51,12.72,Other,Unemployed,0.0,25927.08,0.041,Yes,1,C,1
PL02194,54,11280.06,30,753,12,5986.52,10.68,Education,Employed,10.0,135360.72,0.654,No,0,B,1
PL02195,45,7399.35,26,696,0,5280.63,12.6,Medical,Employed,8.2,88792.20000000001,0.743,No,0,C,0
PL02196,70,20833.99,30,787,7,27821.68,6.83,Education,Employed,2.3,250007.88,0.86,No,0,A,1
PL02197,49,9758.6,30,710,4,11556.76,9.89,Home Improvement,Employed,11.6,117103.20000000001,0.103,No,0,C,1
PL02198,59,21033.04,30,761,19,43150.08,9.49,Home Improvement,Employed,0.0,252396.48,0.0,No,0,B,1
PL02199,51,2013.75,28,580,16,22841.68,15.42,Medical,Self-Employed,21.5,24165.0,0.073,No,0,D,0
PL02200,67,9079.84,30,648,8,35080.01,13.33,Other,Employed,19.5,108958.08,0.924,No,0,D,0
PL02201,63,7546.8,30,693,12,32990.78,11.07,Education,Employed,1.8,90561.6,0.766,No,0,C,0
PL02202,70,7372.05,30,708,12,16672.8,16.31,Medical,Employed,0.0,88464.6,0.835,No,0,C,0
PL02203,43,3568.29,20,686,4,12915.21,9.91,Home Improvement,Employed,19.4,42819.479999999996,0.517,Yes,2,C,0
PL02204,64,6303.86,30,737,13,17780.36,8.55,Debt Consolidation,Self-Employed,8.7,75646.31999999999,0.527,No,0,B,1
PL02205,58,14777.64,30,760,10,40036.26,7.98,Education,Retired,10.5,177331.68,0.299,No,2,B,1
PL02206,40,8701.3,23,649,13,29727.57,13.23,Other,Employed,10.2,104415.59999999999,0.843,No,0,D,0
PL02207,43,11600.08,28,614,6,13423.39,17.73,Debt Consolidation,Self-Employed,0.0,139200.96,0.83,No,0,D,0
PL02208,65,10667.94,30,743,16,41074.48,9.35,Debt Consolidation,Self-Employed,16.3,128015.28,0.392,No,0,B,1
PL02209,36,22145.81,8,748,3,3683.21,6.99,Education,Employed,13.6,265749.72000000003,0.329,Yes,0,B,1
PL02210,70,22821.88,30,674,9,35259.99,15.86,Debt Consolidation,Unemployed,0.0,273862.56,0.738,No,0,C,0
PL02211,62,13338.01,30,688,9,22515.94,12.89,Home Improvement,Retired,0.0,160056.12,0.026,Yes,0,C,1
PL02212,28,9593.59,0,609,14,36833.23,16.8,Debt Consolidation,Employed,14.0,115123.08,0.86,No,0,D,0
PL02213,70,4456.42,30,708,19,46445.6,12.76,Debt Consolidation,Employed,13.0,53477.04,0.446,No,1,C,1
PL02214,41,23928.27,20,701,11,37751.67,9.31,Home Improvement,Self-Employed,9.2,287139.24,0.441,Yes,0,C,1
PL02215,21,3385.22,1,597,8,22656.3,16.49,Debt Consolidation,Employed,17.7,40622.64,0.669,No,0,D,0
PL02216,28,8845.96,13,629,2,8397.81,16.69,Medical,Retired,19.0,106151.51999999999,0.646,No,0,D,0
PL02217,49,8855.52,24,674,14,40511.2,11.72,Home Improvement,Employed,12.7,106266.24,0.266,Yes,0,C,1
PL02218,52,9369.23,30,655,11,23574.57,14.48,Home Improvement,Employed,0.0,112430.76,0.943,No,2,C,0
PL02219,58,5778.6,30,652,14,4690.3,15.09,Home Improvement,Employed,0.0,69343.20000000001,0.986,No,0,C,0
PL02220,25,20012.71,3,636,0,36233.71,11.81,Debt Consolidation,Employed,4.4,240152.52,0.526,No,0,D,1
PL02221,67,4817.45,30,717,14,15300.75,8.98,Debt Consolidation,Employed,8.0,57809.399999999994,0.561,No,0,C,1
PL02222,42,16602.85,29,735,10,3395.52,5.66,Debt Consolidation,Self-Employed,16.7,199234.19999999998,0.554,No,0,B,1
PL02223,67,4848.46,30,659,4,45234.8,14.14,Debt Consolidation,Employed,12.6,58181.520000000004,0.486,No,0,C,1
PL02224,54,3622.32,30,742,6,24671.95,13.68,Education,Employed,8.7,43467.840000000004,0.945,No,0,B,0
PL02225,21,22916.88,0,680,11,14767.09,11.34,Debt Consolidation,Employed,15.0,275002.56,0.245,No,0,C,1
PL02226,46,6372.96,30,740,19,36102.94,9.61,Education,Employed,3.8,76475.52,0.108,Yes,1,B,1
PL02227,63,20888.75,30,738,5,44409.22,12.12,Debt Consolidation,Self-Employed,15.0,250665.0,0.93,No,0,B,0
PL02228,30,14526.51,9,571,2,1015.05,18.21,Education,Self-Employed,11.8,174318.12,0.213,No,0,D,1
PL02229,50,3790.7,27,679,9,34704.76,10.83,Debt Consolidation,Employed,14.2,45488.399999999994,0.749,No,1,C,0
PL02230,70,23975.31,30,812,20,38583.57,9.78,Debt Consolidation,Employed,16.8,287703.72000000003,0.204,No,1,A,1
PL02231,38,7680.11,28,656,3,11286.44,14.21,Medical,Employed,9.6,92161.31999999999,0.96,No,0,C,0
PL02232,37,21771.84,7,690,12,24991.57,11.81,Medical,Employed,0.0,261262.08000000002,0.791,No,0,C,0
PL02233,46,5882.63,28,659,18,5375.01,13.38,Home Improvement,Self-Employed,4.7,70591.56,0.919,No,0,C,0
PL02234,28,21640.69,2,678,4,37590.74,14.0,Home Improvement,Employed,16.3,259688.27999999997,0.951,No,0,C,0
PL02235,67,2304.26,30,670,17,42525.34,11.96,Medical,Employed,5.5,27651.120000000003,0.084,No,0,C,1
PL02236,60,13770.95,30,770,0,6301.15,11.78,Medical,Employed,4.7,165251.40000000002,0.433,No,0,B,1
PL02237,69,19697.18,30,785,20,41006.55,10.47,Debt Consolidation,Unemployed,0.0,236366.16,0.648,No,0,A,1
PL02238,32,23500.3,10,751,20,38806.94,9.52,Debt Consolidation,Unemployed,0.0,282003.6,0.802,No,0,B,1
PL02239,47,22911.65,20,736,15,17998.75,10.31,Home Improvement,Unemployed,0.0,274939.80000000005,0.241,No,0,B,1
PL02240,28,20851.37,12,683,15,34824.19,10.9,Debt Consolidation,Self-Employed,23.9,250216.44,0.915,Yes,0,C,0
PL02241,45,22428.4,15,684,15,1002.36,11.27,Debt Consolidation,Self-Employed,13.2,269140.80000000005,0.221,Yes,0,C,1
PL02242,66,6582.05,30,686,18,46658.09,10.18,Debt Consolidation,Self-Employed,12.9,78984.6,0.866,No,0,C,0
PL02243,24,8536.24,1,464,15,27968.78,22.14,Debt Consolidation,Retired,8.1,102434.88,0.513,Yes,0,E,0
PL02244,53,8646.28,26,659,0,31396.6,13.81,Home Improvement,Unemployed,0.0,103755.36000000002,0.515,No,0,C,0
PL02245,21,10672.24,1,631,19,33568.31,11.77,Debt Consolidation,Employed,11.2,128066.88,0.374,No,0,D,1
PL02246,39,11046.38,10,701,19,28507.08,13.15,Education,Employed,10.3,132556.56,0.104,No,0,C,1
PL02247,51,14524.77,30,701,9,42981.43,10.03,Debt Consolidation,Employed,15.3,174297.24,0.347,No,0,C,1
PL02248,36,5677.23,7,657,1,30875.39,14.6,Medical,Employed,12.4,68126.76,0.427,Yes,0,C,1
PL02249,34,17898.67,15,588,13,45480.24,18.52,Medical,Self-Employed,12.2,214784.03999999998,0.479,Yes,0,D,0
PL02250,68,5854.03,30,702,7,29534.25,14.34,Debt Consolidation,Retired,19.1,70248.36,0.739,No,0,C,0
PL02251,25,9137.1,1,551,5,9385.0,20.79,Home Improvement,Employed,7.9,109645.20000000001,0.352,Yes,0,D,0
PL02252,61,13576.94,30,669,2,45764.57,16.54,Debt Consolidation,Employed,16.7,162923.28,0.407,No,1,C,1
PL02253,46,20318.13,21,724,15,34399.75,12.36,Medical,Unemployed,0.0,243817.56,0.906,No,0,B,0
PL02254,48,19007.79,26,794,16,35262.71,7.88,Medical,Employed,5.6,228093.48,0.753,No,2,A,1
PL02255,22,16847.29,0,686,11,49288.61,11.51,Other,Employed,6.7,202167.48,0.023,Yes,1,C,1
PL02256,70,5582.78,30,708,18,4684.63,11.22,Debt Consolidation,Self-Employed,3.9,66993.36,0.812,No,1,C,0
PL02257,26,14582.04,13,663,19,22001.04,16.76,Debt Consolidation,Employed,0.0,174984.48,0.99,No,0,C,0
PL02258,29,4011.27,21,582,2,12715.67,16.79,Debt Consolidation,Employed,24.8,48135.24,0.94,Yes,0,D,0
PL02259,53,10679.35,30,672,12,31890.9,13.08,Debt Consolidation,Employed,30.0,128152.20000000001,0.836,No,1,C,0
PL02260,61,11510.88,30,740,15,40533.77,12.95,Debt Consolidation,Employed,11.7,138130.56,0.629,No,0,B,1
PL02261,45,2915.66,15,575,10,48349.22,17.03,Debt Consolidation,Employed,7.4,34987.92,0.278,Yes,0,D,1
PL02262,68,8301.73,30,747,19,23275.21,8.09,Education,Employed,23.9,99620.76,0.654,No,1,B,1
PL02263,33,23979.94,15,706,15,39524.69,13.81,Other,Employed,14.8,287759.27999999997,0.696,No,0,C,1
PL02264,29,23933.55,5,758,19,45935.53,7.53,Debt Consolidation,Employed,4.0,287202.6,0.282,No,0,B,1
PL02265,33,10103.52,18,704,1,34482.95,12.44,Other,Self-Employed,3.0,121242.24,0.255,Yes,0,C,1
PL02266,51,2991.3,28,573,3,12893.9,18.05,Home Improvement,Employed,16.6,35895.600000000006,0.397,Yes,2,D,0
PL02267,61,6119.18,30,663,3,30784.85,14.13,Home Improvement,Employed,13.1,73430.16,0.641,Yes,3,C,0
PL02268,31,11021.01,12,614,16,48527.65,10.89,Other,Employed,19.0,132252.12,0.293,No,0,D,1
PL02269,24,23798.93,0,616,0,49390.14,17.2,Home Improvement,Employed,15.6,285587.16000000003,0.556,Yes,1,D,0
PL02270,54,5247.58,30,622,0,32475.63,15.24,Home Improvement,Employed,0.2,62970.96,0.899,No,0,D,0
PL02271,58,19560.86,30,850,4,44462.4,6.23,Education,Employed,3.8,234730.32,0.295,No,0,A,1
PL02272,66,4499.7,30,724,11,10817.12,11.73,Education,Unemployed,0.0,53996.399999999994,0.966,No,0,B,0
PL02273,24,24568.92,0,806,5,13057.85,7.63,Other,Retired,11.7,294827.04,0.473,Yes,0,A,1
PL02274,58,10777.18,30,751,5,47691.49,8.71,Debt Consolidation,Employed,9.0,129326.16,0.101,No,0,B,1
PL02275,39,19830.39,14,680,16,7626.53,11.95,Debt Consolidation,Employed,6.4,237964.68,0.055,Yes,0,C,1
PL02276,26,9879.59,0,622,12,10364.22,15.26,Home Improvement,Employed,7.5,118555.08,0.339,No,0,D,1
PL02277,54,16436.38,29,759,7,21606.88,9.48,Education,Employed,15.4,197236.56,0.259,No,0,B,1
PL02278,38,6416.37,16,669,11,29889.63,12.38,Home Improvement,Self-Employed,8.6,76996.44,0.844,Yes,0,C,0
PL02279,33,5358.48,6,603,14,30587.04,18.11,Debt Consolidation,Employed,4.6,64301.759999999995,0.738,No,1,D,0
PL02280,61,23575.48,30,704,18,15306.82,10.98,Medical,Self-Employed,0.0,282905.76,0.885,No,0,C,0
PL02281,43,23105.89,30,850,20,46110.08,5.0,Debt Consolidation,Retired,2.8,277270.68,0.589,No,0,A,1
PL02282,39,22411.79,13,723,19,45839.9,11.96,Other,Employed,18.5,268941.48,0.435,No,0,B,1
PL02283,65,16384.97,30,735,16,20211.33,13.99,Debt Consolidation,Employed,4.7,196619.64,0.271,No,1,B,1
PL02284,31,20590.17,8,710,8,22280.3,9.03,Home Improvement,Employed,24.5,247082.03999999998,0.583,No,0,C,1
PL02285,21,3587.85,0,587,20,35422.36,16.7,Debt Consolidation,Employed,15.0,43054.2,0.618,Yes,0,D,0
PL02286,44,9700.15,26,682,17,33486.8,14.76,Debt Consolidation,Retired,3.5,116401.79999999999,0.393,Yes,0,C,1
PL02287,27,9215.17,10,704,1,19732.55,12.78,Debt Consolidation,Employed,5.1,110582.04000000001,0.937,No,0,C,0
PL02288,45,16619.84,22,706,10,21297.97,12.79,Debt Consolidation,Employed,0.0,199438.08000000002,0.64,No,0,C,1
PL02289,41,10187.03,13,614,19,18053.91,15.79,Medical,Self-Employed,6.5,122244.36000000002,0.837,No,0,D,0
PL02290,35,5415.66,20,628,16,12533.87,9.77,Debt Consolidation,Employed,25.6,64987.92,0.62,No,0,D,0
PL02291,21,15718.74,0,637,20,23448.78,15.2,Education,Employed,23.1,188624.88,0.317,Yes,1,D,1
PL02292,32,20730.83,19,778,17,34635.27,9.02,Debt Consolidation,Employed,22.9,248769.96000000002,0.737,No,0,B,1
PL02293,27,10788.84,0,706,14,37356.37,13.8,Home Improvement,Employed,14.9,129466.08,0.23,Yes,0,C,1
PL02294,35,5042.18,14,640,6,39164.81,13.04,Debt Consolidation,Employed,8.6,60506.16,0.597,No,0,D,1
PL02295,41,6523.83,29,590,15,19361.87,20.18,Debt Consolidation,Employed,10.8,78285.95999999999,0.402,No,0,D,0
PL02296,39,7462.12,16,594,0,38467.16,16.02,Medical,Employed,14.4,89545.44,0.15,Yes,0,D,1
PL02297,49,8897.64,26,683,17,1319.3,11.63,Other,Employed,9.9,106771.68,0.413,No,1,C,1
PL02298,45,16784.29,25,730,7,24375.45,9.01,Home Improvement,Employed,3.7,201411.48,0.31,Yes,0,B,1
PL02299,53,15821.75,29,706,6,39901.32,13.64,Home Improvement,Unemployed,0.0,189861.0,0.112,Yes,0,C,1
PL02300,69,18009.84,30,744,1,31872.19,7.63,Debt Consolidation,Employed,0.0,216118.08000000002,0.824,No,0,B,1
PL02301,52,10337.55,29,666,11,24229.09,14.63,Home Improvement,Employed,14.8,124050.59999999999,0.499,No,0,C,1
PL02302,69,20951.95,30,781,15,32587.46,6.52,Home Improvement,Retired,2.7,251423.40000000002,0.346,No,0,A,1
PL02303,55,6694.02,30,564,8,45440.35,17.91,Other,Unemployed,0.0,80328.24,0.505,Yes,0,D,0
PL02304,64,12787.94,30,676,19,28752.71,9.86,Debt Consolidation,Self-Employed,1.4,153455.28,0.755,Yes,1,C,0
PL02305,58,20421.59,30,726,10,40189.52,12.21,Other,Employed,8.7,245059.08000000002,0.018,Yes,0,B,1
PL02306,46,6143.65,29,723,14,49056.39,10.47,Education,Employed,12.2,73723.79999999999,0.547,No,0,B,1
PL02307,31,4526.85,8,583,2,35572.84,18.25,Medical,Employed,8.7,54322.200000000004,0.479,No,0,D,0
PL02308,55,22324.73,30,770,20,29092.96,8.28,Education,Self-Employed,15.1,267896.76,0.893,No,0,B,1
PL02309,28,9887.38,3,656,12,2836.81,14.87,Education,Employed,13.6,118648.56,0.556,No,0,C,1
PL02310,66,17729.01,30,825,20,19349.42,6.04,Education,Employed,6.6,212748.12,0.137,Yes,0,A,1
PL02311,34,2583.02,7,684,12,28706.69,14.03,Debt Consolidation,Employed,5.3,30996.239999999998,0.389,Yes,0,C,1
PL02312,30,17871.08,6,686,1,40063.12,13.52,Home Improvement,Employed,4.7,214452.96000000002,0.621,No,1,C,0
PL02313,22,9270.33,0,606,5,22467.13,16.48,Medical,Employed,3.6,111243.95999999999,0.046,No,0,D,1
PL02314,66,3282.04,30,655,5,48042.86,12.06,Medical,Self-Employed,26.8,39384.479999999996,0.885,No,0,C,0
PL02315,29,16025.69,0,666,11,14317.89,12.49,Debt Consolidation,Self-Employed,5.0,192308.28,0.068,No,0,C,1
PL02316,23,7538.49,1,601,3,37483.79,14.77,Other,Employed,18.7,90461.88,0.031,No,0,D,1
PL02317,41,10896.57,28,704,4,21532.54,14.49,Medical,Retired,11.3,130758.84,0.002,Yes,0,C,1
PL02318,46,3853.36,25,672,7,24813.44,14.65,Debt Consolidation,Employed,7.2,46240.32,0.684,No,0,C,0
PL02319,28,5384.75,10,652,5,40322.6,14.08,Home Improvement,Employed,11.6,64617.0,0.456,No,1,C,0
PL02320,68,8853.48,30,783,20,15514.55,6.92,Debt Consolidation,Employed,12.0,106241.76,0.103,No,0,A,1
PL02321,22,4064.47,0,697,2,5743.79,10.38,Debt Consolidation,Employed,0.0,48773.64,0.856,No,0,C,0
PL02322,26,22949.0,0,712,7,26492.52,11.52,Education,Employed,9.4,275388.0,0.203,No,0,C,1
PL02323,48,2139.08,28,701,18,26910.94,15.46,Education,Employed,10.1,25668.96,0.326,No,0,C,1
PL02324,49,13128.79,24,686,20,40061.22,12.47,Debt Consolidation,Retired,7.4,157545.48,0.178,No,0,C,1
PL02325,46,4834.69,20,715,10,48447.64,13.54,Debt Consolidation,Retired,0.0,58016.28,0.927,No,0,C,0
PL02326,45,9076.62,21,728,17,3709.73,11.1,Other,Employed,7.3,108919.44,0.758,No,0,B,1
PL02327,32,23299.37,19,770,9,29992.78,9.76,Debt Consolidation,Employed,22.9,279592.44,0.724,Yes,0,B,1
PL02328,25,5718.97,16,623,19,34382.65,14.37,Debt Consolidation,Employed,14.4,68627.64,0.044,No,0,D,1
PL02329,54,24214.14,30,735,11,49304.27,9.83,Other,Employed,1.6,290569.68,0.523,No,0,B,1
PL02330,68,6733.27,30,639,19,47186.92,12.93,Debt Consolidation,Employed,17.1,80799.24,0.575,No,0,D,0
PL02331,57,19056.02,30,747,7,35910.09,10.29,Medical,Employed,1.1,228672.24,0.383,No,0,B,1
PL02332,35,14573.58,16,759,18,26567.68,8.65,Debt Consolidation,Employed,12.2,174882.96,0.322,No,1,B,1
PL02333,64,22343.01,30,764,20,8914.67,9.63,Education,Employed,12.2,268116.12,0.852,Yes,1,B,1
PL02334,56,14741.84,30,764,15,19824.65,6.94,Debt Consolidation,Employed,7.1,176902.08000000002,0.023,No,0,B,1
PL02335,35,14294.86,2,723,20,29670.99,11.68,Other,Self-Employed,18.3,171538.32,0.625,Yes,2,B,0
PL02336,63,6495.53,30,684,17,36534.82,12.88,Education,Self-Employed,16.0,77946.36,0.394,No,0,C,1
PL02337,68,5823.28,30,770,8,32134.58,8.91,Education,Employed,3.8,69879.36,0.666,No,0,B,1
PL02338,43,23079.25,14,595,3,35992.02,17.37,Other,Employed,7.7,276951.0,0.198,No,0,D,1
PL02339,26,9540.28,5,578,8,22028.47,16.89,Other,Retired,3.1,114483.36000000002,0.239,No,0,D,0
PL02340,66,10557.89,30,679,1,36653.74,20.39,Debt Consolidation,Employed,5.4,126694.68,0.587,No,0,C,1
PL02341,70,19475.94,30,736,8,8043.32,11.12,Home Improvement,Employed,15.2,233711.27999999997,0.98,No,0,B,1
PL02342,64,9792.94,30,733,8,8966.73,10.53,Debt Consolidation,Employed,9.9,117515.28,0.975,No,0,B,0
PL02343,63,23897.44,30,799,17,8978.78,8.8,Education,Employed,18.2,286769.27999999997,0.249,No,0,A,1
PL02344,65,18972.34,30,784,10,44652.38,6.96,Debt Consolidation,Employed,0.0,227668.08000000002,0.102,No,0,A,1
PL02345,41,15740.87,12,730,12,4725.67,9.35,Education,Employed,12.2,188890.44,0.59,Yes,0,B,1
PL02346,43,22260.59,11,689,5,40273.91,13.92,Debt Consolidation,Employed,16.6,267127.08,0.42,No,0,C,1
PL02347,63,3140.94,30,620,8,12444.97,17.23,Education,Self-Employed,10.8,37691.28,0.762,No,0,D,0
PL02348,36,7912.44,18,671,15,23953.07,15.52,Education,Employed,0.0,94949.28,0.528,No,0,C,1
PL02349,67,12695.84,30,705,3,45881.87,8.74,Debt Consolidation,Employed,1.6,152350.08000000002,0.511,No,1,C,0
PL02350,35,7220.51,11,567,1,29710.92,17.61,Education,Employed,17.3,86646.12,0.646,No,1,D,0
PL02351,45,19109.82,21,774,6,11295.77,9.11,Other,Employed,5.7,229317.84,0.126,No,0,B,1
PL02352,56,23141.78,29,837,14,14920.41,7.03,Medical,Employed,3.8,277701.36,0.677,No,0,A,1
PL02353,31,11746.71,7,738,5,46101.88,11.14,Education,Employed,7.3,140960.52,0.489,Yes,0,B,1
PL02354,35,9869.05,3,668,10,21930.05,11.57,Other,Employed,8.0,118428.59999999999,0.82,No,0,C,0
PL02355,24,24115.67,0,739,19,29762.29,11.07,Education,Employed,19.5,289388.04,0.139,No,0,B,1
PL02356,41,12231.61,18,751,16,23536.68,10.14,Debt Consolidation,Self-Employed,0.0,146779.32,0.301,No,0,B,1
PL02357,33,13248.11,15,640,3,19543.47,15.18,Education,Self-Employed,14.6,158977.32,0.95,No,0,D,0
PL02358,42,10087.95,20,729,18,11940.68,8.31,Debt Consolidation,Employed,21.7,121055.40000000001,0.553,No,0,B,1
PL02359,39,22919.61,21,746,6,34623.38,7.86,Home Improvement,Employed,17.6,275035.32,0.929,No,0,B,1
PL02360,54,15085.98,30,769,10,36193.86,12.31,Other,Unemployed,0.0,181031.76,0.689,No,0,B,1
PL02361,34,19530.02,18,714,12,14469.37,13.15,Debt Consolidation,Employed,6.3,234360.24,0.926,No,0,C,0
PL02362,24,20671.55,5,756,20,39661.53,9.15,Education,Retired,17.1,248058.59999999998,0.318,Yes,0,B,1
PL02363,68,9862.53,30,736,2,42872.22,10.09,Education,Employed,9.3,118350.36000000002,0.091,No,0,B,1
PL02364,66,11974.97,30,657,13,46113.08,18.22,Debt Consolidation,Employed,5.8,143699.63999999998,0.802,Yes,0,C,0
PL02365,47,21514.85,29,814,1,8899.41,6.73,Home Improvement,Employed,0.0,258178.19999999998,0.804,No,0,A,1
PL02366,49,10354.87,30,642,17,15892.26,14.22,Medical,Self-Employed,6.3,124258.44,0.619,No,0,D,0
PL02367,67,20260.51,30,837,4,43157.31,5.0,Debt Consolidation,Employed,18.5,243126.12,0.58,No,0,A,1
PL02368,48,23642.82,30,749,12,10728.47,9.12,Home Improvement,Self-Employed,0.0,283713.83999999997,0.915,No,0,B,1
PL02369,55,16333.84,26,790,12,1169.95,5.0,Debt Consolidation,Self-Employed,26.8,196006.08000000002,0.176,No,0,A,1
PL02370,28,19057.43,1,748,13,43670.54,10.68,Other,Employed,13.3,228689.16,0.617,Yes,0,B,1
PL02371,36,20517.24,19,736,11,16996.02,12.7,Debt Consolidation,Employed,1.2,246206.88,0.05,No,0,B,1
PL02372,62,21435.91,30,796,20,21310.38,10.0,Medical,Employed,11.8,257230.91999999998,0.141,No,0,A,1
PL02373,56,11086.23,30,728,12,22870.37,9.14,Debt Consolidation,Employed,15.5,133034.76,0.437,Yes,1,B,1
PL02374,50,3179.06,28,555,17,42565.46,13.82,Debt Consolidation,Retired,6.1,38148.72,0.821,Yes,0,D,0
PL02375,38,11243.15,12,678,12,17556.72,13.5,Home Improvement,Employed,5.0,134917.8,0.733,No,0,C,1
PL02376,22,17496.39,0,615,3,44721.71,18.32,Education,Employed,25.8,209956.68,0.974,No,1,D,0
PL02377,69,12358.06,30,748,9,31230.02,6.43,Other,Employed,7.3,148296.72,0.045,No,0,B,1
PL02378,33,19226.15,6,644,4,26837.05,13.62,Education,Retired,8.9,230713.80000000002,0.381,No,0,D,1
PL02379,24,10210.6,7,579,17,16955.11,18.03,Other,Employed,20.6,122527.20000000001,0.159,Yes,1,D,1
PL02380,46,16599.12,29,795,7,12941.87,5.82,Other,Unemployed,0.0,199189.44,0.037,No,0,A,1
PL02381,45,6287.66,25,714,13,31578.86,7.73,Education,Self-Employed,16.1,75451.92,0.264,No,0,C,1
PL02382,50,19235.5,20,735,1,22897.81,8.74,Education,Retired,6.2,230826.0,0.244,No,0,B,1
PL02383,31,14551.01,8,683,7,45615.28,11.45,Home Improvement,Employed,4.4,174612.12,0.42,No,0,C,1
PL02384,27,6693.48,0,615,15,25090.3,11.91,Debt Consolidation,Employed,13.0,80321.76,0.14,Yes,0,D,1
PL02385,51,8713.96,30,714,6,26077.95,13.32,Home Improvement,Employed,2.2,104567.51999999999,0.489,Yes,0,C,1
PL02386,64,19218.0,30,730,2,21419.44,13.56,Education,Employed,13.3,230616.0,0.92,Yes,0,B,1
PL02387,30,13099.83,3,715,3,39673.89,11.2,Medical,Self-Employed,2.7,157197.96,0.748,No,0,C,1
PL02388,59,6968.72,30,680,6,21817.12,14.19,Debt Consolidation,Employed,13.2,83624.64,0.842,No,0,C,0
PL02389,33,24247.24,8,706,3,14197.76,8.59,Home Improvement,Employed,19.9,290966.88,0.805,Yes,0,C,1
PL02390,51,18447.88,30,735,8,43239.51,9.94,Debt Consolidation,Employed,0.0,221374.56,0.39,No,0,B,1
PL02391,27,24014.1,2,684,16,30244.58,11.39,Home Improvement,Employed,6.7,288169.19999999995,0.709,No,0,C,1
PL02392,69,11823.42,30,753,16,29984.0,10.23,Education,Employed,0.0,141881.04,0.754,Yes,0,B,1
PL02393,62,12927.31,30,701,19,30930.29,6.38,Debt Consolidation,Employed,7.7,155127.72,0.206,No,0,C,1
PL02394,62,22652.97,30,800,13,36223.15,6.66,Other,Employed,12.7,271835.64,0.86,No,0,A,1
PL02395,56,14076.13,30,783,13,16340.33,9.3,Home Improvement,Employed,7.3,168913.56,0.458,Yes,0,A,1
PL02396,40,18267.41,11,675,12,2658.37,13.43,Other,Employed,0.0,219208.91999999998,0.016,No,0,C,1
PL02397,24,7799.98,8,620,3,40719.06,17.02,Debt Consolidation,Employed,17.2,93599.76,0.643,No,0,D,0
PL02398,27,12274.71,9,678,12,7316.35,11.62,Medical,Employed,0.0,147296.52,0.677,Yes,0,C,1
PL02399,21,4839.35,0,584,20,36369.17,11.44,Medical,Self-Employed,16.7,58072.200000000004,0.552,No,0,D,0
PL02400,64,6737.54,30,724,16,5033.45,12.93,Medical,Self-Employed,4.0,80850.48,0.212,Yes,1,B,1
PL02401,65,2021.7,30,707,14,19390.08,13.02,Debt Consolidation,Employed,3.0,24260.4,0.482,No,3,C,0
PL02402,62,2903.1,30,732,17,4088.28,13.5,Debt Consolidation,Employed,10.1,34837.2,0.4,No,0,B,1
PL02403,67,24477.53,30,766,10,26588.47,8.97,Other,Employed,18.5,293730.36,0.975,No,0,B,1
PL02404,33,7574.13,16,596,3,33003.65,17.38,Education,Retired,25.6,90889.56,0.825,No,0,D,0
PL02405,42,17256.15,22,694,19,9400.22,16.75,Other,Self-Employed,6.7,207073.80000000002,0.762,No,0,C,0
PL02406,41,21299.29,20,680,10,19209.75,9.03,Debt Consolidation,Employed,0.0,255591.48,0.181,No,0,C,1
PL02407,42,14665.19,16,725,9,46581.74,11.57,Other,Retired,12.8,175982.28,0.331,No,0,B,1
PL02408,48,5522.32,30,605,12,22677.07,18.57,Medical,Employed,0.0,66267.84,0.38,No,2,D,0
PL02409,29,18746.68,4,808,7,40324.63,7.33,Home Improvement,Employed,15.9,224960.16,0.493,No,3,A,1
PL02410,46,15805.78,24,775,12,46432.05,8.54,Debt Consolidation,Unemployed,0.0,189669.36000000002,0.03,No,0,B,1
PL02411,29,18818.76,15,692,8,48742.95,9.21,Other,Employed,20.8,225825.12,0.593,No,0,C,0
PL02412,35,19704.17,10,751,0,45017.78,12.43,Education,Employed,18.4,236450.03999999998,0.358,No,0,B,1
PL02413,30,24434.44,1,640,0,16552.86,16.68,Medical,Self-Employed,11.1,293213.27999999997,0.562,No,0,D,1
PL02414,44,15191.96,17,830,14,48166.07,8.47,Debt Consolidation,Employed,10.2,182303.52,0.009,No,1,A,1
PL02415,62,9857.75,30,683,3,40807.37,12.55,Medical,Retired,2.9,118293.0,0.321,No,0,C,1
PL02416,28,16914.68,8,674,19,42021.6,12.36,Home Improvement,Employed,2.7,202976.16,0.769,No,0,C,0
PL02417,44,3574.14,22,553,0,1743.48,18.49,Debt Consolidation,Employed,9.7,42889.68,0.501,Yes,0,D,0
PL02418,36,22640.14,12,749,11,47757.7,12.99,Medical,Employed,1.4,271681.68,0.789,Yes,0,B,1
PL02419,69,4745.76,30,646,10,39126.42,13.75,Debt Consolidation,Employed,7.9,56949.12,0.699,No,0,D,0
PL02420,46,9540.39,20,684,18,38630.41,15.51,Other,Retired,6.2,114484.68,0.855,No,0,C,0
PL02421,47,20762.14,27,710,14,4994.71,11.07,Other,Self-Employed,14.7,249145.68,0.007,No,0,C,1
PL02422,57,15738.18,30,678,20,12395.86,11.1,Debt Consolidation,Employed,9.8,188858.16,0.261,No,0,C,1
PL02423,24,11053.62,0,603,9,48150.82,12.07,Debt Consolidation,Employed,18.0,132643.44,0.549,No,2,D,0
PL02424,70,12889.02,30,755,0,25533.18,10.47,Medical,Self-Employed,7.6,154668.24,0.941,No,0,B,1
PL02425,44,21654.59,21,672,2,20495.04,14.63,Debt Consolidation,Self-Employed,0.6,259855.08000000002,0.68,No,0,C,1
PL02426,39,9820.1,17,629,13,42157.1,12.74,Education,Self-Employed,14.4,117841.20000000001,0.457,Yes,0,D,1
PL02427,56,22001.94,30,795,14,5279.68,10.45,Debt Consolidation,Employed,9.0,264023.27999999997,0.13,No,0,A,1
PL02428,59,4027.09,19,808,0,21430.16,5.0,Education,Employed,7.8,48325.08,0.493,No,0,A,1
PL02429,30,19866.36,4,723,9,19409.34,12.19,Debt Consolidation,Retired,6.6,238396.32,0.441,No,0,B,1
PL02430,45,21493.6,22,691,0,18142.72,13.74,Debt Consolidation,Self-Employed,9.9,257923.19999999998,0.778,No,1,C,0
PL02431,38,6181.81,24,628,14,16076.92,17.24,Debt Consolidation,Employed,7.8,74181.72,0.413,No,0,D,0
PL02432,39,11897.97,12,679,2,11293.67,8.83,Medical,Employed,14.1,142775.63999999998,0.319,Yes,0,C,1
PL02433,56,5806.49,30,663,20,9472.63,15.63,Education,Employed,15.9,69677.88,0.09,No,0,C,1
PL02434,30,18251.89,16,736,19,32379.9,9.89,Debt Consolidation,Self-Employed,7.0,219022.68,0.047,No,0,B,1
PL02435,53,14313.0,25,728,11,46050.35,9.86,Medical,Self-Employed,26.0,171756.0,0.439,No,1,B,1
PL02436,70,16612.44,30,808,18,25933.73,8.56,Home Improvement,Retired,5.4,199349.27999999997,0.347,No,0,A,1
PL02437,25,6519.2,0,606,15,15600.75,18.01,Debt Consolidation,Employed,10.1,78230.4,0.555,No,0,D,0
PL02438,67,6870.15,30,774,7,8798.85,5.0,Home Improvement,Employed,0.0,82441.79999999999,0.712,No,0,B,1
PL02439,69,2954.44,30,684,13,41677.02,9.97,Medical,Retired,9.2,35453.28,0.04,No,0,C,1
PL02440,55,9407.55,30,648,17,48603.11,16.58,Debt Consolidation,Employed,8.4,112890.59999999999,0.496,Yes,0,D,0
PL02441,64,14874.13,30,850,0,18108.61,5.95,Debt Consolidation,Employed,9.6,178489.56,0.862,No,0,A,1
PL02442,54,21732.5,30,665,1,15256.57,13.77,Education,Employed,17.8,260790.0,0.455,No,0,C,1
PL02443,53,17339.33,30,695,11,30473.15,10.07,Medical,Retired,23.4,208071.96000000002,0.521,Yes,0,C,1
PL02444,41,12014.12,22,650,16,38991.12,14.97,Debt Consolidation,Employed,18.9,144169.44,0.487,Yes,0,D,1
PL02445,37,23921.76,7,850,1,23314.74,7.44,Other,Employed,9.2,287061.12,0.39,No,0,A,1
PL02446,42,18542.64,22,807,16,31873.58,11.59,Medical,Employed,11.6,222511.68,0.11,No,0,A,1
PL02447,68,23393.8,30,850,20,36110.9,5.0,Debt Consolidation,Employed,22.2,280725.6,0.126,No,1,A,1
PL02448,57,14134.52,30,708,6,48069.02,13.21,Debt Consolidation,Employed,2.0,169614.24,0.179,No,1,C,1
PL02449,35,7954.8,18,771,5,9086.83,12.3,Debt Consolidation,Employed,16.3,95457.6,0.793,No,0,B,1
PL02450,55,3215.01,30,684,5,49871.74,9.65,Education,Retired,2.9,38580.12,0.275,No,0,C,1
PL02451,48,18699.95,30,778,7,20215.68,11.87,Education,Employed,19.1,224399.40000000002,0.948,No,0,B,1
PL02452,27,4789.97,3,626,4,36436.81,15.58,Home Improvement,Employed,8.9,57479.64,0.81,Yes,1,D,0
PL02453,52,8963.83,25,686,14,29048.3,12.6,Medical,Retired,3.0,107565.95999999999,0.685,Yes,0,C,0
PL02454,31,14246.83,8,660,6,24846.76,12.55,Debt Consolidation,Employed,4.7,170961.96,0.72,No,1,C,0
PL02455,30,14981.58,16,664,2,35205.69,12.73,Education,Employed,6.0,179778.96,0.048,Yes,0,C,1
PL02456,29,15813.41,0,707,9,20391.94,10.01,Debt Consolidation,Employed,17.6,189760.91999999998,0.568,No,2,C,0
PL02457,34,5823.87,2,655,2,7179.39,11.96,Debt Consolidation,Self-Employed,20.7,69886.44,0.941,No,1,C,0
PL02458,33,10733.96,12,658,13,24955.78,14.63,Home Improvement,Self-Employed,6.8,128807.51999999999,0.039,No,0,C,1
PL02459,45,16195.47,21,786,2,26573.88,10.13,Debt Consolidation,Employed,3.0,194345.63999999998,0.291,No,0,A,1
PL02460,22,24305.83,1,557,0,10893.21,16.22,Home Improvement,Employed,26.2,291669.96,0.052,No,0,D,1
PL02461,55,18735.52,30,769,0,46845.35,7.29,Other,Self-Employed,16.6,224826.24,0.57,No,0,B,1
PL02462,27,23219.89,3,745,18,12146.31,10.29,Medical,Employed,3.8,278638.68,0.116,No,0,B,1
PL02463,41,19530.88,10,777,3,21052.15,6.09,Debt Consolidation,Self-Employed,12.9,234370.56,0.479,No,1,B,1
PL02464,38,15609.49,27,690,1,8591.55,12.76,Debt Consolidation,Employed,6.7,187313.88,0.72,Yes,2,C,0
PL02465,23,6416.54,0,628,10,27254.04,14.55,Debt Consolidation,Employed,0.0,76998.48,0.164,No,0,D,1
PL02466,62,17333.77,30,799,11,16074.24,5.0,Medical,Employed,7.5,208005.24,0.755,No,0,A,1
PL02467,59,16337.73,30,814,12,24974.35,7.58,Home Improvement,Employed,0.0,196052.76,0.06,No,0,A,1
PL02468,61,15856.79,30,726,15,12006.23,9.51,Medical,Employed,6.2,190281.48,0.15,Yes,0,B,1
PL02469,69,13265.07,30,757,15,3634.98,11.28,Home Improvement,Employed,6.9,159180.84,0.28,No,0,B,1
PL02470,31,14159.1,12,756,18,39182.11,8.88,Home Improvement,Employed,5.7,169909.2,0.796,No,1,B,0
PL02471,59,9692.18,30,600,19,32413.23,14.94,Home Improvement,Employed,17.3,116306.16,0.85,No,1,D,0
PL02472,44,13944.19,21,663,20,17696.23,13.43,Debt Consolidation,Employed,13.2,167330.28,0.22,No,1,C,1
PL02473,66,6543.79,30,778,19,3327.22,10.76,Home Improvement,Employed,4.9,78525.48,0.096,No,0,B,1
PL02474,39,20519.01,7,775,8,43413.18,12.09,Medical,Self-Employed,12.6,246228.12,0.848,No,0,B,1
PL02475,24,6272.87,6,645,15,9319.96,15.5,Debt Consolidation,Retired,20.4,75274.44,0.649,No,0,D,0
PL02476,46,3954.22,20,629,6,46606.37,13.87,Other,Employed,3.4,47450.64,0.158,No,0,D,1
PL02477,58,12033.66,30,672,12,24451.17,13.16,Other,Employed,0.0,144403.91999999998,0.558,No,1,C,0
PL02478,62,17141.07,30,720,3,17678.95,10.71,Education,Employed,1.3,205692.84,0.872,No,0,C,1
PL02479,52,12067.49,27,781,12,37346.21,7.84,Home Improvement,Employed,13.0,144809.88,0.07,No,0,A,1
PL02480,59,8365.35,30,668,7,43965.13,12.76,Debt Consolidation,Employed,21.9,100384.20000000001,0.084,No,0,C,1
PL02481,65,14837.94,30,749,1,19164.96,7.66,Education,Employed,16.8,178055.28,0.274,No,0,B,1
PL02482,66,9981.05,30,684,6,20959.84,14.5,Debt Consolidation,Self-Employed,20.3,119772.59999999999,0.652,No,0,C,0
PL02483,56,23455.96,29,811,10,22224.75,8.49,Education,Employed,0.0,281471.52,0.178,No,0,A,1
PL02484,60,23220.84,30,749,16,46193.83,9.64,Education,Employed,3.3,278650.08,0.816,Yes,0,B,1
PL02485,57,13554.55,30,716,13,34935.64,13.61,Debt Consolidation,Retired,1.1,162654.59999999998,0.75,No,0,C,0
PL02486,53,9541.33,30,609,12,13134.66,17.14,Medical,Employed,14.5,114495.95999999999,0.561,No,0,D,1
PL02487,56,18954.05,30,666,14,10064.99,11.13,Debt Consolidation,Employed,8.4,227448.59999999998,0.116,No,2,C,0
PL02488,23,2844.4,0,600,20,12288.02,15.65,Debt Consolidation,Employed,0.0,34132.8,0.988,No,0,D,0
PL02489,29,12919.69,9,596,8,13914.63,19.51,Debt Consolidation,Unemployed,0.0,155036.28,0.49,Yes,0,D,0
PL02490,28,9735.44,5,749,2,12278.99,8.87,Education,Employed,19.3,116825.28,0.452,Yes,1,B,1
PL02491,53,23172.33,27,658,12,33266.82,12.34,Debt Consolidation,Employed,26.1,278067.96,0.996,Yes,0,C,0
PL02492,26,2276.07,1,563,12,6680.74,19.49,Debt Consolidation,Self-Employed,11.3,27312.840000000004,0.864,Yes,1,D,0
PL02493,61,14714.74,30,736,8,19980.57,9.62,Debt Consolidation,Employed,15.0,176576.88,0.456,No,0,B,1
PL02494,59,19035.26,19,734,17,31627.63,11.39,Debt Consolidation,Self-Employed,0.9,228423.12,0.419,No,0,B,1
PL02495,24,13155.41,0,598,4,15252.14,16.38,Education,Employed,0.0,157864.91999999998,0.096,No,1,D,0
PL02496,33,3964.27,7,577,10,4198.44,15.82,Other,Unemployed,0.0,47571.24,0.927,No,1,D,0
PL02497,69,24366.61,30,750,1,5009.37,8.16,Debt Consolidation,Self-Employed,14.4,292399.32,0.844,No,1,B,0
PL02498,22,13914.24,0,639,16,7172.37,11.22,Medical,Employed,20.0,166970.88,0.31,No,0,D,1
PL02499,25,16126.28,2,768,19,41956.31,6.52,Debt Consolidation,Employed,8.0,193515.36000000002,0.753,No,0,B,1
PL02500,64,7442.03,30,709,20,33235.31,12.67,Debt Consolidation,Retired,29.0,89304.36,0.763,No,0,C,1
PL02501,47,13120.46,30,758,3,4161.6,11.59,Debt Consolidation,Employed,12.5,157445.52,0.228,No,0,B,1
PL02502,52,11870.44,30,728,17,20162.38,9.32,Other,Employed,4.0,142445.28,0.614,Yes,0,B,1
PL02503,41,3722.6,17,696,19,14650.67,9.25,Education,Self-Employed,7.5,44671.2,0.255,Yes,2,C,0
PL02504,28,4441.69,9,478,7,29323.97,24.18,Medical,Employed,0.0,53300.28,0.79,Yes,0,E,0
PL02505,58,21261.87,30,747,18,26617.49,12.02,Medical,Employed,2.5,255142.44,0.154,No,1,B,1
PL02506,28,7515.86,6,698,11,24575.08,13.36,Debt Consolidation,Employed,6.9,90190.31999999999,0.669,No,1,C,0
PL02507,70,6484.04,30,683,10,16411.11,9.69,Other,Employed,22.4,77808.48,0.326,No,0,C,1
PL02508,23,13612.96,0,742,15,7752.19,10.94,Debt Consolidation,Employed,9.5,163355.52,0.036,No,0,B,1
PL02509,64,19681.18,30,840,4,37376.44,6.56,Debt Consolidation,Employed,18.7,236174.16,0.124,No,0,A,1
PL02510,23,3424.77,1,579,2,44112.98,19.12,Debt Consolidation,Self-Employed,9.2,41097.24,0.655,No,0,D,0
PL02511,42,15266.58,24,675,11,47263.39,13.26,Debt Consolidation,Employed,1.8,183198.96,0.24,Yes,0,C,1
PL02512,26,4741.84,12,565,14,3872.33,16.45,Debt Consolidation,Employed,14.4,56902.08,0.631,No,0,D,0
PL02513,22,2838.6,6,566,15,37255.53,17.1,Medical,Self-Employed,3.2,34063.2,0.415,No,0,D,0
PL02514,43,3213.11,14,580,12,36598.67,19.63,Debt Consolidation,Employed,6.8,38557.32,0.693,No,0,D,0
PL02515,64,21185.77,30,795,6,47408.37,8.26,Medical,Employed,26.3,254229.24,0.493,Yes,0,A,1
PL02516,22,4713.37,5,534,14,13392.82,16.75,Debt Consolidation,Self-Employed,14.8,56560.44,0.309,No,0,E,0
PL02517,58,3038.48,30,701,2,37366.77,15.19,Other,Employed,3.4,36461.76,0.146,No,1,C,1
PL02518,37,12071.7,10,705,11,3676.69,13.9,Debt Consolidation,Employed,15.9,144860.40000000002,0.341,No,2,C,0
PL02519,55,21411.85,30,673,7,31931.04,16.37,Medical,Employed,2.5,256942.19999999998,0.635,No,1,C,0
PL02520,54,8035.39,30,765,11,18191.54,11.13,Medical,Employed,0.0,96424.68000000001,0.74,No,0,B,1
PL02521,43,11699.39,18,710,17,38676.56,9.51,Debt Consolidation,Self-Employed,18.7,140392.68,0.16,No,0,C,1
PL02522,50,2918.22,27,692,2,43301.91,12.84,Debt Consolidation,Employed,12.4,35018.64,0.664,Yes,0,C,0
PL02523,28,12328.81,14,619,11,18876.23,16.71,Debt Consolidation,Employed,8.4,147945.72,0.179,No,0,D,1
PL02524,42,15285.1,20,731,20,26753.72,7.72,Debt Consolidation,Retired,0.0,183421.2,0.222,No,0,B,1
PL02525,64,15130.86,30,799,1,6752.8,5.0,Debt Consolidation,Employed,7.5,181570.32,0.531,No,0,A,1
PL02526,56,9645.81,30,695,13,21428.44,13.53,Medical,Employed,11.5,115749.72,0.289,No,0,C,1
PL02527,25,9257.26,5,736,13,18679.22,11.83,Education,Employed,0.7,111087.12,0.662,No,0,B,1
PL02528,33,4452.34,5,630,3,9973.05,19.74,Education,Employed,10.3,53428.08,0.956,No,2,D,0
PL02529,49,10436.36,26,747,16,44829.45,9.16,Debt Consolidation,Employed,22.4,125236.32,0.149,No,0,B,1
PL02530,51,4288.38,30,678,14,8256.3,9.45,Home Improvement,Employed,11.8,51460.56,0.571,No,0,C,1
PL02531,67,19631.71,30,801,15,32151.23,6.93,Debt Consolidation,Employed,14.7,235580.52,0.923,Yes,1,A,1
PL02532,36,24224.31,18,649,4,44616.99,15.82,Debt Consolidation,Employed,6.5,290691.72000000003,0.177,No,1,D,1
PL02533,62,24311.71,30,804,16,45686.46,6.36,Debt Consolidation,Employed,1.6,291740.52,0.367,Yes,1,A,1
PL02534,50,21896.64,30,712,6,39868.75,11.48,Debt Consolidation,Unemployed,0.0,262759.68,0.124,No,0,C,1
PL02535,36,15818.22,13,648,14,9630.92,12.9,Medical,Employed,18.4,189818.63999999998,0.642,No,0,D,0
PL02536,32,18119.91,4,781,16,41054.14,10.52,Medical,Employed,9.2,217438.91999999998,0.669,No,0,A,1
PL02537,37,8559.73,15,646,11,14551.68,15.76,Medical,Employed,8.4,102716.76,0.664,No,0,D,0
PL02538,36,16507.72,22,644,10,46197.5,12.72,Education,Employed,6.0,198092.64,0.542,No,1,D,0
PL02539,32,12479.94,11,648,18,35745.25,13.14,Other,Employed,0.0,149759.28,0.746,No,0,D,0
PL02540,28,13086.4,7,596,10,39478.11,15.19,Education,Unemployed,0.0,157036.8,0.036,No,0,D,1
PL02541,40,19428.86,27,788,1,5166.59,5.0,Education,Self-Employed,8.3,233146.32,0.958,No,0,A,1
PL02542,23,8484.12,0,593,14,29555.49,15.16,Debt Consolidation,Employed,5.7,101809.44,0.222,No,0,D,1
PL02543,36,9314.91,8,685,4,41235.96,8.95,Debt Consolidation,Employed,10.6,111778.92,0.122,No,1,C,1
PL02544,50,23266.76,20,824,17,43217.93,8.05,Education,Employed,5.8,279201.12,0.941,No,0,A,1
PL02545,65,3293.16,30,661,20,2402.95,15.62,Debt Consolidation,Employed,12.5,39517.92,0.83,No,0,C,0
PL02546,43,13169.59,22,718,20,47018.8,10.4,Education,Employed,4.5,158035.08000000002,0.765,No,0,C,0
PL02547,48,22994.42,30,699,15,3123.6,12.27,Debt Consolidation,Employed,11.0,275933.04,0.105,No,0,C,1
PL02548,60,16038.35,30,850,3,31111.42,7.14,Home Improvement,Employed,9.6,192460.2,0.808,Yes,0,A,1
PL02549,25,14567.36,1,709,9,34975.99,12.98,Other,Employed,24.8,174808.32,0.609,No,0,C,1
PL02550,40,7744.12,19,649,1,6259.92,18.15,Debt Consolidation,Employed,25.3,92929.44,0.732,No,0,D,0
PL02551,60,9895.34,30,670,14,3352.58,13.7,Home Improvement,Retired,16.3,118744.08,0.978,No,0,C,0
PL02552,64,21597.11,30,770,3,39460.7,11.54,Home Improvement,Retired,9.3,259165.32,0.194,No,2,B,1
PL02553,21,14862.02,13,639,15,19848.86,14.78,Other,Employed,16.4,178344.24,0.504,Yes,1,D,0
PL02554,50,13839.07,30,806,6,6248.51,6.76,Debt Consolidation,Employed,16.2,166068.84,0.753,Yes,0,A,1
PL02555,41,4290.33,21,582,11,38370.72,18.54,Home Improvement,Employed,6.2,51483.96,0.434,No,0,D,0
PL02556,40,2368.65,22,638,2,42608.99,15.74,Debt Consolidation,Self-Employed,0.0,28423.800000000003,0.055,Yes,0,D,1
PL02557,26,24164.76,8,711,16,29781.92,10.1,Medical,Unemployed,0.0,289977.12,0.111,No,0,C,1
PL02558,42,10670.68,20,671,8,8900.6,11.49,Medical,Retired,9.0,128048.16,0.602,Yes,0,C,0
PL02559,38,15873.9,13,689,7,1745.9,12.47,Medical,Employed,6.0,190486.8,0.285,No,0,C,1
PL02560,28,3833.45,9,609,5,35339.32,12.17,Debt Consolidation,Employed,5.6,46001.399999999994,0.138,No,2,D,0
PL02561,59,17711.63,30,790,14,27956.84,7.11,Home Improvement,Employed,3.6,212539.56,0.34,No,0,A,1
PL02562,52,23449.03,26,791,9,32889.06,5.72,Education,Employed,3.2,281388.36,0.201,No,0,A,1
PL02563,53,15240.3,30,743,5,40846.05,8.71,Debt Consolidation,Employed,15.2,182883.59999999998,0.024,Yes,0,B,1
PL02564,36,4900.65,16,484,14,22277.16,20.08,Education,Employed,0.0,58807.799999999996,0.152,No,0,E,0
PL02565,32,15379.6,14,695,13,7101.26,13.58,Home Improvement,Self-Employed,14.7,184555.2,0.883,No,0,C,0
PL02566,58,19625.99,30,671,18,47059.18,14.03,Other,Self-Employed,7.8,235511.88,0.012,No,0,C,1
PL02567,54,11347.58,30,737,12,27717.84,10.24,Medical,Employed,21.5,136170.96,0.774,No,0,B,1
PL02568,34,22236.27,14,792,13,31149.41,6.87,Debt Consolidation,Retired,12.1,266835.24,0.753,No,0,A,1
PL02569,56,16919.71,30,690,2,46737.16,14.34,Debt Consolidation,Employed,0.0,203036.52,0.564,No,1,C,0
PL02570,53,22682.73,28,746,3,46647.6,11.53,Debt Consolidation,Retired,0.0,272192.76,0.208,No,1,B,1
PL02571,43,16340.62,22,677,13,29032.64,12.64,Debt Consolidation,Retired,0.9,196087.44,0.878,No,1,C,0
PL02572,70,5019.62,30,766,13,15582.96,11.53,Debt Consolidation,Employed,12.1,60235.44,0.475,No,0,B,1
PL02573,65,9122.91,30,720,7,49858.57,10.53,Debt Consolidation,Employed,0.0,109474.92,0.173,No,0,C,1
PL02574,22,6641.28,12,703,9,34360.04,12.09,Debt Consolidation,Employed,10.9,79695.36,0.429,No,0,C,1
PL02575,61,22903.01,30,797,8,21013.4,6.26,Home Improvement,Self-Employed,15.6,274836.12,0.195,No,2,A,1
PL02576,41,19489.2,13,731,13,28432.0,9.62,Medical,Employed,5.8,233870.40000000002,0.376,No,0,B,1
PL02577,22,17557.16,7,675,7,21375.87,11.7,Home Improvement,Retired,2.9,210685.91999999998,0.497,No,0,C,1
PL02578,47,8922.23,29,719,10,44526.95,12.33,Debt Consolidation,Employed,0.0,107066.76,0.36,No,1,C,1
PL02579,29,6233.03,2,542,9,24642.47,19.75,Education,Employed,22.1,74796.36,0.657,No,0,E,0
PL02580,21,19398.38,3,683,17,41352.89,10.49,Debt Consolidation,Unemployed,0.0,232780.56,0.936,No,1,C,0
PL02581,31,12905.63,17,663,3,42168.64,14.63,Education,Employed,19.8,154867.56,0.348,Yes,2,C,0
PL02582,23,7193.16,1,658,3,41392.28,17.31,Medical,Employed,7.8,86317.92,0.356,No,2,C,0
PL02583,43,16182.31,30,697,11,36387.24,10.63,Education,Employed,9.6,194187.72,0.738,No,0,C,0
PL02584,46,2927.68,16,594,17,42889.01,15.2,Home Improvement,Employed,15.5,35132.159999999996,0.531,Yes,0,D,0
PL02585,24,9501.92,6,635,7,19974.25,14.79,Other,Employed,11.2,114023.04000000001,0.429,No,0,D,0
PL02586,38,12776.81,22,625,2,6618.5,17.98,Education,Employed,0.0,153321.72,0.814,No,0,D,0
PL02587,26,5403.04,9,522,17,42280.26,19.03,Debt Consolidation,Employed,17.3,64836.479999999996,0.891,No,0,E,0
PL02588,55,24647.05,30,809,6,25410.25,10.55,Other,Self-Employed,19.8,295764.6,0.591,No,0,A,1
PL02589,42,6809.24,19,686,0,7241.43,10.34,Medical,Employed,18.6,81710.88,0.185,No,0,C,1
PL02590,63,4998.12,30,714,12,6650.31,11.56,Medical,Self-Employed,13.6,59977.44,0.466,No,0,C,1
PL02591,35,6681.3,18,708,2,8802.88,8.05,Medical,Employed,17.7,80175.6,0.504,Yes,0,C,1
PL02592,42,19688.41,24,689,2,37797.69,10.45,Debt Consolidation,Employed,0.0,236260.91999999998,0.432,No,2,C,0
PL02593,57,11786.63,30,641,14,35831.98,14.07,Debt Consolidation,Employed,9.3,141439.56,0.262,Yes,1,D,0
PL02594,62,15004.57,30,735,20,10987.12,10.77,Debt Consolidation,Employed,4.7,180054.84,0.472,No,0,B,1
PL02595,32,2483.21,9,599,18,42499.25,18.89,Debt Consolidation,Employed,21.6,29798.52,0.447,No,0,D,0
PL02596,67,2791.92,30,645,3,14783.44,12.92,Education,Employed,11.5,33503.04,0.209,Yes,0,D,1
PL02597,69,12253.99,30,735,12,39856.29,11.07,Debt Consolidation,Unemployed,0.0,147047.88,0.903,No,0,B,0
PL02598,62,20783.07,30,737,12,24951.49,7.46,Home Improvement,Employed,1.9,249396.84,0.885,Yes,0,B,1
PL02599,58,22360.49,30,676,14,36845.89,14.93,Education,Employed,1.5,268325.88,0.76,No,0,C,0
PL02600,38,3994.25,30,613,18,19688.0,18.39,Debt Consolidation,Employed,1.0,47931.0,0.401,No,1,D,0
PL02601,65,14382.35,30,685,15,18009.89,14.58,Debt Consolidation,Retired,16.0,172588.2,0.37,No,0,C,1
PL02602,55,23004.28,30,776,6,42226.62,10.44,Education,Employed,14.8,276051.36,0.716,No,0,B,1
PL02603,50,10923.37,29,661,2,2729.81,13.41,Debt Consolidation,Self-Employed,12.0,131080.44,0.608,Yes,1,C,0
PL02604,44,21080.01,19,788,19,48762.11,8.37,Medical,Employed,16.3,252960.12,0.601,No,1,A,1
PL02605,62,5075.0,30,769,1,32760.8,8.49,Home Improvement,Employed,3.6,60900.0,0.124,No,0,B,1
PL02606,50,23514.07,30,791,17,22191.69,7.59,Education,Employed,0.0,282168.83999999997,0.618,Yes,0,A,1
PL02607,34,19282.74,13,626,10,31774.67,13.69,Debt Consolidation,Retired,15.5,231392.88,0.902,No,0,D,0
PL02608,26,23650.69,1,785,0,7014.31,8.52,Home Improvement,Employed,9.5,283808.27999999997,0.086,No,0,A,1
PL02609,23,17562.2,0,752,15,26188.57,10.29,Debt Consolidation,Employed,16.7,210746.40000000002,0.339,No,1,B,1
PL02610,36,10358.29,12,664,16,49269.68,15.43,Debt Consolidation,Employed,13.4,124299.48000000001,0.509,No,0,C,0
PL02611,27,23578.17,6,778,15,12528.2,9.06,Education,Employed,9.4,282938.04,0.686,No,0,B,1
PL02612,34,8338.04,18,622,9,36391.63,17.13,Other,Employed,11.6,100056.48000000001,0.09,No,0,D,1
PL02613,29,9639.97,1,552,16,22313.6,17.06,Debt Consolidation,Employed,21.3,115679.63999999998,0.873,No,0,D,0
PL02614,35,18118.59,12,662,2,32970.45,16.39,Other,Employed,7.7,217423.08000000002,0.041,No,0,C,1
PL02615,41,19602.27,20,806,17,11039.47,6.52,Debt Consolidation,Unemployed,0.0,235227.24,0.858,No,0,A,1
PL02616,55,23376.28,24,692,18,24052.78,8.08,Debt Consolidation,Employed,12.5,280515.36,0.028,No,0,C,1
PL02617,22,6710.46,0,617,13,49024.54,14.81,Medical,Employed,0.0,80525.52,0.154,No,1,D,1
PL02618,47,20353.95,22,737,20,10569.07,11.29,Debt Consolidation,Employed,0.0,244247.40000000002,0.8,No,0,B,1
PL02619,22,18986.56,0,653,1,32185.81,14.12,Debt Consolidation,Self-Employed,9.7,227838.72000000003,0.86,No,0,C,0
PL02620,55,3467.27,30,645,11,29204.29,10.43,Debt Consolidation,Employed,6.0,41607.24,0.982,No,0,D,0
PL02621,38,10906.13,16,674,10,28687.53,13.43,Debt Consolidation,Employed,2.4,130873.56,0.116,Yes,2,C,1
PL02622,34,8503.61,10,622,16,31141.04,15.62,Debt Consolidation,Employed,18.6,102043.32,0.526,No,1,D,0
PL02623,40,9003.28,21,593,5,25609.66,14.74,Medical,Employed,0.0,108039.36000000002,0.077,Yes,1,D,0
PL02624,38,24607.78,25,749,18,1829.61,10.72,Medical,Employed,8.4,295293.36,0.156,Yes,0,B,1
PL02625,30,16783.88,17,737,12,45104.74,9.87,Other,Employed,3.0,201406.56,0.174,No,0,B,1
PL02626,45,18506.55,14,766,6,41521.96,5.0,Medical,Employed,21.9,222078.59999999998,0.063,No,0,B,1
PL02627,22,24462.21,3,665,10,9534.22,14.8,Medical,Self-Employed,30.0,293546.52,0.893,No,0,C,0
PL02628,45,10675.64,23,620,6,21250.39,15.8,Medical,Retired,7.5,128107.68,0.126,No,0,D,1
PL02629,53,20442.32,30,734,12,38756.9,13.3,Home Improvement,Employed,16.8,245307.84,0.629,No,0,B,1
PL02630,56,11994.21,30,790,12,49023.05,6.0,Debt Consolidation,Employed,20.2,143930.52,0.626,No,0,A,1
PL02631,51,21999.27,30,784,20,47605.72,7.53,Debt Consolidation,Retired,17.2,263991.24,0.199,Yes,0,A,1
PL02632,34,6155.12,13,673,0,45068.6,15.18,Medical,Self-Employed,16.3,73861.44,0.998,Yes,0,C,0
PL02633,21,23796.78,0,745,18,8760.32,7.94,Debt Consolidation,Employed,0.0,285561.36,0.347,No,0,B,1
PL02634,66,7031.75,30,728,18,45809.28,12.61,Other,Employed,19.4,84381.0,0.905,No,0,B,0
PL02635,36,9503.07,12,665,14,44043.8,15.52,Education,Retired,12.9,114036.84,0.948,No,0,C,0
PL02636,66,19392.42,30,802,13,19470.55,7.81,Debt Consolidation,Employed,8.2,232709.03999999998,0.949,No,0,A,1
PL02637,23,11056.37,4,613,2,20331.61,15.44,Home Improvement,Self-Employed,9.4,132676.44,0.753,No,2,D,0
PL02638,55,15988.86,30,659,20,23535.54,12.39,Debt Consolidation,Employed,12.1,191866.32,0.254,No,0,C,1
PL02639,61,12225.19,30,759,19,33152.61,7.69,Other,Employed,8.0,146702.28,0.121,No,0,B,1
PL02640,26,19074.51,6,749,3,13780.95,10.21,Other,Employed,7.2,228894.12,0.57,No,0,B,1
PL02641,45,7251.62,28,610,6,2124.47,10.15,Medical,Employed,2.2,87019.44,0.36,No,0,D,0
PL02642,33,3344.53,17,663,0,7920.25,12.39,Debt Consolidation,Employed,14.1,40134.36,0.831,No,0,C,0
PL02643,54,8898.38,30,776,18,22565.68,6.97,Debt Consolidation,Retired,8.7,106780.56,0.745,No,0,B,1
PL02644,28,12909.1,5,660,2,14818.13,11.66,Education,Employed,3.7,154909.2,0.276,No,0,C,1
PL02645,41,5864.46,20,610,19,38461.31,16.28,Home Improvement,Self-Employed,10.8,70373.52,0.017,No,0,D,1
PL02646,54,10160.34,27,704,14,6227.81,8.7,Debt Consolidation,Employed,10.3,121924.08,0.237,No,0,C,1
PL02647,24,11199.61,2,616,12,45955.8,18.04,Debt Consolidation,Employed,14.0,134395.32,0.567,No,0,D,0
PL02648,45,3320.01,27,615,13,44871.03,17.51,Debt Consolidation,Employed,9.8,39840.12,0.079,No,0,D,1
PL02649,35,15416.07,17,708,6,45529.08,14.17,Education,Retired,14.9,184992.84,0.658,No,0,C,1
PL02650,24,22339.9,1,619,0,37240.89,14.45,Home Improvement,Employed,7.8,268078.80000000005,0.672,No,1,D,0
PL02651,65,5490.09,30,625,12,6243.0,15.64,Debt Consolidation,Employed,8.4,65881.08,0.169,No,0,D,1
PL02652,32,15749.58,6,683,3,22468.74,14.24,Debt Consolidation,Unemployed,0.0,188994.96,0.596,No,0,C,1
PL02653,52,17289.0,30,729,11,7438.86,10.24,Medical,Employed,13.1,207468.0,0.607,No,0,B,1
PL02654,52,11644.7,30,719,6,49397.26,9.82,Home Improvement,Retired,19.7,139736.40000000002,0.478,No,0,C,1
PL02655,48,18125.24,25,820,1,17318.88,6.6,Home Improvement,Retired,18.4,217502.88,0.953,No,0,A,1
PL02656,33,11446.83,10,668,16,29681.2,12.86,Home Improvement,Employed,9.7,137361.96,0.108,Yes,0,C,1
PL02657,51,13606.66,29,739,0,39190.26,7.9,Debt Consolidation,Employed,0.0,163279.91999999998,0.407,No,0,B,1
PL02658,34,2169.12,10,570,13,46110.19,12.97,Debt Consolidation,Unemployed,0.0,26029.44,0.883,Yes,0,D,0
PL02659,40,17909.56,22,747,20,38021.84,7.83,Other,Employed,14.2,214914.72000000003,0.386,No,1,B,1
PL02660,38,17210.88,15,675,0,34050.69,8.24,Other,Employed,11.7,206530.56,0.425,Yes,0,C,1
PL02661,49,2883.22,30,655,2,23833.11,12.12,Medical,Employed,16.2,34598.64,0.668,No,0,C,0
PL02662,26,10469.75,12,638,10,30664.61,17.47,Medical,Employed,7.1,125637.0,0.666,Yes,0,D,0
PL02663,52,24517.73,26,818,6,5614.03,5.0,Other,Self-Employed,0.0,294212.76,0.023,No,0,A,1
PL02664,49,11676.94,28,630,8,44312.2,15.9,Education,Retired,3.0,140123.28,0.456,Yes,0,D,1
PL02665,63,13544.74,30,619,2,27645.09,17.95,Debt Consolidation,Retired,0.0,162536.88,0.334,No,2,D,0
PL02666,22,22928.39,0,687,0,2966.62,9.26,Medical,Retired,13.6,275140.68,0.628,No,0,C,0
PL02667,43,18497.02,30,741,18,46075.2,13.54,Other,Employed,9.5,221964.24,0.556,Yes,0,B,1
PL02668,39,15387.61,16,702,1,24975.8,11.57,Medical,Self-Employed,16.9,184651.32,0.651,No,0,C,1
PL02669,51,20349.51,30,805,20,43560.87,9.76,Home Improvement,Employed,16.0,244194.12,0.654,No,0,A,1
PL02670,25,21880.42,6,721,4,42987.51,11.41,Education,Employed,6.1,262565.04,0.255,Yes,2,B,1
PL02671,39,12508.43,12,652,16,40971.83,13.08,Debt Consolidation,Self-Employed,3.4,150101.16,0.246,Yes,0,C,1
PL02672,54,12927.49,28,596,18,4008.75,10.73,Debt Consolidation,Employed,3.7,155129.88,0.37,Yes,0,D,0
PL02673,30,10879.17,2,642,4,13106.27,12.22,Other,Retired,25.3,130550.04000000001,0.242,No,0,D,1
PL02674,45,24234.24,19,802,20,43901.85,8.54,Education,Employed,8.8,290810.88,0.683,No,1,A,1
PL02675,22,18034.82,0,654,13,45050.56,16.98,Debt Consolidation,Self-Employed,7.8,216417.84,0.603,No,0,C,0
PL02676,31,3914.13,12,622,9,23445.37,12.55,Other,Employed,12.3,46969.56,0.216,No,0,D,1
PL02677,70,21848.07,30,810,20,22562.03,6.7,Education,Employed,0.0,262176.83999999997,0.884,No,0,A,1
PL02678,51,13052.88,30,656,6,9581.89,12.93,Home Improvement,Employed,6.8,156634.56,0.461,No,0,C,0
PL02679,35,3581.34,6,659,7,48452.13,14.52,Education,Employed,3.1,42976.08,0.127,No,2,C,0
PL02680,29,14643.5,4,753,7,11443.79,9.59,Debt Consolidation,Employed,1.5,175722.0,0.213,No,0,B,1
PL02681,43,11594.78,19,675,6,10355.9,12.21,Medical,Retired,7.9,139137.36000000002,0.54,No,0,C,0
PL02682,39,22188.24,12,672,12,33375.72,14.37,Other,Employed,10.4,266258.88,0.338,Yes,0,C,1
PL02683,29,6691.88,12,628,13,12899.37,13.71,Debt Consolidation,Employed,0.0,80302.56,0.851,No,0,D,0
PL02684,55,21008.69,30,643,18,46999.81,14.43,Home Improvement,Employed,7.1,252104.27999999997,0.495,Yes,0,D,1
PL02685,41,14826.84,14,712,10,1534.44,12.81,Debt Consolidation,Employed,10.6,177922.08000000002,0.915,No,0,C,0
PL02686,29,3256.04,11,636,1,1281.91,13.27,Debt Consolidation,Employed,13.6,39072.479999999996,0.102,No,0,D,1
PL02687,48,24352.44,30,841,16,25738.96,5.0,Debt Consolidation,Employed,7.8,292229.27999999997,0.669,Yes,1,A,1
PL02688,66,13790.15,30,731,5,24915.06,9.29,Home Improvement,Employed,12.6,165481.8,0.886,No,0,B,1
PL02689,27,8690.17,20,657,8,9004.84,14.68,Education,Self-Employed,7.2,104282.04000000001,0.293,No,0,C,1
PL02690,36,12796.36,10,632,18,25231.46,15.61,Education,Employed,20.3,153556.32,0.136,No,0,D,1
PL02691,36,21730.73,29,702,4,21171.39,10.69,Home Improvement,Employed,14.4,260768.76,0.457,No,0,C,1
PL02692,53,9012.77,30,614,8,44626.15,16.41,Debt Consolidation,Employed,4.6,108153.24,0.961,No,0,D,0
PL02693,24,6431.56,0,610,6,1453.44,10.28,Debt Consolidation,Employed,6.0,77178.72,0.633,Yes,0,D,0
PL02694,24,4968.64,4,597,3,48837.22,18.17,Debt Consolidation,Self-Employed,13.1,59623.68000000001,0.644,No,2,D,0
PL02695,59,8850.77,30,717,17,31595.25,12.84,Medical,Employed,5.8,106209.24,0.672,Yes,0,C,1
PL02696,60,19941.11,30,728,17,8440.33,9.53,Education,Employed,0.0,239293.32,0.04,No,0,B,1
PL02697,37,12847.41,9,682,19,3291.24,11.23,Home Improvement,Employed,12.4,154168.91999999998,0.446,Yes,0,C,1
PL02698,57,7232.08,30,673,16,27367.18,12.93,Education,Retired,6.9,86784.95999999999,0.078,No,0,C,1
PL02699,59,5822.25,30,670,3,12509.62,11.36,Debt Consolidation,Employed,15.4,69867.0,0.316,No,0,C,1
PL02700,49,9652.78,27,690,15,15757.11,10.76,Home Improvement,Employed,10.3,115833.36000000002,0.822,No,0,C,0
PL02701,56,23618.26,30,772,4,13011.48,9.16,Debt Consolidation,Employed,15.2,283419.12,0.656,No,0,B,1
PL02702,58,9889.61,30,743,8,32858.44,11.48,Other,Employed,30.0,118675.32,0.996,No,0,B,0
PL02703,59,24726.85,30,775,1,28122.92,9.04,Debt Consolidation,Employed,20.3,296722.19999999995,0.172,Yes,0,B,1
PL02704,70,13160.3,30,728,1,4820.75,16.32,Debt Consolidation,Unemployed,0.0,157923.59999999998,0.397,No,0,B,1
PL02705,57,6120.77,30,675,3,26799.8,15.45,Education,Employed,13.4,73449.24,0.81,No,0,C,0
PL02706,55,22496.22,30,726,19,39768.3,12.11,Debt Consolidation,Retired,10.9,269954.64,0.216,No,0,B,1
PL02707,27,12588.17,6,638,19,4978.53,16.03,Debt Consolidation,Employed,12.1,151058.04,0.154,Yes,0,D,1
PL02708,47,18322.44,30,827,16,44597.21,6.22,Education,Employed,0.0,219869.27999999997,0.428,No,0,A,1
PL02709,48,24625.37,21,713,19,29337.03,12.24,Debt Consolidation,Unemployed,0.0,295504.44,0.384,No,2,C,0
PL02710,42,3154.03,15,625,20,47580.6,15.62,Debt Consolidation,Employed,0.0,37848.36,0.98,No,0,D,0
PL02711,34,4223.97,3,609,18,8258.92,18.06,Debt Consolidation,Employed,9.9,50687.64,0.456,Yes,0,D,0
PL02712,27,18570.51,3,674,2,49684.68,12.44,Education,Retired,0.0,222846.12,0.861,Yes,0,C,1
PL02713,57,8481.98,30,679,4,32569.37,12.11,Debt Consolidation,Retired,4.4,101783.76,0.888,Yes,0,C,0
PL02714,42,6238.93,20,669,9,28807.22,15.58,Debt Consolidation,Self-Employed,11.7,74867.16,0.158,Yes,0,C,1
PL02715,25,2905.32,0,519,5,26248.7,19.13,Education,Retired,16.9,34863.840000000004,0.715,No,0,E,0
PL02716,22,2502.47,0,648,2,2159.06,12.29,Medical,Employed,18.2,30029.64,0.278,No,1,D,0
PL02717,47,19813.17,18,764,16,47042.32,7.41,Medical,Employed,8.5,237758.03999999998,0.095,No,0,B,1
PL02718,41,5091.97,14,585,9,32555.73,18.54,Debt Consolidation,Self-Employed,17.9,61103.64,0.875,No,0,D,0
PL02719,58,12757.57,30,606,11,5489.7,21.43,Debt Consolidation,Unemployed,0.0,153090.84,0.292,No,1,D,0
PL02720,35,15935.63,8,640,0,2026.66,12.77,Education,Employed,4.3,191227.56,0.345,No,1,D,1
PL02721,41,11852.09,25,669,17,3488.4,14.52,Home Improvement,Employed,13.0,142225.08000000002,0.324,No,0,C,1
PL02722,30,2623.45,8,742,18,30860.39,10.22,Education,Employed,2.7,31481.399999999998,0.2,No,2,B,1
PL02723,43,20020.53,22,753,19,31086.76,11.67,Debt Consolidation,Employed,8.9,240246.36,0.435,Yes,0,B,1
PL02724,59,2241.8,30,578,3,25483.7,18.64,Debt Consolidation,Employed,6.2,26901.600000000002,0.428,Yes,0,D,0
PL02725,25,19523.47,7,653,14,16031.53,16.33,Other,Self-Employed,0.0,234281.64,0.409,Yes,1,C,0
PL02726,21,22546.0,3,692,8,27055.39,12.77,Medical,Employed,12.6,270552.0,0.916,No,0,C,0
PL02727,33,11955.32,13,678,5,26298.79,11.15,Debt Consolidation,Employed,11.2,143463.84,0.34,No,0,C,1
PL02728,41,14317.48,22,627,11,1951.36,13.78,Debt Consolidation,Employed,19.2,171809.76,0.03,Yes,0,D,1
PL02729,46,12970.62,23,690,17,14840.99,12.7,Home Improvement,Employed,0.0,155647.44,0.178,Yes,0,C,1
PL02730,70,10951.8,30,698,14,3606.08,12.84,Debt Consolidation,Employed,4.3,131421.59999999998,0.721,No,1,C,0
PL02731,65,22410.76,30,726,18,45107.58,9.87,Education,Employed,19.0,268929.12,0.591,No,1,B,1
PL02732,41,22560.47,20,747,8,36535.93,13.71,Medical,Employed,14.2,270725.64,0.952,No,0,B,1
PL02733,38,9723.78,15,703,12,49809.64,13.56,Debt Consolidation,Employed,15.8,116685.36000000002,0.694,Yes,0,C,1
PL02734,57,16146.6,30,776,15,15806.39,5.0,Debt Consolidation,Employed,21.6,193759.2,0.194,No,0,B,1
PL02735,65,23318.87,30,815,12,44045.81,6.35,Debt Consolidation,Employed,3.9,279826.44,0.121,Yes,0,A,1
PL02736,52,24127.35,30,739,0,30549.66,7.99,Other,Unemployed,0.0,289528.19999999995,0.521,No,0,B,1
PL02737,56,13706.06,30,756,17,23203.14,13.09,Education,Self-Employed,16.8,164472.72,0.665,No,0,B,1
PL02738,37,12414.97,21,691,2,11906.08,7.79,Home Improvement,Retired,15.1,148979.63999999998,0.166,No,0,C,1
PL02739,55,8409.97,27,698,16,37181.22,12.75,Education,Employed,9.0,100919.63999999998,0.602,No,0,C,1
PL02740,69,24054.05,30,767,4,45302.9,9.02,Other,Employed,8.8,288648.6,0.865,Yes,0,B,1
PL02741,31,5284.73,8,603,5,12530.11,17.86,Other,Employed,2.2,63416.759999999995,0.728,No,0,D,0
PL02742,41,15336.08,23,702,20,9594.13,12.37,Education,Self-Employed,22.6,184032.96,0.664,No,0,C,1
PL02743,46,8498.66,20,796,16,35114.87,11.59,Debt Consolidation,Employed,26.2,101983.92,0.789,No,0,A,1
PL02744,24,8417.19,3,645,16,48871.68,16.15,Medical,Self-Employed,18.9,101006.28,0.104,No,0,D,1
PL02745,54,11314.28,30,674,0,37747.8,9.32,Medical,Employed,15.2,135771.36000000002,0.204,No,1,C,1
PL02746,68,24972.24,30,759,6,14944.46,11.94,Education,Employed,14.7,299666.88,0.038,No,0,B,1
PL02747,38,3264.23,20,607,15,21577.82,16.45,Home Improvement,Employed,12.6,39170.76,0.145,Yes,0,D,1
PL02748,60,15306.46,30,845,4,19831.56,8.04,Debt Consolidation,Self-Employed,0.0,183677.52,0.913,No,1,A,1
PL02749,55,3899.16,30,649,15,42752.66,13.5,Debt Consolidation,Employed,6.2,46789.92,0.222,No,0,D,1
PL02750,61,5553.98,30,735,3,38797.17,8.1,Medical,Employed,16.6,66647.76,0.662,No,0,B,1
PL02751,49,12109.95,27,679,10,29859.8,10.27,Debt Consolidation,Retired,3.2,145319.40000000002,0.692,No,0,C,0
PL02752,49,13740.58,30,719,13,14473.0,13.08,Education,Employed,11.2,164886.96,0.645,No,0,C,0
PL02753,58,7952.23,25,735,12,46961.44,11.82,Other,Employed,19.3,95426.76,0.554,No,0,B,1
PL02754,62,9278.51,30,681,7,33012.45,11.5,Medical,Employed,19.4,111342.12,0.486,No,0,C,1
PL02755,41,4000.24,27,609,20,48553.36,10.61,Other,Employed,17.5,48002.88,0.42,No,0,D,0
PL02756,62,8974.06,30,791,19,29425.73,9.88,Medical,Employed,12.3,107688.72,0.917,No,0,A,1
PL02757,33,24230.84,2,776,14,41238.45,5.0,Medical,Self-Employed,16.4,290770.08,0.01,Yes,0,B,1
PL02758,69,23728.27,30,836,17,40842.16,9.98,Education,Employed,8.1,284739.24,0.053,No,0,A,1
PL02759,61,9702.2,30,749,6,17529.11,6.7,Debt Consolidation,Retired,23.6,116426.40000000001,0.493,No,0,B,1
PL02760,37,15129.64,18,712,20,48237.02,11.3,Education,Employed,0.0,181555.68,0.331,No,0,C,1
PL02761,29,22920.69,10,813,18,2075.13,7.14,Debt Consolidation,Employed,10.5,275048.27999999997,0.408,No,0,A,1
PL02762,61,2142.23,30,674,8,38666.83,13.73,Other,Unemployed,0.0,25706.760000000002,0.998,Yes,0,C,0
PL02763,21,20645.72,5,714,10,48312.3,11.83,Debt Consolidation,Employed,15.5,247748.64,0.775,No,1,C,0
PL02764,22,23812.5,5,630,9,17606.5,15.26,Debt Consolidation,Retired,7.3,285750.0,0.877,No,1,D,0
PL02765,68,4100.49,30,655,13,32757.42,13.0,Medical,Self-Employed,29.3,49205.88,0.369,No,2,C,0
PL02766,49,5713.3,28,606,15,28548.94,15.64,Education,Employed,17.3,68559.6,0.24,No,0,D,1
PL02767,53,24097.16,24,830,7,38313.86,5.0,Debt Consolidation,Employed,2.0,289165.92,0.768,No,0,A,1
PL02768,30,14363.42,13,544,0,43442.72,19.14,Debt Consolidation,Employed,0.0,172361.04,0.808,No,1,E,0
PL02769,70,2326.52,30,671,11,30549.18,9.63,Home Improvement,Retired,0.9,27918.239999999998,0.55,No,0,C,0
PL02770,60,7925.54,30,549,2,40979.32,19.31,Education,Employed,14.5,95106.48,0.896,No,1,E,0
PL02771,41,12348.7,26,642,1,16301.99,14.26,Debt Consolidation,Employed,7.9,148184.40000000002,0.967,No,0,D,0
PL02772,48,17936.9,30,701,15,12200.77,13.46,Education,Employed,5.4,215242.80000000002,0.471,No,0,C,1
PL02773,31,18862.69,9,765,3,22102.72,8.26,Debt Consolidation,Employed,4.2,226352.27999999997,0.223,No,0,B,1
PL02774,54,24894.69,30,792,1,34209.09,8.84,Debt Consolidation,Employed,16.6,298736.27999999997,0.517,No,0,A,1
PL02775,28,8612.76,7,597,11,10175.1,17.6,Other,Employed,7.4,103353.12,0.99,Yes,0,D,0
PL02776,42,14379.06,19,749,16,34337.26,9.31,Debt Consolidation,Unemployed,0.0,172548.72,0.293,Yes,0,B,1
PL02777,28,14266.44,3,668,19,20310.59,13.98,Debt Consolidation,Employed,18.0,171197.28,0.618,No,0,C,0
PL02778,69,11329.84,30,736,20,39983.19,7.5,Other,Employed,22.5,135958.08000000002,0.694,No,0,B,1
PL02779,35,5890.72,10,579,9,2804.96,20.0,Home Improvement,Employed,1.1,70688.64,0.214,No,1,D,0
PL02780,37,24481.5,19,686,19,33731.15,11.36,Debt Consolidation,Self-Employed,19.4,293778.0,0.588,No,0,C,1
PL02781,43,21626.3,19,692,7,32841.29,11.83,Education,Employed,9.1,259515.59999999998,0.315,Yes,0,C,1
PL02782,44,13461.66,20,697,17,47105.84,9.85,Home Improvement,Employed,17.3,161539.91999999998,0.854,No,0,C,0
PL02783,65,15874.64,30,753,17,35955.01,7.87,Debt Consolidation,Employed,15.2,190495.68,0.715,Yes,0,B,1
PL02784,39,7227.0,16,731,17,40018.79,13.7,Education,Employed,10.2,86724.0,0.826,No,0,B,1
PL02785,25,14507.1,1,681,1,45324.96,12.96,Education,Employed,10.5,174085.2,0.2,No,0,C,1
PL02786,52,17984.31,30,598,11,34077.54,15.86,Education,Employed,15.3,215811.72000000003,0.035,No,0,D,1
PL02787,64,13848.84,30,750,9,15217.53,8.94,Medical,Employed,1.2,166186.08000000002,0.851,No,1,B,0
PL02788,21,24776.56,3,633,7,43618.92,14.87,Education,Employed,0.9,297318.72000000003,0.387,No,0,D,1
PL02789,43,16060.86,18,658,18,37631.33,15.17,Debt Consolidation,Self-Employed,26.6,192730.32,0.18,No,0,C,1
PL02790,57,10532.4,30,666,9,21797.44,13.75,Home Improvement,Employed,19.3,126388.79999999999,0.092,Yes,0,C,1
PL02791,28,19759.5,7,661,10,35815.93,14.02,Debt Consolidation,Retired,17.9,237114.0,0.517,No,0,C,1
PL02792,33,5920.64,13,566,13,43516.75,16.06,Education,Employed,8.8,71047.68000000001,0.15,No,0,D,0
PL02793,28,10843.86,2,660,14,48806.95,13.05,Education,Self-Employed,0.0,130126.32,0.567,No,0,C,1
PL02794,43,9980.06,25,605,9,47665.22,16.45,Medical,Employed,5.8,119760.72,0.727,No,0,D,0
PL02795,63,11931.56,30,743,3,16941.06,9.8,Education,Employed,13.3,143178.72,0.535,Yes,1,B,1
PL02796,21,19980.94,0,793,6,21662.99,6.76,Medical,Self-Employed,19.2,239771.27999999997,0.904,No,1,A,0
PL02797,65,13135.98,30,669,10,6367.29,12.21,Debt Consolidation,Employed,13.4,157631.76,0.156,Yes,0,C,1
PL02798,44,20262.33,20,715,2,13129.67,12.01,Medical,Employed,13.7,243147.96000000002,0.494,No,0,C,1
PL02799,55,15259.24,30,600,4,44238.64,17.28,Home Improvement,Self-Employed,8.6,183110.88,0.163,Yes,1,D,0
PL02800,44,9867.6,30,662,1,18681.65,15.52,Home Improvement,Self-Employed,15.2,118411.20000000001,0.876,No,0,C,0
PL02801,37,20629.51,17,749,11,31407.08,9.98,Education,Employed,2.7,247554.12,0.932,No,0,B,1
PL02802,25,7480.66,0,663,20,33632.32,9.35,Debt Consolidation,Employed,11.0,89767.92,0.4,No,0,C,1
PL02803,40,7160.81,20,659,4,39309.63,18.4,Debt Consolidation,Employed,8.2,85929.72,0.306,No,0,C,1
PL02804,41,13603.57,18,734,6,9957.2,10.26,Debt Consolidation,Retired,21.6,163242.84,0.279,No,1,B,1
PL02805,60,7999.53,30,827,3,15935.84,5.23,Education,Employed,0.0,95994.36,0.86,No,0,A,1
PL02806,51,2209.0,30,738,10,22968.48,9.97,Debt Consolidation,Self-Employed,8.8,26508.0,0.682,No,0,B,1
PL02807,66,16910.84,30,730,8,18877.21,9.66,Other,Employed,12.0,202930.08000000002,0.881,Yes,0,B,1
PL02808,56,13755.16,30,648,3,49162.36,12.54,Home Improvement,Employed,0.0,165061.91999999998,0.118,Yes,0,D,1
PL02809,31,12246.91,18,642,8,41912.1,15.68,Debt Consolidation,Employed,15.9,146962.91999999998,0.476,No,1,D,0
PL02810,35,24240.28,18,683,11,24504.65,12.29,Education,Employed,8.9,290883.36,0.676,No,0,C,0
PL02811,39,15137.58,14,716,15,44084.16,10.91,Home Improvement,Employed,2.4,181650.96,0.897,Yes,1,C,0
PL02812,27,21858.93,17,644,0,18034.99,9.36,Debt Consolidation,Employed,18.1,262307.16000000003,0.382,No,1,D,0
PL02813,48,5207.36,28,658,7,39505.59,13.27,Education,Employed,4.0,62488.31999999999,0.313,Yes,0,C,1
PL02814,63,15091.75,30,783,0,11960.1,5.89,Education,Employed,16.5,181101.0,0.913,No,0,A,1
PL02815,25,21963.53,12,694,19,38843.78,11.05,Debt Consolidation,Employed,11.5,263562.36,0.048,No,0,C,1
PL02816,25,15411.43,14,619,18,23366.22,15.97,Medical,Employed,6.7,184937.16,0.48,No,1,D,0
PL02817,50,18514.33,28,791,3,6267.47,6.45,Other,Self-Employed,1.9,222171.96000000002,0.459,No,0,A,1
PL02818,52,10557.0,28,602,13,14389.86,15.32,Debt Consolidation,Employed,4.3,126684.0,0.146,No,0,D,0
PL02819,28,4126.34,6,600,13,20711.46,16.56,Education,Employed,17.0,49516.08,0.395,Yes,0,D,0
PL02820,30,12531.71,12,660,8,37715.35,12.62,Debt Consolidation,Unemployed,0.0,150380.52,0.723,No,0,C,0
PL02821,58,11073.03,30,712,8,4576.15,9.16,Home Improvement,Employed,15.6,132876.36000000002,0.367,No,0,C,1
PL02822,67,21942.38,30,792,16,33317.8,5.0,Home Improvement,Retired,9.8,263308.56,0.31,No,0,A,1
PL02823,52,7611.89,30,712,14,36084.67,11.95,Debt Consolidation,Employed,15.5,91342.68000000001,0.782,No,0,C,1
PL02824,68,24234.89,30,795,9,33042.15,6.47,Home Improvement,Employed,12.5,290818.68,0.989,No,0,A,1
PL02825,48,24037.18,25,737,16,38272.81,6.81,Debt Consolidation,Employed,5.2,288446.16000000003,0.779,No,0,B,1
PL02826,37,7695.53,21,632,8,9730.26,17.4,Debt Consolidation,Employed,2.7,92346.36,0.846,No,0,D,0
PL02827,51,10005.19,28,661,3,29768.06,14.27,Medical,Employed,7.5,120062.28,0.94,No,0,C,0
PL02828,28,22597.78,9,748,13,47116.1,7.26,Debt Consolidation,Employed,4.9,271173.36,0.802,Yes,1,B,0
PL02829,60,24232.31,30,748,2,30928.43,8.23,Education,Self-Employed,11.0,290787.72000000003,0.98,No,0,B,0
PL02830,45,12199.1,23,733,20,30955.48,12.41,Medical,Employed,22.8,146389.2,0.747,No,0,B,1
PL02831,29,9382.93,6,645,11,37085.54,13.97,Debt Consolidation,Employed,12.2,112595.16,0.662,No,0,D,0
PL02832,22,14100.16,7,628,0,17327.01,14.25,Debt Consolidation,Employed,21.8,169201.91999999998,0.693,No,1,D,0
PL02833,35,17818.69,10,730,0,35323.32,11.96,Education,Self-Employed,10.0,213824.27999999997,0.9,No,0,B,0
PL02834,70,8289.91,30,685,12,45895.46,12.16,Debt Consolidation,Employed,8.7,99478.92,0.683,No,0,C,1
PL02835,23,18938.88,12,712,13,1533.88,13.73,Debt Consolidation,Employed,0.0,227266.56,0.761,No,0,C,1
PL02836,69,3188.12,30,704,15,43635.54,10.81,Debt Consolidation,Self-Employed,15.1,38257.44,0.216,No,0,C,1
PL02837,56,3133.77,23,637,6,11712.3,13.54,Home Improvement,Unemployed,0.0,37605.24,0.913,No,0,D,0
PL02838,24,10884.62,0,668,9,23340.24,13.31,Other,Employed,3.1,130615.44,0.447,No,0,C,0
PL02839,34,10129.88,3,685,14,42765.04,14.43,Debt Consolidation,Retired,1.9,121558.56,0.161,No,0,C,1
PL02840,61,9259.56,30,766,7,41371.69,9.32,Debt Consolidation,Employed,12.8,111114.72,0.8,No,0,B,1
PL02841,61,13293.45,24,776,10,44704.45,8.57,Medical,Retired,5.4,159521.40000000002,0.356,Yes,0,B,1
PL02842,45,9376.87,23,701,13,47080.42,10.16,Other,Employed,23.2,112522.44,0.184,No,1,C,1
PL02843,70,6421.93,30,655,12,22910.69,11.96,Debt Consolidation,Retired,19.0,77063.16,0.256,No,2,C,0
PL02844,30,9117.8,9,768,12,33161.83,10.66,Home Improvement,Self-Employed,5.7,109413.59999999999,0.035,No,0,B,1
PL02845,41,24422.8,11,673,8,20133.44,15.19,Education,Employed,0.0,293073.6,0.091,No,0,C,1
PL02846,56,11455.61,30,756,16,18185.12,11.35,Other,Employed,10.9,137467.32,0.593,No,0,B,1
PL02847,32,12228.39,8,686,17,22148.18,14.04,Debt Consolidation,Employed,7.5,146740.68,0.866,No,0,C,0
PL02848,47,15260.53,30,651,18,37410.73,14.94,Other,Employed,17.1,183126.36000000002,0.449,No,0,C,0
PL02849,60,24616.84,30,776,12,25570.6,9.23,Education,Employed,10.1,295402.08,0.626,Yes,0,B,1
PL02850,22,7556.83,4,617,11,40888.92,15.86,Other,Unemployed,0.0,90681.95999999999,0.81,No,0,D,0
PL02851,33,17669.49,10,759,20,37515.71,10.26,Education,Employed,13.9,212033.88,0.357,Yes,0,B,1
PL02852,52,18467.65,30,700,19,2003.44,11.73,Education,Employed,0.0,221611.80000000002,0.654,Yes,0,C,1
PL02853,51,15968.46,22,708,19,31881.67,12.57,Home Improvement,Employed,4.0,191621.52,0.35,No,0,C,1
PL02854,36,4037.3,7,515,7,22391.99,22.06,Medical,Employed,6.4,48447.600000000006,0.643,No,1,E,0
PL02855,52,17568.06,30,818,10,23374.82,5.0,Medical,Employed,8.7,210816.72000000003,0.218,No,0,A,1
PL02856,52,3474.18,30,607,6,41100.28,18.24,Education,Employed,7.8,41690.159999999996,0.978,No,0,D,0
PL02857,54,15711.28,30,742,0,27832.79,9.79,Home Improvement,Retired,15.7,188535.36000000002,0.076,No,0,B,1
PL02858,31,19010.37,9,691,9,44395.47,15.14,Other,Self-Employed,14.0,228124.44,0.505,No,0,C,1
PL02859,30,6852.31,1,629,14,35927.47,17.59,Debt Consolidation,Self-Employed,6.6,82227.72,0.286,Yes,0,D,1
PL02860,35,21357.31,18,757,3,28089.16,7.17,Education,Self-Employed,15.3,256287.72000000003,0.601,No,1,B,1
PL02861,37,2698.14,20,711,0,37972.36,11.32,Home Improvement,Employed,0.6,32377.68,0.428,No,0,C,1
PL02862,60,21407.7,30,779,10,2879.1,5.0,Medical,Self-Employed,15.6,256892.40000000002,0.307,No,0,B,1
PL02863,38,12587.57,13,711,4,2327.1,10.55,Home Improvement,Employed,17.0,151050.84,0.25,No,0,C,1
PL02864,29,7004.52,4,649,18,5084.12,14.85,Home Improvement,Employed,12.2,84054.24,0.182,Yes,0,D,1
PL02865,45,5076.9,17,706,18,22440.7,13.24,Home Improvement,Employed,14.2,60922.799999999996,0.783,No,0,C,0
PL02866,60,23926.06,30,756,3,12537.06,9.41,Medical,Employed,15.3,287112.72000000003,0.222,No,0,B,1
PL02867,34,3671.31,7,680,1,49228.8,13.61,Other,Employed,18.4,44055.72,0.774,No,0,C,0
PL02868,45,6579.15,18,718,6,27572.22,9.6,Home Improvement,Employed,15.9,78949.79999999999,0.485,No,0,C,1
PL02869,70,9999.91,30,784,12,33458.37,7.96,Home Improvement,Employed,19.7,119998.92,0.072,No,0,A,1
PL02870,42,16265.4,18,672,19,14662.19,11.91,Debt Consolidation,Employed,0.0,195184.8,0.165,No,0,C,1
PL02871,50,14530.42,26,704,20,16768.05,12.2,Debt Consolidation,Self-Employed,11.1,174365.04,0.893,No,0,C,0
PL02872,40,4889.8,21,656,11,17437.63,16.6,Education,Employed,9.6,58677.600000000006,0.603,No,0,C,1
PL02873,41,8663.74,20,596,1,35238.05,16.43,Medical,Retired,11.2,103964.88,0.184,No,0,D,1
PL02874,64,7491.29,30,785,8,24211.6,5.21,Debt Consolidation,Employed,17.2,89895.48,0.704,No,0,A,1
PL02875,52,6911.49,30,677,15,26366.5,13.26,Debt Consolidation,Employed,11.0,82937.88,0.823,Yes,0,C,0
PL02876,66,11456.32,30,743,7,30008.15,11.27,Debt Consolidation,Employed,10.7,137475.84,0.331,Yes,0,B,1
PL02877,69,18192.72,30,740,17,38671.77,8.16,Home Improvement,Unemployed,0.0,218312.64,0.557,Yes,0,B,1
PL02878,41,7001.42,20,590,3,5428.12,19.3,Home Improvement,Employed,0.0,84017.04000000001,0.293,No,0,D,0
PL02879,55,10433.61,26,671,10,39066.82,11.94,Other,Employed,22.4,125203.32,0.08,Yes,0,C,1
PL02880,52,10991.1,30,709,16,28598.52,9.89,Debt Consolidation,Employed,9.2,131893.2,0.4,No,0,C,1
PL02881,50,24458.5,24,795,7,33785.68,5.0,Debt Consolidation,Employed,21.8,293502.0,0.751,No,0,A,1
PL02882,59,23957.33,30,785,18,17050.04,8.49,Education,Employed,3.2,287487.96,0.459,No,1,A,1
PL02883,69,20403.16,30,797,7,21059.96,11.04,Debt Consolidation,Self-Employed,2.7,244837.91999999998,0.405,No,0,A,1
PL02884,32,7558.16,15,624,5,12327.13,16.01,Medical,Employed,8.2,90697.92,0.366,No,0,D,1
PL02885,61,3564.86,30,704,1,48985.7,10.17,Debt Consolidation,Employed,10.3,42778.32,0.459,No,0,C,1
PL02886,67,9288.8,30,794,14,25353.15,8.57,Debt Consolidation,Employed,5.9,111465.59999999999,0.318,No,0,A,1
PL02887,38,8136.27,21,691,0,49807.77,13.83,Education,Employed,3.6,97635.24,0.612,No,0,C,0
PL02888,41,13636.29,23,730,5,24999.51,12.78,Debt Consolidation,Retired,13.0,163635.48,0.064,No,0,B,1
PL02889,33,19887.74,8,720,18,11767.81,8.44,Debt Consolidation,Retired,21.6,238652.88,0.807,No,0,C,1
PL02890,41,21741.43,16,655,3,25865.17,16.97,Education,Employed,23.3,260897.16,0.173,No,0,C,1
PL02891,28,21431.87,0,650,12,2940.18,14.52,Debt Consolidation,Employed,7.7,257182.44,0.633,No,1,D,0
PL02892,66,10272.54,30,746,14,45333.72,13.23,Education,Retired,1.4,123270.48000000001,0.45,No,0,B,1
PL02893,60,17806.39,30,748,8,41108.96,9.95,Debt Consolidation,Employed,7.9,213676.68,0.773,No,0,B,1
PL02894,66,9195.19,30,739,2,36565.21,11.2,Medical,Employed,23.7,110342.28,0.826,No,0,B,0
PL02895,27,3400.83,7,694,1,30881.51,10.19,Other,Retired,18.2,40809.96,0.204,Yes,1,C,1
PL02896,43,18136.0,28,752,15,29411.88,11.42,Education,Employed,13.1,217632.0,0.677,No,0,B,1
PL02897,64,2226.03,30,742,17,49839.68,7.76,Medical,Employed,6.3,26712.36,0.19,No,0,B,1
PL02898,52,11411.2,30,705,17,14621.87,12.13,Other,Employed,17.3,136934.40000000002,0.124,No,0,C,1
PL02899,31,9575.72,7,609,5,39204.53,15.09,Debt Consolidation,Retired,28.1,114908.63999999998,0.93,No,0,D,0
PL02900,42,17947.68,24,710,17,29488.83,11.19,Debt Consolidation,Employed,8.9,215372.16,0.164,No,0,C,1
PL02901,42,19623.65,13,681,10,48818.15,14.85,Debt Consolidation,Employed,0.0,235483.80000000002,0.228,No,0,C,1
PL02902,63,8994.18,30,788,6,41562.36,7.11,Education,Self-Employed,1.8,107930.16,0.13,Yes,0,A,1
PL02903,45,20667.42,14,772,13,49927.73,10.76,Medical,Self-Employed,10.5,248009.03999999998,0.47,No,0,B,1
PL02904,42,8760.09,19,693,17,29827.92,11.32,Debt Consolidation,Employed,8.8,105121.08,0.92,Yes,1,C,0
PL02905,48,12265.51,29,759,6,11022.65,9.4,Home Improvement,Employed,20.9,147186.12,0.264,No,0,B,1
PL02906,49,18721.43,25,630,9,25680.66,19.3,Debt Consolidation,Employed,5.3,224657.16,0.542,No,0,D,0
PL02907,33,17937.17,6,725,7,35844.45,10.93,Other,Employed,8.6,215246.03999999998,0.411,No,0,B,1
PL02908,38,24709.47,21,674,13,38943.66,12.85,Other,Employed,4.8,296513.64,0.336,No,0,C,1
PL02909,22,7178.7,0,619,17,1024.99,15.78,Other,Self-Employed,16.2,86144.4,0.572,No,0,D,0
PL02910,49,17233.31,25,708,4,25746.33,10.79,Home Improvement,Employed,3.1,206799.72000000003,0.559,Yes,0,C,1
PL02911,41,16022.68,20,735,13,12526.49,8.22,Debt Consolidation,Employed,8.1,192272.16,0.359,No,0,B,1
PL02912,35,23047.26,27,736,9,43870.68,14.3,Medical,Employed,0.0,276567.12,0.851,Yes,0,B,1
PL02913,47,5596.33,30,729,14,8492.37,9.69,Debt Consolidation,Employed,5.8,67155.95999999999,0.053,No,0,B,1
PL02914,70,19291.36,30,746,5,33656.36,6.68,Home Improvement,Self-Employed,23.3,231496.32,0.085,Yes,0,B,1
PL02915,51,15070.18,30,752,8,14037.05,9.14,Debt Consolidation,Self-Employed,24.2,180842.16,0.991,No,0,B,0
PL02916,35,8317.32,14,659,9,18470.57,14.4,Debt Consolidation,Employed,15.4,99807.84,0.748,Yes,0,C,0
PL02917,43,12912.0,10,608,16,47087.4,15.58,Other,Employed,13.5,154944.0,0.804,Yes,0,D,0
PL02918,44,9676.86,19,630,0,12781.96,14.9,Debt Consolidation,Employed,5.0,116122.32,0.603,No,0,D,0
PL02919,64,15324.21,30,737,13,5655.14,9.81,Debt Consolidation,Employed,11.6,183890.52,0.42,No,0,B,1
PL02920,33,22447.01,2,773,3,4394.96,9.35,Education,Employed,11.3,269364.12,0.629,Yes,0,B,1
PL02921,42,15094.01,15,722,1,25726.14,12.46,Medical,Employed,10.1,181128.12,0.093,No,0,B,1
PL02922,63,16529.62,30,690,2,32443.86,11.89,Medical,Employed,16.5,198355.44,0.758,No,0,C,1
PL02923,57,13931.2,30,716,6,17037.39,16.27,Medical,Employed,2.5,167174.40000000002,0.541,No,0,C,1
PL02924,53,3176.81,30,762,13,34822.73,11.08,Home Improvement,Employed,30.0,38121.72,0.957,No,0,B,0
PL02925,23,7355.75,7,628,11,3990.65,15.08,Debt Consolidation,Employed,23.0,88269.0,0.637,No,0,D,0
PL02926,39,13316.04,20,668,18,43009.4,10.64,Education,Employed,3.5,159792.48,0.152,No,1,C,1
PL02927,43,9135.41,17,696,17,41011.79,12.23,Medical,Self-Employed,10.9,109624.92,0.478,No,0,C,1
PL02928,49,6180.56,18,707,14,49289.32,13.13,Medical,Employed,5.2,74166.72,0.058,No,0,C,1
PL02929,50,13595.06,20,685,0,46888.74,14.14,Education,Retired,15.1,163140.72,0.745,No,0,C,0
PL02930,59,9424.63,30,730,2,18453.66,6.75,Debt Consolidation,Employed,9.3,113095.56,0.502,No,0,B,1
PL02931,64,7936.48,30,691,14,20564.49,12.46,Debt Consolidation,Employed,0.0,95237.76,0.37,No,0,C,1
PL02932,67,12671.66,30,773,3,37552.28,7.54,Debt Consolidation,Employed,2.6,152059.91999999998,0.969,No,0,B,1
PL02933,45,5065.54,18,663,14,7570.06,16.49,Debt Consolidation,Employed,20.6,60786.479999999996,0.941,No,1,C,0
PL02934,57,23338.15,30,794,9,16386.72,7.79,Debt Consolidation,Retired,8.2,280057.80000000005,0.953,No,0,A,1
PL02935,67,21957.15,30,745,5,6808.51,5.2,Education,Employed,8.2,263485.80000000005,0.221,No,0,B,1
PL02936,28,18275.27,7,646,12,23289.44,15.01,Debt Consolidation,Employed,15.4,219303.24,0.729,Yes,0,D,0
PL02937,62,4442.92,30,733,6,28048.21,6.42,Home Improvement,Employed,17.5,53315.04,0.945,No,0,B,0
PL02938,36,19845.18,9,707,0,11346.86,12.4,Home Improvement,Employed,9.3,238142.16,0.571,No,0,C,1
PL02939,28,20583.02,9,713,10,2304.95,16.4,Debt Consolidation,Employed,0.0,246996.24,0.214,Yes,0,C,1
PL02940,21,19658.59,0,664,13,36248.44,16.18,Education,Employed,3.6,235903.08000000002,0.818,No,0,C,0
PL02941,64,4621.22,30,736,5,1980.25,10.7,Other,Employed,0.0,55454.64,0.88,No,0,B,0
PL02942,25,16809.88,8,643,4,48696.73,13.09,Education,Self-Employed,0.0,201718.56,0.703,No,0,D,0
PL02943,23,21189.47,6,685,18,11858.76,15.05,Other,Employed,10.6,254273.64,0.294,No,0,C,1
PL02944,21,15279.13,0,697,18,33531.1,13.23,Debt Consolidation,Employed,10.4,183349.56,0.191,No,0,C,1
PL02945,24,16867.37,2,730,12,22302.83,9.92,Home Improvement,Employed,20.2,202408.44,0.624,No,0,B,1
PL02946,60,12542.36,30,696,6,3924.02,10.92,Education,Self-Employed,9.7,150508.32,0.483,Yes,1,C,0
PL02947,55,14160.27,30,818,7,24137.0,5.0,Debt Consolidation,Self-Employed,3.0,169923.24,0.669,No,2,A,1
PL02948,52,2790.67,30,673,13,26321.27,13.79,Other,Employed,19.6,33488.04,0.112,Yes,0,C,1
PL02949,62,16696.15,30,695,18,42879.48,11.21,Other,Employed,24.0,200353.80000000002,0.136,No,0,C,1
PL02950,54,3873.29,30,685,18,36885.1,12.84,Debt Consolidation,Employed,17.3,46479.479999999996,0.363,No,0,C,1
PL02951,63,12005.34,30,706,11,4885.82,13.4,Other,Employed,9.5,144064.08000000002,0.259,No,0,C,1
PL02952,45,8731.07,23,695,8,11248.97,11.16,Debt Consolidation,Employed,7.5,104772.84,0.619,No,0,C,1
PL02953,30,14544.84,4,670,13,16282.5,14.47,Medical,Employed,0.5,174538.08000000002,0.368,No,0,C,1
PL02954,41,5068.58,23,651,5,6703.98,16.49,Debt Consolidation,Self-Employed,3.7,60822.96,0.684,No,1,C,0
PL02955,66,17907.8,30,715,14,23388.05,11.93,Debt Consolidation,Employed,6.4,214893.59999999998,0.769,No,1,C,0
PL02956,59,20285.27,30,808,12,49231.15,8.31,Home Improvement,Employed,0.0,243423.24,0.187,No,0,A,1
PL02957,47,5757.15,22,604,6,26216.03,16.99,Debt Consolidation,Employed,7.3,69085.79999999999,0.92,No,0,D,0
PL02958,47,4399.2,22,600,10,37352.23,16.4,Debt Consolidation,Self-Employed,7.7,52790.399999999994,0.787,No,1,D,0
PL02959,22,5346.86,0,629,9,34463.95,16.72,Education,Employed,20.2,64162.31999999999,0.627,No,1,D,0
PL02960,61,22173.93,30,850,0,42645.66,8.22,Debt Consolidation,Employed,0.0,266087.16000000003,0.909,No,0,A,1
PL02961,68,14148.35,30,729,6,11570.45,12.21,Medical,Employed,11.4,169780.2,0.266,No,0,B,1
PL02962,33,12747.0,11,704,17,37937.49,11.25,Debt Consolidation,Employed,0.0,152964.0,0.422,No,0,C,1
PL02963,29,4454.37,11,673,2,44186.41,12.71,Home Improvement,Employed,0.0,53452.44,0.086,No,0,C,1
PL02964,56,16939.79,30,777,8,9403.98,8.06,Debt Consolidation,Employed,6.0,203277.48,0.456,No,0,B,1
PL02965,42,21963.99,22,718,4,17993.31,12.89,Debt Consolidation,Employed,10.2,263567.88,0.506,No,0,C,1
PL02966,62,21048.27,30,714,12,48534.99,10.13,Debt Consolidation,Employed,20.2,252579.24,0.616,No,0,C,1
PL02967,46,16399.26,27,603,15,39258.6,14.18,Medical,Employed,7.8,196791.12,0.064,No,0,D,1
PL02968,32,3731.41,8,609,15,14846.95,16.89,Debt Consolidation,Employed,5.7,44776.92,0.032,No,3,D,0
PL02969,37,4585.13,13,695,11,28633.15,12.09,Education,Employed,4.4,55021.56,0.42,No,0,C,1
PL02970,34,3134.11,5,567,17,20811.98,20.83,Debt Consolidation,Employed,5.9,37609.32,0.189,Yes,0,D,0
PL02971,34,7922.02,17,682,10,25008.29,8.12,Home Improvement,Retired,0.0,95064.24,0.759,No,0,C,0
PL02972,54,5120.21,30,626,16,18403.14,15.6,Debt Consolidation,Self-Employed,3.4,61442.520000000004,0.669,No,0,D,0
PL02973,40,7981.1,19,665,6,14687.22,12.6,Home Improvement,Unemployed,0.0,95773.20000000001,0.326,No,0,C,1
PL02974,31,10856.34,4,691,14,34063.39,13.85,Debt Consolidation,Employed,0.0,130276.08,0.046,No,0,C,1
PL02975,36,23688.6,17,697,5,39148.55,11.39,Debt Consolidation,Employed,6.7,284263.19999999995,0.182,No,0,C,1
PL02976,51,16038.65,26,730,5,43823.9,9.3,Debt Consolidation,Employed,7.7,192463.8,0.692,No,0,B,1
PL02977,26,21204.4,4,677,17,8611.17,14.74,Debt Consolidation,Employed,15.7,254452.80000000002,0.99,Yes,0,C,0
PL02978,39,18338.08,22,744,18,41319.92,12.38,Education,Employed,10.9,220056.96000000002,0.326,Yes,0,B,1
PL02979,57,4587.57,30,688,19,13485.24,12.17,Other,Employed,13.4,55050.84,0.802,No,1,C,0
PL02980,24,18926.17,2,685,18,21939.48,12.34,Debt Consolidation,Employed,4.0,227114.03999999998,0.867,No,0,C,0
PL02981,67,8327.27,30,793,1,45170.74,10.13,Education,Employed,0.0,99927.24,0.048,No,0,A,1
PL02982,24,16699.48,17,704,2,23270.68,13.95,Debt Consolidation,Unemployed,0.0,200393.76,0.916,No,1,C,0
PL02983,40,9842.13,27,634,13,10656.11,16.88,Debt Consolidation,Employed,8.9,118105.56,0.466,No,0,D,0
PL02984,30,24946.46,12,720,3,8833.56,10.1,Debt Consolidation,Employed,19.3,299357.52,0.964,No,0,C,0
PL02985,44,8061.68,19,664,16,24176.2,12.14,Home Improvement,Employed,0.0,96740.16,0.539,No,0,C,0
PL02986,55,8420.0,30,696,5,38370.95,15.27,Debt Consolidation,Self-Employed,26.7,101040.0,0.235,Yes,0,C,1
PL02987,46,23405.46,22,850,18,49863.05,6.22,Home Improvement,Self-Employed,11.4,280865.52,0.975,No,0,A,1
PL02988,57,2566.82,30,685,8,39583.02,11.02,Debt Consolidation,Employed,3.9,30801.840000000004,0.243,No,0,C,1
PL02989,58,18023.85,30,644,3,43973.59,14.15,Debt Consolidation,Employed,3.5,216286.19999999998,0.882,No,0,D,0
PL02990,41,18682.51,16,688,6,37643.79,12.53,Education,Self-Employed,8.7,224190.12,0.173,No,0,C,1
PL02991,60,21236.71,30,669,3,44876.32,13.02,Debt Consolidation,Employed,9.5,254840.52,0.675,No,0,C,0
PL02992,59,24412.1,30,763,10,4738.38,8.37,Debt Consolidation,Unemployed,0.0,292945.19999999995,0.411,No,1,B,1
PL02993,41,24438.84,28,644,1,46566.65,16.82,Debt Consolidation,Employed,15.1,293266.08,0.972,No,0,D,0
PL02994,30,3501.37,16,573,9,20423.9,18.65,Debt Consolidation,Employed,4.7,42016.44,0.185,Yes,0,D,1
PL02995,58,20902.3,30,684,5,46159.1,17.05,Home Improvement,Retired,10.9,250827.59999999998,0.409,No,0,C,1
PL02996,66,16865.13,30,775,7,4710.91,10.98,Debt Consolidation,Employed,7.3,202381.56,0.64,No,0,B,1
PL02997,24,16888.87,0,672,14,36046.9,13.36,Medical,Employed,23.2,202666.44,0.978,No,0,C,0
PL02998,65,4952.05,30,709,12,37048.75,14.24,Debt Consolidation,Employed,0.0,59424.600000000006,0.304,No,0,C,1
PL02999,40,16954.3,18,699,1,49848.63,12.57,Home Improvement,Self-Employed,27.2,203451.59999999998,0.397,No,0,C,1
PL03000,37,24597.1,16,667,19,38673.91,18.15,Education,Employed,2.9,295165.19999999995,0.462,No,0,C,1
PL03001,27,22971.83,6,734,0,19746.11,9.64,Debt Consolidation,Employed,1.3,275661.96,0.253,No,0,B,1
PL03002,24,12100.01,0,744,14,28305.18,10.72,Other,Employed,7.6,145200.12,0.817,No,0,B,0
PL03003,49,2918.8,30,673,6,18961.0,11.84,Debt Consolidation,Self-Employed,11.7,35025.600000000006,0.092,No,0,C,1
PL03004,34,10332.75,16,638,17,10604.91,13.87,Education,Employed,7.1,123993.0,0.705,Yes,0,D,0
PL03005,23,21006.98,5,619,9,13176.61,14.82,Education,Employed,14.8,252083.76,0.534,Yes,0,D,1
PL03006,44,18134.48,27,673,14,11878.52,15.52,Debt Consolidation,Employed,6.4,217613.76,0.242,No,0,C,1
PL03007,57,12564.9,30,739,4,27891.95,10.46,Other,Self-Employed,4.9,150778.8,0.493,No,0,B,1
PL03008,36,3267.34,12,681,10,45401.87,7.76,Home Improvement,Self-Employed,2.6,39208.08,0.83,No,0,C,0
PL03009,24,11818.58,2,660,7,45723.6,13.82,Home Improvement,Employed,20.1,141822.96,0.445,No,0,C,0
PL03010,44,12787.57,23,731,20,3683.43,8.46,Other,Self-Employed,13.1,153450.84,0.122,Yes,0,B,1
PL03011,54,23356.78,30,800,7,4915.07,6.39,Education,Employed,0.7,280281.36,0.041,No,0,A,1
PL03012,50,16744.98,30,749,5,13010.83,11.89,Debt Consolidation,Employed,6.4,200939.76,0.778,No,0,B,1
PL03013,38,9168.02,20,628,14,13497.91,12.4,Home Improvement,Self-Employed,0.0,110016.24,0.33,No,0,D,1
PL03014,39,14082.32,28,697,14,5649.57,9.5,Debt Consolidation,Employed,30.0,168987.84,0.931,No,0,C,0
PL03015,51,3519.27,30,617,4,20034.7,12.27,Debt Consolidation,Employed,11.5,42231.24,0.617,Yes,0,D,0
PL03016,39,24369.07,18,740,12,29798.54,9.23,Education,Retired,0.0,292428.83999999997,0.436,No,0,B,1
PL03017,69,10281.38,28,745,13,29329.95,6.39,Other,Employed,0.0,123376.56,0.564,No,0,B,1
PL03018,66,12990.95,30,820,10,27628.05,5.0,Debt Consolidation,Employed,0.0,155891.40000000002,0.457,No,0,A,1
PL03019,39,10171.53,15,603,19,17594.92,15.77,Home Improvement,Retired,12.3,122058.36000000002,0.906,No,0,D,0
PL03020,42,17697.77,16,736,20,35616.33,10.81,Education,Employed,0.0,212373.24,0.458,Yes,0,B,1
PL03021,44,17231.34,21,788,11,41497.71,6.0,Debt Consolidation,Employed,0.0,206776.08000000002,0.104,Yes,0,A,1
PL03022,65,18452.41,30,800,19,17967.44,7.99,Home Improvement,Employed,8.0,221428.91999999998,0.597,No,0,A,1
PL03023,32,8167.29,14,686,0,5191.23,12.68,Other,Employed,9.3,98007.48,0.623,No,0,C,1
PL03024,50,9260.38,21,715,2,15520.18,12.22,Debt Consolidation,Employed,5.6,111124.56,0.765,No,0,C,0
PL03025,58,4880.78,30,745,7,7731.06,7.69,Debt Consolidation,Employed,6.7,58569.36,0.933,Yes,2,B,0
PL03026,51,17076.73,30,673,11,23900.58,17.01,Debt Consolidation,Employed,0.0,204920.76,0.443,Yes,1,C,1
PL03027,56,2915.33,30,597,14,8640.82,14.22,Home Improvement,Self-Employed,13.6,34983.96,0.352,No,0,D,0
PL03028,39,15746.69,21,696,2,23679.39,10.75,Debt Consolidation,Employed,0.0,188960.28,0.491,No,1,C,1
PL03029,68,22003.01,30,677,7,11829.14,13.89,Debt Consolidation,Employed,8.7,264036.12,0.9,No,0,C,0
PL03030,65,22489.14,30,843,18,37197.82,5.55,Medical,Self-Employed,24.2,269869.68,0.98,No,0,A,1
PL03031,56,12327.87,30,774,19,2350.84,10.15,Education,Self-Employed,7.1,147934.44,0.971,No,0,B,1
PL03032,50,12563.98,30,681,5,28182.57,12.06,Debt Consolidation,Employed,0.0,150767.76,0.23,Yes,2,C,0
PL03033,69,3770.29,30,678,17,9304.93,10.36,Home Improvement,Employed,9.1,45243.479999999996,0.497,No,0,C,1
PL03034,53,17427.6,21,729,10,1048.6,7.45,Other,Employed,7.5,209131.19999999998,0.259,No,0,B,1
PL03035,38,20888.97,15,723,11,43590.8,14.33,Other,Employed,11.5,250667.64,0.368,No,0,B,1
PL03036,69,7627.07,30,722,1,33904.86,10.21,Debt Consolidation,Employed,11.3,91524.84,0.032,No,0,B,1
PL03037,48,11689.92,18,722,4,5848.2,10.48,Other,Employed,17.7,140279.04,0.161,Yes,0,B,1
PL03038,67,21293.3,30,771,3,33539.55,12.19,Medical,Employed,6.0,255519.59999999998,0.397,No,0,B,1
PL03039,31,22173.77,12,760,8,30970.72,8.11,Debt Consolidation,Unemployed,0.0,266085.24,0.365,No,0,B,1
PL03040,65,7593.14,30,730,12,24194.48,10.5,Medical,Self-Employed,3.5,91117.68000000001,0.279,Yes,0,B,1
PL03041,53,14663.12,30,688,12,21543.65,10.3,Debt Consolidation,Employed,4.7,175957.44,0.23,No,0,C,1
PL03042,37,6427.34,13,712,14,44466.42,8.65,Medical,Employed,12.3,77128.08,0.749,No,0,C,1
PL03043,26,4343.21,2,545,1,13012.25,22.64,Medical,Self-Employed,0.0,52118.520000000004,0.295,Yes,0,E,0
PL03044,24,22955.77,13,698,12,20517.19,15.72,Home Improvement,Self-Employed,2.4,275469.24,0.707,No,0,C,0
PL03045,40,20871.67,17,772,6,17126.66,10.59,Debt Consolidation,Unemployed,0.0,250460.03999999998,0.369,No,0,B,1
PL03046,68,19480.8,30,737,16,38788.85,12.11,Medical,Employed,19.6,233769.59999999998,0.802,No,2,B,0
PL03047,67,3121.63,30,705,7,45906.8,13.1,Debt Consolidation,Employed,2.9,37459.56,0.167,No,1,C,1
PL03048,47,21405.76,16,768,17,42639.3,7.25,Other,Retired,12.8,256869.12,0.158,No,0,B,1
PL03049,35,12075.01,3,627,14,40087.49,15.72,Medical,Employed,8.3,144900.12,0.68,No,0,D,0
PL03050,26,9875.09,2,637,14,49352.71,13.67,Debt Consolidation,Self-Employed,14.0,118501.08,0.915,No,0,D,0
PL03051,67,14568.96,30,739,4,35160.08,5.0,Debt Consolidation,Employed,10.5,174827.52,0.143,Yes,0,B,1
PL03052,34,4101.12,16,600,1,37801.64,18.6,Medical,Self-Employed,10.2,49213.44,0.074,No,0,D,1
PL03053,31,19402.87,14,814,15,49157.32,7.75,Education,Employed,30.0,232834.44,0.935,No,0,A,1
PL03054,59,15396.01,30,696,4,1342.55,9.37,Medical,Employed,30.0,184752.12,0.117,No,1,C,1
PL03055,29,6291.57,16,679,5,32068.37,12.05,Debt Consolidation,Employed,7.9,75498.84,0.25,No,0,C,1
PL03056,46,6329.34,20,644,11,37209.61,16.47,Medical,Unemployed,0.0,75952.08,0.929,No,0,D,0
PL03057,36,6237.72,16,588,4,45973.53,17.17,Debt Consolidation,Employed,11.9,74852.64,0.803,Yes,0,D,0
PL03058,25,3311.05,3,611,19,44308.37,12.47,Education,Employed,14.8,39732.600000000006,0.343,No,0,D,1
PL03059,30,15519.36,8,710,7,42256.07,8.94,Other,Employed,20.6,186232.32,0.955,No,0,C,0
PL03060,70,21328.01,30,832,10,47343.77,9.53,Medical,Retired,0.0,255936.12,0.568,No,1,A,1
PL03061,23,2402.46,0,676,13,27331.58,13.04,Debt Consolidation,Employed,6.7,28829.52,0.072,No,0,C,1
PL03062,33,3127.11,5,768,16,1339.08,10.84,Other,Employed,5.9,37525.32,0.703,No,0,B,1
PL03063,63,15173.72,30,754,9,1541.67,13.04,Debt Consolidation,Employed,3.5,182084.63999999998,0.537,No,0,B,1
PL03064,69,20848.4,30,749,1,27687.31,8.67,Medical,Employed,0.0,250180.80000000002,0.573,Yes,0,B,1
PL03065,50,9514.99,30,710,2,22328.34,12.07,Education,Employed,8.2,114179.88,0.994,No,0,C,0
PL03066,65,10041.13,30,706,12,23111.01,7.61,Debt Consolidation,Employed,15.6,120493.56,0.153,No,0,C,1
PL03067,26,15715.97,2,716,16,20619.83,9.88,Debt Consolidation,Self-Employed,0.0,188591.63999999998,0.657,No,0,C,1
PL03068,37,8306.9,10,590,2,45968.56,17.97,Debt Consolidation,Employed,10.7,99682.79999999999,0.459,Yes,0,D,0
PL03069,65,2611.99,30,801,9,18599.35,6.84,Home Improvement,Employed,13.4,31343.879999999997,0.272,No,0,A,1
PL03070,39,18910.26,12,755,7,42955.12,10.22,Home Improvement,Self-Employed,23.1,226923.12,0.694,No,0,B,1
PL03071,62,16389.95,30,661,3,45240.37,15.45,Education,Retired,15.1,196679.40000000002,0.668,No,3,C,0
PL03072,55,15357.39,30,691,12,25475.59,13.35,Debt Consolidation,Self-Employed,9.3,184288.68,0.856,No,0,C,0
PL03073,66,19058.73,30,808,6,22899.96,7.57,Home Improvement,Employed,12.5,228704.76,0.879,No,0,A,1
PL03074,46,17530.31,26,778,6,38290.01,8.65,Education,Employed,16.1,210363.72000000003,0.562,Yes,0,B,1
PL03075,25,6735.29,2,560,15,35690.6,17.05,Education,Employed,11.0,80823.48,0.326,No,0,D,0
PL03076,49,10107.06,29,724,4,17098.22,8.88,Education,Employed,16.3,121284.72,0.53,No,0,B,1
PL03077,57,4900.53,30,581,16,6024.86,19.94,Debt Consolidation,Employed,7.3,58806.36,0.359,No,0,D,0
PL03078,40,4986.71,27,640,9,13977.77,16.13,Education,Retired,19.6,59840.520000000004,0.277,No,1,D,1
PL03079,69,17552.5,30,821,3,7420.4,5.0,Medical,Employed,5.9,210630.0,0.552,No,1,A,1
PL03080,41,21747.8,19,703,13,15441.88,11.81,Education,Employed,4.5,260973.59999999998,0.658,No,0,C,1
PL03081,30,24142.85,0,645,4,13829.26,11.53,Home Improvement,Employed,6.3,289714.19999999995,0.591,No,0,D,1
PL03082,25,16451.98,3,679,1,32247.86,11.82,Debt Consolidation,Employed,2.2,197423.76,0.954,No,0,C,0
PL03083,56,6234.33,30,652,13,47770.31,15.07,Education,Employed,16.0,74811.95999999999,0.299,No,0,C,1
PL03084,26,4429.96,0,645,17,34601.44,14.84,Debt Consolidation,Employed,0.0,53159.520000000004,0.372,No,0,D,1
PL03085,46,20695.57,21,691,10,46405.82,12.46,Home Improvement,Employed,6.5,248346.84,0.668,No,0,C,1
PL03086,24,15311.4,6,625,15,39422.48,13.46,Debt Consolidation,Employed,12.6,183736.8,0.6,No,0,D,0
PL03087,59,16220.56,30,638,17,36666.0,12.46,Debt Consolidation,Retired,10.1,194646.72,0.002,No,0,D,1
PL03088,59,19973.63,30,766,15,21289.04,10.72,Home Improvement,Employed,9.7,239683.56,0.312,Yes,1,B,1
PL03089,70,18175.38,30,762,20,16914.93,12.39,Debt Consolidation,Self-Employed,8.9,218104.56,0.254,No,0,B,1
PL03090,55,21192.54,30,696,3,42467.59,13.1,Medical,Employed,11.3,254310.48,0.84,No,0,C,1
PL03091,21,3292.92,0,608,0,45364.27,15.66,Other,Retired,2.0,39515.04,0.866,No,0,D,0
PL03092,44,19192.97,24,775,13,23142.24,10.86,Education,Employed,6.2,230315.64,0.284,No,0,B,1
PL03093,56,21569.61,30,749,11,1444.09,7.91,Debt Consolidation,Retired,7.9,258835.32,0.102,No,0,B,1
PL03094,26,8581.11,8,648,9,39834.02,16.29,Debt Consolidation,Employed,13.6,102973.32,0.205,No,0,D,1
PL03095,61,16730.29,30,759,18,14968.37,7.94,Home Improvement,Employed,17.5,200763.48,0.177,No,0,B,1
PL03096,66,9225.73,30,657,3,1484.51,12.68,Debt Consolidation,Employed,8.9,110708.76,0.237,No,0,C,1
PL03097,64,24033.33,30,850,19,40444.44,5.0,Medical,Employed,15.9,288399.96,0.235,Yes,0,A,1
PL03098,51,2768.74,30,632,20,26353.3,14.71,Home Improvement,Employed,10.7,33224.88,0.48,No,0,D,0
PL03099,40,15335.24,23,729,2,34575.33,12.33,Education,Retired,9.4,184022.88,0.32,No,0,B,1
PL03100,44,5829.58,8,695,3,45819.8,9.44,Home Improvement,Employed,16.3,69954.95999999999,0.56,Yes,0,C,1
PL03101,45,18381.06,18,714,14,27517.52,9.97,Debt Consolidation,Employed,0.0,220572.72000000003,0.344,No,0,C,1
PL03102,56,6045.48,30,712,10,25656.51,11.69,Education,Employed,13.5,72545.76,0.815,No,0,C,1
PL03103,41,7413.82,20,671,15,15242.44,14.25,Medical,Employed,4.5,88965.84,0.951,No,0,C,0
PL03104,50,13370.53,23,635,3,15954.5,11.36,Debt Consolidation,Employed,18.3,160446.36000000002,0.404,No,0,D,1
PL03105,44,23041.2,19,726,5,40030.56,9.06,Debt Consolidation,Employed,4.7,276494.4,0.049,No,0,B,1
PL03106,64,6869.43,30,671,7,23002.43,9.64,Medical,Self-Employed,7.5,82433.16,0.24,Yes,0,C,1
PL03107,62,5317.52,30,667,12,9012.78,11.92,Medical,Employed,0.0,63810.240000000005,0.102,No,0,C,1
PL03108,50,19456.47,30,672,19,5631.91,12.22,Education,Retired,12.9,233477.64,0.345,No,0,C,1
PL03109,42,13514.25,25,747,3,24173.09,10.69,Home Improvement,Employed,6.7,162171.0,0.645,No,1,B,0
PL03110,48,22971.06,30,830,4,23782.8,5.0,Education,Retired,5.7,275652.72000000003,0.519,Yes,0,A,1
PL03111,27,5372.13,10,669,9,33019.46,14.53,Home Improvement,Employed,10.2,64465.56,0.243,No,0,C,1
PL03112,55,16856.34,30,797,4,24082.31,6.39,Medical,Self-Employed,0.0,202276.08000000002,0.767,No,0,A,1
PL03113,48,7356.22,30,655,11,8030.31,13.18,Debt Consolidation,Employed,4.5,88274.64,0.131,No,0,C,1
PL03114,34,5605.49,14,604,0,25882.34,18.12,Debt Consolidation,Employed,8.5,67265.88,0.228,Yes,0,D,1
PL03115,30,17718.88,8,649,9,45432.68,16.83,Medical,Employed,21.7,212626.56,0.676,No,0,D,0
PL03116,36,15654.75,20,722,4,8812.63,9.51,Home Improvement,Employed,11.5,187857.0,0.197,No,0,B,1
PL03117,36,19361.03,22,720,18,34797.98,9.59,Debt Consolidation,Employed,13.2,232332.36,0.679,No,0,C,0
PL03118,51,9117.64,27,683,18,30099.1,11.88,Education,Employed,10.5,109411.68,0.977,No,0,C,0
PL03119,62,12303.35,30,790,19,37680.7,6.39,Debt Consolidation,Employed,30.0,147640.2,0.831,Yes,0,A,1
PL03120,45,11325.85,24,706,11,8379.41,8.68,Debt Consolidation,Self-Employed,17.2,135910.2,0.16,No,0,C,1
PL03121,33,24634.06,16,687,15,47138.66,12.35,Medical,Unemployed,0.0,295608.72000000003,0.52,Yes,0,C,1
PL03122,26,8721.73,8,601,4,31427.35,15.0,Debt Consolidation,Employed,11.8,104660.76,0.422,Yes,0,D,0
PL03123,64,8780.8,30,746,16,42506.49,9.92,Medical,Employed,18.7,105369.59999999999,0.992,Yes,0,B,1
PL03124,29,10154.61,17,700,13,13083.73,15.24,Other,Employed,0.0,121855.32,0.964,Yes,0,C,0
PL03125,65,14985.66,30,772,11,37231.23,8.33,Other,Self-Employed,10.8,179827.91999999998,0.127,No,0,B,1
PL03126,56,7803.42,30,785,12,39270.5,6.44,Debt Consolidation,Retired,5.7,93641.04000000001,0.909,No,0,A,1
PL03127,63,23051.67,30,850,20,20474.33,5.0,Medical,Unemployed,0.0,276620.04,0.193,No,1,A,1
PL03128,40,8110.77,30,682,13,19813.72,12.89,Other,Retired,20.7,97329.24,0.319,No,0,C,1
PL03129,38,22603.76,18,687,4,33232.02,12.08,Debt Consolidation,Retired,4.7,271245.12,0.353,No,0,C,1
PL03130,63,4379.93,30,622,4,5576.98,14.24,Education,Unemployed,0.0,52559.16,0.287,Yes,0,D,0
PL03131,41,17100.94,24,688,17,37045.58,9.05,Other,Employed,2.8,205211.27999999997,0.853,No,0,C,1
PL03132,24,22860.67,6,739,13,3101.45,11.31,Debt Consolidation,Retired,1.3,274328.04,0.33,No,1,B,1
PL03133,70,5881.24,30,800,17,10338.92,5.49,Other,Self-Employed,5.6,70574.88,0.817,No,0,A,1
PL03134,53,24271.52,30,788,19,33543.04,10.74,Education,Employed,5.2,291258.24,0.994,No,0,A,0
PL03135,47,12416.32,21,754,0,5817.86,8.63,Debt Consolidation,Employed,0.5,148995.84,0.841,No,0,B,1
PL03136,27,23751.45,3,700,6,48620.26,10.79,Education,Employed,9.8,285017.4,0.346,No,1,C,1
PL03137,26,17566.86,0,710,16,43551.41,10.42,Debt Consolidation,Self-Employed,0.0,210802.32,0.711,Yes,0,C,0
PL03138,35,8936.5,7,695,2,31688.81,12.35,Debt Consolidation,Employed,10.8,107238.0,0.534,No,0,C,1
PL03139,38,6330.96,26,548,9,41133.82,16.99,Education,Employed,17.8,75971.52,0.787,Yes,0,E,0
PL03140,52,8985.91,30,668,6,44491.42,11.92,Education,Self-Employed,5.8,107830.92,0.153,No,0,C,1
PL03141,31,4139.4,10,670,11,13714.31,14.43,Education,Employed,12.8,49672.799999999996,0.638,No,0,C,0
PL03142,40,5308.96,27,660,14,42621.17,11.6,Debt Consolidation,Self-Employed,8.0,63707.520000000004,0.774,No,1,C,0
PL03143,44,4407.19,22,590,20,10544.9,17.91,Home Improvement,Self-Employed,28.8,52886.28,0.761,No,0,D,0
PL03144,35,11727.7,12,547,15,21253.77,20.43,Education,Unemployed,0.0,140732.40000000002,0.964,No,0,E,0
PL03145,68,20298.3,30,759,7,28354.72,10.47,Home Improvement,Employed,3.1,243579.59999999998,0.058,Yes,0,B,1
PL03146,27,5251.82,5,616,5,35980.66,16.1,Home Improvement,Retired,20.3,63021.84,0.346,Yes,0,D,1
PL03147,41,4997.37,18,602,3,2476.92,12.66,Debt Consolidation,Employed,29.3,59968.44,0.477,No,0,D,0
PL03148,62,16798.87,30,755,10,15234.96,6.9,Debt Consolidation,Employed,8.3,201586.44,0.31,No,0,B,1
PL03149,46,6535.21,25,689,16,30817.44,9.61,Other,Employed,13.9,78422.52,0.31,No,0,C,1
PL03150,64,4245.03,30,722,1,18511.07,10.06,Home Improvement,Employed,18.1,50940.36,0.176,No,0,B,1
PL03151,34,5837.52,18,519,5,38976.23,20.11,Debt Consolidation,Unemployed,0.0,70050.24,0.813,No,0,E,0
PL03152,57,23245.82,30,704,3,32930.96,9.25,Medical,Employed,0.0,278949.83999999997,0.908,No,1,C,0
PL03153,41,20893.84,15,711,2,12485.67,10.97,Debt Consolidation,Retired,11.3,250726.08000000002,0.082,No,0,C,1
PL03154,38,10143.48,10,695,6,8150.52,13.41,Debt Consolidation,Employed,3.4,121721.76,0.155,No,0,C,1
PL03155,25,17083.88,4,699,6,31823.3,9.87,Education,Employed,8.3,205006.56,0.228,No,1,C,1
PL03156,23,14357.34,1,681,15,23072.9,11.04,Debt Consolidation,Employed,18.2,172288.08000000002,0.509,Yes,0,C,1
PL03157,43,17573.86,22,694,1,9278.9,14.45,Other,Employed,14.5,210886.32,0.791,Yes,0,C,0
PL03158,46,17701.44,24,704,7,16992.34,9.78,Home Improvement,Unemployed,0.0,212417.27999999997,0.071,No,0,C,1
PL03159,57,16460.88,30,699,14,15849.29,12.55,Medical,Self-Employed,9.0,197530.56,0.637,No,0,C,0
PL03160,44,8120.33,16,707,15,6298.47,13.98,Debt Consolidation,Employed,4.8,97443.95999999999,0.149,No,0,C,1
PL03161,69,2897.15,30,646,0,27798.54,11.91,Debt Consolidation,Self-Employed,4.3,34765.8,0.971,No,0,D,0
PL03162,39,12478.04,19,722,9,38418.78,8.6,Debt Consolidation,Employed,23.9,149736.48,0.899,No,0,B,0
PL03163,45,22492.4,22,752,6,29197.88,8.99,Education,Employed,28.0,269908.80000000005,0.95,No,0,B,1
PL03164,41,15098.44,21,695,15,41488.28,12.18,Debt Consolidation,Employed,18.6,181181.28,0.106,No,1,C,1
PL03165,32,21144.99,13,676,9,7250.86,11.63,Education,Employed,7.8,253739.88,0.488,No,0,C,1
PL03166,61,24807.36,30,718,11,22344.98,14.94,Education,Unemployed,0.0,297688.32,0.165,No,0,C,1
PL03167,53,5763.17,24,642,16,30861.34,15.53,Other,Employed,30.0,69158.04000000001,0.6,No,0,D,0
PL03168,70,17910.89,30,753,12,34124.08,7.8,Other,Employed,13.6,214930.68,0.233,Yes,1,B,1
PL03169,24,17508.75,5,557,11,35093.53,15.59,Education,Employed,13.5,210105.0,0.771,Yes,0,D,0
PL03170,62,24538.98,30,776,14,36719.31,8.24,Medical,Employed,5.2,294467.76,0.644,No,0,B,1
PL03171,27,24668.82,16,763,13,32920.06,9.83,Debt Consolidation,Employed,15.5,296025.83999999997,0.572,Yes,2,B,1
PL03172,42,17793.61,25,741,18,5617.18,13.64,Debt Consolidation,Employed,8.3,213523.32,0.825,No,0,B,1
PL03173,53,7603.14,30,659,18,35069.98,13.83,Other,Self-Employed,1.6,91237.68000000001,0.5,No,2,C,0
PL03174,37,20366.78,11,718,13,36514.35,10.51,Medical,Employed,7.3,244401.36,0.27,No,0,C,1
PL03175,44,4461.67,20,622,17,49680.52,13.41,Debt Consolidation,Employed,13.2,53540.04,0.621,No,3,D,0
PL03176,54,19956.08,30,755,4,34974.76,10.06,Education,Employed,22.3,239472.96000000002,0.957,No,0,B,1
PL03177,48,22934.51,30,827,19,34654.69,8.08,Other,Employed,0.0,275214.12,0.601,No,0,A,1
PL03178,63,10805.17,30,768,5,26225.85,5.15,Debt Consolidation,Retired,0.1,129662.04000000001,0.63,No,0,B,1
PL03179,61,16504.61,30,770,17,43528.22,8.79,Debt Consolidation,Employed,6.6,198055.32,0.935,No,0,B,1
PL03180,59,11893.28,30,692,13,49844.9,10.14,Other,Employed,2.5,142719.36000000002,0.515,Yes,0,C,1
PL03181,42,12068.6,25,721,3,39173.2,8.15,Education,Employed,10.0,144823.2,0.996,No,0,B,0
PL03182,69,9138.53,30,639,0,31012.52,17.98,Education,Unemployed,0.0,109662.36000000002,0.16,No,0,D,1
PL03183,37,19528.98,18,699,12,4868.79,13.64,Debt Consolidation,Retired,11.0,234347.76,0.537,No,0,C,1
PL03184,54,23532.06,30,794,10,36610.22,6.33,Home Improvement,Employed,11.3,282384.72000000003,0.213,Yes,0,A,1
PL03185,26,23637.27,13,747,2,35719.52,9.36,Home Improvement,Employed,0.0,283647.24,0.453,No,0,B,1
PL03186,66,6019.97,30,735,16,39002.84,9.59,Education,Employed,8.3,72239.64,0.171,No,0,B,1
PL03187,26,22119.1,3,717,17,7103.21,8.79,Debt Consolidation,Self-Employed,3.6,265429.19999999995,0.223,No,0,C,1
PL03188,54,18960.92,28,733,9,33032.89,9.24,Education,Employed,19.1,227531.03999999998,0.211,No,0,B,1
PL03189,21,7815.26,1,647,15,15490.47,15.8,Debt Consolidation,Employed,4.6,93783.12,0.32,No,0,D,1
PL03190,30,3547.55,0,570,20,38253.29,16.6,Debt Consolidation,Employed,6.0,42570.600000000006,0.135,No,1,D,0
PL03191,41,8163.94,19,620,12,12778.32,16.38,Debt Consolidation,Employed,2.7,97967.28,0.809,No,0,D,0
PL03192,25,22980.79,2,707,19,34514.96,10.38,Debt Consolidation,Employed,9.8,275769.48,0.221,No,1,C,1
PL03193,22,16563.11,0,675,11,15454.65,10.59,Other,Employed,8.8,198757.32,0.417,No,1,C,1
PL03194,42,18584.26,16,625,3,1440.72,17.62,Debt Consolidation,Employed,21.9,223011.12,0.016,No,0,D,1
PL03195,68,7914.5,30,738,7,32034.54,5.83,Education,Employed,9.8,94974.0,0.105,No,0,B,1
PL03196,22,18545.93,2,715,11,6550.19,14.71,Debt Consolidation,Employed,20.8,222551.16,0.896,No,0,C,0
PL03197,30,2646.79,9,609,18,33305.28,17.95,Medical,Employed,22.3,31761.48,0.837,Yes,0,D,0
PL03198,54,10632.39,30,819,14,46354.86,6.77,Debt Consolidation,Employed,7.2,127588.68,0.841,No,0,A,1
PL03199,36,16415.33,15,659,15,48493.05,12.79,Education,Retired,8.6,196983.96000000002,0.411,No,0,C,1
PL03200,68,5360.22,30,684,11,12560.23,11.81,Home Improvement,Employed,5.4,64322.64,0.142,No,0,C,1
PL03201,59,20929.08,30,742,19,40653.41,10.31,Other,Employed,0.2,251148.96000000002,0.108,No,0,B,1
PL03202,42,7405.72,13,657,17,18324.11,14.14,Medical,Self-Employed,28.9,88868.64,0.606,Yes,0,C,0
PL03203,32,17002.47,19,672,11,45122.4,11.17,Debt Consolidation,Employed,5.5,204029.64,0.828,No,0,C,0
PL03204,44,11319.53,24,614,15,39586.99,15.86,Debt Consolidation,Employed,2.8,135834.36000000002,0.9,Yes,0,D,0
PL03205,67,15709.0,30,725,19,4622.16,11.2,Medical,Employed,1.5,188508.0,0.289,No,1,B,1
PL03206,60,4471.36,30,677,10,20949.71,12.26,Debt Consolidation,Employed,5.0,53656.31999999999,0.321,No,0,C,1
PL03207,58,2388.99,30,729,19,17528.57,14.98,Education,Employed,7.6,28667.879999999997,0.101,No,0,B,1
PL03208,30,22919.98,8,824,13,39473.87,5.91,Other,Employed,19.9,275039.76,0.774,Yes,1,A,1
PL03209,55,8201.49,30,757,1,21104.0,5.7,Home Improvement,Self-Employed,24.5,98417.88,0.276,No,0,B,1
PL03210,69,20852.57,30,743,12,34544.83,7.84,Home Improvement,Self-Employed,0.0,250230.84,0.481,No,0,B,1
PL03211,52,24985.06,26,734,13,30519.33,11.68,Home Improvement,Employed,22.7,299820.72000000003,0.929,No,2,B,0
PL03212,27,6862.92,10,620,5,48806.3,14.01,Medical,Self-Employed,23.4,82355.04000000001,0.752,No,0,D,0
PL03213,41,8098.93,24,751,11,46951.46,7.51,Medical,Employed,5.0,97187.16,0.053,No,0,B,1
PL03214,40,17245.78,19,697,6,21957.28,14.75,Debt Consolidation,Employed,2.7,206949.36,0.008,No,0,C,1
PL03215,46,24205.32,28,686,3,36455.33,12.79,Other,Employed,14.2,290463.83999999997,0.787,No,1,C,0
PL03216,24,23063.73,2,678,6,41643.54,11.62,Debt Consolidation,Employed,4.9,276764.76,0.553,Yes,0,C,1
PL03217,66,13566.14,30,777,12,45045.4,5.0,Education,Employed,22.0,162793.68,0.72,No,0,B,1
PL03218,42,20287.54,26,759,10,4338.58,10.38,Debt Consolidation,Employed,13.9,243450.48,0.157,No,1,B,1
PL03219,35,5122.15,17,625,7,15801.86,15.26,Debt Consolidation,Employed,4.0,61465.799999999996,0.872,No,0,D,0
PL03220,60,24481.08,30,816,18,16691.27,9.15,Education,Self-Employed,12.3,293772.96,0.773,No,2,A,1
PL03221,41,24180.12,26,629,1,22287.85,12.86,Debt Consolidation,Employed,10.6,290161.44,0.891,No,0,D,1
PL03222,35,5765.77,2,644,20,9293.97,13.62,Education,Employed,0.0,69189.24,0.341,Yes,0,D,1
PL03223,42,8886.73,30,711,17,25314.09,11.92,Education,Employed,2.1,106640.76,0.276,No,0,C,1
PL03224,48,4303.56,18,615,20,33497.5,18.19,Education,Employed,4.7,51642.72,0.152,No,0,D,1
PL03225,34,8249.5,9,607,9,25370.83,16.56,Debt Consolidation,Self-Employed,13.0,98994.0,0.93,No,0,D,0
PL03226,47,20766.98,25,644,5,33623.86,12.95,Education,Unemployed,0.0,249203.76,0.177,No,0,D,1
PL03227,61,10701.26,30,795,3,4255.64,10.1,Home Improvement,Self-Employed,19.7,128415.12,0.119,No,0,A,1
PL03228,60,4033.13,30,644,18,43923.38,13.74,Debt Consolidation,Retired,4.4,48397.56,0.193,No,0,D,1
PL03229,48,9871.19,21,697,13,47014.39,12.31,Education,Employed,0.0,118454.28,0.771,No,2,C,0
PL03230,46,24571.82,26,785,13,31277.46,9.46,Education,Employed,3.2,294861.83999999997,0.89,Yes,0,A,1
PL03231,69,16482.72,30,836,17,44188.16,8.76,Home Improvement,Employed,4.4,197792.64,0.811,Yes,0,A,1
PL03232,22,11571.7,2,634,16,7440.85,15.56,Medical,Unemployed,0.0,138860.40000000002,0.563,No,0,D,0
PL03233,45,5830.39,23,632,17,40075.0,20.08,Debt Consolidation,Employed,9.8,69964.68000000001,0.994,No,0,D,0
PL03234,23,24682.07,2,718,17,6838.26,10.82,Home Improvement,Employed,15.6,296184.83999999997,0.069,No,0,C,1
PL03235,28,20879.53,4,764,4,20992.5,9.5,Home Improvement,Employed,6.7,250554.36,0.867,No,0,B,1
PL03236,64,8473.98,30,701,8,16867.11,10.54,Home Improvement,Employed,14.0,101687.76,0.428,No,2,C,0
PL03237,53,3611.58,30,616,0,29694.0,16.28,Education,Employed,17.8,43338.96,0.455,No,0,D,0
PL03238,62,3302.39,30,603,3,15774.21,16.82,Home Improvement,Self-Employed,9.9,39628.68,0.128,No,1,D,0
PL03239,55,4768.7,30,612,6,32228.37,17.91,Education,Employed,0.9,57224.399999999994,0.033,No,0,D,1
PL03240,26,15357.68,0,712,10,19001.98,12.16,Medical,Retired,7.8,184292.16,0.317,No,0,C,1
PL03241,59,23361.56,30,758,13,43178.73,8.13,Home Improvement,Retired,18.2,280338.72000000003,0.175,No,0,B,1
PL03242,43,13425.1,21,662,9,32060.31,14.06,Home Improvement,Retired,15.0,161101.2,0.483,No,0,C,0
PL03243,45,21387.75,28,701,18,11549.62,10.43,Education,Retired,1.5,256653.0,0.147,No,0,C,1
PL03244,70,12255.39,30,745,7,17470.34,10.87,Home Improvement,Employed,19.4,147064.68,0.138,No,0,B,1
PL03245,63,18297.42,30,745,2,42523.62,8.65,Debt Consolidation,Unemployed,0.0,219569.03999999998,0.877,No,0,B,1
PL03246,39,18833.07,15,698,7,19937.51,9.11,Debt Consolidation,Employed,1.4,225996.84,0.921,No,0,C,1
PL03247,25,6001.17,0,687,17,27254.15,10.15,Education,Retired,9.7,72014.04000000001,0.964,No,0,C,0
PL03248,31,10307.97,9,730,4,32798.15,8.1,Medical,Employed,0.0,123695.63999999998,0.681,No,0,B,1
PL03249,32,16657.95,7,606,19,18042.67,15.03,Debt Consolidation,Employed,15.2,199895.40000000002,0.771,Yes,1,D,0
PL03250,30,3626.02,12,634,10,15404.95,13.12,Education,Employed,19.2,43512.24,0.836,No,0,D,0
PL03251,28,10315.42,5,608,8,24287.49,15.96,Debt Consolidation,Employed,2.0,123785.04000000001,0.659,Yes,0,D,0
PL03252,44,14300.39,23,687,18,11529.17,11.63,Medical,Retired,8.7,171604.68,0.33,No,0,C,1
PL03253,48,24913.16,27,776,11,14926.32,9.4,Home Improvement,Self-Employed,17.0,298957.92,0.156,No,1,B,1
PL03254,61,12914.27,30,715,4,4041.85,11.9,Medical,Employed,0.0,154971.24,0.237,Yes,1,C,1
PL03255,56,20769.31,30,767,15,15894.54,8.12,Debt Consolidation,Employed,0.2,249231.72000000003,0.84,No,1,B,0
PL03256,57,11937.55,30,747,12,16714.5,12.17,Other,Self-Employed,8.1,143250.59999999998,0.696,Yes,0,B,1
PL03257,41,20316.99,16,738,5,48129.83,8.24,Medical,Employed,7.8,243803.88,0.456,Yes,0,B,1
PL03258,28,15694.54,13,642,15,29896.71,16.47,Home Improvement,Self-Employed,10.4,188334.48,0.029,Yes,2,D,1
PL03259,29,22391.7,6,678,17,39581.74,13.13,Medical,Employed,9.2,268700.4,0.266,No,0,C,1
PL03260,67,11451.68,30,659,16,3223.49,12.89,Other,Employed,0.0,137420.16,0.729,Yes,0,C,0
PL03261,35,15899.0,14,646,11,6220.3,16.53,Home Improvement,Unemployed,0.0,190788.0,0.512,Yes,0,D,1
PL03262,68,16490.43,30,850,0,40912.31,6.11,Education,Employed,0.0,197885.16,0.436,No,2,A,1
PL03263,66,11599.81,30,690,6,31553.93,10.12,Debt Consolidation,Employed,14.0,139197.72,0.314,Yes,0,C,1
PL03264,60,5319.18,30,626,13,10358.12,15.91,Medical,Retired,17.6,63830.16,0.607,No,1,D,0
PL03265,38,4151.87,13,652,17,20834.97,14.73,Education,Retired,9.3,49822.44,0.966,No,0,C,0
PL03266,62,2383.45,30,670,0,27394.95,15.2,Medical,Unemployed,0.0,28601.399999999998,0.901,No,0,C,0
PL03267,40,22091.29,10,720,19,42336.88,12.08,Debt Consolidation,Employed,5.1,265095.48,0.03,No,0,C,1
PL03268,26,7438.92,7,699,9,3960.19,13.18,Education,Employed,7.1,89267.04000000001,0.481,Yes,0,C,1
PL03269,32,6864.66,6,665,14,30239.39,12.53,Education,Employed,17.4,82375.92,0.329,No,0,C,1
PL03270,22,18928.81,0,652,10,36134.76,13.58,Home Improvement,Employed,13.7,227145.72000000003,0.511,No,0,C,1
PL03271,27,9360.37,0,619,3,48916.7,15.0,Home Improvement,Self-Employed,11.4,112324.44,0.606,No,0,D,0
PL03272,36,13639.03,18,655,14,40550.84,10.67,Debt Consolidation,Employed,8.8,163668.36000000002,0.2,No,2,C,1
PL03273,23,5737.75,7,658,20,14535.14,16.3,Debt Consolidation,Employed,0.7,68853.0,0.782,Yes,0,C,0
PL03274,65,24074.15,30,774,15,35769.38,6.22,Debt Consolidation,Retired,10.7,288889.80000000005,0.475,No,0,B,1
PL03275,23,21586.37,0,604,14,38400.62,16.72,Debt Consolidation,Unemployed,0.0,259036.44,0.992,No,0,D,0
PL03276,47,21867.16,30,740,16,36757.04,9.34,Debt Consolidation,Employed,27.7,262405.92,0.025,No,1,B,1
PL03277,70,11355.8,30,659,10,41187.06,13.2,Home Improvement,Employed,9.4,136269.59999999998,0.19,No,0,C,1
PL03278,63,19534.31,30,850,17,45282.77,6.36,Other,Self-Employed,7.0,234411.72000000003,0.69,No,0,A,1
PL03279,60,5309.15,30,638,15,5823.06,13.08,Debt Consolidation,Employed,12.3,63709.799999999996,0.695,No,0,D,1
PL03280,58,2198.24,30,658,14,6133.43,14.64,Education,Self-Employed,21.6,26378.879999999997,0.582,No,0,C,0
PL03281,53,2459.38,30,671,10,40023.6,14.07,Medical,Retired,12.8,29512.56,0.972,No,0,C,0
PL03282,48,15491.84,25,699,12,13366.25,10.31,Other,Employed,8.6,185902.08000000002,0.415,No,0,C,1
PL03283,21,12474.08,3,629,17,3868.53,16.87,Other,Employed,3.7,149688.96,0.417,Yes,1,D,0
PL03284,28,13914.35,14,686,7,20660.23,15.19,Debt Consolidation,Employed,3.3,166972.2,0.91,No,0,C,0
PL03285,57,2171.65,29,741,8,41173.97,14.0,Debt Consolidation,Employed,16.2,26059.800000000003,0.538,No,0,B,1
PL03286,52,11721.79,28,740,10,7201.69,9.48,Debt Consolidation,Employed,7.7,140661.48,0.354,No,0,B,1
PL03287,68,18515.57,30,842,16,33920.26,5.75,Medical,Self-Employed,26.1,222186.84,0.719,No,0,A,1
PL03288,63,12181.96,30,674,0,1177.18,13.5,Medical,Retired,10.7,146183.52,0.62,No,1,C,0
PL03289,57,18841.04,30,764,10,6377.13,10.24,Debt Consolidation,Employed,13.9,226092.48,0.306,No,0,B,1
PL03290,24,7359.44,0,632,6,18191.67,18.41,Home Improvement,Unemployed,0.0,88313.28,0.298,No,0,D,1
PL03291,50,20702.27,30,761,7,5096.51,10.02,Education,Employed,3.4,248427.24,0.396,Yes,0,B,1
PL03292,26,15533.92,2,738,18,42449.18,11.12,Other,Retired,16.1,186407.04,0.072,Yes,0,B,1
PL03293,66,6847.55,30,695,3,43339.45,9.86,Debt Consolidation,Employed,19.6,82170.6,0.943,No,0,C,0
PL03294,39,7444.57,10,634,3,38022.96,18.92,Debt Consolidation,Employed,2.0,89334.84,0.183,No,1,D,1
PL03295,52,16444.7,30,752,18,12881.5,8.5,Debt Consolidation,Employed,4.1,197336.40000000002,0.194,No,0,B,1
PL03296,29,21088.61,1,614,8,26639.11,10.41,Debt Consolidation,Employed,4.7,253063.32,0.647,No,0,D,0
PL03297,32,11559.44,9,649,16,10025.24,9.58,Home Improvement,Employed,15.4,138713.28,0.724,No,0,D,0
PL03298,31,7940.91,9,634,17,14782.64,15.47,Debt Consolidation,Retired,12.9,95290.92,0.737,No,0,D,0
PL03299,66,21941.27,30,735,0,26284.26,7.68,Medical,Employed,9.2,263295.24,0.375,Yes,1,B,1
PL03300,36,17393.17,8,751,13,37015.68,9.61,Debt Consolidation,Unemployed,0.0,208718.03999999998,0.873,No,0,B,1
PL03301,21,12305.97,9,590,3,5638.06,13.83,Debt Consolidation,Employed,22.9,147671.63999999998,0.544,No,0,D,0
PL03302,65,13221.7,30,729,9,15538.14,11.11,Home Improvement,Employed,17.8,158660.40000000002,0.439,No,1,B,1
PL03303,41,6697.9,22,670,13,46404.45,14.31,Other,Employed,0.0,80374.79999999999,0.81,No,0,C,0
PL03304,50,16416.46,24,789,6,22027.04,8.12,Education,Unemployed,0.0,196997.52,0.244,No,0,A,1
PL03305,33,10251.08,14,656,11,47004.61,12.43,Other,Employed,7.7,123012.95999999999,0.86,No,0,C,0
PL03306,54,24899.84,29,819,15,49578.63,8.17,Medical,Employed,5.2,298798.08,0.539,No,1,A,1
PL03307,24,13044.22,9,688,4,26806.33,11.56,Education,Retired,16.1,156530.63999999998,0.9,No,0,C,0
PL03308,48,13175.37,22,708,10,15114.16,11.08,Home Improvement,Employed,12.8,158104.44,0.202,No,0,C,1
PL03309,58,15014.59,30,676,3,39748.06,11.89,Debt Consolidation,Employed,10.7,180175.08000000002,0.936,No,0,C,0
PL03310,51,23085.39,27,685,12,8806.23,11.96,Debt Consolidation,Employed,2.8,277024.68,0.688,No,1,C,0
PL03311,47,20418.82,21,741,7,13350.3,13.7,Medical,Employed,18.1,245025.84,0.618,Yes,0,B,1
PL03312,25,12375.99,7,624,6,39459.12,15.26,Debt Consolidation,Employed,0.1,148511.88,0.422,No,0,D,0
PL03313,45,18530.08,26,768,10,22248.65,6.19,Debt Consolidation,Retired,16.2,222360.96000000002,0.956,No,0,B,0
PL03314,23,15483.42,8,700,10,10875.36,9.9,Debt Consolidation,Retired,10.7,185801.04,0.444,Yes,0,C,1
PL03315,53,13324.44,23,703,16,32905.16,11.13,Home Improvement,Employed,9.7,159893.28,0.499,No,0,C,1
PL03316,24,6423.26,8,562,13,36905.33,16.5,Medical,Employed,5.6,77079.12,0.781,No,1,D,0
PL03317,45,12670.53,30,718,1,7128.49,12.9,Education,Employed,11.3,152046.36000000002,0.285,No,1,C,1
PL03318,40,7653.83,16,607,19,14572.03,13.21,Home Improvement,Employed,0.0,91845.95999999999,0.291,No,0,D,1
PL03319,54,23041.37,30,725,20,11842.56,10.44,Education,Employed,19.9,276496.44,0.775,No,0,B,1
PL03320,46,9714.36,23,631,7,19612.88,16.98,Medical,Employed,6.8,116572.32,0.129,No,0,D,1
PL03321,25,23902.07,0,702,1,38408.8,10.47,Other,Employed,4.5,286824.83999999997,0.823,No,1,C,0
PL03322,55,14260.27,30,779,20,35971.7,9.11,Home Improvement,Employed,8.4,171123.24,0.625,No,0,B,1
PL03323,48,16525.52,30,718,14,33463.67,10.92,Education,Self-Employed,7.0,198306.24,0.539,No,3,C,0
PL03324,49,14487.63,23,688,4,1307.99,12.3,Medical,Retired,19.9,173851.56,0.229,No,0,C,1
PL03325,29,4975.75,4,546,5,7965.02,19.84,Education,Employed,0.0,59709.0,0.786,No,0,E,0
PL03326,58,10643.89,30,736,16,11941.58,6.46,Medical,Self-Employed,9.4,127726.68,0.805,No,0,B,1
PL03327,70,4280.36,30,662,7,14325.84,15.95,Debt Consolidation,Employed,22.7,51364.31999999999,0.483,No,0,C,0
PL03328,26,16327.94,7,679,18,8174.9,8.98,Education,Employed,10.5,195935.28,0.389,No,0,C,1
PL03329,39,12278.11,19,661,4,21105.46,15.86,Debt Consolidation,Self-Employed,11.5,147337.32,0.246,Yes,0,C,1
PL03330,64,19893.65,30,809,18,4683.85,7.73,Debt Consolidation,Self-Employed,9.8,238723.80000000002,0.754,No,1,A,1
PL03331,31,7070.82,7,629,13,37751.09,15.99,Education,Employed,4.8,84849.84,0.639,No,0,D,0
PL03332,22,5785.02,2,609,9,39598.32,19.18,Home Improvement,Employed,14.3,69420.24,0.207,No,0,D,1
PL03333,67,11345.64,30,755,12,29139.07,11.69,Debt Consolidation,Retired,8.5,136147.68,0.794,Yes,1,B,1
PL03334,64,23311.46,30,850,4,5395.54,6.63,Debt Consolidation,Employed,11.1,279737.52,0.882,No,0,A,1
PL03335,64,18339.7,30,804,6,44614.08,6.5,Education,Employed,14.4,220076.40000000002,0.059,No,0,A,1
PL03336,29,11635.24,13,651,9,48316.16,13.32,Medical,Self-Employed,13.5,139622.88,0.772,No,0,C,0
PL03337,41,13897.26,18,691,10,10915.81,13.91,Debt Consolidation,Employed,10.8,166767.12,0.853,No,1,C,0
PL03338,44,3936.9,24,621,2,35527.35,16.31,Debt Consolidation,Employed,17.2,47242.8,0.992,No,0,D,0
PL03339,54,24645.25,30,723,12,42254.99,11.38,Education,Unemployed,0.0,295743.0,0.238,Yes,0,B,1
PL03340,42,17327.37,15,682,1,27452.33,12.52,Home Improvement,Employed,16.3,207928.44,0.371,Yes,0,C,1
PL03341,23,8564.29,0,590,3,16842.83,16.0,Debt Consolidation,Employed,18.4,102771.48000000001,0.966,Yes,0,D,0
PL03342,32,15473.59,5,714,2,24449.38,8.4,Debt Consolidation,Employed,20.8,185683.08000000002,0.094,No,0,C,1
PL03343,48,4518.09,25,605,14,26101.17,17.42,Medical,Employed,0.3,54217.08,0.524,No,2,D,0
PL03344,50,24214.24,30,827,3,20631.22,5.68,Debt Consolidation,Employed,30.0,290570.88,0.507,No,0,A,1
PL03345,46,6020.05,30,699,20,46562.28,11.37,Debt Consolidation,Employed,11.3,72240.6,0.607,No,0,C,1
PL03346,68,16904.7,30,761,3,37450.27,5.42,Education,Employed,8.1,202856.40000000002,0.331,No,0,B,1
PL03347,41,7645.45,15,660,14,12823.78,13.82,Other,Employed,11.3,91745.4,0.926,No,0,C,0
PL03348,48,18503.91,19,700,5,29692.3,9.09,Debt Consolidation,Employed,0.0,222046.91999999998,0.27,No,2,C,1
PL03349,46,19866.89,27,744,4,34745.77,8.95,Education,Employed,11.9,238402.68,0.65,No,0,B,1
PL03350,53,17488.65,30,787,11,7867.66,9.45,Debt Consolidation,Employed,3.7,209863.80000000002,0.496,No,0,A,1
PL03351,41,16133.49,26,667,6,18562.86,13.44,Home Improvement,Employed,10.6,193601.88,0.267,No,0,C,1
PL03352,55,22526.79,30,685,2,45371.87,12.29,Debt Consolidation,Employed,11.2,270321.48,0.189,No,0,C,1
PL03353,54,3808.41,30,702,6,28791.48,10.27,Education,Employed,5.3,45700.92,0.957,Yes,0,C,0
PL03354,61,9611.04,30,726,11,11632.89,9.54,Home Improvement,Self-Employed,0.0,115332.48000000001,0.561,No,0,B,1
PL03355,67,7710.61,30,656,14,7016.46,16.99,Other,Self-Employed,12.2,92527.31999999999,0.604,Yes,0,C,0
PL03356,38,24724.32,20,702,18,26393.12,13.29,Medical,Employed,10.0,296691.83999999997,0.783,No,0,C,0
PL03357,31,10955.96,8,613,5,27836.6,14.85,Debt Consolidation,Employed,11.5,131471.52,0.081,No,1,D,0
PL03358,43,18850.09,15,684,7,17386.31,12.33,Education,Employed,6.6,226201.08000000002,0.714,No,0,C,0
PL03359,68,17748.68,30,748,5,31890.39,10.13,Debt Consolidation,Employed,4.7,212984.16,0.165,No,1,B,1
PL03360,42,6877.87,20,645,2,4365.55,15.19,Medical,Employed,8.3,82534.44,0.74,No,0,D,0
PL03361,37,7496.95,16,618,4,8111.84,15.5,Medical,Employed,11.1,89963.4,0.141,No,0,D,1
PL03362,25,8469.54,13,594,8,27767.42,13.1,Home Improvement,Employed,15.4,101634.48000000001,0.832,No,0,D,0
PL03363,64,11455.93,30,713,15,4028.97,11.16,Education,Unemployed,0.0,137471.16,0.681,No,0,C,0
PL03364,31,7389.48,15,647,15,44164.53,14.04,Medical,Employed,16.3,88673.76,0.386,No,0,D,1
PL03365,50,2451.98,26,636,8,7965.17,18.84,Other,Retired,15.2,29423.760000000002,0.359,No,1,D,0
PL03366,35,22226.04,12,779,17,34022.07,13.61,Other,Employed,14.2,266712.48,0.149,No,0,B,1
PL03367,47,24209.03,19,780,12,20168.97,9.47,Medical,Employed,24.6,290508.36,0.904,Yes,0,B,1
PL03368,55,9856.12,30,619,10,20589.6,14.15,Medical,Employed,0.0,118273.44,0.119,No,0,D,1
PL03369,53,9785.66,30,721,9,38479.59,12.22,Education,Unemployed,0.0,117427.92,0.472,No,0,B,1
PL03370,40,2163.11,19,661,9,25473.64,10.19,Debt Consolidation,Employed,4.8,25957.32,0.237,No,0,C,1
PL03371,36,17645.77,19,678,5,36557.12,11.75,Debt Consolidation,Employed,11.9,211749.24,0.996,No,0,C,0
PL03372,54,20985.12,30,678,15,25754.37,9.57,Education,Employed,10.4,251821.44,0.586,No,0,C,1
PL03373,22,5371.99,0,611,11,30052.36,16.96,Debt Consolidation,Self-Employed,0.0,64463.88,0.15,No,0,D,1
PL03374,55,5672.33,30,677,3,38275.02,10.44,Education,Employed,14.2,68067.95999999999,0.668,No,1,C,0
PL03375,60,20171.91,30,704,4,30758.13,11.06,Medical,Employed,16.9,242062.91999999998,0.992,No,0,C,0
PL03376,48,16174.69,30,644,1,31165.14,14.28,Education,Unemployed,0.0,194096.28,0.605,No,0,D,0
PL03377,67,3031.79,30,684,18,39671.76,12.49,Debt Consolidation,Employed,0.0,36381.479999999996,0.457,No,0,C,1
PL03378,59,16318.58,30,727,0,47505.25,9.65,Debt Consolidation,Employed,0.1,195822.96,0.293,No,0,B,1
PL03379,26,9105.11,9,616,3,19459.09,16.31,Debt Consolidation,Employed,4.4,109261.32,0.092,No,0,D,1
PL03380,29,10480.68,9,646,11,29278.74,11.76,Debt Consolidation,Self-Employed,20.2,125768.16,0.228,No,0,D,1
PL03381,40,19703.82,7,663,1,5227.38,16.98,Other,Employed,10.8,236445.84,0.554,No,0,C,1
PL03382,21,20651.51,0,663,11,18581.39,11.43,Debt Consolidation,Employed,0.0,247818.12,0.754,Yes,1,C,0
PL03383,28,11208.2,13,678,15,21190.41,12.9,Debt Consolidation,Self-Employed,26.5,134498.40000000002,0.878,No,0,C,0
PL03384,43,23784.52,24,727,1,41926.63,11.84,Debt Consolidation,Employed,22.0,285414.24,0.794,No,0,B,1
PL03385,23,11348.64,4,559,16,26156.23,19.59,Medical,Retired,1.3,136183.68,0.125,No,1,D,0
PL03386,24,19752.23,0,663,1,36822.25,15.05,Medical,Employed,6.7,237026.76,0.773,No,2,C,0
PL03387,45,13129.18,20,642,3,1931.36,11.27,Debt Consolidation,Employed,7.7,157550.16,0.582,No,0,D,0
PL03388,67,22643.24,30,800,5,23760.14,5.44,Other,Employed,14.2,271718.88,0.469,No,0,A,1
PL03389,58,22878.51,30,786,6,45164.57,8.18,Home Improvement,Self-Employed,11.6,274542.12,0.573,No,0,A,1
PL03390,35,4010.59,20,547,14,11991.38,19.74,Debt Consolidation,Employed,4.5,48127.08,0.008,No,0,E,0
PL03391,41,23539.35,19,777,19,2544.59,10.83,Education,Employed,20.5,282472.19999999995,0.068,No,0,B,1
PL03392,55,20987.3,30,699,11,22237.03,10.84,Education,Employed,24.0,251847.59999999998,0.526,No,3,C,0
PL03393,66,20200.15,30,850,4,35517.16,5.0,Debt Consolidation,Retired,9.6,242401.80000000002,0.174,No,0,A,1
PL03394,34,6620.96,8,638,13,23268.71,13.54,Home Improvement,Employed,5.4,79451.52,0.546,Yes,0,D,1
PL03395,56,20517.74,23,692,15,23538.94,16.7,Debt Consolidation,Employed,22.8,246212.88,0.354,Yes,0,C,1
PL03396,32,21553.05,13,654,10,33820.45,16.91,Education,Unemployed,0.0,258636.59999999998,0.907,No,0,C,0
PL03397,37,8650.46,16,674,11,13465.05,12.66,Education,Self-Employed,2.8,103805.51999999999,0.95,No,0,C,0
PL03398,59,23901.98,30,757,18,37842.6,11.8,Education,Employed,17.8,286823.76,0.98,No,2,B,0
PL03399,29,3146.78,0,608,16,8502.56,14.86,Home Improvement,Retired,21.1,37761.36,0.899,No,0,D,0
PL03400,55,5447.91,30,757,6,20391.78,11.14,Debt Consolidation,Employed,7.4,65374.92,0.986,No,1,B,0
PL03401,33,14364.37,10,642,8,33144.4,11.7,Debt Consolidation,Employed,28.2,172372.44,0.706,No,0,D,0
PL03402,35,15243.23,16,689,13,41590.08,13.03,Medical,Employed,0.0,182918.76,0.961,No,0,C,0
PL03403,38,16838.45,26,771,19,39785.02,10.63,Debt Consolidation,Employed,18.8,202061.40000000002,0.642,No,1,B,1
PL03404,53,2390.29,21,671,11,36362.59,12.48,Debt Consolidation,Retired,10.7,28683.48,0.809,No,0,C,0
PL03405,26,24088.44,1,632,14,18595.72,16.14,Education,Self-Employed,6.1,289061.27999999997,0.132,No,0,D,1
PL03406,47,3025.53,24,674,11,6992.91,11.88,Debt Consolidation,Employed,17.0,36306.36,0.683,No,0,C,0
PL03407,43,5290.42,29,594,20,11624.88,17.24,Debt Consolidation,Retired,6.9,63485.04,0.931,No,0,D,0
PL03408,47,2322.33,17,715,20,43376.86,10.17,Debt Consolidation,Employed,1.3,27867.96,0.54,No,0,C,0
PL03409,54,15037.74,30,682,12,43009.24,14.27,Debt Consolidation,Employed,10.9,180452.88,0.187,Yes,0,C,1
PL03410,66,23442.14,30,850,8,47626.48,5.0,Education,Retired,9.6,281305.68,0.527,No,1,A,1
PL03411,58,17316.78,30,815,6,4723.44,5.0,Debt Consolidation,Retired,3.8,207801.36,0.707,No,0,A,1
PL03412,34,20921.12,12,672,0,27303.65,15.7,Other,Employed,5.4,251053.44,0.77,No,0,C,0
PL03413,56,2305.47,30,664,9,32785.47,8.54,Debt Consolidation,Employed,6.7,27665.64,0.524,Yes,0,C,0
PL03414,28,14466.35,12,706,5,35822.21,10.26,Medical,Employed,0.0,173596.2,0.217,Yes,0,C,1
PL03415,55,12569.95,28,752,14,32549.3,9.17,Home Improvement,Employed,0.0,150839.40000000002,0.927,No,0,B,1
PL03416,39,13476.26,19,707,14,38730.56,12.21,Debt Consolidation,Employed,17.5,161715.12,0.774,No,0,C,1
PL03417,50,3660.9,27,720,8,18614.11,9.95,Medical,Employed,0.0,43930.8,0.271,No,0,C,1
PL03418,34,17742.01,9,690,12,9792.21,10.02,Home Improvement,Employed,9.9,212904.12,0.812,No,0,C,0
PL03419,40,13574.07,30,669,0,11024.59,15.68,Debt Consolidation,Self-Employed,0.0,162888.84,0.348,No,0,C,1
PL03420,69,19598.42,30,758,8,1586.96,11.29,Other,Employed,22.0,235181.03999999998,0.312,No,0,B,1
PL03421,45,13161.68,27,738,2,18165.77,9.33,Debt Consolidation,Employed,7.8,157940.16,0.863,No,0,B,1
PL03422,60,5435.78,30,705,8,5495.46,8.01,Debt Consolidation,Unemployed,0.0,65229.36,0.873,No,0,C,0
PL03423,44,16909.91,15,727,19,16752.95,11.2,Home Improvement,Employed,26.9,202918.91999999998,0.398,No,0,B,1
PL03424,34,5964.89,21,677,14,31782.29,13.23,Debt Consolidation,Self-Employed,0.0,71578.68000000001,0.009,No,0,C,1
PL03425,46,22065.07,12,639,6,44829.42,13.26,Medical,Employed,4.6,264780.83999999997,0.187,Yes,1,D,1
PL03426,58,16101.67,30,752,3,42140.67,5.54,Home Improvement,Employed,17.0,193220.04,0.909,No,2,B,0
PL03427,43,5615.69,19,665,19,13381.04,12.87,Other,Employed,4.9,67388.28,0.899,No,0,C,0
PL03428,42,24133.78,23,828,16,7570.07,7.53,Education,Employed,12.3,289605.36,0.453,No,0,A,1
PL03429,68,13922.41,30,669,3,10460.54,15.06,Other,Employed,10.8,167068.91999999998,0.304,Yes,0,C,1
PL03430,39,3676.66,17,714,18,48578.35,11.09,Education,Employed,0.0,44119.92,0.303,No,0,C,1
PL03431,66,16417.16,30,757,4,27924.25,7.98,Debt Consolidation,Employed,17.5,197005.91999999998,0.897,No,0,B,1
PL03432,23,7823.57,0,649,15,9942.61,15.61,Education,Employed,8.9,93882.84,0.325,No,0,D,1
PL03433,62,20484.95,30,850,2,42196.56,5.0,Medical,Employed,0.4,245819.40000000002,0.512,No,0,A,1
PL03434,39,20809.91,21,750,10,20364.37,6.84,Education,Unemployed,0.0,249718.91999999998,0.731,No,1,B,0
PL03435,29,24515.79,11,740,14,45061.89,9.82,Education,Retired,4.4,294189.48,0.209,No,0,B,1
PL03436,48,13543.0,30,715,18,13773.18,14.23,Education,Retired,3.9,162516.0,0.254,No,0,C,1
PL03437,40,12464.01,15,658,20,20267.87,16.9,Education,Employed,0.0,149568.12,0.358,No,0,C,1
PL03438,65,19329.94,30,765,13,25742.44,6.23,Other,Employed,14.8,231959.27999999997,0.654,No,0,B,1
PL03439,27,5046.83,4,583,15,44738.15,16.26,Education,Employed,10.3,60561.96,0.817,No,0,D,0
PL03440,34,14579.06,18,678,5,43569.11,17.69,Debt Consolidation,Self-Employed,0.0,174948.72,0.547,No,0,C,1
PL03441,29,14563.69,13,554,4,29143.4,17.08,Home Improvement,Employed,12.0,174764.28,0.133,Yes,0,D,1
PL03442,39,4057.88,19,659,20,11867.0,16.92,Debt Consolidation,Employed,16.6,48694.56,0.446,No,0,C,0
PL03443,67,11613.63,30,725,16,20764.49,12.63,Home Improvement,Employed,13.7,139363.56,0.128,No,0,B,1
PL03444,34,21625.55,17,699,15,48806.02,14.25,Debt Consolidation,Employed,20.6,259506.59999999998,0.088,No,0,C,1
PL03445,58,21691.53,30,775,1,30780.89,7.52,Debt Consolidation,Employed,5.2,260298.36,0.59,Yes,2,B,1
PL03446,56,4282.47,30,601,10,39273.79,15.49,Debt Consolidation,Unemployed,0.0,51389.64,0.956,No,1,D,0
PL03447,60,4086.58,30,776,3,23043.37,6.54,Debt Consolidation,Self-Employed,10.0,49038.96,0.838,No,0,B,0
PL03448,37,8042.0,14,649,5,27068.36,15.73,Medical,Employed,16.4,96504.0,0.774,No,0,D,0
PL03449,50,22119.62,30,743,6,22018.75,6.59,Debt Consolidation,Employed,20.2,265435.44,0.727,No,0,B,1
PL03450,29,4964.76,13,574,16,35443.13,17.22,Home Improvement,Employed,30.0,59577.12,0.897,No,1,D,0
PL03451,53,18559.93,26,739,7,42722.08,13.31,Education,Employed,1.4,222719.16,0.753,No,1,B,0
PL03452,45,4326.81,18,720,0,25860.81,12.1,Debt Consolidation,Retired,4.1,51921.72,0.627,Yes,0,C,1
PL03453,34,16332.17,19,741,14,24562.51,11.96,Medical,Employed,11.5,195986.04,0.365,No,0,B,1
PL03454,31,10189.55,4,695,19,17674.04,8.76,Medical,Self-Employed,7.0,122274.59999999999,0.101,No,0,C,1
PL03455,55,20145.02,30,778,11,9677.74,6.28,Home Improvement,Employed,3.6,241740.24,0.461,No,0,B,1
PL03456,61,7374.88,30,680,14,47023.14,15.1,Medical,Employed,0.0,88498.56,0.925,No,0,C,0
PL03457,34,16701.64,21,619,14,16487.91,15.75,Debt Consolidation,Employed,11.0,200419.68,0.583,No,0,D,1
PL03458,50,7420.7,25,667,8,40233.88,11.24,Medical,Self-Employed,16.4,89048.4,0.185,No,0,C,1
PL03459,61,18414.19,30,742,15,36052.0,11.16,Debt Consolidation,Employed,12.8,220970.27999999997,0.649,No,0,B,1
PL03460,24,22094.59,3,750,1,39754.96,8.48,Education,Unemployed,0.0,265135.08,0.465,Yes,0,B,1
PL03461,24,4916.44,4,628,14,46901.64,20.17,Other,Self-Employed,0.0,58997.28,0.931,Yes,1,D,0
PL03462,48,21931.7,17,826,14,31545.17,7.29,Debt Consolidation,Self-Employed,10.5,263180.4,0.161,No,0,A,1
PL03463,28,15652.23,0,734,6,44999.57,8.43,Medical,Self-Employed,8.1,187826.76,0.712,No,0,B,1
PL03464,22,4923.54,0,585,20,9217.17,18.81,Debt Consolidation,Employed,7.5,59082.479999999996,0.682,No,0,D,0
PL03465,61,11833.46,30,631,12,31708.92,18.18,Debt Consolidation,Employed,7.8,142001.52,0.984,Yes,2,D,0
PL03466,66,5699.79,30,769,16,38841.51,8.67,Education,Employed,6.0,68397.48,0.565,No,0,B,1
PL03467,42,18108.0,15,782,10,14310.42,6.56,Education,Employed,11.2,217296.0,0.872,Yes,0,A,1
PL03468,61,19453.97,30,690,9,37296.94,12.36,Education,Self-Employed,18.8,233447.64,0.025,No,0,C,1
PL03469,36,4433.32,17,709,0,39145.36,10.18,Debt Consolidation,Employed,2.5,53199.84,0.123,No,1,C,1
PL03470,49,13641.22,27,725,13,41728.21,10.17,Home Improvement,Employed,13.6,163694.63999999998,0.346,No,0,B,1
PL03471,69,20736.38,30,789,4,16331.26,5.0,Debt Consolidation,Retired,10.7,248836.56,0.619,No,0,A,1
PL03472,68,23531.75,30,850,7,34398.72,6.75,Debt Consolidation,Employed,0.0,282381.0,0.449,No,0,A,1
PL03473,50,13810.91,27,776,0,15908.41,6.07,Home Improvement,Employed,4.8,165730.91999999998,0.203,Yes,0,B,1
PL03474,32,23856.42,19,755,6,37212.98,10.53,Other,Employed,10.1,286277.04,0.589,No,0,B,1
PL03475,55,14320.85,30,745,1,23685.71,9.16,Education,Self-Employed,27.3,171850.2,0.567,No,0,B,1
PL03476,31,11066.38,10,688,6,30279.67,12.81,Home Improvement,Employed,4.2,132796.56,0.524,No,0,C,1
PL03477,66,21508.67,30,759,6,21376.16,8.19,Debt Consolidation,Unemployed,0.0,258104.03999999998,0.091,No,0,B,1
PL03478,70,13338.6,30,743,8,8937.16,10.26,Debt Consolidation,Employed,13.3,160063.2,0.927,No,0,B,1
PL03479,41,12853.76,23,641,3,9723.45,15.37,Home Improvement,Retired,9.1,154245.12,0.592,No,1,D,0
PL03480,41,13277.19,28,671,6,4800.88,12.43,Other,Employed,0.0,159326.28,0.264,No,0,C,1
PL03481,25,21476.06,2,679,19,31285.56,9.31,Debt Consolidation,Employed,0.0,257712.72000000003,0.687,No,0,C,0
PL03482,68,21134.66,30,749,17,42583.28,10.26,Debt Consolidation,Employed,0.0,253615.91999999998,0.318,Yes,1,B,1
PL03483,40,11280.96,14,683,12,2021.0,13.37,Debt Consolidation,Employed,16.8,135371.52,0.506,No,0,C,1
PL03484,57,9665.9,30,686,10,4245.74,9.59,Debt Consolidation,Employed,1.8,115990.79999999999,0.341,Yes,0,C,1
PL03485,23,13314.34,3,677,8,23415.88,10.9,Home Improvement,Employed,29.0,159772.08000000002,0.88,No,0,C,0
PL03486,64,15173.77,30,662,13,37148.32,12.85,Education,Employed,5.8,182085.24,0.994,No,0,C,0
PL03487,53,7481.76,30,677,7,8727.67,8.27,Education,Retired,16.2,89781.12,0.161,Yes,0,C,1
PL03488,29,20260.97,15,705,20,14310.91,13.01,Education,Employed,0.7,243131.64,0.024,Yes,0,C,1
PL03489,29,13189.1,7,648,13,12368.3,13.2,Home Improvement,Unemployed,0.0,158269.2,0.219,No,0,D,1
PL03490,24,9683.05,8,627,20,20553.51,15.71,Debt Consolidation,Retired,21.3,116196.59999999999,0.59,No,0,D,0
PL03491,55,4456.88,30,593,16,12024.94,14.56,Medical,Employed,7.2,53482.56,0.174,Yes,0,D,0
PL03492,37,7493.44,20,669,13,18277.34,17.26,Other,Employed,1.3,89921.28,0.811,No,0,C,0
PL03493,54,23833.47,30,799,4,36698.59,5.0,Debt Consolidation,Employed,7.0,286001.64,0.409,No,0,A,1
PL03494,44,9017.29,25,697,9,30939.45,10.96,Home Improvement,Self-Employed,8.3,108207.48000000001,0.611,No,0,C,0
PL03495,52,5883.76,30,725,5,4977.9,13.08,Medical,Retired,2.1,70605.12,0.456,Yes,0,B,1
PL03496,21,12595.47,0,655,9,32249.54,11.56,Debt Consolidation,Employed,23.2,151145.63999999998,0.903,No,3,C,0
PL03497,28,9063.02,1,665,10,24376.78,13.59,Debt Consolidation,Employed,10.2,108756.24,0.035,No,0,C,1
PL03498,65,2808.66,30,691,5,46793.71,13.48,Medical,Employed,20.2,33703.92,0.729,No,0,C,0
PL03499,43,9432.34,13,707,9,15175.91,8.49,Education,Retired,18.6,113188.08,0.652,No,0,C,1
PL03500,67,14514.5,30,667,13,36582.15,11.98,Education,Self-Employed,23.6,174174.0,0.65,No,0,C,1
PL03501,60,14689.38,30,688,19,36812.18,12.74,Debt Consolidation,Retired,0.0,176272.56,0.414,No,0,C,1
PL03502,32,10200.86,12,734,2,11853.54,11.18,Medical,Employed,15.2,122410.32,0.016,Yes,2,B,1
PL03503,32,12287.96,5,542,6,45257.96,17.36,Debt Consolidation,Employed,6.0,147455.52,0.689,No,0,E,0
PL03504,66,24206.91,30,786,1,25067.98,11.59,Debt Consolidation,Unemployed,0.0,290482.92,0.829,Yes,0,A,1
PL03505,67,10679.01,30,786,6,34265.28,8.87,Debt Consolidation,Retired,1.4,128148.12,0.085,No,0,A,1
PL03506,35,7939.22,14,645,16,8146.92,15.87,Medical,Employed,28.6,95270.64,0.442,No,0,D,0
PL03507,61,7599.74,30,679,12,13632.39,14.21,Debt Consolidation,Employed,4.1,91196.88,0.163,No,0,C,1
PL03508,39,12528.59,19,687,20,29719.25,9.28,Debt Consolidation,Employed,15.2,150343.08000000002,0.611,No,0,C,1
PL03509,46,19468.96,27,711,8,16632.34,11.09,Debt Consolidation,Self-Employed,0.0,233627.52,0.786,No,0,C,0
PL03510,49,6737.73,27,673,12,25484.95,13.01,Debt Consolidation,Employed,8.0,80852.76,0.667,Yes,0,C,0
PL03511,42,18313.81,20,681,14,19326.25,12.17,Debt Consolidation,Employed,18.5,219765.72000000003,0.318,No,0,C,1
PL03512,60,2486.45,30,727,12,32387.14,11.01,Medical,Employed,12.8,29837.399999999998,0.14,No,0,B,1
PL03513,41,11635.46,30,751,16,24870.12,5.29,Medical,Employed,2.5,139625.52,0.794,No,0,B,1
PL03514,58,19844.9,29,748,7,1225.89,9.89,Medical,Employed,4.3,238138.80000000002,0.324,No,0,B,1
PL03515,40,9790.86,18,599,8,32834.36,15.8,Education,Employed,11.3,117490.32,0.022,Yes,0,D,1
PL03516,49,14965.95,22,686,8,21683.96,8.22,Debt Consolidation,Retired,9.9,179591.40000000002,0.571,No,0,C,1
PL03517,24,6714.52,10,612,7,17743.22,16.66,Other,Employed,0.0,80574.24,0.247,No,0,D,1
PL03518,27,19065.89,3,714,15,5613.19,8.82,Debt Consolidation,Employed,7.0,228790.68,0.841,No,2,C,0
PL03519,48,3202.42,19,601,19,11798.11,15.56,Medical,Employed,8.8,38429.04,0.143,No,0,D,1
PL03520,48,21608.48,30,705,6,11964.84,11.08,Other,Employed,14.5,259301.76,0.435,No,0,C,1
PL03521,24,6558.52,11,646,16,46833.11,10.58,Medical,Employed,18.1,78702.24,0.253,No,1,D,1
PL03522,42,22111.15,24,781,6,22193.14,5.0,Debt Consolidation,Employed,15.4,265333.80000000005,0.69,No,0,A,1
PL03523,32,10108.17,12,623,5,3061.23,16.41,Debt Consolidation,Employed,12.7,121298.04000000001,0.549,No,0,D,1
PL03524,65,18621.72,30,696,4,7802.02,10.79,Debt Consolidation,Retired,12.9,223460.64,0.791,No,1,C,0
PL03525,23,9342.18,9,796,16,4872.6,6.67,Medical,Self-Employed,13.8,112106.16,0.459,No,0,A,1
PL03526,42,22835.97,16,777,7,29854.6,8.46,Medical,Employed,17.7,274031.64,0.005,No,0,B,1
PL03527,64,4912.65,30,679,0,10144.45,9.26,Medical,Retired,23.5,58951.799999999996,0.215,No,0,C,1
PL03528,22,6105.96,0,657,15,25429.32,12.96,Debt Consolidation,Retired,2.2,73271.52,0.999,Yes,1,C,0
PL03529,44,13339.69,17,688,16,19133.04,12.14,Home Improvement,Retired,6.4,160076.28,0.405,No,0,C,1
PL03530,54,3884.58,30,710,2,40389.94,14.89,Medical,Employed,18.1,46614.96,0.62,Yes,0,C,1
PL03531,47,6507.54,30,674,12,16703.99,11.16,Debt Consolidation,Self-Employed,2.0,78090.48,0.905,No,2,C,0
PL03532,61,23706.63,30,785,7,23455.01,9.53,Debt Consolidation,Employed,0.0,284479.56,0.021,No,2,A,1
PL03533,21,24459.26,3,698,15,36342.99,11.91,Medical,Self-Employed,4.9,293511.12,0.66,No,0,C,1
PL03534,28,10653.96,7,576,6,22234.21,15.18,Education,Employed,10.6,127847.51999999999,0.288,No,0,D,1
PL03535,43,23235.58,24,839,20,39867.56,5.0,Debt Consolidation,Employed,6.2,278826.96,0.279,No,0,A,1
PL03536,58,14530.97,30,681,14,33422.53,14.41,Debt Consolidation,Employed,13.0,174371.63999999998,0.225,No,0,C,1
PL03537,26,8204.08,3,565,1,21115.93,19.51,Home Improvement,Self-Employed,7.7,98448.95999999999,0.823,Yes,0,D,0
PL03538,42,18155.17,21,704,1,25695.11,10.6,Debt Consolidation,Self-Employed,7.2,217862.03999999998,0.373,No,0,C,1
PL03539,45,17154.74,25,667,9,48392.97,14.01,Debt Consolidation,Employed,0.0,205856.88,0.067,Yes,0,C,1
PL03540,38,24749.88,18,737,4,33418.96,8.06,Home Improvement,Employed,14.8,296998.56,0.097,No,0,B,1
PL03541,37,8096.09,15,688,3,45344.77,12.01,Medical,Self-Employed,14.9,97153.08,0.149,No,1,C,1
PL03542,32,17457.37,9,741,14,9759.17,9.1,Medical,Employed,8.5,209488.44,0.899,Yes,0,B,1
PL03543,26,3196.55,20,648,12,24678.57,16.05,Education,Employed,11.2,38358.600000000006,0.427,No,0,D,0
PL03544,46,4613.86,29,639,16,45524.42,15.52,Education,Self-Employed,11.2,55366.31999999999,0.916,No,0,D,0
PL03545,47,2090.12,28,646,20,16807.99,12.92,Medical,Retired,18.4,25081.44,0.817,No,0,D,0
PL03546,28,24987.6,5,741,0,48415.55,8.8,Other,Employed,11.8,299851.19999999995,0.838,No,0,B,1
PL03547,39,20452.3,15,632,17,5756.8,14.85,Debt Consolidation,Employed,0.0,245427.59999999998,0.287,No,1,D,1
PL03548,62,20094.63,30,793,14,45230.89,7.27,Debt Consolidation,Self-Employed,25.3,241135.56,0.271,Yes,0,A,1
PL03549,21,13723.7,1,577,13,22815.39,16.85,Debt Consolidation,Retired,20.3,164684.40000000002,0.56,No,0,D,0
PL03550,49,8901.54,18,784,8,4613.46,7.3,Medical,Employed,10.4,106818.48000000001,0.418,No,0,A,1
PL03551,65,5479.08,30,677,11,44096.56,15.62,Education,Employed,11.2,65748.95999999999,0.509,Yes,0,C,1
PL03552,69,8547.52,30,711,4,13345.07,10.41,Debt Consolidation,Employed,12.3,102570.24,0.053,No,0,C,1
PL03553,55,10647.34,30,664,1,2090.26,14.05,Debt Consolidation,Retired,3.8,127768.08,0.972,No,0,C,0
PL03554,60,19395.13,30,725,6,7654.55,15.53,Debt Consolidation,Employed,18.9,232741.56,0.058,Yes,1,B,1
PL03555,34,14412.22,20,793,20,33296.62,5.9,Debt Consolidation,Employed,18.1,172946.63999999998,0.179,No,0,A,1
PL03556,55,3782.12,26,715,8,48912.76,11.52,Other,Employed,9.3,45385.44,0.678,No,2,C,0
PL03557,68,2414.67,30,610,17,6461.64,16.4,Medical,Employed,15.4,28976.04,0.156,No,0,D,0
PL03558,65,4353.64,30,766,3,23635.45,8.8,Debt Consolidation,Employed,18.3,52243.68000000001,0.107,No,0,B,1
PL03559,40,11441.47,19,736,1,9851.19,10.26,Debt Consolidation,Employed,11.8,137297.63999999998,0.154,No,0,B,1
PL03560,69,23463.44,30,781,0,37506.79,6.38,Debt Consolidation,Employed,1.8,281561.27999999997,0.062,No,0,A,1
PL03561,33,16660.26,22,704,11,6784.89,12.35,Medical,Employed,15.5,199923.12,0.251,No,0,C,1
PL03562,58,20442.0,30,757,12,12752.25,5.55,Education,Employed,10.5,245304.0,0.271,No,0,B,1
PL03563,69,12726.62,30,840,13,10623.89,9.05,Other,Self-Employed,1.2,152719.44,0.499,No,0,A,1
PL03564,66,10318.32,30,683,4,28073.47,16.02,Medical,Employed,18.3,123819.84,0.439,No,2,C,0
PL03565,69,4493.21,30,707,2,43786.02,10.84,Education,Retired,11.9,53918.520000000004,0.474,No,0,C,1
PL03566,28,22146.46,5,685,3,26043.42,14.6,Home Improvement,Employed,8.2,265757.52,0.616,No,0,C,1
PL03567,63,20012.68,30,694,16,3853.93,11.5,Medical,Employed,26.6,240152.16,0.231,No,0,C,1
PL03568,40,5866.72,21,758,18,28606.06,9.2,Debt Consolidation,Employed,5.6,70400.64,0.135,No,0,B,1
PL03569,53,13781.99,30,655,10,40078.53,12.5,Education,Retired,2.5,165383.88,0.879,No,0,C,0
PL03570,46,13209.62,23,709,7,7475.65,13.05,Education,Employed,11.3,158515.44,0.634,No,0,C,1
PL03571,59,16377.11,30,652,11,4562.85,12.84,Education,Employed,8.8,196525.32,0.061,No,1,C,1
PL03572,41,23762.3,26,720,17,10202.58,12.48,Debt Consolidation,Employed,5.5,285147.6,0.961,No,1,C,0
PL03573,69,15334.74,30,775,17,37558.23,8.33,Debt Consolidation,Employed,21.3,184016.88,0.693,Yes,0,B,1
PL03574,62,14425.0,30,694,8,29992.34,12.06,Debt Consolidation,Employed,1.0,173100.0,0.152,No,1,C,1
PL03575,63,3157.43,30,711,4,27489.14,8.34,Debt Consolidation,Retired,12.5,37889.159999999996,0.969,No,0,C,0
PL03576,61,3446.87,30,665,20,13224.51,13.53,Other,Employed,10.7,41362.44,0.365,No,0,C,1
PL03577,29,6308.98,12,687,16,17279.59,10.12,Medical,Employed,9.9,75707.76,0.985,No,0,C,0
PL03578,44,2746.83,16,709,12,48328.37,11.53,Medical,Unemployed,0.0,32961.96,0.103,Yes,1,C,1
PL03579,57,19097.12,30,720,5,12790.64,14.79,Education,Employed,26.4,229165.44,0.16,No,0,C,1
PL03580,69,18636.6,30,775,13,45180.63,5.63,Medical,Employed,10.0,223639.19999999998,0.657,No,0,B,1
PL03581,61,5129.29,30,696,14,29446.04,11.71,Other,Employed,17.1,61551.479999999996,0.022,No,0,C,1
PL03582,37,21229.81,13,751,13,7041.53,8.23,Debt Consolidation,Employed,10.3,254757.72000000003,0.019,No,2,B,1
PL03583,44,5560.08,28,656,3,23898.31,11.74,Medical,Employed,10.6,66720.95999999999,0.792,No,0,C,0
PL03584,41,8927.04,20,676,17,47478.89,11.33,Debt Consolidation,Employed,13.6,107124.48000000001,0.168,No,0,C,1
PL03585,59,7726.47,30,684,0,21509.71,15.49,Home Improvement,Self-Employed,11.3,92717.64,0.919,Yes,2,C,0
PL03586,61,10563.06,30,720,11,43305.94,14.38,Home Improvement,Employed,2.7,126756.72,0.426,No,0,C,1
PL03587,59,7857.27,30,762,8,13565.01,6.91,Other,Retired,20.6,94287.24,0.874,No,0,B,1
PL03588,33,13245.87,19,704,9,28975.19,12.44,Debt Consolidation,Employed,13.6,158950.44,0.418,No,0,C,1
PL03589,31,11370.38,6,693,20,42348.75,10.3,Debt Consolidation,Employed,9.6,136444.56,0.53,No,0,C,1
PL03590,66,24691.1,30,831,17,46113.73,5.0,Debt Consolidation,Employed,5.0,296293.19999999995,0.317,No,0,A,1
PL03591,39,3286.31,25,626,16,24805.34,11.08,Education,Employed,12.3,39435.72,0.658,Yes,0,D,0
PL03592,31,5270.17,3,644,18,32344.72,18.63,Education,Employed,8.1,63242.04,0.318,No,1,D,0
PL03593,33,3215.0,10,567,3,1146.03,20.06,Debt Consolidation,Employed,11.5,38580.0,0.223,Yes,0,D,1
PL03594,66,16394.35,30,817,15,13407.94,5.2,Medical,Self-Employed,8.5,196732.19999999998,0.081,No,0,A,1
PL03595,65,3253.71,30,547,6,14656.89,19.34,Debt Consolidation,Unemployed,0.0,39044.520000000004,0.058,Yes,0,E,0
PL03596,21,21238.11,0,683,8,5581.16,11.79,Home Improvement,Employed,22.9,254857.32,0.306,Yes,0,C,1
PL03597,60,13774.59,30,785,7,14705.06,9.85,Debt Consolidation,Self-Employed,2.4,165295.08000000002,0.736,No,2,A,0
PL03598,64,14121.18,30,670,6,16734.98,12.5,Debt Consolidation,Self-Employed,3.8,169454.16,0.206,No,0,C,1
PL03599,39,14916.67,23,712,9,48469.54,10.88,Medical,Employed,15.4,179000.04,0.299,No,0,C,1
PL03600,32,5928.72,5,599,7,33761.52,15.08,Medical,Employed,12.5,71144.64,0.905,No,0,D,0
PL03601,28,6546.88,0,610,16,21874.25,17.12,Debt Consolidation,Unemployed,0.0,78562.56,0.639,No,0,D,0
PL03602,28,9332.8,8,689,11,49414.67,16.74,Home Improvement,Employed,14.0,111993.59999999999,0.92,Yes,0,C,0
PL03603,65,15650.42,30,758,13,8508.38,8.61,Education,Unemployed,0.0,187805.04,0.911,No,0,B,1
PL03604,32,6832.71,9,536,11,24326.51,18.68,Home Improvement,Employed,15.4,81992.52,0.063,No,0,E,0
PL03605,68,4675.63,30,650,1,32706.05,14.04,Home Improvement,Employed,4.9,56107.56,0.955,No,0,D,0
PL03606,53,24312.69,28,816,11,3723.45,7.07,Education,Employed,18.4,291752.27999999997,0.051,Yes,0,A,1
PL03607,65,2505.58,30,704,13,36132.94,11.04,Other,Unemployed,0.0,30066.96,0.926,No,2,C,0
PL03608,46,20462.04,22,821,6,5893.5,5.53,Home Improvement,Employed,3.7,245544.48,0.547,No,2,A,1
PL03609,59,20124.81,30,842,12,7873.83,5.53,Other,Employed,3.9,241497.72000000003,0.533,No,0,A,1
PL03610,48,8835.92,25,663,20,8824.79,10.0,Home Improvement,Employed,12.5,106031.04000000001,0.713,No,0,C,0
PL03611,25,5119.41,0,740,3,46515.6,8.91,Home Improvement,Employed,9.6,61432.92,0.879,No,0,B,1
PL03612,28,5349.46,0,623,0,34478.54,11.32,Education,Employed,10.9,64193.520000000004,0.617,No,0,D,0
PL03613,45,18040.93,21,672,16,33115.95,12.11,Debt Consolidation,Employed,9.1,216491.16,0.425,Yes,2,C,1
PL03614,47,16784.55,30,686,2,28219.18,10.56,Other,Employed,9.6,201414.59999999998,0.112,No,0,C,1
PL03615,66,20003.15,30,659,16,15347.49,14.94,Medical,Employed,6.1,240037.80000000002,0.789,No,0,C,0
PL03616,43,23562.07,27,824,7,31423.6,5.0,Debt Consolidation,Employed,0.0,282744.83999999997,0.128,No,0,A,1
PL03617,50,17914.33,24,809,2,21097.34,6.13,Debt Consolidation,Employed,0.0,214971.96000000002,0.726,No,0,A,1
PL03618,65,5584.59,30,647,9,8125.39,9.93,Medical,Employed,3.6,67015.08,0.528,No,0,D,0
PL03619,67,7599.18,30,700,1,34790.27,13.86,Education,Employed,7.4,91190.16,0.386,No,1,C,1
PL03620,43,21370.46,25,737,3,7349.53,7.96,Debt Consolidation,Self-Employed,21.7,256445.52,0.613,No,0,B,1
PL03621,69,6814.04,30,664,13,10342.76,12.49,Debt Consolidation,Employed,1.8,81768.48,0.772,No,1,C,0
PL03622,67,3668.01,30,604,10,41067.27,17.74,Medical,Employed,1.3,44016.12,0.941,No,2,D,0
PL03623,40,18175.44,14,700,13,33345.74,13.38,Debt Consolidation,Employed,0.0,218105.27999999997,0.265,No,0,C,1
PL03624,38,11258.11,16,656,12,31918.57,11.6,Education,Employed,14.0,135097.32,0.947,No,0,C,0
PL03625,38,23160.92,19,712,3,21491.94,12.33,Home Improvement,Employed,8.3,277931.04,0.961,No,0,C,1
PL03626,22,16955.87,4,679,1,20417.75,10.48,Home Improvement,Employed,0.0,203470.44,0.814,No,1,C,0
PL03627,24,4079.64,3,679,1,34822.87,13.24,Debt Consolidation,Self-Employed,9.8,48955.68,0.881,No,0,C,0
PL03628,50,23800.7,30,743,10,37260.27,8.3,Debt Consolidation,Self-Employed,5.3,285608.4,0.692,No,0,B,1
PL03629,53,7946.82,30,694,4,26000.45,10.06,Education,Employed,20.4,95361.84,0.039,No,0,C,1
PL03630,56,9755.89,30,737,8,48494.19,10.21,Medical,Employed,4.6,117070.68,0.575,No,0,B,1
PL03631,38,11251.99,18,699,19,47829.28,10.42,Debt Consolidation,Self-Employed,23.6,135023.88,0.747,No,0,C,0
PL03632,57,3178.16,30,639,20,21209.05,18.63,Debt Consolidation,Employed,11.4,38137.92,0.942,No,0,D,0
PL03633,39,13419.85,16,689,16,41210.49,11.08,Home Improvement,Employed,6.8,161038.2,0.57,No,0,C,1
PL03634,67,4836.33,30,725,11,27620.12,8.3,Other,Employed,7.9,58035.96,0.794,No,0,B,0
PL03635,48,11222.32,29,635,17,26076.04,12.98,Education,Employed,12.3,134667.84,0.705,No,0,D,0
PL03636,60,10066.33,30,773,2,3693.24,8.47,Debt Consolidation,Self-Employed,7.9,120795.95999999999,0.281,No,1,B,1
PL03637,40,19775.32,20,790,4,29124.76,7.95,Debt Consolidation,Employed,2.6,237303.84,0.155,No,0,A,1
PL03638,69,20472.92,30,744,20,45128.32,10.44,Debt Consolidation,Employed,15.0,245675.03999999998,0.751,Yes,0,B,1
PL03639,53,5528.5,30,683,19,39226.56,14.41,Debt Consolidation,Retired,17.9,66342.0,0.234,No,1,C,1
PL03640,32,10430.68,7,688,13,39529.54,9.02,Education,Employed,18.2,125168.16,0.245,No,1,C,1
PL03641,35,10587.12,18,635,15,8836.52,16.69,Education,Employed,8.7,127045.44,0.644,No,0,D,0
PL03642,61,5482.44,30,713,18,18564.02,9.4,Debt Consolidation,Employed,18.7,65789.28,0.789,No,0,C,0
PL03643,59,20364.43,30,767,8,12427.04,9.58,Home Improvement,Employed,12.5,244373.16,0.582,Yes,0,B,1
PL03644,22,18266.25,2,601,16,16479.85,19.76,Medical,Employed,7.7,219195.0,0.885,No,1,D,0
PL03645,49,6378.78,30,692,6,29397.43,10.59,Education,Employed,5.5,76545.36,0.211,No,0,C,1
PL03646,61,10434.6,30,659,9,18874.41,12.0,Other,Unemployed,0.0,125215.20000000001,0.252,No,0,C,1
PL03647,30,4433.52,7,669,3,28474.19,11.18,Medical,Retired,0.0,53202.240000000005,0.637,No,2,C,0
PL03648,22,16448.75,0,632,9,22486.56,14.23,Other,Employed,21.1,197385.0,0.829,No,0,D,0
PL03649,31,4791.55,7,617,2,15044.16,18.12,Debt Consolidation,Retired,11.0,57498.600000000006,0.539,No,0,D,0
PL03650,33,24676.49,16,797,8,5674.77,5.18,Debt Consolidation,Employed,5.2,296117.88,0.01,No,1,A,1
PL03651,30,19955.69,12,724,12,44700.08,9.74,Education,Employed,4.3,239468.27999999997,0.677,No,0,B,1
PL03652,34,10975.49,12,608,0,1557.29,17.95,Education,Employed,6.5,131705.88,0.814,No,0,D,0
PL03653,38,15306.97,14,641,14,1080.97,15.75,Debt Consolidation,Employed,15.6,183683.63999999998,0.277,Yes,1,D,0
PL03654,29,22960.86,1,682,14,41513.09,11.64,Medical,Employed,12.5,275530.32,0.054,No,0,C,1
PL03655,59,14744.28,30,751,10,49843.74,9.08,Debt Consolidation,Employed,6.3,176931.36000000002,0.518,Yes,0,B,1
PL03656,48,6013.47,29,683,9,36628.04,14.42,Medical,Self-Employed,5.7,72161.64,0.042,No,0,C,1
PL03657,23,10710.18,0,597,6,1748.42,19.66,Education,Employed,12.5,128522.16,0.416,No,0,D,0
PL03658,40,21392.33,22,668,0,12107.82,16.67,Medical,Employed,30.0,256707.96000000002,0.018,No,0,C,1
PL03659,26,16816.9,4,690,6,48619.31,15.03,Education,Employed,30.0,201802.80000000002,0.225,Yes,0,C,1
PL03660,47,16966.66,24,709,4,40621.61,10.07,Other,Employed,18.4,203599.91999999998,0.389,No,0,C,1
PL03661,22,21936.89,3,801,15,28773.19,10.86,Debt Consolidation,Employed,3.8,263242.68,0.112,No,0,A,1
PL03662,49,22561.38,24,752,7,12606.17,7.98,Other,Employed,16.0,270736.56,0.114,No,0,B,1
PL03663,58,23155.23,30,850,1,1704.14,5.0,Debt Consolidation,Employed,4.0,277862.76,0.827,No,0,A,1
PL03664,23,4181.53,2,548,7,2022.21,18.95,Medical,Employed,8.2,50178.36,0.041,Yes,0,E,1
PL03665,36,14514.9,12,605,13,30987.06,19.09,Education,Employed,20.9,174178.8,0.689,No,0,D,0
PL03666,50,19031.72,30,679,3,2069.76,14.1,Home Improvement,Unemployed,0.0,228380.64,0.814,Yes,1,C,0
PL03667,60,19409.32,30,816,14,49687.88,6.4,Home Improvement,Employed,7.7,232911.84,0.131,No,0,A,1
PL03668,22,15954.47,0,751,6,9985.81,10.08,Home Improvement,Self-Employed,6.0,191453.63999999998,0.195,Yes,0,B,1
PL03669,37,5836.11,7,604,19,35824.66,17.25,Debt Consolidation,Self-Employed,3.5,70033.31999999999,0.641,No,0,D,0
PL03670,61,20340.67,29,740,7,8597.93,10.3,Home Improvement,Employed,7.9,244088.03999999998,0.316,Yes,0,B,1
PL03671,32,18562.56,10,638,10,27464.58,14.05,Debt Consolidation,Employed,15.9,222750.72000000003,0.476,No,0,D,1
PL03672,55,3981.12,30,579,1,4949.95,15.84,Debt Consolidation,Employed,15.4,47773.44,0.836,No,0,D,0
PL03673,63,12667.63,30,765,8,38572.14,9.09,Debt Consolidation,Employed,12.4,152011.56,0.138,No,0,B,1
PL03674,21,6001.48,0,623,5,29661.13,15.07,Education,Employed,19.4,72017.76,0.62,No,0,D,0
PL03675,65,9761.97,30,719,0,5222.17,10.96,Medical,Employed,0.0,117143.63999999998,0.942,No,1,C,0
PL03676,35,2415.87,4,552,2,42580.72,20.64,Debt Consolidation,Employed,10.4,28990.44,0.057,No,1,D,0
PL03677,46,11207.59,26,770,9,27803.91,8.14,Debt Consolidation,Employed,4.3,134491.08000000002,0.06,Yes,0,B,1
PL03678,57,14647.17,30,702,4,46158.02,11.31,Medical,Employed,25.9,175766.04,0.555,Yes,0,C,1
PL03679,41,16250.4,17,729,11,45914.55,10.88,Other,Retired,8.0,195004.8,0.96,No,0,B,0
PL03680,69,17260.28,30,691,0,46104.88,17.48,Medical,Employed,15.9,207123.36,0.22,No,0,C,1
PL03681,51,21234.7,30,738,8,4811.47,7.91,Medical,Employed,18.0,254816.40000000002,0.331,No,0,B,1
PL03682,45,6955.65,30,679,20,6926.93,14.96,Education,Self-Employed,7.0,83467.79999999999,0.099,No,0,C,1
PL03683,43,4771.08,23,666,12,49397.58,12.77,Home Improvement,Self-Employed,17.4,57252.96,0.362,Yes,0,C,1
PL03684,44,21585.35,18,743,18,24892.44,9.74,Other,Employed,18.3,259024.19999999998,0.044,No,0,B,1
PL03685,58,5602.09,30,708,6,12672.49,8.83,Education,Employed,16.3,67225.08,0.389,No,2,C,0
PL03686,48,24419.48,20,701,15,38713.56,15.53,Education,Employed,5.8,293033.76,0.555,No,1,C,1
PL03687,41,21378.38,25,738,7,13949.98,10.54,Home Improvement,Employed,0.0,256540.56,0.975,Yes,0,B,1
PL03688,63,13520.16,30,739,18,36633.57,11.36,Other,Employed,27.1,162241.91999999998,0.818,No,0,B,1
PL03689,38,24572.69,8,750,6,42027.0,6.55,Debt Consolidation,Employed,7.7,294872.27999999997,0.822,No,0,B,1
PL03690,56,4239.66,30,676,3,39428.91,11.62,Education,Employed,18.0,50875.92,0.228,Yes,0,C,1
PL03691,55,8970.51,30,631,9,14428.34,15.78,Home Improvement,Retired,6.3,107646.12,0.087,No,0,D,1
PL03692,65,16679.16,30,687,0,20679.31,12.09,Education,Employed,26.8,200149.91999999998,0.603,No,0,C,1
PL03693,29,10050.16,6,537,16,21249.3,20.12,Education,Employed,6.0,120601.92,0.521,No,0,E,0
PL03694,58,23352.57,30,813,20,25072.37,10.89,Medical,Unemployed,0.0,280230.83999999997,0.517,No,0,A,1
PL03695,50,3509.4,30,698,12,9201.27,12.92,Debt Consolidation,Employed,28.6,42112.8,0.109,No,2,C,1
PL03696,64,14636.47,30,783,18,23171.03,7.15,Debt Consolidation,Employed,0.0,175637.63999999998,0.494,No,0,A,1
PL03697,54,15589.92,22,741,12,26028.37,8.65,Other,Employed,19.6,187079.04,0.15,No,0,B,1
PL03698,52,17012.75,29,622,8,27053.74,13.83,Medical,Unemployed,0.0,204153.0,0.422,No,0,D,1
PL03699,23,7880.32,6,574,4,41175.12,16.69,Home Improvement,Employed,15.7,94563.84,0.062,No,0,D,1
PL03700,23,10385.03,0,646,0,26349.39,13.5,Home Improvement,Employed,7.2,124620.36000000002,0.857,No,1,D,0
PL03701,48,21404.65,30,749,1,12308.41,9.83,Medical,Retired,23.1,256855.80000000002,0.013,Yes,0,B,1
PL03702,64,6483.68,30,689,10,33493.31,13.37,Home Improvement,Employed,3.5,77804.16,0.939,No,0,C,0
PL03703,35,21017.96,15,733,3,40068.39,11.19,Debt Consolidation,Self-Employed,10.3,252215.52,0.863,No,0,B,1
PL03704,61,14941.07,30,737,8,16649.21,10.4,Medical,Unemployed,0.0,179292.84,0.753,No,1,B,1
PL03705,43,19530.31,21,729,4,32619.99,10.9,Education,Employed,3.4,234363.72000000003,0.983,No,0,B,0
PL03706,60,18412.97,30,720,4,8199.96,15.98,Medical,Employed,11.0,220955.64,0.054,No,0,C,1
PL03707,31,6772.76,8,684,7,17754.39,11.1,Debt Consolidation,Retired,1.8,81273.12,0.642,No,1,C,0
PL03708,68,15082.69,30,729,1,45551.97,10.43,Debt Consolidation,Employed,6.8,180992.28,0.849,Yes,1,B,0
PL03709,52,21957.63,26,687,6,45654.1,8.84,Debt Consolidation,Self-Employed,30.0,263491.56,0.127,Yes,0,C,1
PL03710,56,11938.67,29,673,16,29190.9,12.28,Medical,Employed,20.7,143264.04,0.585,No,0,C,1
PL03711,53,24231.59,26,749,10,35415.22,7.79,Other,Employed,15.3,290779.08,0.394,No,0,B,1
PL03712,44,12400.95,30,739,14,42846.76,8.59,Other,Employed,13.0,148811.40000000002,0.436,Yes,1,B,1
PL03713,59,5284.07,30,682,2,47969.11,10.26,Debt Consolidation,Employed,0.0,63408.84,0.913,Yes,0,C,0
PL03714,54,10957.0,30,693,12,25004.44,9.43,Debt Consolidation,Employed,8.5,131484.0,0.539,Yes,0,C,1
PL03715,48,23889.16,21,693,17,28517.21,12.38,Debt Consolidation,Employed,17.4,286669.92,0.093,No,0,C,1
PL03716,57,9353.58,30,740,19,21366.44,11.42,Debt Consolidation,Employed,6.5,112242.95999999999,0.937,No,0,B,0
PL03717,27,21966.26,5,671,19,4527.11,11.59,Home Improvement,Employed,12.9,263595.12,0.185,No,0,C,1
PL03718,24,22268.77,4,694,2,21717.37,8.04,Other,Retired,2.0,267225.24,0.893,No,0,C,0
PL03719,57,10054.29,30,778,1,39740.74,8.49,Debt Consolidation,Self-Employed,1.3,120651.48000000001,0.971,No,0,B,0
PL03720,21,3914.93,0,627,4,40439.39,16.08,Debt Consolidation,Employed,28.2,46979.159999999996,0.878,No,0,D,0
PL03721,21,18664.83,0,593,19,44726.48,18.03,Debt Consolidation,Employed,27.0,223977.96000000002,0.677,No,0,D,0
PL03722,67,9164.78,30,631,4,3521.87,12.91,Debt Consolidation,Employed,9.3,109977.36000000002,0.744,No,0,D,0
PL03723,40,20007.24,22,716,12,26830.57,9.88,Home Improvement,Employed,3.8,240086.88,0.7,Yes,0,C,1
PL03724,39,12181.06,10,618,7,6263.8,13.33,Medical,Employed,2.5,146172.72,0.461,No,0,D,0
PL03725,49,13161.14,30,736,15,10836.37,8.7,Home Improvement,Self-Employed,13.2,157933.68,0.274,No,0,B,1
PL03726,30,19891.92,12,701,17,45110.61,10.19,Education,Employed,25.5,238703.03999999998,0.285,No,0,C,1
PL03727,38,10794.36,12,678,15,25342.77,11.8,Debt Consolidation,Self-Employed,4.4,129532.32,0.731,No,0,C,0
PL03728,48,12191.93,22,661,0,38168.7,13.09,Debt Consolidation,Self-Employed,11.6,146303.16,0.626,No,0,C,0
PL03729,55,10652.38,30,790,7,4154.82,7.96,Debt Consolidation,Employed,11.2,127828.56,0.585,No,0,A,1
PL03730,63,10448.83,30,850,20,21424.5,5.0,Home Improvement,Employed,23.3,125385.95999999999,0.653,No,1,A,1
PL03731,67,14096.77,30,730,1,34037.77,10.18,Home Improvement,Employed,12.2,169161.24,0.775,No,0,B,1
PL03732,51,20602.39,30,762,4,7536.92,7.19,Home Improvement,Employed,0.0,247228.68,0.748,No,0,B,1
PL03733,47,10320.67,30,690,14,16965.08,8.76,Debt Consolidation,Employed,16.0,123848.04000000001,0.105,No,0,C,1
PL03734,31,14057.86,7,659,13,4162.84,14.76,Home Improvement,Employed,11.4,168694.32,0.363,No,0,C,1
PL03735,69,17426.73,30,723,2,32915.66,9.45,Debt Consolidation,Employed,3.1,209120.76,0.264,Yes,0,B,1
PL03736,69,8197.11,30,664,6,48573.67,9.99,Debt Consolidation,Employed,18.5,98365.32,0.538,Yes,0,C,1
PL03737,58,8383.02,30,641,3,41525.23,15.62,Education,Employed,7.5,100596.24,0.061,No,0,D,1
PL03738,25,23468.5,5,727,10,48756.53,10.09,Education,Employed,12.7,281622.0,0.762,No,0,B,1
PL03739,28,18641.3,1,663,11,42434.63,14.41,Home Improvement,Employed,11.2,223695.59999999998,0.107,Yes,0,C,1
PL03740,54,15275.29,30,595,14,42904.59,17.43,Medical,Employed,7.6,183303.48,0.271,No,0,D,1
PL03741,68,16897.56,30,782,5,29281.68,5.9,Debt Consolidation,Employed,3.5,202770.72000000003,0.783,No,0,A,1
PL03742,32,2673.89,14,615,0,26394.36,17.54,Debt Consolidation,Self-Employed,14.5,32086.68,0.052,Yes,0,D,1
PL03743,58,16216.37,30,804,17,20906.46,5.0,Debt Consolidation,Self-Employed,0.2,194596.44,0.66,No,0,A,1
PL03744,21,13718.7,0,669,13,41086.65,12.43,Debt Consolidation,Employed,17.4,164624.40000000002,0.924,No,0,C,0
PL03745,51,14552.24,24,640,6,9921.31,13.62,Debt Consolidation,Employed,3.2,174626.88,0.618,Yes,0,D,1
PL03746,24,10266.75,3,527,9,3755.02,18.13,Medical,Self-Employed,0.7,123201.0,0.713,No,0,E,0
PL03747,69,3873.9,30,661,8,47446.8,16.04,Debt Consolidation,Employed,21.2,46486.8,0.792,No,1,C,0
PL03748,65,6446.8,30,670,1,1185.13,13.78,Home Improvement,Employed,10.8,77361.6,0.222,No,0,C,1
PL03749,70,23867.13,30,846,7,48864.64,5.0,Education,Self-Employed,0.0,286405.56,0.581,No,0,A,1
PL03750,25,11400.09,0,646,0,36713.82,11.75,Debt Consolidation,Employed,9.9,136801.08000000002,0.309,No,0,D,1
PL03751,50,12733.71,30,760,19,17096.45,13.4,Education,Employed,14.9,152804.52,0.249,Yes,0,B,1
PL03752,44,3212.33,22,577,1,35193.17,16.46,Medical,Unemployed,0.0,38547.96,0.192,No,0,D,0
PL03753,23,2864.02,0,648,6,41075.88,12.59,Education,Employed,3.8,34368.24,0.585,No,0,D,0
PL03754,31,18495.17,21,730,15,13022.74,12.77,Debt Consolidation,Retired,4.9,221942.03999999998,0.795,No,0,B,0
PL03755,65,14376.18,30,640,3,38773.89,10.99,Other,Employed,11.3,172514.16,0.876,Yes,1,D,0
PL03756,24,13700.24,2,722,20,40414.11,13.59,Debt Consolidation,Employed,18.3,164402.88,0.429,No,0,B,1
PL03757,46,7591.86,30,674,16,13218.38,11.4,Other,Employed,0.0,91102.31999999999,0.373,No,0,C,1
PL03758,47,19129.27,30,749,3,3054.39,10.62,Debt Consolidation,Self-Employed,0.0,229551.24,0.687,No,2,B,0
PL03759,66,5869.44,30,658,2,11001.99,12.77,Home Improvement,Employed,21.0,70433.28,0.78,Yes,0,C,0
PL03760,63,6368.5,30,761,8,10831.67,5.9,Education,Employed,19.7,76422.0,0.253,No,0,B,1
PL03761,47,12596.38,21,637,14,4196.78,15.04,Education,Self-Employed,2.5,151156.56,0.297,No,1,D,0
PL03762,62,8584.44,30,748,19,36574.36,11.53,Debt Consolidation,Employed,6.9,103013.28,0.533,Yes,0,B,1
PL03763,70,7691.65,30,759,2,19618.77,5.0,Debt Consolidation,Employed,26.9,92299.79999999999,0.444,No,1,B,1
PL03764,26,16840.47,5,627,11,44334.92,12.82,Home Improvement,Employed,17.0,202085.64,0.706,No,0,D,0
PL03765,35,16972.35,15,794,14,13356.38,10.02,Home Improvement,Employed,9.6,203668.19999999998,0.504,No,1,A,1
PL03766,50,20963.89,30,756,19,23208.38,10.07,Education,Retired,19.1,251566.68,0.112,No,0,B,1
PL03767,62,11607.3,30,754,7,32311.85,10.29,Debt Consolidation,Employed,6.1,139287.59999999998,0.166,No,2,B,1
PL03768,57,3680.96,29,596,11,43995.78,18.41,Debt Consolidation,Employed,11.3,44171.520000000004,0.902,No,0,D,0
PL03769,57,8294.33,30,801,20,26706.43,8.16,Medical,Employed,7.5,99531.95999999999,0.227,No,0,A,1
PL03770,62,24540.13,30,725,12,19302.71,10.98,Debt Consolidation,Employed,15.7,294481.56,0.05,Yes,1,B,1
PL03771,57,15713.95,30,783,14,43483.74,10.28,Debt Consolidation,Employed,15.6,188567.40000000002,0.731,No,0,A,1
PL03772,55,18323.95,30,691,10,16202.07,11.45,Medical,Employed,11.8,219887.40000000002,0.684,No,0,C,1
PL03773,43,2169.23,16,605,16,4891.76,16.1,Education,Unemployed,0.0,26030.760000000002,0.6,No,0,D,0
PL03774,26,13918.73,3,701,20,22807.06,13.42,Debt Consolidation,Self-Employed,19.1,167024.76,0.502,Yes,0,C,1
PL03775,24,2863.16,7,653,11,39469.57,12.42,Debt Consolidation,Employed,13.7,34357.92,0.97,No,0,C,0
PL03776,38,15092.29,15,627,19,2508.26,17.99,Medical,Employed,11.8,181107.48,0.12,No,1,D,1
PL03777,29,23177.73,10,768,17,29708.23,9.31,Debt Consolidation,Employed,13.4,278132.76,0.51,Yes,0,B,1
PL03778,69,24273.64,30,850,15,30128.74,5.0,Home Improvement,Employed,19.7,291283.68,0.564,No,0,A,1
PL03779,49,14432.71,29,663,2,46498.55,13.11,Debt Consolidation,Employed,2.6,173192.52,0.022,No,0,C,1
PL03780,33,12538.71,10,748,8,15036.78,6.86,Debt Consolidation,Employed,13.3,150464.52,0.412,Yes,0,B,1
PL03781,67,23735.39,30,719,6,14662.99,11.13,Home Improvement,Employed,0.0,284824.68,0.783,No,0,C,1
PL03782,37,17493.03,8,670,18,22583.7,12.42,Education,Employed,7.7,209916.36,0.471,No,0,C,1
PL03783,65,3492.68,30,711,4,18488.83,9.59,Debt Consolidation,Retired,25.1,41912.159999999996,0.875,No,0,C,0
PL03784,52,12711.69,30,664,18,37080.95,9.89,Education,Employed,3.7,152540.28,0.645,No,0,C,1
PL03785,68,7525.64,30,726,9,32445.85,9.05,Debt Consolidation,Employed,0.0,90307.68000000001,0.766,No,0,B,0
PL03786,42,12805.5,28,700,19,38187.13,11.46,Medical,Employed,2.4,153666.0,0.804,No,0,C,1
PL03787,24,12475.71,1,641,11,41182.05,13.76,Debt Consolidation,Employed,15.7,149708.52,0.69,No,0,D,0
PL03788,25,15389.33,11,708,7,46226.08,8.61,Medical,Unemployed,0.0,184671.96,0.749,No,0,C,1
PL03789,57,10205.72,30,693,2,22115.9,12.18,Medical,Employed,1.9,122468.63999999998,0.695,No,0,C,0
PL03790,61,5778.22,30,702,18,49250.17,9.76,Medical,Retired,19.7,69338.64,0.55,No,2,C,0
PL03791,69,13585.55,30,803,10,11567.38,8.98,Home Improvement,Employed,13.4,163026.59999999998,0.567,Yes,0,A,1
PL03792,33,21094.67,7,751,7,36003.89,11.64,Medical,Employed,0.7,253136.03999999998,0.19,No,0,B,1
PL03793,54,17272.28,30,773,12,27166.46,7.99,Education,Employed,8.2,207267.36,0.827,No,0,B,1
PL03794,65,9782.46,30,661,9,41028.13,16.74,Debt Consolidation,Retired,27.1,117389.51999999999,0.312,No,0,C,1
PL03795,42,23517.03,24,767,17,24361.76,8.49,Debt Consolidation,Employed,7.5,282204.36,0.536,Yes,0,B,1
PL03796,43,22980.77,20,696,11,39412.99,9.4,Home Improvement,Unemployed,0.0,275769.24,0.25,No,0,C,1
PL03797,23,6815.01,0,556,6,46578.27,20.73,Home Improvement,Employed,13.8,81780.12,0.696,Yes,0,D,0
PL03798,62,2906.6,30,674,10,36882.42,16.23,Debt Consolidation,Employed,13.1,34879.2,0.975,Yes,0,C,0
PL03799,54,19050.1,30,698,9,39028.62,13.9,Home Improvement,Employed,20.7,228601.19999999998,0.802,No,0,C,1
PL03800,52,21035.04,30,788,2,4291.6,6.29,Education,Employed,6.9,252420.48,0.619,Yes,0,A,1
PL03801,65,24260.89,30,832,6,11042.93,5.0,Education,Employed,13.5,291130.68,0.568,No,0,A,1
PL03802,69,22466.24,30,695,3,48740.88,11.34,Debt Consolidation,Self-Employed,12.0,269594.88,0.49,No,0,C,1
PL03803,41,15812.3,16,659,7,34966.16,18.63,Debt Consolidation,Employed,9.9,189747.59999999998,0.205,No,0,C,1
PL03804,66,14191.2,30,669,7,28511.0,10.87,Medical,Employed,12.6,170294.40000000002,0.348,No,0,C,1
PL03805,64,2640.34,30,658,5,18981.84,15.37,Debt Consolidation,Employed,14.8,31684.08,0.406,No,0,C,0
PL03806,41,7673.1,17,683,12,3175.06,12.41,Education,Employed,14.4,92077.20000000001,0.945,No,0,C,0
PL03807,64,12571.14,30,718,11,19087.66,12.89,Other,Employed,17.3,150853.68,0.426,Yes,0,C,1
PL03808,31,16455.59,14,654,2,25446.73,11.39,Medical,Employed,0.0,197467.08000000002,0.586,No,0,C,0
PL03809,59,14816.79,30,797,5,11361.52,6.91,Education,Self-Employed,0.0,177801.48,0.922,No,0,A,1
PL03810,24,19080.63,0,568,18,9483.7,16.02,Education,Employed,11.7,228967.56,0.518,No,0,D,0
PL03811,21,8434.64,0,686,10,25912.41,10.77,Debt Consolidation,Self-Employed,10.9,101215.68,0.251,No,0,C,1
PL03812,48,14993.91,27,683,3,29709.31,14.06,Other,Employed,1.9,179926.91999999998,0.381,No,1,C,1
PL03813,44,4027.27,28,644,14,12755.98,12.13,Other,Employed,7.3,48327.24,0.376,No,0,D,1
PL03814,55,11514.31,30,681,1,29782.08,13.26,Medical,Employed,3.4,138171.72,0.715,No,0,C,1
PL03815,33,19253.7,8,779,14,45116.66,8.34,Debt Consolidation,Self-Employed,14.7,231044.40000000002,0.296,No,0,B,1
PL03816,67,17948.22,30,702,16,24185.49,9.82,Debt Consolidation,Self-Employed,2.9,215378.64,0.73,Yes,1,C,0
PL03817,54,24784.78,30,772,1,43012.12,7.07,Debt Consolidation,Employed,11.7,297417.36,0.889,No,0,B,1
PL03818,31,8391.5,15,670,6,46436.3,13.85,Education,Employed,18.2,100698.0,0.336,No,0,C,1
PL03819,56,13458.35,30,638,15,5527.31,14.59,Debt Consolidation,Employed,3.0,161500.2,0.135,No,0,D,1
PL03820,37,9579.2,6,615,4,5694.77,15.76,Medical,Retired,0.0,114950.40000000001,0.639,Yes,1,D,0
PL03821,55,12133.87,30,703,15,24326.16,11.22,Education,Self-Employed,3.9,145606.44,0.361,No,0,C,1
PL03822,38,21709.85,11,680,18,29817.02,12.13,Debt Consolidation,Employed,3.0,260518.19999999998,0.534,No,0,C,1
PL03823,60,17736.81,30,707,1,21868.29,11.46,Medical,Employed,10.3,212841.72000000003,0.634,Yes,2,C,0
PL03824,42,22296.15,25,717,14,16996.09,13.92,Debt Consolidation,Self-Employed,0.0,267553.80000000005,0.408,Yes,0,C,1
PL03825,44,6680.76,24,693,3,32408.71,13.19,Home Improvement,Employed,22.8,80169.12,0.925,Yes,0,C,0
PL03826,39,22087.31,23,711,1,1101.99,11.06,Debt Consolidation,Employed,0.0,265047.72000000003,0.4,No,0,C,1
PL03827,57,3374.53,30,724,9,48435.59,8.56,Debt Consolidation,Employed,0.0,40494.36,0.307,No,0,B,1
PL03828,59,22437.78,30,720,4,12371.88,10.07,Debt Consolidation,Employed,10.5,269253.36,0.886,No,1,C,0
PL03829,41,9568.7,7,607,17,45937.84,14.2,Other,Unemployed,0.0,114824.40000000001,0.136,No,0,D,1
PL03830,28,9235.52,7,738,3,6341.72,8.5,Medical,Retired,21.0,110826.24,0.124,No,0,B,1
PL03831,48,13778.04,25,671,0,12666.27,9.4,Education,Employed,7.8,165336.48,0.936,No,0,C,0
PL03832,25,23635.87,0,642,17,12508.81,14.43,Debt Consolidation,Employed,7.7,283630.44,0.209,No,0,D,1
PL03833,37,3098.97,7,542,19,49811.49,23.14,Medical,Self-Employed,15.2,37187.64,0.148,No,0,E,0
PL03834,57,10101.31,30,758,5,1225.43,9.57,Debt Consolidation,Employed,17.6,121215.72,0.535,No,0,B,1
PL03835,56,21701.16,30,743,19,32342.27,11.32,Other,Employed,0.0,260413.91999999998,0.047,No,1,B,1
PL03836,39,11109.25,21,660,19,43614.64,15.56,Other,Employed,10.5,133311.0,0.62,No,0,C,0
PL03837,47,6580.61,26,658,13,33941.41,13.15,Medical,Employed,27.2,78967.31999999999,0.453,No,0,C,1
PL03838,54,11770.27,30,757,9,18773.96,8.79,Other,Employed,5.0,141243.24,0.64,No,1,B,1
PL03839,31,10867.71,4,647,17,47957.16,11.43,Debt Consolidation,Employed,11.2,130412.51999999999,0.284,Yes,0,D,1
PL03840,65,23054.57,30,850,8,44782.52,5.39,Debt Consolidation,Employed,18.2,276654.83999999997,0.905,Yes,0,A,1
PL03841,67,19524.49,30,778,11,22263.79,8.38,Debt Consolidation,Retired,13.9,234293.88,0.271,No,0,B,1
PL03842,32,13617.66,14,725,9,29093.1,8.97,Debt Consolidation,Retired,1.6,163411.91999999998,0.638,No,0,B,1
PL03843,41,24732.52,17,785,20,48408.44,10.25,Other,Self-Employed,9.5,296790.24,0.945,No,0,A,1
PL03844,31,12701.38,15,663,18,49145.46,11.95,Debt Consolidation,Employed,0.1,152416.56,0.401,Yes,0,C,1
PL03845,59,3339.47,30,645,5,23041.34,20.01,Home Improvement,Employed,1.4,40073.64,0.161,No,2,D,0
PL03846,48,8032.31,23,692,13,42520.15,12.99,Home Improvement,Self-Employed,18.9,96387.72,0.068,No,1,C,1
PL03847,25,12029.62,3,675,7,15797.03,12.91,Debt Consolidation,Retired,16.8,144355.44,0.963,No,1,C,0
PL03848,37,5608.76,14,613,13,19218.83,19.65,Debt Consolidation,Employed,24.3,67305.12,0.764,No,0,D,0
PL03849,40,23794.0,21,747,10,9076.27,5.12,Debt Consolidation,Employed,17.4,285528.0,0.919,Yes,0,B,1
PL03850,61,19637.52,30,821,15,11250.05,5.75,Debt Consolidation,Employed,8.9,235650.24,0.699,No,0,A,1
PL03851,66,8170.61,30,816,19,33186.79,5.68,Education,Employed,1.9,98047.31999999999,0.342,No,0,A,1
PL03852,32,15588.5,12,724,5,26028.3,10.36,Education,Employed,21.2,187062.0,0.123,No,0,B,1
PL03853,26,18593.33,5,778,14,12325.46,8.72,Education,Unemployed,0.0,223119.96000000002,0.929,Yes,1,B,0
PL03854,37,23649.42,22,700,14,20742.57,11.4,Home Improvement,Employed,16.4,283793.04,0.49,No,0,C,1
PL03855,39,22277.61,21,764,13,19285.99,11.71,Debt Consolidation,Employed,14.6,267331.32,0.397,No,0,B,1
PL03856,46,13849.42,24,768,20,49380.65,9.6,Debt Consolidation,Unemployed,0.0,166193.04,0.578,No,0,B,1
PL03857,68,19817.01,30,730,11,42824.73,11.42,Home Improvement,Employed,0.0,237804.12,0.107,No,0,B,1
PL03858,64,14929.33,30,718,1,20010.35,11.92,Debt Consolidation,Retired,0.3,179151.96,0.309,Yes,0,C,1
PL03859,64,14712.19,30,828,7,45781.91,5.0,Debt Consolidation,Employed,3.0,176546.28,0.638,No,0,A,1
PL03860,52,4639.07,21,618,18,17789.13,15.95,Home Improvement,Unemployed,0.0,55668.84,0.1,No,0,D,1
PL03861,26,4901.17,3,549,13,33727.17,19.15,Other,Employed,6.3,58814.04,0.135,No,0,E,1
PL03862,56,14179.27,27,799,4,48365.85,5.07,Other,Unemployed,0.0,170151.24,0.511,Yes,0,A,1
PL03863,58,8183.82,30,756,8,20123.66,11.04,Debt Consolidation,Employed,9.9,98205.84,0.623,No,1,B,1
PL03864,31,2483.85,9,636,12,34314.36,10.65,Education,Employed,28.5,29806.199999999997,0.187,No,1,D,0
PL03865,53,18625.3,30,736,8,15500.27,15.22,Debt Consolidation,Employed,23.7,223503.59999999998,0.033,No,0,B,1
PL03866,44,2747.19,27,619,13,14049.3,15.42,Other,Employed,11.1,32966.28,0.958,No,0,D,0
PL03867,43,15691.37,24,718,4,29133.68,9.29,Debt Consolidation,Employed,0.0,188296.44,0.027,Yes,0,C,1
PL03868,35,14401.46,8,760,1,48983.97,10.33,Debt Consolidation,Unemployed,0.0,172817.52,0.002,Yes,0,B,1
PL03869,47,24282.74,25,767,6,23203.56,10.03,Home Improvement,Employed,1.1,291392.88,0.323,No,1,B,1
PL03870,31,13136.9,8,776,15,46944.21,12.46,Other,Employed,2.2,157642.8,0.222,No,3,B,1
PL03871,70,3462.83,30,652,10,45803.81,17.56,Medical,Employed,6.8,41553.96,0.574,Yes,0,C,0
PL03872,37,14688.82,12,686,10,13434.37,9.79,Debt Consolidation,Self-Employed,6.7,176265.84,0.894,No,1,C,0
PL03873,34,21345.21,12,696,11,20689.15,11.46,Education,Employed,14.4,256142.52,0.481,Yes,0,C,1
PL03874,47,24927.53,25,704,12,32521.82,9.82,Home Improvement,Unemployed,0.0,299130.36,0.773,No,0,C,0
PL03875,38,11897.89,9,667,7,26384.25,14.8,Education,Employed,1.9,142774.68,0.909,No,0,C,0
PL03876,48,9366.87,30,703,15,5701.97,14.51,Debt Consolidation,Employed,7.6,112402.44,0.189,No,0,C,1
PL03877,67,22853.03,30,814,20,49691.2,5.0,Debt Consolidation,Employed,0.0,274236.36,0.488,No,0,A,1
PL03878,67,6398.57,30,814,0,37880.05,6.51,Home Improvement,Self-Employed,13.2,76782.84,0.642,No,0,A,1
PL03879,24,16154.87,5,691,12,22447.01,10.96,Education,Employed,0.0,193858.44,0.332,No,0,C,1
PL03880,27,11331.43,2,708,10,31290.26,13.14,Medical,Self-Employed,8.1,135977.16,0.74,Yes,0,C,1
PL03881,65,2944.89,30,688,3,5291.07,13.18,Debt Consolidation,Employed,4.8,35338.68,0.705,No,0,C,0
PL03882,55,9987.63,30,783,3,25269.78,10.4,Education,Employed,14.4,119851.56,0.421,No,0,A,1
PL03883,68,8100.26,30,836,14,46610.79,5.0,Other,Retired,3.5,97203.12,0.088,No,0,A,1
PL03884,29,17780.1,10,713,2,44933.45,10.99,Debt Consolidation,Employed,3.2,213361.19999999998,0.012,No,0,C,1
PL03885,28,23822.18,14,665,18,17531.66,14.2,Medical,Employed,13.2,285866.16000000003,0.369,No,0,C,1
PL03886,65,8165.09,30,683,20,27037.03,12.05,Debt Consolidation,Self-Employed,13.6,97981.08,0.082,No,1,C,1
PL03887,37,20663.72,20,731,1,35171.79,11.01,Debt Consolidation,Employed,1.6,247964.64,0.782,No,0,B,1
PL03888,37,3273.28,13,653,5,17660.45,16.49,Home Improvement,Employed,14.7,39279.36,0.334,No,0,C,1
PL03889,69,14376.78,30,784,7,4179.08,12.27,Home Improvement,Employed,29.7,172521.36000000002,0.666,No,0,A,1
PL03890,53,3622.65,30,687,16,25766.64,11.43,Medical,Unemployed,0.0,43471.8,0.346,No,0,C,1
PL03891,52,23482.76,30,761,4,30480.15,13.34,Debt Consolidation,Retired,0.2,281793.12,0.796,No,0,B,1
PL03892,28,19626.08,14,662,1,1286.24,12.54,Debt Consolidation,Employed,10.4,235512.96000000002,0.888,No,2,C,0
PL03893,39,17132.85,16,723,11,5683.19,12.51,Other,Employed,0.0,205594.19999999998,0.838,No,0,B,0
PL03894,58,20949.62,30,850,4,11157.24,5.0,Debt Consolidation,Employed,7.9,251395.44,0.484,No,1,A,1
PL03895,23,16892.96,0,721,9,18054.56,8.8,Home Improvement,Retired,6.0,202715.52,0.084,No,1,B,1
PL03896,25,24285.72,0,738,8,27511.51,12.54,Debt Consolidation,Employed,15.5,291428.64,0.372,No,0,B,1
PL03897,33,18421.03,11,749,19,15398.3,9.49,Other,Self-Employed,0.0,221052.36,0.424,No,0,B,1
PL03898,67,23267.15,30,771,7,14533.01,11.16,Other,Employed,0.0,279205.80000000005,0.96,No,0,B,1
PL03899,66,13894.03,30,716,0,43598.12,12.59,Debt Consolidation,Employed,13.1,166728.36000000002,0.565,No,0,C,1
PL03900,51,4692.48,30,628,5,8107.48,15.91,Home Improvement,Employed,14.3,56309.759999999995,0.641,Yes,1,D,0
PL03901,36,14148.09,21,676,10,25277.55,14.01,Debt Consolidation,Employed,0.0,169777.08000000002,0.782,No,0,C,1
PL03902,70,4918.08,30,683,2,47688.41,14.77,Debt Consolidation,Self-Employed,22.2,59016.96,0.568,No,0,C,0
PL03903,52,15627.35,30,782,14,31625.65,9.94,Education,Self-Employed,17.0,187528.2,0.598,Yes,0,A,1
PL03904,42,13097.34,30,665,10,36143.07,12.6,Education,Employed,4.6,157168.08000000002,0.245,No,0,C,1
PL03905,49,16319.23,27,679,4,22130.61,13.62,Debt Consolidation,Employed,10.8,195830.76,0.059,No,0,C,1
PL03906,42,2231.08,18,732,15,1976.68,13.36,Education,Retired,0.0,26772.96,0.721,No,0,B,0
PL03907,63,6481.33,30,675,20,32660.39,13.05,Debt Consolidation,Employed,15.6,77775.95999999999,0.849,No,0,C,0
PL03908,23,13300.6,0,660,6,31964.29,12.65,Debt Consolidation,Employed,3.2,159607.2,0.412,No,0,C,1
PL03909,30,23861.58,3,741,5,6410.95,8.71,Education,Employed,7.2,286338.96,0.549,No,0,B,1
PL03910,62,10823.01,30,661,8,23645.83,15.29,Education,Retired,9.1,129876.12,0.307,No,0,C,1
PL03911,41,11760.56,26,742,6,45851.12,9.43,Medical,Employed,19.7,141126.72,0.45,No,0,B,1
PL03912,36,18438.01,15,736,2,11049.16,10.91,Medical,Retired,13.7,221256.12,0.209,No,0,B,1
PL03913,32,15887.23,4,761,10,23593.84,8.47,Home Improvement,Self-Employed,7.1,190646.76,0.76,No,2,B,0
PL03914,22,8875.3,0,594,11,23594.06,18.98,Education,Self-Employed,5.3,106503.59999999999,0.492,No,1,D,0
PL03915,61,11448.78,30,724,20,40727.31,11.03,Debt Consolidation,Unemployed,0.0,137385.36000000002,0.547,Yes,0,B,1
PL03916,44,7007.1,20,665,10,41404.22,16.27,Medical,Self-Employed,9.3,84085.20000000001,0.037,No,1,C,1
PL03917,55,24218.49,30,784,1,38204.2,10.78,Medical,Employed,8.1,290621.88,0.622,No,0,A,1
PL03918,50,5004.59,30,592,0,18907.25,16.55,Education,Employed,10.0,60055.08,0.203,No,1,D,0
PL03919,50,10552.25,30,698,1,4529.81,14.58,Medical,Employed,7.8,126627.0,0.383,No,0,C,1
PL03920,67,2594.3,30,615,13,18124.67,15.01,Debt Consolidation,Employed,0.0,31131.600000000002,0.413,Yes,0,D,0
PL03921,55,7100.93,29,703,12,34309.77,12.21,Debt Consolidation,Employed,9.5,85211.16,0.449,No,0,C,1
PL03922,39,19950.84,16,611,4,35434.58,14.3,Medical,Employed,9.8,239410.08000000002,0.227,No,1,D,0
PL03923,70,6627.03,30,620,1,48285.01,16.64,Debt Consolidation,Employed,11.1,79524.36,0.85,No,0,D,0
PL03924,28,3841.46,9,656,18,23228.42,14.42,Education,Employed,2.0,46097.520000000004,0.428,No,0,C,1
PL03925,46,12912.42,30,669,16,31989.34,14.26,Education,Retired,3.6,154949.04,0.612,Yes,0,C,1
PL03926,69,2229.29,30,639,10,27420.35,11.87,Education,Self-Employed,23.1,26751.48,0.614,No,0,D,0
PL03927,60,3949.62,30,743,15,8380.31,5.88,Education,Retired,4.1,47395.44,0.607,No,0,B,1
PL03928,27,20575.39,8,713,19,23598.92,8.96,Debt Consolidation,Employed,14.1,246904.68,0.559,No,0,C,1
PL03929,50,19743.89,30,782,17,27696.92,9.09,Other,Employed,3.6,236926.68,0.823,No,0,A,1
PL03930,27,23048.19,4,700,19,47586.73,13.17,Medical,Employed,0.0,276578.27999999997,0.813,No,1,C,0
PL03931,23,21653.86,2,828,7,18960.41,8.26,Education,Employed,9.2,259846.32,0.417,No,2,A,1
PL03932,21,17713.04,4,640,1,49024.86,13.74,Debt Consolidation,Employed,14.9,212556.48,0.636,No,0,D,0
PL03933,56,3203.66,30,755,16,27572.7,9.74,Debt Consolidation,Employed,7.3,38443.92,0.103,Yes,0,B,1
PL03934,45,20005.52,27,726,10,12880.99,9.23,Medical,Employed,0.0,240066.24,0.091,Yes,0,B,1
PL03935,57,21446.75,30,678,13,10391.55,15.55,Debt Consolidation,Self-Employed,0.0,257361.0,0.48,No,0,C,1
PL03936,21,20378.89,6,708,15,7943.05,10.04,Debt Consolidation,Self-Employed,19.2,244546.68,0.9,No,1,C,0
PL03937,35,13695.02,3,694,14,23193.71,14.45,Debt Consolidation,Employed,9.9,164340.24,0.65,No,0,C,1
PL03938,57,7356.74,28,638,14,2074.4,14.13,Education,Employed,14.9,88280.88,0.669,No,0,D,0
PL03939,33,21442.59,15,667,2,22807.22,16.47,Medical,Employed,11.9,257311.08000000002,0.158,No,0,C,1
PL03940,60,18724.74,30,752,6,49431.83,9.82,Medical,Employed,0.8,224696.88,0.453,Yes,0,B,1
PL03941,28,24557.51,10,736,11,33835.23,10.5,Home Improvement,Unemployed,0.0,294690.12,0.401,No,2,B,0
PL03942,25,5580.93,4,494,2,38229.52,19.67,Debt Consolidation,Retired,0.0,66971.16,0.783,No,0,E,0
PL03943,29,7190.29,10,686,18,6831.26,16.79,Medical,Employed,17.6,86283.48,0.138,No,2,C,1
PL03944,21,6871.36,0,591,9,24181.94,18.75,Debt Consolidation,Employed,12.6,82456.31999999999,0.539,Yes,0,D,0
PL03945,56,20228.41,30,686,7,15024.93,13.48,Education,Employed,15.9,242740.91999999998,0.911,No,0,C,0
PL03946,55,6298.87,30,728,15,44810.78,11.02,Education,Employed,20.3,75586.44,0.892,Yes,2,B,0
PL03947,22,3533.18,7,600,15,9883.33,15.04,Debt Consolidation,Retired,7.1,42398.159999999996,0.852,No,0,D,0
PL03948,60,24966.9,30,845,11,23477.93,6.57,Debt Consolidation,Self-Employed,4.1,299602.80000000005,0.375,Yes,0,A,1
PL03949,43,2570.8,23,660,4,29814.34,13.5,Home Improvement,Employed,9.2,30849.600000000002,0.941,No,0,C,0
PL03950,29,21210.61,9,703,19,26188.01,11.8,Debt Consolidation,Employed,20.1,254527.32,0.805,No,0,C,0
PL03951,54,10403.44,25,692,5,41681.93,13.96,Education,Self-Employed,0.0,124841.28,0.851,Yes,0,C,0
PL03952,66,21357.16,30,802,5,12341.21,7.75,Other,Employed,10.2,256285.91999999998,0.932,No,1,A,1
PL03953,34,14756.27,12,661,7,19492.16,13.63,Education,Employed,16.4,177075.24,0.937,Yes,0,C,0
PL03954,24,22737.52,8,659,16,39812.13,16.55,Medical,Employed,12.5,272850.24,0.24,No,0,C,1
PL03955,50,23302.44,25,787,11,26875.5,6.23,Home Improvement,Employed,18.6,279629.27999999997,0.128,No,0,A,1
PL03956,51,2209.26,30,645,13,20703.75,11.01,Debt Consolidation,Employed,0.0,26511.120000000003,0.691,No,0,D,0
PL03957,58,3734.48,30,676,1,2442.68,11.32,Debt Consolidation,Employed,18.7,44813.76,0.563,No,0,C,0
PL03958,31,7758.25,9,695,18,37915.89,12.35,Home Improvement,Employed,5.0,93099.0,0.327,Yes,0,C,1
PL03959,55,17394.25,30,731,5,48636.92,11.8,Home Improvement,Employed,0.0,208731.0,0.684,No,0,B,1
PL03960,28,22430.26,5,708,17,31394.06,9.97,Debt Consolidation,Employed,7.4,269163.12,0.062,No,0,C,1
PL03961,23,12578.66,0,618,3,42970.52,22.92,Debt Consolidation,Self-Employed,3.3,150943.91999999998,0.047,No,0,D,1
PL03962,34,15960.38,4,709,4,26326.91,11.77,Debt Consolidation,Employed,8.7,191524.56,0.354,No,0,C,1
PL03963,33,6335.5,10,655,5,12352.37,14.17,Home Improvement,Self-Employed,0.0,76026.0,0.194,No,0,C,1
PL03964,65,20514.24,30,817,14,1707.66,5.0,Education,Employed,9.0,246170.88,0.719,No,0,A,1
PL03965,52,24248.55,28,736,5,33016.52,7.3,Other,Employed,5.4,290982.6,0.948,No,0,B,1
PL03966,54,8177.78,30,665,7,25162.33,9.84,Other,Self-Employed,25.9,98133.36,0.662,No,0,C,0
PL03967,65,13381.0,30,776,8,39322.81,11.11,Home Improvement,Employed,11.4,160572.0,0.655,No,0,B,1
PL03968,39,3980.67,19,650,20,35039.44,16.52,Medical,Employed,11.8,47768.04,0.007,Yes,2,D,1
PL03969,58,14860.14,30,684,5,49409.67,12.54,Debt Consolidation,Employed,8.2,178321.68,0.512,No,0,C,0
PL03970,36,13564.02,17,745,1,26005.32,7.34,Debt Consolidation,Employed,20.0,162768.24,0.817,Yes,0,B,1
PL03971,22,5322.04,0,525,15,21931.56,19.22,Education,Self-Employed,13.9,63864.479999999996,0.654,No,0,E,0
PL03972,60,12167.52,30,760,19,15050.24,11.93,Debt Consolidation,Employed,22.1,146010.24,0.228,No,0,B,1
PL03973,37,9684.41,17,599,0,24366.2,15.4,Debt Consolidation,Employed,18.4,116212.92,0.848,No,0,D,0
PL03974,54,14002.11,30,812,15,43770.7,5.0,Medical,Employed,6.9,168025.32,0.964,No,0,A,1
PL03975,62,15470.05,30,664,0,3079.55,12.69,Education,Employed,15.8,185640.59999999998,0.279,Yes,0,C,1
PL03976,36,2195.4,20,680,0,48917.1,12.14,Home Improvement,Self-Employed,16.5,26344.800000000003,0.207,No,1,C,0
PL03977,58,19503.14,30,749,6,49672.05,11.07,Debt Consolidation,Employed,17.6,234037.68,0.339,Yes,0,B,1
PL03978,22,18399.33,0,657,15,30293.25,9.36,Debt Consolidation,Employed,13.2,220791.96000000002,0.063,Yes,0,C,1
PL03979,22,10424.59,4,645,16,17245.67,14.66,Education,Employed,0.0,125095.08,0.873,No,0,D,0
PL03980,46,3217.53,30,679,15,11929.4,11.38,Other,Employed,9.8,38610.36,0.929,No,0,C,0
PL03981,33,19363.45,16,657,15,14548.03,12.7,Home Improvement,Employed,10.9,232361.40000000002,0.633,No,0,C,1
PL03982,67,23969.03,30,753,5,3455.17,10.92,Debt Consolidation,Employed,10.6,287628.36,0.764,No,0,B,1
PL03983,51,7523.49,23,712,17,24280.44,8.67,Debt Consolidation,Employed,19.2,90281.88,0.669,No,0,C,1
PL03984,54,9441.07,28,609,2,3808.89,16.31,Other,Self-Employed,4.9,113292.84,0.377,Yes,0,D,1
PL03985,59,6227.7,30,659,7,36205.24,14.64,Debt Consolidation,Self-Employed,11.1,74732.4,0.632,No,0,C,1
PL03986,23,15269.53,3,814,3,19224.54,7.8,Debt Consolidation,Employed,9.4,183234.36000000002,0.836,No,0,A,1
PL03987,28,5561.35,1,575,3,10768.87,18.91,Debt Consolidation,Employed,15.5,66736.20000000001,0.81,No,1,D,0
PL03988,43,10192.46,22,734,16,27697.82,11.42,Education,Employed,24.5,122309.51999999999,0.081,Yes,3,B,1
PL03989,34,18031.3,16,668,4,48714.21,14.71,Education,Employed,15.0,216375.59999999998,0.463,No,0,C,1
PL03990,47,14882.67,20,733,13,35061.42,8.56,Debt Consolidation,Retired,14.4,178592.04,0.397,No,1,B,1
PL03991,49,10888.64,30,725,14,25095.6,13.41,Medical,Unemployed,0.0,130663.68,0.752,No,0,B,0
PL03992,59,11665.74,30,772,11,39068.8,6.18,Debt Consolidation,Employed,0.0,139988.88,0.501,No,0,B,1
PL03993,59,14928.55,30,722,12,37136.35,11.56,Medical,Employed,12.0,179142.59999999998,0.35,No,0,B,1
PL03994,21,2134.89,0,692,17,44695.04,10.82,Education,Employed,8.5,25618.68,0.706,Yes,1,C,0
PL03995,37,3805.73,10,603,13,11028.78,12.79,Education,Employed,13.7,45668.76,0.474,No,0,D,0
PL03996,61,22268.94,30,785,18,43085.0,6.81,Debt Consolidation,Employed,5.1,267227.27999999997,0.257,No,0,A,1
PL03997,50,3791.22,28,671,6,15750.28,12.9,Medical,Employed,21.2,45494.64,0.89,No,0,C,0
PL03998,33,18256.48,10,641,5,47108.95,17.27,Education,Employed,0.4,219077.76,0.113,No,1,D,1
PL03999,41,23160.88,18,723,4,14772.19,14.41,Education,Employed,8.4,277930.56,0.018,No,3,B,1
PL04000,39,8225.72,19,667,3,46415.58,13.06,Education,Employed,6.9,98708.63999999998,0.144,No,0,C,1
